測站,日期,AQI,空氣品質指標,O3,PM2.5,PM10,CO,SO2,NO2
木柵站,2025/01/01 00:00,112,細懸浮微粒,52.78,36,60,0.52,1.99,6.28
木柵站,2025/01/01 01:00,108,細懸浮微粒,52.37,27,54,0.41,1.67,5.91
木柵站,2025/01/01 02:00,105,細懸浮微粒,50.38,23,46,0.42,1.26,4.88
木柵站,2025/01/01 03:00,96,細懸浮微粒,45.82,17,41,0.37,1.32,4.72
木柵站,2025/01/01 04:00,90,細懸浮微粒,45.0,24,49,0.34,1.04,3.6
木柵站,2025/01/01 05:00,83,細懸浮微粒,43.78,11,48,0.3,1.26,3.68
木柵站,2025/01/01 06:00,76,細懸浮微粒,40.57,10,44,0.26,1.07,6.31
木柵站,2025/01/01 07:00,73,懸浮微粒,39.08,12,53,0.27,1.2,7.67
木柵站,2025/01/01 08:00,73,懸浮微粒,28.48,14,50,0.3,1.3,18.72
木柵站,2025/01/01 09:00,72,懸浮微粒,28.1,13,46,0.31,1.2,19.75
木柵站,2025/01/01 10:00,72,懸浮微粒,30.85,12,48,0.27,1.23,15.41
木柵站,2025/01/01 11:00,70,懸浮微粒,26.99,17,44,0.28,1.1,18.17
木柵站,2025/01/01 12:00,64,懸浮微粒,32.15,4,24,0.23,1.28,10.78
木柵站,2025/01/01 13:00,62,懸浮微粒,31.71,9,34,0.24,1.03,13.55
木柵站,2025/01/01 14:00,58,懸浮微粒,29.68,11,29,0.22,1.34,16.54
木柵站,2025/01/01 15:00,55,懸浮微粒,22.8,19,23,0.24,1.23,21.2
木柵站,2025/01/01 16:00,52,二氧化氮小時值,20.01,1,12,0.21,1.32,24.52
木柵站,2025/01/01 17:00,49,二氧化氮小時值,22.1,5,18,0.22,1.12,20.73
木柵站,2025/01/01 18:00,45,二氧化氮小時值,22.68,10,13,0.29,1.09,18.87
木柵站,2025/01/01 19:00,43,二氧化氮小時值,23.34,10,23,0.27,1.27,18.25
木柵站,2025/01/01 20:00,39,細懸浮微粒,26.69,12,20,0.24,1.05,12.89
木柵站,2025/01/01 21:00,42,細懸浮微粒,27.41,11,19,0.25,1.07,11.61
木柵站,2025/01/01 22:00,41,細懸浮微粒,26.08,9,14,0.2,1.06,9.56
木柵站,2025/01/01 23:00,40,細懸浮微粒,24.56,10,14,0.21,1.13,9.76
木柵站,2025/01/02 00:00,38,細懸浮微粒,24.72,8,12,0.15,1.27,6.74
木柵站,2025/01/02 01:00,37,細懸浮微粒,25.71,8,15,0.37,0.84,5.75
木柵站,2025/01/02 02:00,36,細懸浮微粒,22.66,9,7,0.37,1.01,7.45
木柵站,2025/01/02 03:00,32,細懸浮微粒,29.51,6,9,0.3,0.94,5.39
木柵站,2025/01/02 04:00,33,細懸浮微粒,39.67,7,9,0.27,0.87,2.23
木柵站,2025/01/02 05:00,30,細懸浮微粒,39.72,3,9,0.29,0.93,2.34
木柵站,2025/01/02 06:00,28,臭氧8小時,34.89,1,11,0.31,1.09,7.93
木柵站,2025/01/02 07:00,29,二氧化氮小時值,29.47,1,11,0.31,1.06,12.35
木柵站,2025/01/02 08:00,50,二氧化氮小時值,22.96,7,20,0.41,0.93,21.78
木柵站,2025/01/02 09:00,53,二氧化氮小時值,18.73,7,16,0.41,1.12,25.74
木柵站,2025/01/02 10:00,52,二氧化氮小時值,18.81,5,21,0.42,1.36,23.58
木柵站,2025/01/02 11:00,37,二氧化氮小時值,26.1,5,14,0.36,1.23,15.55
木柵站,2025/01/02 12:00,29,懸浮微粒,32.71,8,29,0.31,1.24,11.49
木柵站,2025/01/02 13:00,37,二氧化氮小時值,29.59,8,23,0.3,1.12,15.52
木柵站,2025/01/02 14:00,32,懸浮微粒,30.56,5,23,0.29,1.14,12.79
木柵站,2025/01/02 15:00,34,懸浮微粒,34.25,6,18,0.27,1.02,8.25
木柵站,2025/01/02 16:00,32,懸浮微粒,35.33,8,19,0.25,0.96,7.87
木柵站,2025/01/02 17:00,33,懸浮微粒,33.27,10,23,0.32,0.98,10.52
木柵站,2025/01/02 18:00,35,懸浮微粒,35.24,9,27,0.27,1.08,9.24
木柵站,2025/01/02 19:00,38,懸浮微粒,31.35,6,26,0.33,0.98,14.52
木柵站,2025/01/02 20:00,38,懸浮微粒,28.28,5,21,0.34,1.15,13.93
木柵站,2025/01/02 21:00,37,懸浮微粒,30.07,8,16,0.35,1.12,10.94
木柵站,2025/01/02 22:00,32,懸浮微粒,30.39,4,7,0.28,1.11,9.78
木柵站,2025/01/02 23:00,30,臭氧8小時,34.67,1,11,0.26,1.2,5.51
木柵站,2025/01/03 00:00,30,臭氧8小時,37.48,3,4,0.26,1.3,3.43
木柵站,2025/01/03 01:00,31,臭氧8小時,39.36,6,15,0.29,1.31,2.3
木柵站,2025/01/03 02:00,31,臭氧8小時,39.46,6,12,0.3,1.11,2.6
木柵站,2025/01/03 03:00,32,臭氧8小時,40.67,5,20,0.31,1.03,2
木柵站,2025/01/03 04:00,34,臭氧8小時,40.46,7,16,0.29,1.17,1.72
木柵站,2025/01/03 05:00,35,臭氧8小時,36.37,8,27,0.36,1.34,4.85
木柵站,2025/01/03 06:00,35,臭氧8小時,32.31,4,21,0.37,1.38,10.33
木柵站,2025/01/03 07:00,43,二氧化氮小時值,26.32,4,29,0.43,1.3,17.96
木柵站,2025/01/03 08:00,52,二氧化氮小時值,20.62,8,24,0.48,1.63,24.75
木柵站,2025/01/03 09:00,52,二氧化氮小時值,21.84,7,29,0.42,1.72,24.14
木柵站,2025/01/03 10:00,42,懸浮微粒,30.13,18,36,0.42,1.47,17.1
木柵站,2025/01/03 11:00,44,懸浮微粒,29.98,10,33,0.42,1.33,18.04
木柵站,2025/01/03 12:00,49,懸浮微粒,35.24,11,38,0.43,1.29,12.27
木柵站,2025/01/03 13:00,51,懸浮微粒,34.34,10,32,0.41,1.53,16
木柵站,2025/01/03 14:00,51,懸浮微粒,32.76,16,31,0.43,1.57,15.85
木柵站,2025/01/03 15:00,53,懸浮微粒,31.23,12,39,0.44,1.93,19.26
木柵站,2025/01/03 16:00,53,懸浮微粒,27.88,10,36,0.52,1.36,23.32
木柵站,2025/01/03 17:00,59,二氧化氮小時值,16.76,17,38,0.65,1.52,35.32
木柵站,2025/01/03 18:00,58,懸浮微粒,36.46,20,45,0.53,1.45,16.19
木柵站,2025/01/03 19:00,58,懸浮微粒,39.07,17,38,0.48,1.24,13.18
木柵站,2025/01/03 20:00,60,細懸浮微粒,39.68,19,42,0.48,1.11,9.43
木柵站,2025/01/03 21:00,63,細懸浮微粒,37.4,21,38,0.48,1.31,10.01
木柵站,2025/01/03 22:00,61,細懸浮微粒,35.16,15,39,0.48,1.26,12.76
木柵站,2025/01/03 23:00,61,懸浮微粒,42.93,13,48,0.47,1.18,5.9
木柵站,2025/01/04 00:00,61,懸浮微粒,47.03,14,39,0.45,1.02,3.34
木柵站,2025/01/04 01:00,62,懸浮微粒,48.81,19,41,0.34,0.76,2.5
木柵站,2025/01/04 02:00,61,懸浮微粒,48.94,16,34,0.38,0.86,2.31
木柵站,2025/01/04 03:00,60,細懸浮微粒,46.28,15,38,0.34,0.84,2.33
木柵站,2025/01/04 04:00,61,細懸浮微粒,45.37,15,36,0.36,0.56,2.1
木柵站,2025/01/04 05:00,57,懸浮微粒,39.79,8,26,0.35,0.71,4.19
木柵站,2025/01/04 06:00,57,細懸浮微粒,39.62,17,32,0.33,0.82,5.25
木柵站,2025/01/04 07:00,54,懸浮微粒,31.28,10,30,0.33,0.88,15.3
木柵站,2025/01/04 08:00,54,細懸浮微粒,30.92,15,32,0.35,0.83,13.54
木柵站,2025/01/04 09:00,52,懸浮微粒,35.63,8,24,0.3,0.96,8.93
木柵站,2025/01/04 10:00,52,懸浮微粒,38.07,11,32,0.27,0.74,5.71
木柵站,2025/01/04 11:00,49,懸浮微粒,38.74,10,21,0.26,0.82,5.8
木柵站,2025/01/04 12:00,48,懸浮微粒,38.84,7,29,0.28,0.74,6.15
木柵站,2025/01/04 13:00,48,懸浮微粒,38.99,11,29,0.24,0.7,6.24
木柵站,2025/01/04 14:00,48,懸浮微粒,38.18,13,33,0.27,0.7,7.34
木柵站,2025/01/04 15:00,49,懸浮微粒,33.67,11,28,0.25,0.85,13.62
木柵站,2025/01/04 16:00,47,懸浮微粒,32.47,6,22,0.25,0.77,14.6
木柵站,2025/01/04 17:00,47,懸浮微粒,26.73,5,29,0.25,0.8,19.73
木柵站,2025/01/04 18:00,45,懸浮微粒,30.54,5,24,0.24,0.7,11.98
木柵站,2025/01/04 19:00,42,懸浮微粒,31.97,2,20,0.26,0.8,9.42
木柵站,2025/01/04 20:00,41,懸浮微粒,32.06,3,20,0.25,0.66,9.07
木柵站,2025/01/04 21:00,41,懸浮微粒,30.67,5,27,0.26,0.56,9.05
木柵站,2025/01/04 22:00,37,懸浮微粒,38.26,6,11,0.18,0.73,4.68
木柵站,2025/01/04 23:00,36,懸浮微粒,41.0,7,19,0.16,0.8,3.2
木柵站,2025/01/05 00:00,34,懸浮微粒,40.74,6,14,0.18,0.99,2.96
木柵站,2025/01/05 01:00,33,臭氧8小時,38.41,5,20,0.28,1.1,2.82
木柵站,2025/01/05 02:00,33,臭氧8小時,35.88,3,13,0.29,1.05,3.34
木柵站,2025/01/05 03:00,33,臭氧8小時,26.85,1,17,0.32,0.93,4.18
木柵站,2025/01/05 04:00,32,臭氧8小時,23.89,3,18,0.29,1.13,4.81
木柵站,2025/01/05 05:00,30,臭氧8小時,16.66,2,15,0.38,1.04,6.89
木柵站,2025/01/05 06:00,28,懸浮微粒,11.65,1,14,0.35,0.93,8.48
木柵站,2025/01/05 07:00,29,二氧化氮小時值,8.92,1,13,0.41,1.24,12.04
木柵站,2025/01/05 08:00,33,二氧化氮小時值,10.35,2,10,0.41,1.29,13.65
木柵站,2025/01/05 09:00,24,懸浮微粒,18.38,6,17,0.39,1.2,9.91
木柵站,2025/01/05 10:00,24,懸浮微粒,28.49,9,14,0.37,1.04,8.81
木柵站,2025/01/05 11:00,26,懸浮微粒,33.67,11,20,0.41,1.28,9.78
木柵站,2025/01/05 12:00,32,懸浮微粒,38.56,13,33,0.44,1.53,12.8
木柵站,2025/01/05 13:00,38,懸浮微粒,36.07,10,39,0.34,1.48,10.62
木柵站,2025/01/05 14:00,45,懸浮微粒,36.89,11,39,0.31,1.34,9.05
木柵站,2025/01/05 15:00,49,懸浮微粒,38.31,12,36,0.32,1.14,8.19
木柵站,2025/01/05 16:00,51,懸浮微粒,34.96,12,38,0.35,1.11,11.92
木柵站,2025/01/05 17:00,52,懸浮微粒,32.72,11,40,0.35,1.4,11.13
木柵站,2025/01/05 18:00,53,懸浮微粒,26.05,12,35,0.35,1.16,10.55
木柵站,2025/01/05 19:00,54,懸浮微粒,15.52,16,36,0.46,1.31,15.64
木柵站,2025/01/05 20:00,53,懸浮微粒,13.58,7,27,0.42,1.26,15.32
木柵站,2025/01/05 21:00,52,懸浮微粒,14.83,10,29,0.41,1.19,14.75
木柵站,2025/01/05 22:00,51,懸浮微粒,31.85,9,23,0.32,1.32,8.2
木柵站,2025/01/05 23:00,49,懸浮微粒,19.35,4,23,0.29,0.93,7.14
木柵站,2025/01/06 00:00,47,懸浮微粒,0.0,2,21,0.29,1.06,8.91
木柵站,2025/01/06 01:00,44,懸浮微粒,0.0,3,20,0.31,0.41,4.85
木柵站,2025/01/06 02:00,41,懸浮微粒,0.0,4,19,0.32,0.57,5.59
木柵站,2025/01/06 03:00,38,懸浮微粒,0.0,6,13,0.32,0.7,5.64
木柵站,2025/01/06 04:00,36,懸浮微粒,0.0,8,20,0.35,0.39,4.99
木柵站,2025/01/06 05:00,35,懸浮微粒,0.0,11,22,0.45,0.72,12.62
木柵站,2025/01/06 06:00,46,二氧化氮小時值,0.0,17,25,0.55,0.64,19.49
木柵站,2025/01/06 07:00,52,二氧化氮小時值,0.0,20,26,0.58,0.84,23.98
木柵站,2025/01/06 08:00,56,細懸浮微粒,0.0,28,35,0.58,0.93,24.93
木柵站,2025/01/06 09:00,67,細懸浮微粒,0.0,35,49,0.53,1.09,14.91
木柵站,2025/01/06 10:00,76,細懸浮微粒,0.52,34,53,0.54,0.98,14.46
木柵站,2025/01/06 11:00,82,細懸浮微粒,45.75,29,52,0.58,0.58,12.52
木柵站,2025/01/06 12:00,83,細懸浮微粒,50.38,23,47,0.54,0.67,9.99
木柵站,2025/01/06 13:00,84,細懸浮微粒,51.43,30,39,0.53,0.76,9.48
木柵站,2025/01/06 14:00,84,細懸浮微粒,48.35,27,40,0.54,0.81,14.07
木柵站,2025/01/06 15:00,85,細懸浮微粒,50.87,24,40,0.53,0.77,12.71
木柵站,2025/01/06 16:00,88,細懸浮微粒,39.07,26,44,0.58,0.8,26.53
木柵站,2025/01/06 17:00,91,細懸浮微粒,34.28,31,46,0.6,0.74,26.86
木柵站,2025/01/06 18:00,88,細懸浮微粒,37.23,20,43,0.57,0.89,21.85
木柵站,2025/01/06 19:00,90,細懸浮微粒,29.92,27,37,0.57,0.96,27.59
木柵站,2025/01/06 20:00,89,細懸浮微粒,43.25,24,51,0.56,0.63,12.59
木柵站,2025/01/06 21:00,88,細懸浮微粒,47.12,30,55,0.56,0.74,9.94
木柵站,2025/01/06 22:00,86,細懸浮微粒,45.35,19,53,0.51,0.98,9.69
木柵站,2025/01/06 23:00,85,細懸浮微粒,45.98,25,64,0.5,0.76,5.51
木柵站,2025/01/07 00:00,86,細懸浮微粒,46.05,25,56,0.55,0.84,3.85
木柵站,2025/01/07 01:00,79,細懸浮微粒,46.18,16,46,0.38,1.33,3.53
木柵站,2025/01/07 02:00,77,細懸浮微粒,44.61,16,40,0.33,1.4,2.56
木柵站,2025/01/07 03:00,72,細懸浮微粒,43.11,14,44,0.27,1.19,2.43
木柵站,2025/01/07 04:00,67,細懸浮微粒,41.44,15,40,0.34,1.22,2.29
木柵站,2025/01/07 05:00,65,懸浮微粒,38.54,14,35,0.35,1.16,3.72
木柵站,2025/01/07 06:00,64,懸浮微粒,29.04,10,34,0.36,1.31,12.03
木柵站,2025/01/07 07:00,62,懸浮微粒,24.28,9,33,0.37,1.16,18.53
木柵站,2025/01/07 08:00,61,懸浮微粒,22.66,23,38,0.35,1.27,22.21
木柵站,2025/01/07 09:00,62,懸浮微粒,29.42,17,43,0.34,1.16,13.78
木柵站,2025/01/07 10:00,62,細懸浮微粒,32.95,17,39,0.29,1.26,10.65
木柵站,2025/01/07 11:00,61,懸浮微粒,35.0,11,37,0.27,1.31,9.84
木柵站,2025/01/07 12:00,60,懸浮微粒,37.08,9,36,0.25,1.05,6.79
木柵站,2025/01/07 13:00,59,懸浮微粒,35.57,16,41,0.26,1.04,9.1
木柵站,2025/01/07 14:00,59,懸浮微粒,30.62,13,38,0.26,1.05,17.54
木柵站,2025/01/07 15:00,61,懸浮微粒,27.6,14,47,0.3,1.27,22.17
木柵站,2025/01/07 16:00,62,懸浮微粒,24.35,14,46,0.33,1.05,25.36
木柵站,2025/01/07 17:00,64,懸浮微粒,32.93,13,47,0.32,1.13,16.53
木柵站,2025/01/07 18:00,66,懸浮微粒,35.38,18,51,0.35,1.18,13.02
木柵站,2025/01/07 19:00,67,懸浮微粒,31.85,13,47,0.35,1.26,18.05
木柵站,2025/01/07 20:00,68,懸浮微粒,38.15,23,53,0.37,1.22,10.78
木柵站,2025/01/07 21:00,69,懸浮微粒,40.33,22,51,0.34,1.13,8.85
木柵站,2025/01/07 22:00,69,懸浮微粒,41.73,14,45,0.28,1.36,7
木柵站,2025/01/07 23:00,69,懸浮微粒,43.34,18,43,0.28,1.15,4.42
木柵站,2025/01/08 00:00,67,懸浮微粒,42.57,16,39,0.26,1.56,3.75
木柵站,2025/01/08 01:00,66,懸浮微粒,40.57,18,43,0.35,1.31,3.57
木柵站,2025/01/08 02:00,63,懸浮微粒,39.27,5,29,0.31,1.16,3.18
木柵站,2025/01/08 03:00,61,懸浮微粒,39.95,19,35,0.28,1.0,2.61
木柵站,2025/01/08 04:00,59,懸浮微粒,39.79,8,26,0.26,1.15,1.96
木柵站,2025/01/08 05:00,55,懸浮微粒,37.47,8,22,0.28,1.02,2.93
木柵站,2025/01/08 06:00,53,懸浮微粒,34.92,6,24,0.27,0.77,6.94
木柵站,2025/01/08 07:00,50,懸浮微粒,29.3,6,23,0.31,0.93,12.19
木柵站,2025/01/08 08:00,48,懸浮微粒,24.0,9,25,0.29,1.07,16.45
木柵站,2025/01/08 09:00,42,懸浮微粒,22.4,4,7,0.21,1.07,16.4
木柵站,2025/01/08 10:00,43,二氧化氮小時值,22.79,1,15,0.25,1.07,17.85
木柵站,2025/01/08 11:00,32,二氧化氮小時值,27.83,3,8,0.21,1.12,13.54
木柵站,2025/01/08 12:00,28,懸浮微粒,31.74,4,15,0.2,1.08,8.96
木柵站,2025/01/08 13:00,30,二氧化氮小時值,27.64,3,11,0.21,1.04,12.76
木柵站,2025/01/08 14:00,29,二氧化氮小時值,28.44,1,18,0.17,1.17,12.11
木柵站,2025/01/08 15:00,43,二氧化氮小時值,23.52,1,17,0.22,1.0,18.09
木柵站,2025/01/08 16:00,51,二氧化氮小時值,17.91,4,18,0.24,0.98,22.6
木柵站,2025/01/08 17:00,50,二氧化氮小時值,18.84,7,20,0.26,0.95,20.91
木柵站,2025/01/08 18:00,50,二氧化氮小時值,16.78,8,17,0.27,0.84,20.87
木柵站,2025/01/08 19:00,48,二氧化氮小時值,20.06,8,14,0.26,1.04,20.25
木柵站,2025/01/08 20:00,41,二氧化氮小時值,22.8,7,22,0.23,0.95,17.1
木柵站,2025/01/08 21:00,28,懸浮微粒,30.37,1,19,0.22,0.82,8.83
木柵站,2025/01/08 22:00,29,懸浮微粒,28.33,3,18,0.23,1.05,8.97
木柵站,2025/01/08 23:00,30,懸浮微粒,29.04,10,17,0.18,1.09,6.96
木柵站,2025/01/09 00:00,30,懸浮微粒,31.33,8,19,0.19,0.79,4.71
木柵站,2025/01/09 01:00,29,懸浮微粒,35.42,4,15,0.25,0.98,2.63
木柵站,2025/01/09 02:00,29,懸浮微粒,38.72,5,17,0.3,0.96,2.79
木柵站,2025/01/09 03:00,30,臭氧8小時,43.7,8,19,0.27,1.06,2.31
木柵站,2025/01/09 04:00,34,懸浮微粒,44.25,15,35,0.34,1.01,3.29
木柵站,2025/01/09 05:00,38,懸浮微粒,43.48,11,29,0.38,1.14,3.92
木柵站,2025/01/09 06:00,42,懸浮微粒,37.16,12,32,0.38,0.94,9.65
木柵站,2025/01/09 07:00,46,懸浮微粒,29.22,14,34,0.42,1.02,17.87
木柵站,2025/01/09 08:00,46,懸浮微粒,25.36,13,32,0.45,1.11,17.23
木柵站,2025/01/09 09:00,50,細懸浮微粒,27.9,19,38,0.4,1.13,16.36
木柵站,2025/01/09 10:00,50,細懸浮微粒,24.59,11,32,0.42,1.21,20.84
木柵站,2025/01/09 11:00,56,細懸浮微粒,28.05,26,44,0.48,0.98,14.93
木柵站,2025/01/09 12:00,61,細懸浮微粒,29.7,21,42,0.51,1.1,14.85
木柵站,2025/01/09 13:00,64,細懸浮微粒,29.87,22,40,0.51,1.29,14.51
木柵站,2025/01/09 14:00,74,細懸浮微粒,28.96,31,44,0.52,1.05,15.63
木柵站,2025/01/09 15:00,79,細懸浮微粒,26.19,33,50,0.53,1.25,18.51
木柵站,2025/01/09 16:00,80,細懸浮微粒,27.09,22,36,0.46,1.25,16.26
木柵站,2025/01/09 17:00,81,細懸浮微粒,29.34,20,32,0.39,1.08,14.04
木柵站,2025/01/09 18:00,75,細懸浮微粒,32.9,14,29,0.39,0.87,9.88
木柵站,2025/01/09 19:00,67,細懸浮微粒,32.96,12,23,0.38,1.12,9.57
木柵站,2025/01/09 20:00,62,細懸浮微粒,32.25,9,24,0.37,1.16,9.63
木柵站,2025/01/09 21:00,57,細懸浮微粒,31.75,8,26,0.33,1.0,9.09
木柵站,2025/01/09 22:00,56,細懸浮微粒,30.96,11,30,0.34,0.84,9.01
木柵站,2025/01/09 23:00,53,細懸浮微粒,32.58,10,22,0.34,1.05,6.32
木柵站,2025/01/10 00:00,52,細懸浮微粒,35.59,9,23,0.31,0.6,3.8
木柵站,2025/01/10 01:00,50,細懸浮微粒,36.02,7,13,0.26,1.31,2.96
木柵站,2025/01/10 02:00,42,細懸浮微粒,35.02,4,15,0.23,1.37,2.84
木柵站,2025/01/10 03:00,37,懸浮微粒,34.19,6,28,0.27,1.34,3.77
木柵站,2025/01/10 04:00,37,懸浮微粒,33.66,7,24,0.31,1.27,3.61
木柵站,2025/01/10 05:00,38,懸浮微粒,32.52,6,23,0.35,1.3,4.71
木柵站,2025/01/10 06:00,39,懸浮微粒,30.16,6,22,0.33,1.15,6.06
木柵站,2025/01/10 07:00,39,懸浮微粒,24.2,8,25,0.39,1.35,11.94
木柵站,2025/01/10 08:00,37,二氧化氮小時值,21.25,11,16,0.38,1.41,15.48
木柵站,2025/01/10 09:00,47,二氧化氮小時值,17.3,10,18,0.39,1.4,19.66
木柵站,2025/01/10 10:00,39,細懸浮微粒,21.16,15,21,0.36,1.58,14.58
木柵站,2025/01/10 11:00,38,細懸浮微粒,21.62,7,24,0.38,1.37,14.09
木柵站,2025/01/10 12:00,38,細懸浮微粒,22.04,11,30,0.37,1.39,14.17
木柵站,2025/01/10 13:00,48,二氧化氮小時值,19.14,9,24,0.36,1.48,20.26
木柵站,2025/01/10 14:00,49,二氧化氮小時值,20.15,2,25,0.35,1.44,20.6
木柵站,2025/01/10 15:00,47,二氧化氮小時值,21.42,2,24,0.36,1.35,19.68
木柵站,2025/01/10 16:00,50,二氧化氮小時值,19.76,5,15,0.37,1.49,21.44
木柵站,2025/01/10 17:00,53,二氧化氮小時值,16.23,7,18,0.34,1.36,26.23
木柵站,2025/01/10 18:00,43,二氧化氮小時值,22.5,6,21,0.35,1.57,18.14
木柵站,2025/01/10 19:00,39,二氧化氮小時值,24.81,8,22,0.36,1.31,16.42
木柵站,2025/01/10 20:00,33,懸浮微粒,27.2,9,13,0.35,1.21,12.96
木柵站,2025/01/10 21:00,32,懸浮微粒,31.17,5,13,0.29,1.39,7.86
木柵站,2025/01/10 22:00,30,懸浮微粒,31.08,8,15,0.27,1.27,7.16
木柵站,2025/01/10 23:00,29,細懸浮微粒,34.46,8,15,0.24,1.3,4.3
木柵站,2025/01/11 00:00,28,懸浮微粒,36.3,4,17,0.22,1.2,2.39
木柵站,2025/01/11 01:00,28,臭氧8小時,36.79,1,11,0.27,0.72,1.68
木柵站,2025/01/11 02:00,30,臭氧8小時,35.83,1,15,0.36,0.75,1.92
木柵站,2025/01/11 03:00,31,臭氧8小時,34.71,4,13,0.35,0.75,1.98
木柵站,2025/01/11 04:00,32,臭氧8小時,32.95,3,14,0.35,0.78,2.26
木柵站,2025/01/11 05:00,32,臭氧8小時,31.48,1,12,0.35,0.84,2.87
木柵站,2025/01/11 06:00,31,臭氧8小時,26.92,1,11,0.32,0.82,7.74
木柵站,2025/01/11 07:00,30,臭氧8小時,27.79,5,17,0.33,0.79,8.83
木柵站,2025/01/11 08:00,29,臭氧8小時,26.68,11,17,0.37,0.6,12.02
木柵站,2025/01/11 09:00,28,臭氧8小時,27.44,6,13,0.34,0.62,11.17
木柵站,2025/01/11 10:00,29,二氧化氮小時值,27.35,1,16,0.3,0.76,11.99
木柵站,2025/01/11 11:00,27,臭氧8小時,30.78,5,18,0.31,0.65,7.87
木柵站,2025/01/11 12:00,28,二氧化氮小時值,27.65,7,14,0.34,0.7,11.64
木柵站,2025/01/11 13:00,35,二氧化氮小時值,24.53,4,12,0.31,0.74,14.88
木柵站,2025/01/11 14:00,32,二氧化氮小時值,22.14,2,15,0.33,0.65,13.23
木柵站,2025/01/11 15:00,33,二氧化氮小時值,21.89,4,11,0.33,0.77,13.85
木柵站,2025/01/11 16:00,41,二氧化氮小時值,22.31,6,12,0.33,0.65,17.09
木柵站,2025/01/11 17:00,39,二氧化氮小時值,22.75,5,13,0.35,0.77,16.5
木柵站,2025/01/11 18:00,35,二氧化氮小時值,23.43,2,12,0.34,0.79,14.7
木柵站,2025/01/11 19:00,23,臭氧8小時,31.31,3,14,0.31,0.76,8.32
木柵站,2025/01/11 20:00,23,臭氧8小時,32.68,6,12,0.32,0.72,8.57
木柵站,2025/01/11 21:00,24,臭氧8小時,34.27,4,7,0.33,0.81,7.07
木柵站,2025/01/11 22:00,25,臭氧8小時,30.8,5,16,0.34,0.62,8.41
木柵站,2025/01/11 23:00,26,臭氧8小時,24.5,5,9,0.29,0.95,8.46
木柵站,2025/01/12 00:00,26,臭氧8小時,22.3,4,21,0.3,0.93,6.19
木柵站,2025/01/12 01:00,26,臭氧8小時,23.43,7,20,0.33,0.99,4.02
木柵站,2025/01/12 02:00,26,臭氧8小時,22.23,8,16,0.38,1.04,3.78
木柵站,2025/01/12 03:00,26,懸浮微粒,21.11,6,14,0.34,0.99,3.29
木柵站,2025/01/12 04:00,26,懸浮微粒,20.55,6,16,0.35,1.05,2.78
木柵站,2025/01/12 05:00,23,懸浮微粒,16.68,4,9,0.32,1.09,5.36
木柵站,2025/01/12 06:00,24,懸浮微粒,13.66,5,19,0.37,1.07,8.06
木柵站,2025/01/12 07:00,29,二氧化氮小時值,9.79,8,17,0.42,0.98,12.16
木柵站,2025/01/12 08:00,27,二氧化氮小時值,15.03,6,11,0.41,0.91,11.42
木柵站,2025/01/12 09:00,27,懸浮微粒,28.34,6,21,0.38,1.2,8.93
木柵站,2025/01/12 10:00,28,懸浮微粒,37.84,7,22,0.36,1.05,6.45
木柵站,2025/01/12 11:00,30,懸浮微粒,40.5,11,20,0.38,1.17,7.13
木柵站,2025/01/12 12:00,36,細懸浮微粒,42.77,17,24,0.39,1.3,9.35
木柵站,2025/01/12 13:00,37,細懸浮微粒,44.76,8,27,0.39,1.16,8.08
木柵站,2025/01/12 14:00,36,細懸浮微粒,43.78,6,25,0.4,1.29,7.62
木柵站,2025/01/12 15:00,40,懸浮微粒,45.99,6,34,0.43,1.43,7.76
木柵站,2025/01/12 16:00,40,懸浮微粒,44.57,8,23,0.46,1.25,8.96
木柵站,2025/01/12 17:00,43,懸浮微粒,35.51,6,33,0.59,1.25,15.67
木柵站,2025/01/12 18:00,45,懸浮微粒,33.09,10,32,0.65,1.08,13.75
木柵站,2025/01/12 19:00,44,懸浮微粒,28.48,12,24,0.54,1.47,13.01
木柵站,2025/01/12 20:00,45,懸浮微粒,25.63,9,24,0.48,1.39,13.23
木柵站,2025/01/12 21:00,43,懸浮微粒,28.86,10,24,0.46,1.19,9.98
木柵站,2025/01/12 22:00,42,懸浮微粒,32.22,12,25,0.44,1.07,5.6
木柵站,2025/01/12 23:00,45,細懸浮微粒,32.47,17,25,0.41,0.98,4.81
木柵站,2025/01/13 00:00,47,細懸浮微粒,33.95,14,26,0.37,2.18,3.75
木柵站,2025/01/13 01:00,49,細懸浮微粒,35.7,13,25,0.36,0.53,2.52
木柵站,2025/01/13 02:00,50,細懸浮微粒,36.18,12,24,0.33,0.55,2.44
木柵站,2025/01/13 03:00,48,細懸浮微粒,36.37,11,25,0.33,0.44,2.52
木柵站,2025/01/13 04:00,47,細懸浮微粒,37.47,12,28,0.3,0.34,2.64
木柵站,2025/01/13 05:00,49,細懸浮微粒,34.99,13,30,0.38,0.41,4.01
木柵站,2025/01/13 06:00,50,細懸浮微粒,31.03,13,29,0.39,0.43,9.9
木柵站,2025/01/13 07:00,50,細懸浮微粒,24.15,12,31,0.44,0.51,20.49
木柵站,2025/01/13 08:00,52,二氧化氮小時值,22.18,12,28,0.4,0.43,24.77
木柵站,2025/01/13 09:00,51,細懸浮微粒,34.8,13,40,0.34,0.5,15.3
木柵站,2025/01/13 10:00,50,懸浮微粒,36.43,10,27,0.29,0.51,15.37
木柵站,2025/01/13 11:00,50,懸浮微粒,41.66,10,33,0.31,0.43,8.98
木柵站,2025/01/13 12:00,51,懸浮微粒,45.63,12,32,0.29,0.44,5.19
木柵站,2025/01/13 13:00,50,懸浮微粒,45.41,10,28,0.28,0.45,8.32
木柵站,2025/01/13 14:00,51,懸浮微粒,43.28,11,31,0.29,0.58,11.41
木柵站,2025/01/13 15:00,51,懸浮微粒,40.5,11,32,0.3,0.45,13.03
木柵站,2025/01/13 16:00,50,懸浮微粒,37.93,9,29,0.3,0.42,18.86
木柵站,2025/01/13 17:00,53,二氧化氮小時值,28.65,6,25,0.31,0.53,26.5
木柵站,2025/01/13 18:00,56,二氧化氮小時值,24.2,9,32,0.37,0.43,30.49
木柵站,2025/01/13 19:00,50,二氧化氮小時值,31.1,18,30,0.35,0.35,21.6
木柵站,2025/01/13 20:00,47,懸浮微粒,34.76,7,19,0.26,0.52,17.59
木柵站,2025/01/13 21:00,47,懸浮微粒,39.18,7,29,0.24,0.52,11.9
木柵站,2025/01/13 22:00,46,懸浮微粒,40.94,11,27,0.29,0.44,8.63
木柵站,2025/01/13 23:00,45,懸浮微粒,44.22,14,27,0.27,0.43,4.72
木柵站,2025/01/14 00:00,44,懸浮微粒,47.18,9,19,0.23,0.45,2.31
木柵站,2025/01/14 01:00,47,細懸浮微粒,46.26,16,26,0.36,1.03,2.44
木柵站,2025/01/14 02:00,43,細懸浮微粒,41.09,5,19,0.4,1.44,3.09
木柵站,2025/01/14 03:00,40,懸浮微粒,34.65,7,27,0.38,1.23,4.16
木柵站,2025/01/14 04:00,41,懸浮微粒,32.44,11,24,0.41,0.99,3.9
木柵站,2025/01/14 05:00,38,懸浮微粒,28.14,9,16,0.41,1.33,5.91
木柵站,2025/01/14 06:00,39,細懸浮微粒,18.28,10,25,0.46,1.17,16.26
木柵站,2025/01/14 07:00,52,二氧化氮小時值,11.8,14,32,0.65,1.13,24.64
木柵站,2025/01/14 08:00,56,二氧化氮小時值,12.26,17,26,0.68,1.65,30.49
木柵站,2025/01/14 09:00,53,細懸浮微粒,27.1,20,32,0.42,1.4,18.63
木柵站,2025/01/14 10:00,56,細懸浮微粒,39.18,17,27,0.35,1.17,7.43
木柵站,2025/01/14 11:00,53,細懸浮微粒,39.69,6,15,0.32,1.51,8.54
木柵站,2025/01/14 12:00,50,細懸浮微粒,43.11,9,19,0.31,1.27,5.17
木柵站,2025/01/14 13:00,44,細懸浮微粒,46.23,10,17,0.37,1.59,13
木柵站,2025/01/14 14:00,53,二氧化氮小時值,45.85,22,36,0.51,1.51,26.12
木柵站,2025/01/14 15:00,59,細懸浮微粒,51.33,26,49,0.57,1.43,31.66
木柵站,2025/01/14 16:00,63,細懸浮微粒,46.61,18,36,0.42,1.45,16.27
木柵站,2025/01/14 17:00,64,細懸浮微粒,36.11,13,28,0.5,1.39,20.17
木柵站,2025/01/14 18:00,60,細懸浮微粒,30.05,10,32,0.45,1.26,18.55
木柵站,2025/01/14 19:00,52,二氧化氮小時值,16.32,6,26,0.44,1.17,24.23
木柵站,2025/01/14 20:00,54,二氧化氮小時值,9.38,9,26,0.54,1.36,27.83
木柵站,2025/01/14 21:00,47,懸浮微粒,13.07,10,28,0.47,1.43,19.24
木柵站,2025/01/14 22:00,44,懸浮微粒,13.0,11,21,0.45,1.38,16.55
木柵站,2025/01/14 23:00,49,細懸浮微粒,14.22,15,26,0.39,1.25,13.7
木柵站,2025/01/15 00:00,55,細懸浮微粒,22.09,20,35,0.46,1.61,16.02
木柵站,2025/01/15 01:00,62,細懸浮微粒,19.17,26,47,0.51,1.26,14.57
木柵站,2025/01/15 02:00,73,細懸浮微粒,19.74,37,44,0.48,1.33,11.52
木柵站,2025/01/15 03:00,76,細懸浮微粒,31.51,25,34,0.39,1.31,6.98
木柵站,2025/01/15 04:00,75,細懸浮微粒,31.31,16,23,0.36,1.42,5.65
木柵站,2025/01/15 05:00,69,細懸浮微粒,28.87,11,24,0.42,1.28,6.97
木柵站,2025/01/15 06:00,63,細懸浮微粒,28.15,17,24,0.36,1.39,14.14
木柵站,2025/01/15 07:00,59,細懸浮微粒,34.95,12,19,0.38,1.16,11.39
木柵站,2025/01/15 08:00,61,細懸浮微粒,32.35,19,33,0.39,1.34,17.58
木柵站,2025/01/15 09:00,72,細懸浮微粒,35.19,34,48,0.5,1.33,16.1
木柵站,2025/01/15 10:00,79,細懸浮微粒,35.17,31,59,0.52,1.21,18.64
木柵站,2025/01/15 11:00,86,細懸浮微粒,29.46,28,51,0.46,1.31,20.64
木柵站,2025/01/15 12:00,87,細懸浮微粒,32.85,20,55,0.43,1.15,14.07
木柵站,2025/01/15 13:00,82,細懸浮微粒,33.77,22,55,0.42,1.46,14.84
木柵站,2025/01/15 14:00,80,細懸浮微粒,30.61,29,67,0.42,1.65,19.04
木柵站,2025/01/15 15:00,84,細懸浮微粒,36.88,34,66,0.48,1.46,13.92
木柵站,2025/01/15 16:00,88,細懸浮微粒,32.58,29,62,0.47,1.46,20.01
木柵站,2025/01/15 17:00,88,細懸浮微粒,37.12,19,52,0.46,1.41,13.86
木柵站,2025/01/15 18:00,88,細懸浮微粒,36.2,25,59,0.47,1.56,14.02
木柵站,2025/01/15 19:00,86,細懸浮微粒,39.37,24,50,0.48,1.34,11.82
木柵站,2025/01/15 20:00,85,細懸浮微粒,41.46,25,52,0.49,1.56,8.22
木柵站,2025/01/15 21:00,85,細懸浮微粒,38.23,24,47,0.46,1.19,7.7
木柵站,2025/01/15 22:00,78,細懸浮微粒,35.24,10,46,0.44,1.43,7.46
木柵站,2025/01/15 23:00,72,懸浮微粒,35.14,10,36,0.39,1.3,4.86
木柵站,2025/01/16 00:00,68,懸浮微粒,37.62,7,32,0.38,1.05,3.24
木柵站,2025/01/16 01:00,63,懸浮微粒,36.67,4,22,0.26,1.83,2.43
木柵站,2025/01/16 02:00,60,懸浮微粒,36.08,8,37,0.27,1.64,2.53
木柵站,2025/01/16 03:00,58,懸浮微粒,36.5,11,30,0.31,1.54,2.85
木柵站,2025/01/16 04:00,55,懸浮微粒,37.55,12,26,0.27,1.45,2.59
木柵站,2025/01/16 05:00,54,懸浮微粒,33.41,8,20,0.25,1.48,5.21
木柵站,2025/01/16 06:00,51,懸浮微粒,22.5,4,27,0.28,1.64,14.43
木柵站,2025/01/16 07:00,50,懸浮微粒,16.23,17,33,0.34,1.54,17.26
木柵站,2025/01/16 08:00,48,懸浮微粒,14.09,10,25,0.36,1.37,19.01
木柵站,2025/01/16 09:00,47,懸浮微粒,23.71,9,23,0.26,1.29,14.01
木柵站,2025/01/16 10:00,45,懸浮微粒,26.69,8,23,0.25,1.3,9.81
木柵站,2025/01/16 11:00,42,懸浮微粒,29.13,5,22,0.23,1.45,10.2
木柵站,2025/01/16 12:00,42,懸浮微粒,30.27,5,27,0.25,1.46,9.17
木柵站,2025/01/16 13:00,41,懸浮微粒,25.48,5,21,0.27,1.33,15.69
木柵站,2025/01/16 14:00,39,懸浮微粒,30.96,1,18,0.23,1.49,11.26
木柵站,2025/01/16 15:00,39,懸浮微粒,28.03,5,25,0.24,1.58,12.06
木柵站,2025/01/16 16:00,37,懸浮微粒,23.93,8,20,0.27,1.42,14.66
木柵站,2025/01/16 17:00,37,懸浮微粒,23.95,6,19,0.26,1.47,11.16
木柵站,2025/01/16 18:00,41,二氧化氮小時值,18.96,7,15,0.24,1.68,17.17
木柵站,2025/01/16 19:00,38,二氧化氮小時值,18.35,9,16,0.27,1.47,16.13
木柵站,2025/01/16 20:00,37,二氧化氮小時值,17.76,11,19,0.23,1.76,15.56
木柵站,2025/01/16 21:00,36,二氧化氮小時值,15.85,11,24,0.28,1.66,15.32
木柵站,2025/01/16 22:00,35,細懸浮微粒,16.96,11,19,0.26,1.62,12.06
木柵站,2025/01/16 23:00,37,細懸浮微粒,25.1,11,19,0.23,1.75,9.42
木柵站,2025/01/17 00:00,38,細懸浮微粒,20.16,10,21,0.21,1.38,9.87
木柵站,2025/01/17 01:00,39,細懸浮微粒,21.67,11,17,0.3,1.11,5.48
木柵站,2025/01/17 02:00,38,細懸浮微粒,19.17,7,12,0.3,1.33,5.69
木柵站,2025/01/17 03:00,35,細懸浮微粒,26.3,5,16,0.25,1.26,4.55
木柵站,2025/01/17 04:00,34,細懸浮微粒,33.43,9,18,0.31,1.15,3.35
木柵站,2025/01/17 05:00,31,細懸浮微粒,32.71,5,16,0.34,1.14,4.9
木柵站,2025/01/17 06:00,29,二氧化氮小時值,27.35,3,11,0.3,1.19,12.16
木柵站,2025/01/17 07:00,46,二氧化氮小時值,22.33,5,28,0.37,1.38,19.24
木柵站,2025/01/17 08:00,41,二氧化氮小時值,23.94,6,24,0.38,1.16,17.11
木柵站,2025/01/17 09:00,37,懸浮微粒,27.28,8,34,0.36,1.2,13.18
木柵站,2025/01/17 10:00,41,懸浮微粒,29.92,10,29,0.33,1.06,11.38
木柵站,2025/01/17 11:00,39,懸浮微粒,33.72,11,20,0.35,0.99,9.92
木柵站,2025/01/17 12:00,39,懸浮微粒,35.03,10,22,0.38,1.12,11.9
木柵站,2025/01/17 13:00,40,懸浮微粒,37.56,11,32,0.37,1.23,11.3
木柵站,2025/01/17 14:00,42,懸浮微粒,36.51,9,34,0.35,1.25,11.35
木柵站,2025/01/17 15:00,45,懸浮微粒,35.15,9,28,0.36,1.4,13.28
木柵站,2025/01/17 16:00,46,懸浮微粒,35.78,13,25,0.36,1.22,12.21
木柵站,2025/01/17 17:00,45,懸浮微粒,31.7,6,25,0.34,1.28,16.06
木柵站,2025/01/17 18:00,44,懸浮微粒,35.56,4,24,0.35,1.03,12.35
木柵站,2025/01/17 19:00,41,懸浮微粒,35.9,7,17,0.37,1.16,13.04
木柵站,2025/01/17 20:00,40,懸浮微粒,34.04,7,22,0.38,1.1,12.37
木柵站,2025/01/17 21:00,39,懸浮微粒,31.37,8,24,0.38,1.15,12.96
木柵站,2025/01/17 22:00,39,懸浮微粒,28.71,8,25,0.42,1.11,11.96
木柵站,2025/01/17 23:00,39,懸浮微粒,36.55,4,17,0.33,1.05,5.43
木柵站,2025/01/18 00:00,39,懸浮微粒,36.75,5,21,0.34,1.03,4.49
木柵站,2025/01/18 01:00,34,懸浮微粒,34.01,6,11,0.36,1.16,5.05
木柵站,2025/01/18 02:00,35,懸浮微粒,30.38,3,28,0.31,1.26,4.39
木柵站,2025/01/18 03:00,37,懸浮微粒,31.22,5,28,0.3,0.9,3.13
木柵站,2025/01/18 04:00,37,懸浮微粒,31.54,8,24,0.29,1.01,2.37
木柵站,2025/01/18 05:00,39,懸浮微粒,30.59,10,21,0.34,0.85,2.97
木柵站,2025/01/18 06:00,37,懸浮微粒,28.82,9,19,0.37,0.85,5.05
木柵站,2025/01/18 07:00,40,二氧化氮小時值,20.87,10,24,0.36,1.01,16.89
木柵站,2025/01/18 08:00,52,二氧化氮小時值,16.57,8,17,0.41,0.99,24.36
木柵站,2025/01/18 09:00,36,懸浮微粒,30.09,8,26,0.28,0.93,12.93
木柵站,2025/01/18 10:00,36,懸浮微粒,36.67,11,20,0.24,0.89,8.33
木柵站,2025/01/18 11:00,37,懸浮微粒,38.07,8,26,0.24,0.84,7.7
木柵站,2025/01/18 12:00,37,懸浮微粒,39.42,8,17,0.25,1.1,7.29
木柵站,2025/01/18 13:00,35,懸浮微粒,38.63,5,17,0.24,0.94,7.6
木柵站,2025/01/18 14:00,34,懸浮微粒,34.7,2,19,0.26,1.03,12.55
木柵站,2025/01/18 15:00,32,懸浮微粒,34.38,4,19,0.24,1.08,10.89
木柵站,2025/01/18 16:00,33,臭氧8小時,33.46,5,21,0.27,0.91,12.21
木柵站,2025/01/18 17:00,34,二氧化氮小時值,31.26,6,17,0.29,0.95,14.42
木柵站,2025/01/18 18:00,33,臭氧8小時,31.5,5,17,0.27,1.15,12.21
木柵站,2025/01/18 19:00,33,懸浮微粒,26.3,10,24,0.31,0.91,10.92
木柵站,2025/01/18 20:00,31,懸浮微粒,29.58,8,12,0.3,1.01,11.29
木柵站,2025/01/18 21:00,34,細懸浮微粒,35.25,15,19,0.24,1.02,7.45
木柵站,2025/01/18 22:00,34,細懸浮微粒,24.57,7,14,0.27,1.02,10.67
木柵站,2025/01/18 23:00,39,細懸浮微粒,15.8,17,30,0.4,1.07,16.27
木柵站,2025/01/19 00:00,38,細懸浮微粒,10.98,7,25,0.38,0.89,16.1
木柵站,2025/01/19 01:00,37,細懸浮微粒,8.34,11,25,0.49,1.29,15.13
木柵站,2025/01/19 02:00,43,細懸浮微粒,10.27,14,24,0.48,1.59,14.37
木柵站,2025/01/19 03:00,44,細懸浮微粒,23.84,15,26,0.35,1.33,8.69
木柵站,2025/01/19 04:00,45,細懸浮微粒,23.4,8,21,0.32,1.21,6.17
木柵站,2025/01/19 05:00,46,細懸浮微粒,17.76,11,19,0.33,1.32,5.88
木柵站,2025/01/19 06:00,46,細懸浮微粒,22.65,12,33,0.29,1.6,7.02
木柵站,2025/01/19 07:00,42,細懸浮微粒,33.01,8,22,0.25,1.4,6.38
木柵站,2025/01/19 08:00,42,細懸浮微粒,33.73,8,21,0.29,1.34,6.84
木柵站,2025/01/19 09:00,39,細懸浮微粒,27.68,7,16,0.33,1.44,12.1
木柵站,2025/01/19 10:00,37,細懸浮微粒,26.54,9,21,0.37,1.31,12.72
木柵站,2025/01/19 11:00,39,細懸浮微粒,27.33,12,13,0.37,1.38,13.83
木柵站,2025/01/19 12:00,42,細懸浮微粒,28.04,12,19,0.35,1.62,13.13
木柵站,2025/01/19 13:00,44,細懸浮微粒,27.75,11,19,0.35,1.48,11.11
木柵站,2025/01/19 14:00,43,細懸浮微粒,29.39,9,19,0.32,1.32,10.15
木柵站,2025/01/19 15:00,39,細懸浮微粒,30.47,7,16,0.27,1.63,7.57
木柵站,2025/01/19 16:00,43,細懸浮微粒,30.78,17,25,0.3,1.59,7.26
木柵站,2025/01/19 17:00,45,細懸浮微粒,24.62,14,26,0.35,1.35,12.71
木柵站,2025/01/19 18:00,46,細懸浮微粒,22.9,11,27,0.37,1.35,13.53
木柵站,2025/01/19 19:00,48,細懸浮微粒,16.56,11,23,0.38,1.56,16.06
木柵站,2025/01/19 20:00,48,細懸浮微粒,15.51,14,23,0.39,1.4,12.25
木柵站,2025/01/19 21:00,49,細懸浮微粒,13.05,14,25,0.45,1.36,13.22
木柵站,2025/01/19 22:00,50,細懸浮微粒,15.98,12,22,0.38,1.3,11.46
木柵站,2025/01/19 23:00,50,細懸浮微粒,19.48,11,19,0.35,1.53,7.69
木柵站,2025/01/20 00:00,49,細懸浮微粒,21.84,13,25,0.35,1.71,5.64
木柵站,2025/01/20 01:00,48,細懸浮微粒,17.99,11,12,0.34,1.33,4.57
木柵站,2025/01/20 02:00,46,細懸浮微粒,13.55,9,17,0.35,1.33,4.35
木柵站,2025/01/20 03:00,47,細懸浮微粒,12.48,11,16,0.31,1.17,3.96
木柵站,2025/01/20 04:00,43,細懸浮微粒,12.58,8,18,0.28,1.28,3.57
木柵站,2025/01/20 05:00,40,細懸浮微粒,16.52,7,18,0.34,1.31,6.49
木柵站,2025/01/20 06:00,37,細懸浮微粒,17.22,6,16,0.36,1.16,12.68
木柵站,2025/01/20 07:00,37,二氧化氮小時值,18.6,5,16,0.47,1.07,15.58
木柵站,2025/01/20 08:00,36,二氧化氮小時值,20.55,10,16,0.45,1.1,15.22
木柵站,2025/01/20 09:00,36,細懸浮微粒,34.51,12,29,0.36,1.14,11.41
木柵站,2025/01/20 10:00,38,細懸浮微粒,42.61,10,23,0.32,1.29,10.84
木柵站,2025/01/20 11:00,40,細懸浮微粒,46.88,10,28,0.33,1.18,8.15
木柵站,2025/01/20 12:00,43,細懸浮微粒,53.0,15,32,0.35,1.13,9.84
木柵站,2025/01/20 13:00,48,細懸浮微粒,58.4,20,33,0.37,1.28,9.59
木柵站,2025/01/20 14:00,55,細懸浮微粒,63.05,22,40,0.41,1.34,11.94
木柵站,2025/01/20 15:00,61,細懸浮微粒,62.45,24,44,0.45,1.43,15.82
木柵站,2025/01/20 16:00,65,細懸浮微粒,60.39,23,47,0.48,1.35,18.06
木柵站,2025/01/20 17:00,70,細懸浮微粒,54.28,26,41,0.53,1.36,23.05
木柵站,2025/01/20 18:00,76,細懸浮微粒,57.59,31,41,0.54,1.2,18.53
木柵站,2025/01/20 19:00,80,細懸浮微粒,50.41,29,42,0.57,1.46,21.38
木柵站,2025/01/20 20:00,85,細懸浮微粒,53.13,29,41,0.59,1.31,17.81
木柵站,2025/01/20 21:00,85,細懸浮微粒,58.21,23,46,0.54,1.59,13.88
木柵站,2025/01/20 22:00,84,細懸浮微粒,49.7,24,39,0.55,1.36,14.4
木柵站,2025/01/20 23:00,85,細懸浮微粒,48.66,27,39,0.54,1.26,9.23
木柵站,2025/01/21 00:00,85,細懸浮微粒,48.88,24,41,0.56,1.52,6.87
木柵站,2025/01/21 01:00,84,細懸浮微粒,47.94,21,32,0.41,1.67,4.51
木柵站,2025/01/21 02:00,84,細懸浮微粒,45.96,23,41,0.39,1.52,3.95
木柵站,2025/01/21 03:00,83,細懸浮微粒,46.38,25,36,0.41,1.38,3.23
木柵站,2025/01/21 04:00,82,細懸浮微粒,44.04,21,36,0.42,1.45,3.18
木柵站,2025/01/21 05:00,80,細懸浮微粒,39.8,19,31,0.42,1.42,4.82
木柵站,2025/01/21 06:00,79,細懸浮微粒,37.18,23,39,0.39,1.54,12.62
木柵站,2025/01/21 07:00,82,細懸浮微粒,27.02,32,42,0.54,1.47,27.65
木柵站,2025/01/21 08:00,86,細懸浮微粒,40.12,32,40,0.45,1.78,22.78
木柵站,2025/01/21 09:00,89,細懸浮微粒,52.58,26,50,0.36,1.63,12.89
木柵站,2025/01/21 10:00,92,細懸浮微粒,51.27,30,41,0.34,1.5,15.79
木柵站,2025/01/21 11:00,88,細懸浮微粒,54.31,22,43,0.32,1.53,13.56
木柵站,2025/01/21 12:00,86,細懸浮微粒,56.66,25,42,0.33,1.4,11.93
木柵站,2025/01/21 13:00,85,細懸浮微粒,50.26,22,39,0.33,1.4,20.49
木柵站,2025/01/21 14:00,82,細懸浮微粒,50.55,23,38,0.32,1.47,21.25
木柵站,2025/01/21 15:00,81,細懸浮微粒,51.89,21,45,0.32,1.66,17.94
木柵站,2025/01/21 16:00,84,細懸浮微粒,55.07,30,42,0.34,1.52,12.93
木柵站,2025/01/21 17:00,83,細懸浮微粒,56.76,19,40,0.33,1.41,9.92
木柵站,2025/01/21 18:00,81,細懸浮微粒,53.11,19,41,0.34,1.85,12.32
木柵站,2025/01/21 19:00,78,細懸浮微粒,51.5,17,34,0.33,1.53,11.53
木柵站,2025/01/21 20:00,71,細懸浮微粒,52.91,16,33,0.29,1.49,7.94
木柵站,2025/01/21 21:00,73,細懸浮微粒,53.08,23,29,0.27,1.42,7.41
木柵站,2025/01/21 22:00,68,細懸浮微粒,52.99,12,27,0.22,1.81,5.54
木柵站,2025/01/21 23:00,65,細懸浮微粒,53.67,11,29,0.22,1.53,4.41
木柵站,2025/01/22 00:00,62,細懸浮微粒,54.45,12,28,0.22,1.43,3.52
木柵站,2025/01/22 01:00,57,細懸浮微粒,55.71,13,24,0.3,2.38,2.17
木柵站,2025/01/22 02:00,60,細懸浮微粒,53.4,21,29,0.36,2.12,2.85
木柵站,2025/01/22 03:00,59,細懸浮微粒,52.92,12,20,0.3,2.18,2.46
木柵站,2025/01/22 04:00,61,細懸浮微粒,53.64,19,27,0.3,2.09,2.13
木柵站,2025/01/22 05:00,59,細懸浮微粒,51.76,11,21,0.31,1.9,2.61
木柵站,2025/01/22 06:00,57,細懸浮微粒,48.14,16,24,0.34,2.0,5.96
木柵站,2025/01/22 07:00,53,細懸浮微粒,46.91,5,17,0.31,2.23,7.34
木柵站,2025/01/22 08:00,54,細懸浮微粒,41.53,20,26,0.4,2.22,12.86
木柵站,2025/01/22 09:00,53,細懸浮微粒,44.37,12,28,0.31,2.26,8.05
木柵站,2025/01/22 10:00,50,細懸浮微粒,45.58,8,19,0.3,2.25,6.51
木柵站,2025/01/22 11:00,49,細懸浮微粒,46.5,6,16,0.27,2.24,5.73
木柵站,2025/01/22 12:00,43,臭氧8小時,43.78,6,20,0.28,2.13,8.92
木柵站,2025/01/22 13:00,42,臭氧8小時,47.51,9,20,0.26,2.15,4.84
木柵站,2025/01/22 14:00,42,臭氧8小時,47.37,11,20,0.25,2.19,5.76
木柵站,2025/01/22 15:00,42,臭氧8小時,45.01,9,23,0.24,2.07,7.13
木柵站,2025/01/22 16:00,45,細懸浮微粒,43.71,17,32,0.3,2.18,8.77
木柵站,2025/01/22 17:00,50,細懸浮微粒,45.77,17,29,0.28,1.99,6.13
木柵站,2025/01/22 18:00,51,細懸浮微粒,34.68,14,32,0.38,2.36,15.72
木柵站,2025/01/22 19:00,69,細懸浮微粒,16.89,47,65,0.68,2.37,36.39
木柵站,2025/01/22 20:00,85,細懸浮微粒,10.41,53,84,0.74,2.29,39.84
木柵站,2025/01/22 21:00,100,細懸浮微粒,5.42,47,70,0.71,2.22,35.77
木柵站,2025/01/22 22:00,113,細懸浮微粒,3.55,45,66,0.68,2.26,33.45
木柵站,2025/01/22 23:00,119,細懸浮微粒,6.12,51,86,0.68,2.53,29.23
木柵站,2025/01/23 00:00,122,細懸浮微粒,5.65,48,80,0.66,2.37,24.72
木柵站,2025/01/23 01:00,125,細懸浮微粒,2.99,44,69,0.64,0.87,20.22
木柵站,2025/01/23 02:00,129,細懸浮微粒,4.27,47,70,0.57,0.9,16.65
木柵站,2025/01/23 03:00,128,細懸浮微粒,7.26,38,61,0.44,0.94,15.83
木柵站,2025/01/23 04:00,120,細懸浮微粒,24.21,21,57,0.27,1.04,9.13
木柵站,2025/01/23 05:00,112,細懸浮微粒,30.48,19,42,0.2,0.89,6.26
木柵站,2025/01/23 06:00,103,細懸浮微粒,28.09,17,34,0.2,1.0,7.16
木柵站,2025/01/23 07:00,92,細懸浮微粒,24.03,15,24,0.19,1.02,11.83
木柵站,2025/01/23 08:00,89,細懸浮微粒,20.94,22,34,0.28,0.96,16.47
木柵站,2025/01/23 09:00,80,細懸浮微粒,23.22,8,18,0.33,1.03,18.19
木柵站,2025/01/23 10:00,74,細懸浮微粒,22.42,10,30,0.29,0.89,18.89
木柵站,2025/01/23 11:00,68,細懸浮微粒,23.68,11,21,0.24,0.94,18.62
木柵站,2025/01/23 12:00,60,細懸浮微粒,23.89,12,41,0.25,0.93,18.97
木柵站,2025/01/23 13:00,59,細懸浮微粒,33.93,14,25,0.23,1.03,14.75
木柵站,2025/01/23 14:00,56,細懸浮微粒,32.78,12,22,0.22,0.97,14.96
木柵站,2025/01/23 15:00,52,細懸浮微粒,37.75,9,33,0.22,1.1,12.58
木柵站,2025/01/23 16:00,49,細懸浮微粒,36.87,10,24,0.22,1.03,12.7
木柵站,2025/01/23 17:00,48,細懸浮微粒,32.14,13,24,0.31,0.93,16.98
木柵站,2025/01/23 18:00,46,細懸浮微粒,29.61,11,25,0.29,0.92,12.89
木柵站,2025/01/23 19:00,44,細懸浮微粒,19.48,7,18,0.27,0.87,15.11
木柵站,2025/01/23 20:00,43,二氧化氮小時值,15.13,8,23,0.32,0.93,18.09
木柵站,2025/01/23 21:00,42,細懸浮微粒,11.82,13,22,0.35,0.73,16.24
木柵站,2025/01/23 22:00,43,細懸浮微粒,10.77,13,17,0.32,1.04,14.79
木柵站,2025/01/23 23:00,43,細懸浮微粒,13.06,8,14,0.27,0.95,12.35
木柵站,2025/01/24 00:00,42,細懸浮微粒,11.67,8,22,0.31,1.04,10.68
木柵站,2025/01/24 01:00,41,細懸浮微粒,12.16,11,16,0.38,1.36,8.37
木柵站,2025/01/24 02:00,40,細懸浮微粒,9.19,11,16,0.35,1.06,9.26
木柵站,2025/01/24 03:00,42,細懸浮微粒,7.94,11,15,0.37,1.3,8.05
木柵站,2025/01/24 04:00,40,細懸浮微粒,7.39,6,11,0.33,1.18,7.92
木柵站,2025/01/24 05:00,35,細懸浮微粒,5.71,5,18,0.36,1.24,10.51
木柵站,2025/01/24 06:00,34,細懸浮微粒,3.54,9,14,0.36,1.33,12.29
木柵站,2025/01/24 07:00,36,二氧化氮小時值,2.18,9,18,0.51,1.21,14.94
木柵站,2025/01/24 08:00,43,二氧化氮小時值,2.16,9,20,0.58,1.38,18.05
木柵站,2025/01/24 09:00,38,二氧化氮小時值,15.64,9,17,0.34,1.24,15.98
木柵站,2025/01/24 10:00,36,細懸浮微粒,26.74,10,15,0.24,1.39,-
木柵站,2025/01/24 11:00,39,細懸浮微粒,34.96,12,28,0.19,1.35,8.37
木柵站,2025/01/24 12:00,37,細懸浮微粒,39.75,7,23,0.15,1.45,6.99
木柵站,2025/01/24 13:00,34,懸浮微粒,41.14,4,24,0.15,1.21,6.26
木柵站,2025/01/24 14:00,35,懸浮微粒,41.92,5,18,0.13,1.45,6
木柵站,2025/01/24 15:00,35,懸浮微粒,39.9,5,26,0.15,1.27,7.98
木柵站,2025/01/24 16:00,36,懸浮微粒,38.23,5,22,0.16,1.14,9.05
木柵站,2025/01/24 17:00,35,懸浮微粒,34.51,3,21,0.17,1.37,12.11
木柵站,2025/01/24 18:00,39,懸浮微粒,33.24,4,32,0.21,1.19,11.18
木柵站,2025/01/24 19:00,40,懸浮微粒,32.92,7,26,0.19,1.46,11.51
木柵站,2025/01/24 20:00,43,懸浮微粒,33.73,6,32,0.2,1.13,9.5
木柵站,2025/01/24 21:00,46,懸浮微粒,31.3,5,30,0.21,1.4,10.32
木柵站,2025/01/24 22:00,46,懸浮微粒,29.67,6,30,0.2,1.2,10.84
木柵站,2025/01/24 23:00,46,懸浮微粒,31.43,6,24,0.19,1.33,7.82
木柵站,2025/01/25 00:00,45,懸浮微粒,33.92,5,28,0.2,1.73,5.28
木柵站,2025/01/25 01:00,43,懸浮微粒,35.26,6,21,0.29,1.26,3.09
木柵站,2025/01/25 02:00,43,懸浮微粒,33.13,8,28,0.34,1.31,3.24
木柵站,2025/01/25 03:00,42,懸浮微粒,41.01,9,21,0.27,1.36,2.3
木柵站,2025/01/25 04:00,44,懸浮微粒,40.2,18,31,0.3,1.34,2.6
木柵站,2025/01/25 05:00,46,懸浮微粒,41.19,9,30,0.31,1.17,3.76
木柵站,2025/01/25 06:00,46,懸浮微粒,40.87,16,29,0.32,1.17,5.73
木柵站,2025/01/25 07:00,49,細懸浮微粒,40.64,17,32,0.31,1.33,7.32
木柵站,2025/01/25 08:00,51,懸浮微粒,40.94,16,43,0.33,1.42,7.23
木柵站,2025/01/25 09:00,53,懸浮微粒,40.28,14,37,0.33,1.09,7.9
木柵站,2025/01/25 10:00,53,細懸浮微粒,42.27,15,30,0.32,1.28,5.93
木柵站,2025/01/25 11:00,53,細懸浮微粒,42.7,13,28,0.31,1.53,5.44
木柵站,2025/01/25 12:00,52,細懸浮微粒,42.81,13,29,0.31,1.21,5.44
木柵站,2025/01/25 13:00,53,細懸浮微粒,43.29,14,29,0.32,1.39,5.98
木柵站,2025/01/25 14:00,53,細懸浮微粒,43.32,13,29,0.32,1.4,6.58
木柵站,2025/01/25 15:00,53,細懸浮微粒,41.09,11,35,0.31,1.45,7.08
木柵站,2025/01/25 16:00,54,細懸浮微粒,40.35,16,38,0.32,1.52,7.52
木柵站,2025/01/25 17:00,54,懸浮微粒,40.85,12,36,0.36,1.51,8.54
木柵站,2025/01/25 18:00,56,懸浮微粒,39.74,13,41,0.37,1.55,10.42
木柵站,2025/01/25 19:00,57,懸浮微粒,36.55,17,38,0.35,1.55,11.06
木柵站,2025/01/25 20:00,57,懸浮微粒,33.78,13,39,0.38,1.49,12.25
木柵站,2025/01/25 21:00,57,懸浮微粒,35.8,13,36,0.39,1.22,8.83
木柵站,2025/01/25 22:00,57,懸浮微粒,41.89,18,41,0.34,1.25,5.91
木柵站,2025/01/25 23:00,58,懸浮微粒,45.2,16,38,0.32,1.52,3.82
木柵站,2025/01/26 00:00,60,懸浮微粒,45.15,12,46,0.37,1.48,3.48
木柵站,2025/01/26 01:00,61,懸浮微粒,46.68,13,44,0.35,1.88,2.36
木柵站,2025/01/26 02:00,61,懸浮微粒,47.53,13,34,0.33,2.01,2.03
木柵站,2025/01/26 03:00,61,懸浮微粒,46.56,16,37,0.3,1.88,2.14
木柵站,2025/01/26 04:00,58,懸浮微粒,46.15,9,32,0.29,1.86,1.97
木柵站,2025/01/26 05:00,56,懸浮微粒,43.44,16,30,0.33,1.73,2.59
木柵站,2025/01/26 06:00,54,懸浮微粒,37.95,10,25,0.27,1.8,7.99
木柵站,2025/01/26 07:00,54,懸浮微粒,32.39,11,36,0.34,2.06,12.31
木柵站,2025/01/26 08:00,53,懸浮微粒,31.88,12,28,0.36,1.78,9.61
木柵站,2025/01/26 09:00,51,懸浮微粒,34.62,9,21,0.26,1.86,8.66
木柵站,2025/01/26 10:00,51,懸浮微粒,32.99,7,27,0.3,1.67,10.29
木柵站,2025/01/26 11:00,47,懸浮微粒,32.27,7,23,0.31,1.79,11.12
木柵站,2025/01/26 12:00,46,懸浮微粒,36.61,5,28,0.26,1.85,7.4
木柵站,2025/01/26 13:00,45,懸浮微粒,36.36,6,22,0.28,1.71,7.71
木柵站,2025/01/26 14:00,43,懸浮微粒,34.78,6,21,0.25,1.69,8.55
木柵站,2025/01/26 15:00,42,懸浮微粒,33.44,5,25,0.27,1.95,7.16
木柵站,2025/01/26 16:00,38,懸浮微粒,32.24,4,13,0.22,1.82,7.8
木柵站,2025/01/26 17:00,36,懸浮微粒,30.79,7,19,0.24,1.68,7.62
木柵站,2025/01/26 18:00,33,懸浮微粒,31.68,10,9,0.24,1.66,6.9
木柵站,2025/01/26 19:00,31,臭氧8小時,33.71,9,10,0.25,1.76,7.92
木柵站,2025/01/26 20:00,31,臭氧8小時,33.4,7,8,0.22,1.85,6.99
木柵站,2025/01/26 21:00,30,臭氧8小時,32.76,5,15,0.26,1.76,6.92
木柵站,2025/01/26 22:00,30,臭氧8小時,32.44,3,11,0.26,1.72,7.6
木柵站,2025/01/26 23:00,30,臭氧8小時,33.38,1,6,0.22,1.84,7.28
木柵站,2025/01/27 00:00,30,臭氧8小時,34.1,1,16,0.24,1.61,5.68
木柵站,2025/01/27 01:00,31,臭氧8小時,37.22,1,7,0.28,1.04,2.94
木柵站,2025/01/27 02:00,32,臭氧8小時,36.61,1,3,0.28,1.1,3.41
木柵站,2025/01/27 03:00,32,臭氧8小時,35.37,1,11,0.27,1.02,3.42
木柵站,2025/01/27 04:00,32,臭氧8小時,36.16,2,13,0.35,1.01,3
木柵站,2025/01/27 05:00,33,臭氧8小時,36.15,5,9,0.41,0.83,2.79
木柵站,2025/01/27 06:00,33,臭氧8小時,37.29,3,8,0.41,1.11,3.22
木柵站,2025/01/27 07:00,33,臭氧8小時,36.16,3,9,0.41,1.05,3.36
木柵站,2025/01/27 08:00,33,臭氧8小時,34.36,5,9,0.44,1.21,4.2
木柵站,2025/01/27 09:00,33,臭氧8小時,34.09,4,8,0.43,1.08,5
木柵站,2025/01/27 10:00,33,臭氧8小時,35.22,3,11,0.43,1.15,4.35
木柵站,2025/01/27 11:00,33,臭氧8小時,32.46,3,12,0.47,1.04,6.85
木柵站,2025/01/27 12:00,32,臭氧8小時,31.6,7,25,0.56,1.09,8.23
木柵站,2025/01/27 13:00,32,臭氧8小時,36.13,18,37,0.53,1.04,6.48
木柵站,2025/01/27 14:00,33,懸浮微粒,39.02,11,26,0.48,1.18,5.43
木柵站,2025/01/27 15:00,40,懸浮微粒,40.57,11,38,0.46,1.19,5.25
木柵站,2025/01/27 16:00,45,懸浮微粒,37.43,18,38,0.5,1.13,8.82
木柵站,2025/01/27 17:00,44,懸浮微粒,31.61,14,27,0.49,1.33,8.27
木柵站,2025/01/27 18:00,47,細懸浮微粒,23.56,14,30,0.47,1.19,9.57
木柵站,2025/01/27 19:00,52,細懸浮微粒,23.76,17,29,0.44,1.17,8.89
木柵站,2025/01/27 20:00,50,細懸浮微粒,15.18,11,30,0.5,1.1,13.82
木柵站,2025/01/27 21:00,51,細懸浮微粒,11.59,13,29,0.48,1.11,15.44
木柵站,2025/01/27 22:00,51,細懸浮微粒,16.96,11,26,0.42,1.04,11.59
木柵站,2025/01/27 23:00,49,細懸浮微粒,19.55,10,22,0.34,1.62,8.78
木柵站,2025/01/28 00:00,49,細懸浮微粒,20.61,10,25,0.3,1.2,5.99
木柵站,2025/01/28 01:00,47,細懸浮微粒,21.95,11,24,0.31,1.78,3.92
木柵站,2025/01/28 02:00,47,細懸浮微粒,22.37,11,26,0.33,1.1,2.85
木柵站,2025/01/28 03:00,46,細懸浮微粒,19.18,9,24,0.3,1.88,3.05
木柵站,2025/01/28 04:00,42,細懸浮微粒,16.78,7,21,0.32,1.92,3.1
木柵站,2025/01/28 05:00,41,懸浮微粒,15.41,8,22,0.34,1.2,3.94
木柵站,2025/01/28 06:00,39,細懸浮微粒,14.06,10,17,0.32,1.67,7.04
木柵站,2025/01/28 07:00,37,細懸浮微粒,17.56,9,18,0.3,1.59,6.67
木柵站,2025/01/28 08:00,38,細懸浮微粒,20.69,9,19,0.32,1.51,6.85
木柵站,2025/01/28 09:00,46,細懸浮微粒,33.05,21,41,0.37,1.56,4.04
木柵站,2025/01/28 10:00,47,細懸浮微粒,37.48,12,32,0.38,1.72,3.17
木柵站,2025/01/28 11:00,50,細懸浮微粒,38.58,13,34,0.36,1.61,3.16
木柵站,2025/01/28 12:00,51,細懸浮微粒,39.26,12,33,0.36,1.52,3.25
木柵站,2025/01/28 13:00,50,懸浮微粒,40.4,11,33,0.35,1.43,3.96
木柵站,2025/01/28 14:00,50,懸浮微粒,41.03,11,32,0.35,1.54,3.61
木柵站,2025/01/28 15:00,50,懸浮微粒,39.73,15,32,0.37,1.59,3.93
木柵站,2025/01/28 16:00,50,懸浮微粒,40.21,9,29,0.36,1.33,3.41
木柵站,2025/01/28 17:00,49,懸浮微粒,38.85,8,28,0.4,1.38,4.94
木柵站,2025/01/28 18:00,50,懸浮微粒,37.17,9,29,0.44,1.37,5.28
木柵站,2025/01/28 19:00,49,懸浮微粒,36.13,12,26,0.38,1.45,6.12
木柵站,2025/01/28 20:00,48,懸浮微粒,33.49,13,25,0.4,1.48,7.41
木柵站,2025/01/28 21:00,49,懸浮微粒,35.35,13,32,0.41,1.38,5.72
木柵站,2025/01/28 22:00,50,細懸浮微粒,34.57,14,29,0.4,1.49,5.84
木柵站,2025/01/28 23:00,50,細懸浮微粒,34.53,12,29,0.39,1.56,4.67
木柵站,2025/01/29 00:00,49,懸浮微粒,35.41,9,29,0.42,1.23,3.79
木柵站,2025/01/29 01:00,51,細懸浮微粒,33.87,18,30,0.41,1.35,2.59
木柵站,2025/01/29 02:00,49,細懸浮微粒,32.31,11,24,0.36,1.51,2.48
木柵站,2025/01/29 03:00,47,細懸浮微粒,32.73,9,21,0.27,1.52,2.14
木柵站,2025/01/29 04:00,44,細懸浮微粒,30.91,5,18,0.26,1.43,1.96
木柵站,2025/01/29 05:00,39,懸浮微粒,28.27,7,21,0.31,1.3,2.59
木柵站,2025/01/29 06:00,38,懸浮微粒,25.2,10,21,0.27,1.51,5.31
木柵站,2025/01/29 07:00,38,細懸浮微粒,24.57,10,20,0.33,1.43,7.35
木柵站,2025/01/29 08:00,42,細懸浮微粒,32.23,13,21,0.27,1.33,5.11
木柵站,2025/01/29 09:00,44,細懸浮微粒,38.26,11,30,0.29,1.37,3.6
木柵站,2025/01/29 10:00,41,細懸浮微粒,39.75,7,22,0.25,1.51,3.15
木柵站,2025/01/29 11:00,41,懸浮微粒,41.48,8,27,0.25,1.47,2.53
木柵站,2025/01/29 12:00,41,懸浮微粒,41.7,9,24,0.25,1.39,2.69
木柵站,2025/01/29 13:00,38,懸浮微粒,41.91,9,20,0.24,1.49,2.63
木柵站,2025/01/29 14:00,38,懸浮微粒,42.42,9,22,0.24,1.56,2.14
木柵站,2025/01/29 15:00,38,懸浮微粒,41.99,6,24,0.26,1.61,3.18
木柵站,2025/01/29 16:00,38,臭氧8小時,41.83,7,19,0.25,1.31,3.85
木柵站,2025/01/29 17:00,38,臭氧8小時,39.25,8,22,0.27,1.58,6.02
木柵站,2025/01/29 18:00,38,臭氧8小時,35.65,7,22,0.28,1.35,7.67
木柵站,2025/01/29 19:00,37,臭氧8小時,38.01,5,16,0.25,1.68,5.42
木柵站,2025/01/29 20:00,37,臭氧8小時,39.11,10,22,0.21,1.44,4.91
木柵站,2025/01/29 21:00,37,臭氧8小時,40.11,11,25,0.21,1.4,4.49
木柵站,2025/01/29 22:00,39,細懸浮微粒,41.47,16,29,0.23,1.39,3.94
木柵站,2025/01/29 23:00,43,細懸浮微粒,43.09,12,23,0.21,1.35,2.81
木柵站,2025/01/30 00:00,47,細懸浮微粒,44.95,15,23,0.23,1.4,2.43
木柵站,2025/01/30 01:00,47,細懸浮微粒,45.63,11,18,0.23,1.18,1.84
木柵站,2025/01/30 02:00,43,細懸浮微粒,45.02,8,22,0.22,1.07,1.68
木柵站,2025/01/30 03:00,48,細懸浮微粒,42.97,19,29,0.23,1.18,1.72
木柵站,2025/01/30 04:00,48,細懸浮微粒,43.25,12,24,0.25,0.9,1.43
木柵站,2025/01/30 05:00,48,細懸浮微粒,41.25,11,20,0.26,1.12,1.76
木柵站,2025/01/30 06:00,51,細懸浮微粒,37.58,12,25,0.25,0.9,3.2
木柵站,2025/01/30 07:00,49,細懸浮微粒,31.98,12,20,0.22,0.99,6.73
木柵站,2025/01/30 08:00,47,細懸浮微粒,34.46,9,15,0.22,0.96,6.06
木柵站,2025/01/30 09:00,50,細懸浮微粒,42.59,16,27,0.22,1.08,2.26
木柵站,2025/01/30 10:00,48,細懸浮微粒,43.68,9,26,0.21,1.25,1.73
木柵站,2025/01/30 11:00,46,細懸浮微粒,43.94,9,22,0.2,0.99,1.68
木柵站,2025/01/30 12:00,45,細懸浮微粒,44.6,9,18,0.21,0.95,1.68
木柵站,2025/01/30 13:00,40,細懸浮微粒,44.9,8,20,0.22,1.05,1.45
木柵站,2025/01/30 14:00,39,細懸浮微粒,44.21,7,19,0.21,1.26,1.47
木柵站,2025/01/30 15:00,40,臭氧8小時,44.58,6,21,0.21,0.96,1.39
木柵站,2025/01/30 16:00,41,臭氧8小時,44.59,3,16,0.2,1.01,1.62
木柵站,2025/01/30 17:00,41,臭氧8小時,43.69,3,19,0.2,1.07,2.02
木柵站,2025/01/30 18:00,41,臭氧8小時,44.39,6,22,0.16,1.01,1.72
木柵站,2025/01/30 19:00,41,臭氧8小時,44.01,9,19,0.19,1.08,1.91
木柵站,2025/01/30 20:00,41,臭氧8小時,41.37,5,18,0.17,1.2,3.21
木柵站,2025/01/30 21:00,40,臭氧8小時,35.63,6,21,0.25,1.0,8.22
木柵站,2025/01/30 22:00,38,臭氧8小時,32.12,5,17,0.21,1.27,7.32
木柵站,2025/01/30 23:00,36,臭氧8小時,29.39,5,23,0.21,1.18,6.67
木柵站,2025/01/31 00:00,35,臭氧8小時,29.7,11,20,0.21,1.1,4.74
木柵站,2025/01/31 01:00,33,臭氧8小時,29.49,9,18,0.3,1.22,3.72
木柵站,2025/01/31 02:00,35,細懸浮微粒,28.79,16,16,0.37,1.36,3.33
木柵站,2025/01/31 03:00,33,細懸浮微粒,38.26,2,13,0.3,1.57,1.98
木柵站,2025/01/31 04:00,30,臭氧8小時,39.92,5,19,0.31,1.4,1.41
木柵站,2025/01/31 05:00,31,臭氧8小時,40.11,6,8,0.31,1.48,1.9
木柵站,2025/01/31 06:00,32,臭氧8小時,39.47,4,16,0.28,1.35,1.86
木柵站,2025/01/31 07:00,33,臭氧8小時,38.33,5,9,0.28,1.44,3.03
木柵站,2025/01/31 08:00,34,臭氧8小時,36.9,5,12,0.28,1.18,4.08
木柵站,2025/01/31 09:00,35,臭氧8小時,38.11,6,1,0.27,1.35,3.03
木柵站,2025/01/31 10:00,36,臭氧8小時,36.95,3,7,0.29,1.27,3.13
木柵站,2025/01/31 11:00,35,臭氧8小時,30.11,1,7,0.33,1.4,5.24
木柵站,2025/01/31 12:00,34,臭氧8小時,30.15,4,13,0.37,1.43,6.25
木柵站,2025/01/31 13:00,33,臭氧8小時,34.44,8,10,0.35,1.53,7.65
木柵站,2025/01/31 14:00,33,臭氧8小時,36.41,7,13,0.33,1.35,5.16
木柵站,2025/01/31 15:00,32,臭氧8小時,32.56,10,23,0.36,1.3,5.22
木柵站,2025/01/31 16:00,31,臭氧8小時,24.8,7,19,0.29,1.45,3.99
木柵站,2025/01/31 17:00,29,臭氧8小時,22.56,1,16,0.28,1.45,6.3
木柵站,2025/01/31 18:00,26,二氧化氮小時值,14.49,1,12,0.31,1.43,11.03
木柵站,2025/01/31 19:00,25,臭氧8小時,16.93,6,9,0.27,1.46,8.89
木柵站,2025/01/31 20:00,25,二氧化氮小時值,14.01,5,10,0.26,1.31,10.56
木柵站,2025/01/31 21:00,25,二氧化氮小時值,12.62,3,14,0.28,1.34,10.63
木柵站,2025/01/31 22:00,22,二氧化氮小時值,14.04,5,8,0.24,1.31,9.14
木柵站,2025/01/31 23:00,20,懸浮微粒,15.22,3,12,0.25,1.36,7.16
木柵站,2025/02/01 00:00,19,懸浮微粒,17.5,1,8,0.22,1.4,6.18
木柵站,2025/02/01 01:00,18,懸浮微粒,14.39,1,9,0.36,0.71,7.05
木柵站,2025/02/01 02:00,18,懸浮微粒,14.87,2,8,0.35,0.87,6.2
木柵站,2025/02/01 03:00,16,懸浮微粒,15.96,1,8,0.37,0.9,5.13
木柵站,2025/02/01 04:00,15,懸浮微粒,16.98,1,7,0.34,0.73,3.2
木柵站,2025/02/01 05:00,14,臭氧8小時,15.01,1,5,0.35,0.75,4.32
木柵站,2025/02/01 06:00,15,二氧化氮小時值,10.2,2,5,0.32,0.82,6.38
木柵站,2025/02/01 07:00,21,二氧化氮小時值,7.54,4,14,0.4,0.77,8.9
木柵站,2025/02/01 08:00,16,懸浮微粒,13.92,3,16,0.33,0.92,5.49
木柵站,2025/02/01 09:00,19,懸浮微粒,18.73,4,17,0.3,0.77,4.45
木柵站,2025/02/01 10:00,20,懸浮微粒,21.31,7,10,0.34,0.66,6.77
木柵站,2025/02/01 11:00,22,二氧化氮小時值,24.43,3,3,0.37,0.85,9.17
木柵站,2025/02/01 12:00,33,二氧化氮小時值,26.77,2,14,0.47,0.74,14.02
木柵站,2025/02/01 13:00,33,二氧化氮小時值,33.53,2,15,0.46,0.92,14.03
木柵站,2025/02/01 14:00,21,臭氧8小時,35.92,1,13,0.3,0.91,7.49
木柵站,2025/02/01 15:00,24,臭氧8小時,35.64,3,18,0.27,0.91,7.3
木柵站,2025/02/01 16:00,27,臭氧8小時,36.13,9,26,0.28,0.84,5.68
木柵站,2025/02/01 17:00,31,懸浮微粒,32.82,10,31,0.32,0.79,5.89
木柵站,2025/02/01 18:00,31,懸浮微粒,29.8,7,12,0.35,1.02,6.4
木柵站,2025/02/01 19:00,30,懸浮微粒,31.95,6,14,0.38,0.83,5.62
木柵站,2025/02/01 20:00,31,臭氧8小時,33.26,5,10,0.39,0.9,4.16
木柵站,2025/02/01 21:00,31,臭氧8小時,32.54,4,6,0.35,0.9,4.12
木柵站,2025/02/01 22:00,30,臭氧8小時,30.49,4,10,0.34,0.73,5.04
木柵站,2025/02/01 23:00,30,臭氧8小時,32.63,5,6,0.27,0.87,2.88
木柵站,2025/02/02 00:00,30,臭氧8小時,34.14,3,11,0.27,0.82,2.37
木柵站,2025/02/02 01:00,30,臭氧8小時,34.34,1,8,0.31,1.26,2.96
木柵站,2025/02/02 02:00,30,臭氧8小時,31.57,1,10,0.31,0.98,3.23
木柵站,2025/02/02 03:00,30,臭氧8小時,29.4,1,5,0.23,1.13,3.25
木柵站,2025/02/02 04:00,29,臭氧8小時,28.59,2,13,0.27,1.03,3.2
木柵站,2025/02/02 05:00,29,臭氧8小時,30.77,3,6,0.27,1.09,2.95
木柵站,2025/02/02 06:00,30,臭氧8小時,34.21,1,11,0.26,1.03,3.26
木柵站,2025/02/02 07:00,30,臭氧8小時,34.35,1,13,0.29,1.16,3.45
木柵站,2025/02/02 08:00,30,臭氧8小時,32.71,3,13,0.31,1.05,4.47
木柵站,2025/02/02 09:00,29,臭氧8小時,31.72,1,11,0.28,1.07,5.16
木柵站,2025/02/02 10:00,29,臭氧8小時,32.44,1,10,0.31,1.18,3.83
木柵站,2025/02/02 11:00,30,臭氧8小時,31.01,1,11,0.32,1.12,6.01
木柵站,2025/02/02 12:00,30,臭氧8小時,29.36,2,13,0.35,1.15,7.31
木柵站,2025/02/02 13:00,30,臭氧8小時,29.31,4,17,0.31,1.25,6.18
木柵站,2025/02/02 14:00,29,臭氧8小時,28.92,7,18,0.33,1.13,7.81
木柵站,2025/02/02 15:00,28,臭氧8小時,27.78,5,11,0.34,1.3,8.19
木柵站,2025/02/02 16:00,27,臭氧8小時,26.11,4,18,0.35,1.14,9.41
木柵站,2025/02/02 17:00,27,臭氧8小時,26.62,5,16,0.34,1.19,11.14
木柵站,2025/02/02 18:00,26,臭氧8小時,26.73,3,16,0.34,1.31,9.22
木柵站,2025/02/02 19:00,26,臭氧8小時,31.64,1,8,0.32,1.33,6.15
木柵站,2025/02/02 20:00,26,臭氧8小時,27.16,1,7,0.33,1.34,8.86
木柵站,2025/02/02 21:00,25,臭氧8小時,24.09,1,7,0.34,1.24,10.12
木柵站,2025/02/02 22:00,25,臭氧8小時,29.16,2,8,0.3,1.24,5.75
木柵站,2025/02/02 23:00,25,臭氧8小時,25.52,1,8,0.33,1.21,6.87
木柵站,2025/02/03 00:00,25,臭氧8小時,25.54,1,3,0.29,1.23,4.74
木柵站,2025/02/03 01:00,26,臭氧8小時,30.94,5,9,0.3,0.86,2.72
木柵站,2025/02/03 02:00,27,臭氧8小時,35.96,1,5,0.32,0.83,2.52
木柵站,2025/02/03 03:00,27,臭氧8小時,37.76,1,6,0.25,0.68,2.7
木柵站,2025/02/03 04:00,29,臭氧8小時,37.53,4,6,0.32,0.66,2.15
木柵站,2025/02/03 05:00,30,臭氧8小時,40.42,4,8,0.33,0.88,2.74
木柵站,2025/02/03 06:00,32,臭氧8小時,40.04,3,8,0.31,0.86,4.78
木柵站,2025/02/03 07:00,33,臭氧8小時,36.38,6,16,0.31,0.92,9.75
木柵站,2025/02/03 08:00,34,臭氧8小時,31.94,8,14,0.37,0.62,12.13
木柵站,2025/02/03 09:00,33,臭氧8小時,28.97,4,9,0.35,0.79,13.42
木柵站,2025/02/03 10:00,34,二氧化氮小時值,27.55,3,4,0.31,0.75,14.47
木柵站,2025/02/03 11:00,34,二氧化氮小時值,27.46,3,15,0.35,0.7,14.44
木柵站,2025/02/03 12:00,30,臭氧8小時,29.47,2,8,0.38,0.76,10.85
木柵站,2025/02/03 13:00,35,二氧化氮小時值,25.97,1,3,0.36,0.85,14.58
木柵站,2025/02/03 14:00,36,二氧化氮小時值,25.59,2,17,0.46,0.68,14.93
木柵站,2025/02/03 15:00,41,二氧化氮小時值,26.09,5,17,0.43,0.89,17.21
木柵站,2025/02/03 16:00,44,二氧化氮小時值,25.93,2,11,0.45,0.79,18.33
木柵站,2025/02/03 17:00,34,二氧化氮小時值,30.34,1,8,0.43,0.73,14.09
木柵站,2025/02/03 18:00,26,臭氧8小時,33.45,7,14,0.49,0.79,8.66
木柵站,2025/02/03 19:00,27,臭氧8小時,34.16,10,18,0.51,0.91,7.57
木柵站,2025/02/03 20:00,27,臭氧8小時,34.54,11,16,0.53,0.81,6.53
木柵站,2025/02/03 21:00,29,細懸浮微粒,32.99,10,11,0.52,0.84,6.42
木柵站,2025/02/03 22:00,29,細懸浮微粒,33.31,7,13,0.48,0.99,6.9
木柵站,2025/02/03 23:00,30,臭氧8小時,37.97,5,14,0.42,0.87,3.36
木柵站,2025/02/04 00:00,32,臭氧8小時,38.5,3,9,0.37,0.92,3.44
木柵站,2025/02/04 01:00,33,臭氧8小時,40.1,3,19,0.33,1.26,2.4
木柵站,2025/02/04 02:00,34,臭氧8小時,40.89,8,21,0.35,0.95,2.36
木柵站,2025/02/04 03:00,35,臭氧8小時,40.41,11,19,0.36,1.09,2.09
木柵站,2025/02/04 04:00,35,臭氧8小時,37.41,12,25,0.38,1.03,2.45
木柵站,2025/02/04 05:00,39,細懸浮微粒,29.45,13,24,0.42,1.18,5.81
木柵站,2025/02/04 06:00,43,細懸浮微粒,20.92,13,28,0.46,1.3,13.07
木柵站,2025/02/04 07:00,47,細懸浮微粒,14.86,17,26,0.5,1.19,17.16
木柵站,2025/02/04 08:00,51,細懸浮微粒,13.23,19,30,0.57,1.44,20.59
木柵站,2025/02/04 09:00,59,細懸浮微粒,24.34,30,37,0.46,1.35,19.22
木柵站,2025/02/04 10:00,66,細懸浮微粒,31.85,27,44,0.47,1.1,13.14
木柵站,2025/02/04 11:00,73,細懸浮微粒,34.73,27,46,0.45,1.18,10.42
木柵站,2025/02/04 12:00,77,細懸浮微粒,40.24,24,40,0.47,1.4,6.1
木柵站,2025/02/04 13:00,78,細懸浮微粒,41.69,26,42,0.45,1.39,6.5
木柵站,2025/02/04 14:00,77,細懸浮微粒,41.45,21,41,0.48,1.26,7.38
木柵站,2025/02/04 15:00,77,細懸浮微粒,40.76,23,39,0.5,1.29,7.61
木柵站,2025/02/04 16:00,82,細懸浮微粒,37.24,31,40,0.56,1.22,11.8
木柵站,2025/02/04 17:00,87,細懸浮微粒,33.17,34,35,0.57,1.12,16.58
木柵站,2025/02/04 18:00,92,細懸浮微粒,30.95,29,42,0.65,1.33,16.89
木柵站,2025/02/04 19:00,98,細懸浮微粒,27.46,34,39,0.67,1.33,17.8
木柵站,2025/02/04 20:00,97,細懸浮微粒,39.6,26,33,0.53,1.3,5.32
木柵站,2025/02/04 21:00,91,細懸浮微粒,34.65,21,31,0.55,1.06,10.13
木柵站,2025/02/04 22:00,88,細懸浮微粒,33.21,21,29,0.51,1.23,9.48
木柵站,2025/02/04 23:00,82,細懸浮微粒,35.67,21,31,0.5,1.12,5.68
木柵站,2025/02/05 00:00,81,細懸浮微粒,35.37,22,27,0.49,1.35,2.82
木柵站,2025/02/05 01:00,78,細懸浮微粒,33.88,16,27,0.34,1.18,2.55
木柵站,2025/02/05 02:00,74,細懸浮微粒,33.81,12,25,0.32,1.25,1.93
木柵站,2025/02/05 03:00,72,細懸浮微粒,32.95,17,29,0.33,1.15,2.04
木柵站,2025/02/05 04:00,66,細懸浮微粒,33.37,12,25,0.31,1.3,2.04
木柵站,2025/02/05 05:00,67,細懸浮微粒,32.37,22,30,0.35,1.38,5.41
木柵站,2025/02/05 06:00,64,細懸浮微粒,26.38,11,27,0.42,1.15,13.13
木柵站,2025/02/05 07:00,60,細懸浮微粒,20.98,12,28,0.38,1.05,18.54
木柵站,2025/02/05 08:00,62,細懸浮微粒,22.36,20,24,0.35,1.23,21.71
木柵站,2025/02/05 09:00,59,細懸浮微粒,25.32,14,28,0.28,1.03,20.46
木柵站,2025/02/05 10:00,56,細懸浮微粒,33.74,9,20,0.24,1.29,12.84
木柵站,2025/02/05 11:00,53,細懸浮微粒,36.12,7,27,0.24,1.21,9.55
木柵站,2025/02/05 12:00,48,細懸浮微粒,37.93,11,28,0.22,1.15,8.94
木柵站,2025/02/05 13:00,45,細懸浮微粒,35.32,10,29,0.21,1.01,10.73
木柵站,2025/02/05 14:00,45,懸浮微粒,38.34,8,25,0.21,1.09,6.93
木柵站,2025/02/05 15:00,43,懸浮微粒,35.27,7,22,0.2,0.97,10.64
木柵站,2025/02/05 16:00,46,二氧化氮小時值,28.14,9,26,0.21,1.44,19.46
木柵站,2025/02/05 17:00,41,懸浮微粒,33.91,10,23,0.21,1.16,12.36
木柵站,2025/02/05 18:00,41,懸浮微粒,32.27,7,24,0.25,1.31,14.3
木柵站,2025/02/05 19:00,41,懸浮微粒,36.42,7,23,0.23,1.42,9.17
木柵站,2025/02/05 20:00,39,懸浮微粒,35.21,2,19,0.19,1.3,9.81
木柵站,2025/02/05 21:00,39,懸浮微粒,35.28,16,23,0.2,1.16,7.97
木柵站,2025/02/05 22:00,36,懸浮微粒,34.81,7,14,0.15,1.31,7.58
木柵站,2025/02/05 23:00,40,細懸浮微粒,37.83,17,27,0.15,1.38,3.89
木柵站,2025/02/06 00:00,44,細懸浮微粒,39.94,10,22,0.17,1.1,2.68
木柵站,2025/02/06 01:00,39,細懸浮微粒,40.88,8,15,0.3,0.9,1.53
木柵站,2025/02/06 02:00,38,細懸浮微粒,39.89,6,12,0.36,1.12,1.57
木柵站,2025/02/06 03:00,35,臭氧8小時,40.45,3,9,0.32,1.22,1.64
木柵站,2025/02/06 04:00,36,臭氧8小時,40.76,1,13,0.32,1.27,1.64
木柵站,2025/02/06 05:00,36,臭氧8小時,40.68,1,8,0.37,1.2,2.3
木柵站,2025/02/06 06:00,37,臭氧8小時,39.17,1,5,0.32,1.11,5.01
木柵站,2025/02/06 07:00,37,臭氧8小時,38.47,4,15,0.38,1.12,7.55
木柵站,2025/02/06 08:00,37,臭氧8小時,36.56,6,10,0.39,1.23,9.39
木柵站,2025/02/06 09:00,36,臭氧8小時,34.69,8,12,0.38,1.08,11.47
木柵站,2025/02/06 10:00,34,臭氧8小時,21.77,-,-,0.24,1.36,12.83
木柵站,2025/02/06 11:00,33,二氧化氮小時值,26.44,3,-,0.22,1.06,13.67
木柵站,2025/02/06 12:00,31,臭氧8小時,30.45,9,-,0.37,1.19,11.01
木柵站,2025/02/06 13:00,31,二氧化氮小時值,28.58,9,15,0.4,0.85,13.17
木柵站,2025/02/06 14:00,41,二氧化氮小時值,25.56,3,10,0.38,1.04,17.21
木柵站,2025/02/06 15:00,36,二氧化氮小時值,26.28,3,11,0.42,1.18,15.14
木柵站,2025/02/06 16:00,51,二氧化氮小時值,21.69,1,5,0.35,1.19,21.96
木柵站,2025/02/06 17:00,53,二氧化氮小時值,18.03,1,13,0.44,1.32,25.38
木柵站,2025/02/06 18:00,37,二氧化氮小時值,25.25,6,12,0.38,1.24,15.39
木柵站,2025/02/06 19:00,33,二氧化氮小時值,26.3,5,11,0.36,1.64,14.01
木柵站,2025/02/06 20:00,25,二氧化氮小時值,31.85,6,17,0.32,1.25,10.45
木柵站,2025/02/06 21:00,25,二氧化氮小時值,32.06,4,8,0.27,1.32,10.42
木柵站,2025/02/06 22:00,25,臭氧8小時,32.03,3,12,0.29,1.15,8.89
木柵站,2025/02/06 23:00,26,臭氧8小時,33.8,2,10,0.24,1.05,4.8
木柵站,2025/02/07 00:00,27,臭氧8小時,33.99,1,10,0.25,0.95,4.03
木柵站,2025/02/07 01:00,29,臭氧8小時,33.37,1,6,0.33,0.99,3.03
木柵站,2025/02/07 02:00,29,臭氧8小時,29.28,1,8,0.29,1.12,2.72
木柵站,2025/02/07 03:00,30,臭氧8小時,31.71,5,8,0.28,1.1,2.54
木柵站,2025/02/07 04:00,31,臭氧8小時,41.42,3,4,0.31,1.25,1.76
木柵站,2025/02/07 05:00,32,臭氧8小時,40.17,1,6,0.36,1.22,2.94
木柵站,2025/02/07 06:00,33,臭氧8小時,38.46,1,3,0.3,1.45,5.82
木柵站,2025/02/07 07:00,33,臭氧8小時,34.56,3,10,0.36,1.1,9.68
木柵站,2025/02/07 08:00,38,二氧化氮小時值,28.53,10,17,0.44,0.93,16.01
木柵站,2025/02/07 09:00,43,二氧化氮小時值,26.27,5,5,0.45,1.38,18.11
木柵站,2025/02/07 10:00,46,二氧化氮小時值,23.89,1,14,0.5,0.97,19.42
木柵站,2025/02/07 11:00,35,二氧化氮小時值,27.75,1,9,0.46,0.96,14.71
木柵站,2025/02/07 12:00,29,臭氧8小時,32.06,1,1,0.39,1.51,10.6
木柵站,2025/02/07 13:00,28,臭氧8小時,33.08,1,11,0.4,1.34,11.01
木柵站,2025/02/07 14:00,32,二氧化氮小時值,31.37,10,21,0.47,1.13,13.37
木柵站,2025/02/07 15:00,29,二氧化氮小時值,32.09,11,18,0.48,1.46,12.32
木柵站,2025/02/07 16:00,45,二氧化氮小時值,25.76,5,8,0.44,1.69,18.98
木柵站,2025/02/07 17:00,27,臭氧8小時,31.11,6,33,0.42,1.55,10.75
木柵站,2025/02/07 18:00,32,懸浮微粒,31.77,12,34,0.47,1.37,9.64
木柵站,2025/02/07 19:00,37,懸浮微粒,33.05,18,34,0.47,1.29,8.53
木柵站,2025/02/07 20:00,40,懸浮微粒,31.94,12,20,0.45,1.36,9.34
木柵站,2025/02/07 21:00,42,細懸浮微粒,31.3,11,24,0.41,1.16,8
木柵站,2025/02/07 22:00,47,細懸浮微粒,29.4,17,27,0.48,1.2,8.26
木柵站,2025/02/07 23:00,44,細懸浮微粒,32.39,9,13,0.47,1.11,5.03
木柵站,2025/02/08 00:00,43,細懸浮微粒,34.14,8,17,0.45,1.22,3.13
木柵站,2025/02/08 01:00,43,細懸浮微粒,35.26,8,21,0.37,1.49,2.44
木柵站,2025/02/08 02:00,38,細懸浮微粒,36.11,9,20,0.32,1.6,2.12
木柵站,2025/02/08 03:00,39,細懸浮微粒,35.67,10,25,0.3,1.73,2.16
木柵站,2025/02/08 04:00,46,細懸浮微粒,34.77,18,32,0.32,1.61,2.06
木柵站,2025/02/08 05:00,52,細懸浮微粒,31.94,19,36,0.36,1.58,3.57
木柵站,2025/02/08 06:00,54,細懸浮微粒,29.39,14,41,0.36,1.54,6.21
木柵站,2025/02/08 07:00,57,細懸浮微粒,28.14,17,42,0.39,1.56,8.26
木柵站,2025/02/08 08:00,56,懸浮微粒,24.15,12,49,0.44,1.69,13.43
木柵站,2025/02/08 09:00,59,懸浮微粒,25.56,19,48,0.46,1.58,10.38
木柵站,2025/02/08 10:00,59,懸浮微粒,24.35,15,39,0.47,1.87,12.42
木柵站,2025/02/08 11:00,59,懸浮微粒,24.71,13,33,0.48,1.6,12.9
木柵站,2025/02/08 12:00,57,懸浮微粒,23.44,10,31,0.5,1.41,14.47
木柵站,2025/02/08 13:00,55,懸浮微粒,28.72,10,30,0.5,1.89,9.47
木柵站,2025/02/08 14:00,54,懸浮微粒,26.29,11,27,0.54,1.48,13.61
木柵站,2025/02/08 15:00,54,懸浮微粒,26.75,9,32,0.54,1.27,12.62
木柵站,2025/02/08 16:00,50,懸浮微粒,23.47,3,10,0.44,1.97,18.21
木柵站,2025/02/08 17:00,47,二氧化氮小時值,20.57,2,23,0.4,2.1,19.89
木柵站,2025/02/08 18:00,46,懸浮微粒,23.61,7,26,0.39,2.03,15.99
木柵站,2025/02/08 19:00,43,懸浮微粒,31.08,10,24,0.33,1.55,4.98
木柵站,2025/02/08 20:00,44,懸浮微粒,29.35,10,24,0.36,1.47,6.45
木柵站,2025/02/08 21:00,42,懸浮微粒,29.6,10,20,0.37,1.31,5.18
木柵站,2025/02/08 22:00,38,懸浮微粒,31.42,7,16,0.31,1.37,2.49
木柵站,2025/02/08 23:00,37,懸浮微粒,32.76,6,21,0.33,1.41,2.26
木柵站,2025/02/09 00:00,35,懸浮微粒,32.02,8,21,0.33,1.58,1.83
木柵站,2025/02/09 01:00,34,懸浮微粒,32.77,8,17,0.31,1.35,1.62
木柵站,2025/02/09 02:00,32,懸浮微粒,31.05,5,11,0.26,1.61,1.66
木柵站,2025/02/09 03:00,30,懸浮微粒,26.35,6,18,0.26,1.4,2.03
木柵站,2025/02/09 04:00,29,細懸浮微粒,25.19,9,13,0.21,1.44,1.98
木柵站,2025/02/09 05:00,31,細懸浮微粒,22.04,9,20,0.29,1.19,2.36
木柵站,2025/02/09 06:00,32,細懸浮微粒,17.02,7,13,0.31,1.44,7.09
木柵站,2025/02/09 07:00,32,細懸浮微粒,13.56,8,13,0.32,1.41,11.12
木柵站,2025/02/09 08:00,34,細懸浮微粒,11.18,12,17,0.38,1.56,13.28
木柵站,2025/02/09 09:00,35,細懸浮微粒,19.22,11,16,0.42,1.26,11.41
木柵站,2025/02/09 10:00,38,細懸浮微粒,26.98,11,14,0.38,1.44,8.89
木柵站,2025/02/09 11:00,35,細懸浮微粒,27.5,3,9,0.34,1.46,9.34
木柵站,2025/02/09 12:00,30,細懸浮微粒,28.21,3,21,0.37,1.35,8.7
木柵站,2025/02/09 13:00,29,細懸浮微粒,27.18,9,14,0.4,1.32,7.85
木柵站,2025/02/09 14:00,28,細懸浮微粒,27.69,9,15,0.42,1.33,9.26
木柵站,2025/02/09 15:00,31,細懸浮微粒,28.55,8,9,0.36,1.59,12.07
木柵站,2025/02/09 16:00,29,細懸浮微粒,30.15,1,8,0.27,1.59,11.64
木柵站,2025/02/09 17:00,29,二氧化氮小時值,30.8,1,28,0.29,1.33,12.06
木柵站,2025/02/09 18:00,27,臭氧8小時,36.27,8,21,0.29,1.31,6.52
木柵站,2025/02/09 19:00,30,懸浮微粒,35.75,9,22,0.31,1.28,7.36
木柵站,2025/02/09 20:00,31,懸浮微粒,37.01,4,15,0.24,1.62,5.64
木柵站,2025/02/09 21:00,30,臭氧8小時,36.87,3,21,0.25,1.39,5.29
木柵站,2025/02/09 22:00,32,臭氧8小時,37.48,7,23,0.27,1.44,4.45
木柵站,2025/02/09 23:00,32,臭氧8小時,36.06,5,16,0.26,1.41,3.97
木柵站,2025/02/10 00:00,32,臭氧8小時,30.33,3,22,0.31,1.75,4.95
木柵站,2025/02/10 01:00,32,臭氧8小時,23.33,4,12,0.3,1.35,4.51
木柵站,2025/02/10 02:00,30,臭氧8小時,21.95,2,21,0.3,1.37,3.61
木柵站,2025/02/10 03:00,30,懸浮微粒,28.63,2,16,0.32,1.44,2.13
木柵站,2025/02/10 04:00,30,懸浮微粒,26.98,3,16,0.34,1.35,2.43
木柵站,2025/02/10 05:00,29,懸浮微粒,27.46,2,12,0.38,1.41,3.44
木柵站,2025/02/10 06:00,29,懸浮微粒,24.05,4,24,0.34,1.34,11.52
木柵站,2025/02/10 07:00,47,二氧化氮小時值,16.91,7,21,0.43,1.57,19.59
木柵站,2025/02/10 08:00,46,二氧化氮小時值,18.36,9,26,0.45,1.51,19.45
木柵站,2025/02/10 09:00,36,二氧化氮小時值,25.12,12,19,0.4,1.49,15.05
木柵站,2025/02/10 10:00,31,懸浮微粒,29.25,4,11,0.33,1.49,11.42
木柵站,2025/02/10 11:00,30,懸浮微粒,33.74,1,17,0.31,1.45,7.99
木柵站,2025/02/10 12:00,28,懸浮微粒,34.49,2,16,0.29,1.16,8
木柵站,2025/02/10 13:00,28,懸浮微粒,35.62,2,19,0.26,1.4,7.1
木柵站,2025/02/10 14:00,29,懸浮微粒,35.91,6,15,0.29,1.42,5.72
木柵站,2025/02/10 15:00,29,懸浮微粒,34.8,8,18,0.32,1.4,7.8
木柵站,2025/02/10 16:00,31,二氧化氮小時值,31.65,6,11,0.3,1.67,12.88
木柵站,2025/02/10 17:00,31,臭氧8小時,31.93,6,17,0.32,1.61,12.24
木柵站,2025/02/10 18:00,31,臭氧8小時,30.88,6,19,0.32,1.4,11.6
木柵站,2025/02/10 19:00,31,臭氧8小時,29.24,3,17,0.31,1.57,10.94
木柵站,2025/02/10 20:00,30,臭氧8小時,31.11,3,13,0.29,1.5,8.22
木柵站,2025/02/10 21:00,30,臭氧8小時,32.4,3,13,0.27,1.48,8.44
木柵站,2025/02/10 22:00,30,臭氧8小時,36.37,3,18,0.26,1.42,5.46
木柵站,2025/02/10 23:00,30,臭氧8小時,36.9,5,11,0.26,1.35,4.07
木柵站,2025/02/11 00:00,31,臭氧8小時,36.08,4,15,0.23,0.97,3.18
木柵站,2025/02/11 01:00,31,臭氧8小時,30.55,1,12,0.36,0.94,4.31
木柵站,2025/02/11 02:00,30,臭氧8小時,24.24,1,6,0.36,0.89,4.1
木柵站,2025/02/11 03:00,29,臭氧8小時,24.35,3,11,0.38,0.92,2.97
木柵站,2025/02/11 04:00,28,臭氧8小時,22.05,4,8,0.38,0.86,3.81
木柵站,2025/02/11 05:00,27,臭氧8小時,21.29,3,11,0.38,0.88,5.71
木柵站,2025/02/11 06:00,48,二氧化氮小時值,12.44,7,13,0.46,0.96,20.26
木柵站,2025/02/11 07:00,52,二氧化氮小時值,9.29,8,15,0.59,1.47,24.79
木柵站,2025/02/11 08:00,47,二氧化氮小時值,17.07,16,22,0.59,1.11,19.71
木柵站,2025/02/11 09:00,26,細懸浮微粒,32.23,1,10,0.37,0.84,5.41
木柵站,2025/02/11 10:00,22,細懸浮微粒,33.87,1,10,0.32,0.9,3.97
木柵站,2025/02/11 11:00,21,臭氧8小時,36.97,1,4,0.23,1.07,3.44
木柵站,2025/02/11 12:00,23,臭氧8小時,37.82,1,14,0.23,0.9,3.48
木柵站,2025/02/11 13:00,25,臭氧8小時,38.91,1,13,0.19,0.98,3.38
木柵站,2025/02/11 14:00,28,臭氧8小時,39.06,1,16,0.18,0.85,3.11
木柵站,2025/02/11 15:00,32,臭氧8小時,39.23,2,18,0.18,0.96,3.08
木柵站,2025/02/11 16:00,34,臭氧8小時,39.71,6,13,0.17,1.14,2.38
木柵站,2025/02/11 17:00,35,臭氧8小時,38.9,9,21,0.21,0.96,3.36
木柵站,2025/02/11 18:00,36,臭氧8小時,38.28,10,13,0.25,0.88,3.97
木柵站,2025/02/11 19:00,36,臭氧8小時,36.37,7,13,0.21,0.73,3.88
木柵站,2025/02/11 20:00,35,臭氧8小時,32.12,5,12,0.27,0.75,7.79
木柵站,2025/02/11 21:00,34,臭氧8小時,33.75,5,15,0.25,0.7,5.28
木柵站,2025/02/11 22:00,33,臭氧8小時,28.39,3,17,0.26,0.94,8.33
木柵站,2025/02/11 23:00,31,臭氧8小時,19.25,1,12,0.31,0.96,12.79
木柵站,2025/02/12 00:00,38,二氧化氮小時值,13.35,2,20,0.41,0.98,15.8
木柵站,2025/02/12 01:00,42,二氧化氮小時值,10.78,7,13,0.5,1.58,17.67
木柵站,2025/02/12 02:00,31,二氧化氮小時值,13.23,21,30,0.52,1.77,13.07
木柵站,2025/02/12 03:00,40,細懸浮微粒,10.35,18,34,0.49,1.62,12.93
木柵站,2025/02/12 04:00,55,細懸浮微粒,6.3,29,50,0.51,1.77,17
木柵站,2025/02/12 05:00,63,細懸浮微粒,3.55,24,60,0.49,1.82,17.88
木柵站,2025/02/12 06:00,65,細懸浮微粒,2.22,24,60,0.48,1.96,18.1
木柵站,2025/02/12 07:00,72,細懸浮微粒,2.99,30,59,0.54,2.1,18.86
木柵站,2025/02/12 08:00,82,細懸浮微粒,4.58,43,80,0.64,2.06,22.85
木柵站,2025/02/12 09:00,85,細懸浮微粒,7.51,27,54,0.66,2.08,20.36
木柵站,2025/02/12 10:00,91,細懸浮微粒,8.52,31,51,0.62,1.99,22.7
木柵站,2025/02/12 11:00,95,細懸浮微粒,9.71,32,50,0.59,2.01,21.76
木柵站,2025/02/12 12:00,88,細懸浮微粒,13.85,18,33,0.56,1.92,19.6
木柵站,2025/02/12 13:00,83,細懸浮微粒,21.84,11,23,0.39,2.05,15.52
木柵站,2025/02/12 14:00,76,細懸浮微粒,16.46,12,28,0.4,1.75,18.69
木柵站,2025/02/12 15:00,71,細懸浮微粒,11.5,18,33,0.5,1.91,23.86
木柵站,2025/02/12 16:00,66,細懸浮微粒,8.1,10,20,0.49,2.08,25.47
木柵站,2025/02/12 17:00,69,細懸浮微粒,3.87,21,28,0.6,2.03,28.34
木柵站,2025/02/12 18:00,78,細懸浮微粒,7.72,34,57,0.68,2.35,41.83
木柵站,2025/02/12 19:00,80,細懸浮微粒,17.72,27,42,0.56,2.03,26.81
木柵站,2025/02/12 20:00,84,細懸浮微粒,20.96,26,35,0.52,1.78,20.52
木柵站,2025/02/12 21:00,84,細懸浮微粒,18.06,22,28,0.5,1.9,20.16
木柵站,2025/02/12 22:00,71,細懸浮微粒,29.41,6,14,0.26,1.88,9.87
木柵站,2025/02/12 23:00,60,細懸浮微粒,30.01,5,8,0.26,1.83,7.24
木柵站,2025/02/13 00:00,51,細懸浮微粒,28.48,4,14,0.39,1.9,5.39
木柵站,2025/02/13 01:00,43,細懸浮微粒,29.3,7,11,0.43,1.37,4.97
木柵站,2025/02/13 02:00,50,細懸浮微粒,29.69,18,23,0.54,1.41,4.98
木柵站,2025/02/13 03:00,50,細懸浮微粒,27.95,8,15,0.5,1.3,4.9
木柵站,2025/02/13 04:00,52,細懸浮微粒,27.71,9,16,0.55,1.18,4.67
木柵站,2025/02/13 05:00,50,細懸浮微粒,31.0,6,7,0.53,1.5,4.18
木柵站,2025/02/13 06:00,36,細懸浮微粒,31.83,2,9,0.53,1.41,7.27
木柵站,2025/02/13 07:00,32,細懸浮微粒,31.77,6,13,0.62,1.28,9.63
木柵站,2025/02/13 08:00,39,二氧化氮小時值,26.63,16,26,0.71,1.36,16.43
木柵站,2025/02/13 09:00,51,二氧化氮小時值,21.58,4,9,0.72,1.2,22.29
木柵站,2025/02/13 10:00,48,二氧化氮小時值,23.8,7,20,0.73,1.42,20.18
木柵站,2025/02/13 11:00,37,二氧化氮小時值,28.21,8,13,0.65,1.21,15.44
木柵站,2025/02/13 12:00,27,細懸浮微粒,33.24,3,10,0.51,1.32,8.73
木柵站,2025/02/13 13:00,28,細懸浮微粒,31.99,7,22,0.52,1.28,11.35
木柵站,2025/02/13 14:00,30,二氧化氮小時值,30.43,9,15,0.55,1.28,12.76
木柵站,2025/02/13 15:00,29,細懸浮微粒,31.84,9,20,0.55,1.25,9.49
木柵站,2025/02/13 16:00,30,細懸浮微粒,30.64,7,2,0.5,1.66,11.48
木柵站,2025/02/13 17:00,30,細懸浮微粒,29.64,6,19,0.5,1.29,12.41
木柵站,2025/02/13 18:00,30,細懸浮微粒,30.7,8,16,0.48,1.18,9.27
木柵站,2025/02/13 19:00,29,臭氧8小時,32.72,4,12,0.46,1.31,7.81
木柵站,2025/02/13 20:00,29,臭氧8小時,34.45,2,14,0.41,1.37,5.52
木柵站,2025/02/13 21:00,30,臭氧8小時,35.15,2,13,0.42,1.2,5.28
木柵站,2025/02/13 22:00,30,臭氧8小時,34.4,6,16,0.4,1.09,4.71
木柵站,2025/02/13 23:00,30,臭氧8小時,35.36,6,15,0.37,1.33,3.01
木柵站,2025/02/14 00:00,31,臭氧8小時,36.36,7,22,0.37,0.99,2.08
木柵站,2025/02/14 01:00,32,臭氧8小時,36.7,5,18,0.3,0.66,1.85
木柵站,2025/02/14 02:00,33,臭氧8小時,36.32,2,12,0.28,0.84,1.52
木柵站,2025/02/14 03:00,33,臭氧8小時,35.96,4,19,0.25,0.62,1.62
木柵站,2025/02/14 04:00,33,臭氧8小時,36.28,2,11,0.25,0.65,1.51
木柵站,2025/02/14 05:00,33,臭氧8小時,35.63,2,19,0.3,0.61,2.03
木柵站,2025/02/14 06:00,33,臭氧8小時,32.66,3,18,0.29,0.66,5.34
木柵站,2025/02/14 07:00,32,臭氧8小時,28.95,3,15,0.33,0.6,8.78
木柵站,2025/02/14 08:00,31,臭氧8小時,27.66,6,27,0.35,0.62,12.22
木柵站,2025/02/14 09:00,31,臭氧8小時,30.59,9,16,0.34,0.57,8.28
木柵站,2025/02/14 10:00,30,懸浮微粒,29.83,5,17,0.33,0.6,9.05
木柵站,2025/02/14 11:00,29,臭氧8小時,31.33,3,8,0.29,0.63,6.33
木柵站,2025/02/14 12:00,29,臭氧8小時,31.61,1,9,0.28,0.68,6.12
木柵站,2025/02/14 13:00,28,臭氧8小時,30.2,1,6,0.24,0.83,8.38
木柵站,2025/02/14 14:00,28,臭氧8小時,28.88,1,9,-,-,-
木柵站,2025/02/14 15:00,27,臭氧8小時,26.52,6,17,0.21,0.58,10.76
木柵站,2025/02/14 16:00,29,二氧化氮小時值,25.17,4,6,0.15,0.74,12.35
木柵站,2025/02/14 17:00,30,二氧化氮小時值,24.22,3,9,0.2,0.64,12.58
木柵站,2025/02/14 18:00,39,二氧化氮小時值,20.95,5,10,0.24,0.84,16.24
木柵站,2025/02/14 19:00,39,二氧化氮小時值,18.34,5,10,0.25,0.63,16.23
木柵站,2025/02/14 20:00,34,二氧化氮小時值,17.87,3,6,0.23,0.93,14.09
木柵站,2025/02/14 21:00,32,二氧化氮小時值,17.78,3,15,0.22,0.79,13.27
木柵站,2025/02/14 22:00,24,二氧化氮小時值,16.16,3,8,0.18,0.81,10.26
木柵站,2025/02/14 23:00,18,臭氧8小時,16.74,1,12,0.14,0.65,6.9
木柵站,2025/02/15 00:00,20,二氧化氮小時值,10.18,1,14,0.21,0.92,8.53
木柵站,2025/02/15 01:00,22,二氧化氮小時值,5.43,5,9,0.26,1.24,9.41
木柵站,2025/02/15 02:00,19,二氧化氮小時值,4.21,2,4,0.28,1.43,7.89
木柵站,2025/02/15 03:00,17,二氧化氮小時值,4.47,1,12,0.26,1.34,7.11
木柵站,2025/02/15 04:00,17,二氧化氮小時值,3.61,2,8,0.29,1.37,7.32
木柵站,2025/02/15 05:00,22,二氧化氮小時值,2.82,1,5,0.31,1.24,9.29
木柵站,2025/02/15 06:00,19,二氧化氮小時值,1.92,2,11,0.3,1.27,8.02
木柵站,2025/02/15 07:00,22,二氧化氮小時值,5.89,4,8,0.35,1.58,9.34
木柵站,2025/02/15 08:00,17,二氧化氮小時值,14.83,6,14,0.25,1.37,7.17
木柵站,2025/02/15 09:00,16,懸浮微粒,16.58,6,6,0.27,1.41,4.75
木柵站,2025/02/15 10:00,21,二氧化氮小時值,19.52,4,17,0.31,1.55,8.64
木柵站,2025/02/15 11:00,34,二氧化氮小時值,30.39,6,6,0.35,1.4,14.07
木柵站,2025/02/15 12:00,31,二氧化氮小時值,45.66,4,19,0.36,1.5,12.9
木柵站,2025/02/15 13:00,33,二氧化氮小時值,62.0,5,17,0.38,1.55,13.69
木柵站,2025/02/15 14:00,35,二氧化氮小時值,70.35,10,30,0.38,1.8,14.58
木柵站,2025/02/15 15:00,38,臭氧8小時,69.97,13,20,0.28,1.46,9.66
木柵站,2025/02/15 16:00,48,二氧化氮小時值,53.3,32,45,0.29,1.75,20.08
木柵站,2025/02/15 17:00,58,細懸浮微粒,37.15,28,53,0.27,1.4,19.65
木柵站,2025/02/15 18:00,65,細懸浮微粒,26.3,23,51,0.38,1.59,22.69
木柵站,2025/02/15 19:00,70,細懸浮微粒,25.32,21,55,0.34,1.42,18.74
木柵站,2025/02/15 20:00,69,細懸浮微粒,23.39,23,64,0.37,1.36,17.78
木柵站,2025/02/15 21:00,70,細懸浮微粒,15.45,26,53,0.38,1.71,18.28
木柵站,2025/02/15 22:00,76,細懸浮微粒,14.6,30,60,0.4,1.37,17.51
木柵站,2025/02/15 23:00,80,細懸浮微粒,14.4,26,64,0.4,1.5,19.28
木柵站,2025/02/16 00:00,83,細懸浮微粒,14.55,25,69,0.43,1.06,18.54
木柵站,2025/02/16 01:00,91,細懸浮微粒,11.66,39,75,0.44,0.63,17.64
木柵站,2025/02/16 02:00,93,細懸浮微粒,13.81,29,63,0.41,0.66,15.27
木柵站,2025/02/16 03:00,97,細懸浮微粒,16.16,31,47,0.3,0.63,11.98
木柵站,2025/02/16 04:00,97,細懸浮微粒,18.98,26,35,0.23,0.7,9.13
木柵站,2025/02/16 05:00,81,細懸浮微粒,27.93,3,15,0.13,0.7,5.16
木柵站,2025/02/16 06:00,72,細懸浮微粒,24.62,7,12,0.12,0.66,5.01
木柵站,2025/02/16 07:00,64,細懸浮微粒,19.93,12,20,0.13,0.85,6.65
木柵站,2025/02/16 08:00,59,細懸浮微粒,25.64,13,27,0.16,0.57,5.56
木柵站,2025/02/16 09:00,60,細懸浮微粒,29.17,12,13,0.15,0.57,4.03
木柵站,2025/02/16 10:00,59,細懸浮微粒,24.63,10,21,0.21,0.57,11.2
木柵站,2025/02/16 11:00,57,細懸浮微粒,25.35,11,27,0.28,0.84,10.07
木柵站,2025/02/16 12:00,55,細懸浮微粒,30.53,12,32,0.35,0.72,9.21
木柵站,2025/02/16 13:00,52,細懸浮微粒,37.01,13,32,0.32,0.68,6.53
木柵站,2025/02/16 14:00,55,細懸浮微粒,36.36,20,39,0.34,0.88,11.05
木柵站,2025/02/16 15:00,55,細懸浮微粒,35.82,17,34,0.36,0.9,13.09
木柵站,2025/02/16 16:00,56,細懸浮微粒,39.41,18,31,0.37,0.93,10.81
木柵站,2025/02/16 17:00,62,細懸浮微粒,41.95,22,40,0.45,0.88,10.44
木柵站,2025/02/16 18:00,64,細懸浮微粒,40.12,21,43,0.5,1.35,15.63
木柵站,2025/02/16 19:00,73,細懸浮微粒,46.47,35,53,0.51,1.24,11.05
木柵站,2025/02/16 20:00,79,細懸浮微粒,49.12,31,54,0.5,0.85,8.81
木柵站,2025/02/16 21:00,80,細懸浮微粒,46.95,21,39,0.44,0.89,8.41
木柵站,2025/02/16 22:00,85,細懸浮微粒,40.51,29,46,0.45,0.82,11.82
木柵站,2025/02/16 23:00,83,細懸浮微粒,43.7,26,40,0.38,0.9,7.04
木柵站,2025/02/17 00:00,83,細懸浮微粒,41.58,25,42,0.4,0.74,5.6
木柵站,2025/02/17 01:00,85,細懸浮微粒,39.83,23,34,0.35,1.11,3.92
木柵站,2025/02/17 02:00,81,細懸浮微粒,37.11,19,37,0.37,1.22,3.42
木柵站,2025/02/17 03:00,80,細懸浮微粒,36.62,22,36,0.34,0.99,3.42
木柵站,2025/02/17 04:00,76,細懸浮微粒,38.09,15,28,0.33,1.32,2.95
木柵站,2025/02/17 05:00,75,細懸浮微粒,38.44,20,38,0.43,1.39,5.19
木柵站,2025/02/17 06:00,75,細懸浮微粒,34.61,19,32,0.39,1.32,10.85
木柵站,2025/02/17 07:00,71,細懸浮微粒,30.05,17,37,0.43,1.48,15.79
木柵站,2025/02/17 08:00,80,細懸浮微粒,35.67,38,58,0.46,1.59,17.24
木柵站,2025/02/17 09:00,81,細懸浮微粒,44.93,23,44,0.39,1.69,13.1
木柵站,2025/02/17 10:00,84,細懸浮微粒,48.69,28,62,0.39,1.35,12.61
木柵站,2025/02/17 11:00,89,細懸浮微粒,49.65,29,61,0.4,1.6,14.44
木柵站,2025/02/17 12:00,87,細懸浮微粒,53.36,31,60,0.37,1.36,12.03
木柵站,2025/02/17 13:00,91,細懸浮微粒,52.96,31,61,0.39,1.44,14.97
木柵站,2025/02/17 14:00,97,細懸浮微粒,56.73,39,63,0.44,1.65,12.35
木柵站,2025/02/17 15:00,102,細懸浮微粒,55.54,40,68,0.48,1.55,15.96
木柵站,2025/02/17 16:00,107,細懸浮微粒,52.94,39,62,0.5,1.47,20.88
木柵站,2025/02/17 17:00,113,細懸浮微粒,49.76,41,71,0.5,1.58,25.06
木柵站,2025/02/17 18:00,116,細懸浮微粒,45.95,42,78,0.51,1.47,30.56
木柵站,2025/02/17 19:00,120,細懸浮微粒,55.47,44,71,0.44,1.17,17.15
木柵站,2025/02/17 20:00,124,細懸浮微粒,57.02,47,70,0.43,1.47,11.65
木柵站,2025/02/17 21:00,128,細懸浮微粒,54.68,47,77,0.43,1.24,11.1
木柵站,2025/02/17 22:00,134,細懸浮微粒,55.84,53,79,0.47,0.96,10.12
木柵站,2025/02/17 23:00,139,細懸浮微粒,59.93,52,83,0.39,1.11,5.79
木柵站,2025/02/18 00:00,140,細懸浮微粒,58.82,46,80,0.37,1.27,4.53
木柵站,2025/02/18 01:00,138,細懸浮微粒,54.74,39,69,0.32,0.79,3.21
木柵站,2025/02/18 02:00,127,細懸浮微粒,51.77,23,44,0.25,1.1,3.07
木柵站,2025/02/18 03:00,114,細懸浮微粒,47.15,17,41,0.22,0.94,3.13
木柵站,2025/02/18 04:00,99,細懸浮微粒,43.49,9,26,0.22,0.91,2.93
木柵站,2025/02/18 05:00,85,細懸浮微粒,38.84,8,14,0.17,1.02,4.28
木柵站,2025/02/18 06:00,75,細懸浮微粒,35.17,6,23,0.15,0.95,8.21
木柵站,2025/02/18 07:00,66,細懸浮微粒,27.63,5,19,0.21,1.08,17.91
木柵站,2025/02/18 08:00,62,細懸浮微粒,21.53,10,29,0.25,0.99,23.05
木柵站,2025/02/18 09:00,58,細懸浮微粒,24.53,8,17,0.28,0.89,17.92
木柵站,2025/02/18 10:00,51,細懸浮微粒,25.74,4,19,0.21,0.97,14.74
木柵站,2025/02/18 11:00,42,細懸浮微粒,30.81,2,5,0.15,0.98,11.48
木柵站,2025/02/18 12:00,33,懸浮微粒,34.28,1,11,0.14,1.17,8.26
木柵站,2025/02/18 13:00,28,二氧化氮小時值,31.49,6,7,0.13,0.94,11.67
木柵站,2025/02/18 14:00,27,臭氧8小時,33.63,8,19,0.15,1.21,10.14
木柵站,2025/02/18 15:00,28,二氧化氮小時值,31.75,9,19,0.16,1.1,11.91
木柵站,2025/02/18 16:00,35,二氧化氮小時值,28.89,5,15,0.17,1.25,14.8
木柵站,2025/02/18 17:00,34,二氧化氮小時值,30.03,2,19,0.18,1.01,14.31
木柵站,2025/02/18 18:00,33,二氧化氮小時值,29.88,1,10,0.19,1.17,13.87
木柵站,2025/02/18 19:00,29,臭氧8小時,32.7,1,15,0.2,0.96,10.44
木柵站,2025/02/18 20:00,29,臭氧8小時,34.06,3,5,0.17,1.01,7.96
木柵站,2025/02/18 21:00,30,臭氧8小時,34.41,2,12,0.17,1.06,7.99
木柵站,2025/02/18 22:00,30,臭氧8小時,37.84,2,6,0.13,1.1,5.51
木柵站,2025/02/18 23:00,31,臭氧8小時,40.86,1,14,0.12,0.93,3.59
木柵站,2025/02/19 00:00,33,臭氧8小時,43.14,5,10,0.12,0.78,2.71
木柵站,2025/02/19 01:00,34,臭氧8小時,44.31,8,16,0.19,0.53,1.93
木柵站,2025/02/19 02:00,36,臭氧8小時,44.05,7,16,0.27,0.44,2.13
木柵站,2025/02/19 03:00,38,臭氧8小時,45.53,11,21,0.21,0.48,2.04
木柵站,2025/02/19 04:00,39,臭氧8小時,45.79,11,20,0.26,0.48,2.2
木柵站,2025/02/19 05:00,40,臭氧8小時,43.68,8,21,0.29,0.39,3.33
木柵站,2025/02/19 06:00,40,臭氧8小時,40.14,8,24,0.28,0.38,7.74
木柵站,2025/02/19 07:00,39,臭氧8小時,33.96,7,22,0.29,0.57,15.22
木柵站,2025/02/19 08:00,39,二氧化氮小時值,31.72,17,42,0.38,0.3,16.17
木柵站,2025/02/19 09:00,38,懸浮微粒,33.21,8,18,0.34,0.57,13.21
木柵站,2025/02/19 10:00,37,懸浮微粒,31.24,4,17,0.31,0.56,14.99
木柵站,2025/02/19 11:00,36,懸浮微粒,33.29,1,14,0.29,0.52,12.55
木柵站,2025/02/19 12:00,32,臭氧8小時,33.12,3,14,0.31,0.38,12.75
木柵站,2025/02/19 13:00,32,二氧化氮小時值,32.6,1,6,0.25,0.48,13.49
木柵站,2025/02/19 14:00,30,臭氧8小時,28.78,-,8,0.23,0.53,8.82
木柵站,2025/02/19 15:00,29,臭氧8小時,30.74,-,10,0.17,0.49,12.38
木柵站,2025/02/19 16:00,50,二氧化氮小時值,24.85,10,12,0.26,0.45,21.22
木柵站,2025/02/19 17:00,34,二氧化氮小時值,29.18,6,12,0.2,0.49,14.33
木柵站,2025/02/19 18:00,32,二氧化氮小時值,30.97,5,15,0.25,0.48,13.39
木柵站,2025/02/19 19:00,31,二氧化氮小時值,31.2,9,18,0.23,0.5,12.83
木柵站,2025/02/19 20:00,28,臭氧8小時,32.38,8,15,0.2,0.36,10.52
木柵站,2025/02/19 21:00,28,臭氧8小時,35.48,2,17,0.21,0.45,7.01
木柵站,2025/02/19 22:00,29,臭氧8小時,35.22,4,15,0.2,0.49,7.99
木柵站,2025/02/19 23:00,30,臭氧8小時,37.74,6,14,0.16,0.49,5.63
木柵站,2025/02/20 00:00,32,臭氧8小時,40.13,5,18,0.18,0.48,2.99
木柵站,2025/02/20 01:00,33,臭氧8小時,40.89,8,18,0.22,1.72,2.23
木柵站,2025/02/20 02:00,34,臭氧8小時,37.9,9,22,0.31,1.74,2.54
木柵站,2025/02/20 03:00,34,臭氧8小時,35.18,5,19,0.22,1.79,3.01
木柵站,2025/02/20 04:00,34,臭氧8小時,31.91,7,24,0.23,1.61,3.6
木柵站,2025/02/20 05:00,33,懸浮微粒,21.23,10,21,0.3,1.78,7.74
木柵站,2025/02/20 06:00,44,二氧化氮小時值,9.13,7,17,0.28,1.63,18.6
木柵站,2025/02/20 07:00,50,二氧化氮小時值,7.38,6,20,0.32,1.91,20.83
木柵站,2025/02/20 08:00,52,二氧化氮小時值,11.74,9,19,0.34,1.92,23.48
木柵站,2025/02/20 09:00,42,二氧化氮小時值,19.18,10,19,0.36,1.71,17.5
木柵站,2025/02/20 10:00,35,懸浮微粒,27.9,11,30,0.26,1.81,14.48
木柵站,2025/02/20 11:00,37,細懸浮微粒,30.22,11,25,0.28,1.95,12.78
木柵站,2025/02/20 12:00,40,細懸浮微粒,34.19,12,19,0.22,2.06,9.49
木柵站,2025/02/20 13:00,43,細懸浮微粒,32.51,14,35,0.24,2.24,14.13
木柵站,2025/02/20 14:00,45,細懸浮微粒,32.15,13,28,0.24,2.26,14.83
木柵站,2025/02/20 15:00,45,細懸浮微粒,28.25,10,22,0.22,2.76,17.83
木柵站,2025/02/20 16:00,50,二氧化氮小時值,25.19,4,15,0.26,2.22,21
木柵站,2025/02/20 17:00,52,二氧化氮小時值,21.34,3,23,0.29,2.17,23.76
木柵站,2025/02/20 18:00,50,二氧化氮小時值,23.47,6,19,0.28,2.1,21.17
木柵站,2025/02/20 19:00,42,二氧化氮小時值,24.53,10,28,0.3,1.99,17.54
木柵站,2025/02/20 20:00,35,懸浮微粒,33.37,9,8,0.19,2.08,7.95
木柵站,2025/02/20 21:00,32,細懸浮微粒,32.9,3,9,0.17,1.91,7.46
木柵站,2025/02/20 22:00,28,懸浮微粒,35.51,1,9,0.14,1.77,4.81
木柵站,2025/02/20 23:00,27,臭氧8小時,36.32,2,5,0.15,2.01,4.64
木柵站,2025/02/21 00:00,28,臭氧8小時,36.91,5,10,0.15,1.96,3.18
木柵站,2025/02/21 01:00,30,臭氧8小時,37.4,4,2,0.19,1.36,2.95
木柵站,2025/02/21 02:00,32,臭氧8小時,37.2,2,9,0.22,1.39,2.53
木柵站,2025/02/21 03:00,33,臭氧8小時,38.36,2,2,0.16,1.14,2.44
木柵站,2025/02/21 04:00,34,臭氧8小時,38.23,1,8,0.2,1.4,1.72
木柵站,2025/02/21 05:00,34,臭氧8小時,36.96,3,8,0.22,1.44,2.56
木柵站,2025/02/21 06:00,34,臭氧8小時,35.41,5,7,0.23,1.14,5.23
木柵站,2025/02/21 07:00,34,臭氧8小時,30.59,3,6,0.25,1.41,13.2
木柵站,2025/02/21 08:00,42,二氧化氮小時值,25.93,3,12,0.27,1.63,17.83
木柵站,2025/02/21 09:00,42,二氧化氮小時值,26.71,4,8,0.26,1.34,17.49
木柵站,2025/02/21 10:00,35,二氧化氮小時值,30.24,4,12,0.25,1.26,14.68
木柵站,2025/02/21 11:00,34,二氧化氮小時值,32.02,1,4,0.24,1.41,14.2
木柵站,2025/02/21 12:00,29,臭氧8小時,34.62,1,8,0.26,1.65,11.23
木柵站,2025/02/21 13:00,31,二氧化氮小時值,33.39,3,9,0.26,1.59,12.84
木柵站,2025/02/21 14:00,33,二氧化氮小時值,33.75,2,5,0.27,1.49,13.76
木柵站,2025/02/21 15:00,35,二氧化氮小時值,31.69,1,11,0.29,1.58,14.69
木柵站,2025/02/21 16:00,38,二氧化氮小時值,30.28,1,5,0.29,1.46,15.77
木柵站,2025/02/21 17:00,37,二氧化氮小時值,30.85,1,10,0.34,1.35,15.52
木柵站,2025/02/21 18:00,41,二氧化氮小時值,28.33,1,3,0.34,1.37,17.05
木柵站,2025/02/21 19:00,31,二氧化氮小時值,29.79,2,13,0.37,1.24,12.9
木柵站,2025/02/21 20:00,32,二氧化氮小時值,28.0,6,8,0.35,1.33,13.3
木柵站,2025/02/21 21:00,30,二氧化氮小時值,28.31,1,3,0.31,1.27,12.78
木柵站,2025/02/21 22:00,28,臭氧8小時,30.35,1,12,0.33,1.18,8.72
木柵站,2025/02/21 23:00,28,臭氧8小時,32.92,4,5,0.28,1.37,5.67
木柵站,2025/02/22 00:00,28,臭氧8小時,36.4,6,11,0.28,1.31,2.84
木柵站,2025/02/22 01:00,29,臭氧8小時,36.15,3,10,0.23,1.52,2.27
木柵站,2025/02/22 02:00,30,臭氧8小時,37.98,1,9,0.21,1.58,2.01
木柵站,2025/02/22 03:00,31,臭氧8小時,37.87,3,13,0.22,1.72,2
木柵站,2025/02/22 04:00,32,臭氧8小時,38.46,5,9,0.19,1.43,1.83
木柵站,2025/02/22 05:00,34,臭氧8小時,39.75,2,16,0.21,1.5,2.34
木柵站,2025/02/22 06:00,34,臭氧8小時,36.31,4,17,0.24,1.54,5.48
木柵站,2025/02/22 07:00,35,二氧化氮小時值,28.35,4,14,0.27,1.58,14.57
木柵站,2025/02/22 08:00,34,二氧化氮小時值,31.38,1,10,0.23,1.69,14.22
木柵站,2025/02/22 09:00,33,臭氧8小時,32.34,5,11,0.27,1.77,13
木柵站,2025/02/22 10:00,33,二氧化氮小時值,30.91,9,16,0.23,1.75,13.95
木柵站,2025/02/22 11:00,32,二氧化氮小時值,31.76,8,13,0.23,1.85,13.23
木柵站,2025/02/22 12:00,31,臭氧8小時,35.82,7,12,0.24,1.43,8.1
木柵站,2025/02/22 13:00,34,二氧化氮小時值,31.93,7,9,0.23,1.67,14.23
木柵站,2025/02/22 14:00,40,二氧化氮小時值,29.02,4,9,0.23,1.55,16.98
木柵站,2025/02/22 15:00,46,二氧化氮小時值,26.57,3,9,0.23,1.63,19.39
木柵站,2025/02/22 16:00,31,二氧化氮小時值,31.43,2,7,0.24,1.76,13.11
木柵站,2025/02/22 17:00,29,臭氧8小時,34.36,1,9,0.24,1.73,9.88
木柵站,2025/02/22 18:00,29,臭氧8小時,32.98,1,1,0.24,1.95,11.47
木柵站,2025/02/22 19:00,29,臭氧8小時,32.34,3,9,0.26,1.61,9.85
木柵站,2025/02/22 20:00,29,臭氧8小時,33.74,6,5,0.22,1.72,8.21
木柵站,2025/02/22 21:00,29,臭氧8小時,33.39,6,12,0.21,1.7,7.59
木柵站,2025/02/22 22:00,30,臭氧8小時,32.01,4,10,0.21,1.69,5.68
木柵站,2025/02/22 23:00,30,臭氧8小時,30.68,1,8,0.17,1.69,5.82
木柵站,2025/02/23 00:00,30,臭氧8小時,33.88,1,8,0.16,1.33,4.06
木柵站,2025/02/23 01:00,30,臭氧8小時,32.34,2,5,0.23,0.68,2.78
木柵站,2025/02/23 02:00,30,臭氧8小時,33.05,2,8,0.28,0.61,2.19
木柵站,2025/02/23 03:00,30,臭氧8小時,30.46,1,4,0.21,0.71,2.11
木柵站,2025/02/23 04:00,29,臭氧8小時,27.84,1,9,0.24,0.71,2.59
木柵站,2025/02/23 05:00,29,臭氧8小時,31.77,1,6,0.23,1.05,3.59
木柵站,2025/02/23 06:00,29,臭氧8小時,30.14,2,7,0.22,0.57,3.96
木柵站,2025/02/23 07:00,29,臭氧8小時,27.83,5,6,0.25,0.72,8.25
木柵站,2025/02/23 08:00,28,臭氧8小時,31.0,6,6,0.25,0.67,8.85
木柵站,2025/02/23 09:00,28,臭氧8小時,33.95,3,4,0.25,0.76,10.99
木柵站,2025/02/23 10:00,29,臭氧8小時,38.34,3,8,0.27,0.76,8.55
木柵站,2025/02/23 11:00,30,臭氧8小時,36.46,6,6,0.29,0.73,10.81
木柵站,2025/02/23 12:00,31,臭氧8小時,40.74,3,6,0.28,0.73,7.28
木柵站,2025/02/23 13:00,32,臭氧8小時,40.47,2,6,0.31,0.69,7.42
木柵站,2025/02/23 14:00,33,臭氧8小時,39.7,5,9,0.32,0.65,7.33
木柵站,2025/02/23 15:00,35,臭氧8小時,38.39,4,9,0.32,0.85,8.01
木柵站,2025/02/23 16:00,35,臭氧8小時,37.56,4,7,0.33,0.7,8.27
木柵站,2025/02/23 17:00,36,臭氧8小時,38.19,6,6,0.33,0.88,9.05
木柵站,2025/02/23 18:00,36,臭氧8小時,39.92,6,11,0.33,0.8,7.12
木柵站,2025/02/23 19:00,36,臭氧8小時,37.31,4,9,0.38,0.99,8.69
木柵站,2025/02/23 20:00,36,臭氧8小時,37.2,3,10,0.38,0.95,7.34
木柵站,2025/02/23 21:00,35,臭氧8小時,36.42,2,4,0.36,1,8.17
木柵站,2025/02/23 22:00,35,臭氧8小時,36.31,3,14,0.36,0.96,7.01
木柵站,2025/02/23 23:00,35,臭氧8小時,38.02,2,8,0.37,0.79,4.46
木柵站,2025/02/24 00:00,35,臭氧8小時,38.78,1,9,0.35,1.06,3.49
木柵站,2025/02/24 01:00,35,臭氧8小時,37.59,2,9,0.3,1.33,2.38
木柵站,2025/02/24 02:00,35,臭氧8小時,38.1,2,8,0.33,1.43,2.52
木柵站,2025/02/24 03:00,35,臭氧8小時,38.68,1,4,0.31,1.62,2.7
木柵站,2025/02/24 04:00,35,臭氧8小時,39.13,1,8,0.3,1.5,2.9
木柵站,2025/02/24 05:00,36,臭氧8小時,41.25,5,15,0.36,1.52,3.35
木柵站,2025/02/24 06:00,36,臭氧8小時,38.78,10,12,0.37,1.78,7.09
木柵站,2025/02/24 07:00,36,臭氧8小時,35.75,8,13,0.42,1.89,11.68
木柵站,2025/02/24 08:00,40,二氧化氮小時值,30.21,7,15,0.42,1.63,16.87
木柵站,2025/02/24 09:00,39,二氧化氮小時值,30.25,9,16,0.43,1.63,16.53
木柵站,2025/02/24 10:00,40,二氧化氮小時值,31.21,21,24,0.47,1.84,16.74
木柵站,2025/02/24 11:00,43,二氧化氮小時值,30.2,19,27,0.44,1.81,18.08
木柵站,2025/02/24 12:00,54,細懸浮微粒,28.45,25,39,0.48,1.89,21.38
木柵站,2025/02/24 13:00,61,細懸浮微粒,27.39,22,30,0.47,1.79,20.03
木柵站,2025/02/24 14:00,64,細懸浮微粒,22.39,23,32,0.5,1.92,26.45
木柵站,2025/02/24 15:00,67,細懸浮微粒,23.32,21,28,0.49,1.77,25.73
木柵站,2025/02/24 16:00,68,細懸浮微粒,30.15,21,27,0.49,1.7,18.92
木柵站,2025/02/24 17:00,66,細懸浮微粒,33.75,14,23,0.45,1.69,15.8
木柵站,2025/02/24 18:00,68,細懸浮微粒,37.71,24,29,0.46,1.66,11.39
木柵站,2025/02/24 19:00,66,細懸浮微粒,35.82,13,23,0.49,1.61,13.1
木柵站,2025/02/24 20:00,65,細懸浮微粒,39.91,16,17,0.41,1.6,9.39
木柵站,2025/02/24 21:00,68,細懸浮微粒,41.4,19,26,0.37,1.85,7.86
木柵站,2025/02/24 22:00,66,細懸浮微粒,41.23,18,51,0.39,1.54,6.39
木柵站,2025/02/24 23:00,64,細懸浮微粒,42.71,11,22,0.37,1.52,3.94
木柵站,2025/02/25 00:00,63,細懸浮微粒,42.46,16,22,0.35,1.35,2.72
木柵站,2025/02/25 01:00,62,細懸浮微粒,42.95,17,23,0.28,1.05,2.2
木柵站,2025/02/25 02:00,60,細懸浮微粒,44.54,16,31,0.32,0.83,1.93
木柵站,2025/02/25 03:00,61,細懸浮微粒,44.19,15,26,0.31,0.79,1.93
木柵站,2025/02/25 04:00,60,細懸浮微粒,43.47,15,25,0.27,0.84,1.92
木柵站,2025/02/25 05:00,62,細懸浮微粒,40.98,21,30,0.33,0.79,3.42
木柵站,2025/02/25 06:00,59,細懸浮微粒,39.46,11,21,0.31,0.94,5.69
木柵站,2025/02/25 07:00,60,細懸浮微粒,33.58,16,25,0.34,0.93,13.73
木柵站,2025/02/25 08:00,59,細懸浮微粒,26.27,14,25,0.39,0.84,21.79
木柵站,2025/02/25 09:00,56,細懸浮微粒,22.05,14,23,0.36,1.15,25.5
木柵站,2025/02/25 10:00,57,細懸浮微粒,35.55,14,14,0.29,0.95,10.1
木柵站,2025/02/25 11:00,56,細懸浮微粒,37.94,14,20,0.27,0.87,9.01
木柵站,2025/02/25 12:00,54,細懸浮微粒,41.59,10,18,0.27,1.04,4.95
木柵站,2025/02/25 13:00,49,細懸浮微粒,41.98,5,18,0.27,0.82,5.75
木柵站,2025/02/25 14:00,46,細懸浮微粒,42.23,10,20,-,-,-
木柵站,2025/02/25 15:00,44,細懸浮微粒,41.02,11,14,-,-,-
木柵站,2025/02/25 16:00,45,細懸浮微粒,38.9,12,23,0.25,0.79,8.01
木柵站,2025/02/25 17:00,46,細懸浮微粒,32.1,11,24,0.29,0.97,13.24
木柵站,2025/02/25 18:00,53,細懸浮微粒,38.1,22,36,0.46,1.16,22.77
木柵站,2025/02/25 19:00,57,細懸浮微粒,37.83,21,47,0.37,0.99,16.51
木柵站,2025/02/25 20:00,60,細懸浮微粒,36.78,19,41,0.36,0.82,13.59
木柵站,2025/02/25 21:00,64,細懸浮微粒,28.96,20,39,0.37,0.74,12.62
木柵站,2025/02/25 22:00,63,細懸浮微粒,17.82,19,28,0.42,0.77,19
木柵站,2025/02/25 23:00,68,細懸浮微粒,19.2,30,47,0.43,0.88,14.9
木柵站,2025/02/26 00:00,77,細懸浮微粒,23.25,37,69,0.43,0.8,12.89
木柵站,2025/02/26 01:00,90,細懸浮微粒,20.84,43,75,0.38,1.33,15.44
木柵站,2025/02/26 02:00,101,細懸浮微粒,20.49,41,79,0.4,1.54,14.44
木柵站,2025/02/26 03:00,110,細懸浮微粒,23.34,47,76,0.35,1.55,9.95
木柵站,2025/02/26 04:00,114,細懸浮微粒,22.39,41,61,0.32,1.39,7.77
木柵站,2025/02/26 05:00,116,細懸浮微粒,19.21,38,55,0.38,1.26,9.53
木柵站,2025/02/26 06:00,114,細懸浮微粒,12.17,32,50,0.38,1.37,13.61
木柵站,2025/02/26 07:00,109,細懸浮微粒,5.02,28,41,0.43,1.6,18.96
木柵站,2025/02/26 08:00,109,細懸浮微粒,6.41,36,45,0.49,1.55,21.26
木柵站,2025/02/26 09:00,107,細懸浮微粒,9.05,30,50,0.47,1.46,23.43
木柵站,2025/02/26 10:00,108,細懸浮微粒,10.11,31,47,0.52,1.56,25.74
木柵站,2025/02/26 11:00,111,細懸浮微粒,13.73,36,44,0.47,1.56,26.74
木柵站,2025/02/26 12:00,106,細懸浮微粒,28.9,24,33,0.33,1.61,17.48
木柵站,2025/02/26 13:00,104,細懸浮微粒,27.9,28,46,0.46,1.69,27.95
木柵站,2025/02/26 14:00,101,細懸浮微粒,29.84,26,37,0.43,1.71,28.33
木柵站,2025/02/26 15:00,98,細懸浮微粒,27.49,31,42,0.43,3.01,30.71
木柵站,2025/02/26 16:00,99,細懸浮微粒,28.88,31,22,0.22,4.57,20.57
木柵站,2025/02/26 17:00,90,細懸浮微粒,28.08,12,26,0.21,2.15,21.13
木柵站,2025/02/26 18:00,85,細懸浮微粒,19.4,17,26,0.35,2.06,25.62
木柵站,2025/02/26 19:00,76,細懸浮微粒,22.11,10,22,0.24,1.72,19.91
木柵站,2025/02/26 20:00,68,細懸浮微粒,25.27,15,29,0.22,1.67,15.91
木柵站,2025/02/26 21:00,65,細懸浮微粒,22.19,10,22,0.18,1.54,16.39
木柵站,2025/02/26 22:00,61,細懸浮微粒,16.23,12,24,0.18,1.53,15.56
木柵站,2025/02/26 23:00,58,細懸浮微粒,11.61,10,21,0.17,1.53,14.36
木柵站,2025/02/27 00:00,54,細懸浮微粒,9.02,9,21,0.18,1.72,12.91
木柵站,2025/02/27 01:00,55,細懸浮微粒,8.19,16,22,0.29,1.29,10.64
木柵站,2025/02/27 02:00,55,細懸浮微粒,6.02,15,21,0.36,1.38,10.6
木柵站,2025/02/27 03:00,54,細懸浮微粒,3.76,14,25,0.33,1.11,10.46
木柵站,2025/02/27 04:00,53,細懸浮微粒,3.86,12,19,0.33,1.35,9.98
木柵站,2025/02/27 05:00,54,細懸浮微粒,2.38,17,23,0.36,1.25,10.32
木柵站,2025/02/27 06:00,52,細懸浮微粒,1.69,12,21,0.35,1.43,9.56
木柵站,2025/02/27 07:00,55,細懸浮微粒,2.32,19,25,0.41,1.41,12.07
木柵站,2025/02/27 08:00,60,細懸浮微粒,6.7,23,31,0.37,1.32,14.45
木柵站,2025/02/27 09:00,65,細懸浮微粒,10.38,26,31,0.43,1.55,19.83
木柵站,2025/02/27 10:00,78,細懸浮微粒,13.23,40,56,0.57,1.56,26.02
木柵站,2025/02/27 11:00,92,細懸浮微粒,19.74,47,63,0.56,1.52,24.88
木柵站,2025/02/27 12:00,104,細懸浮微粒,23.09,47,70,0.59,1.63,26.95
木柵站,2025/02/27 13:00,114,細懸浮微粒,34.81,48,64,0.54,1.48,23.61
木柵站,2025/02/27 14:00,120,細懸浮微粒,41.31,48,60,0.53,1.59,22.21
木柵站,2025/02/27 15:00,121,細懸浮微粒,43.25,40,55,0.5,1.41,20.24
木柵站,2025/02/27 16:00,116,細懸浮微粒,41.12,28,44,0.44,1.44,18.4
木柵站,2025/02/27 17:00,110,細懸浮微粒,22.91,26,40,0.49,1.22,22.76
木柵站,2025/02/27 18:00,103,細懸浮微粒,9.51,20,36,0.53,1.43,28.4
木柵站,2025/02/27 19:00,94,細懸浮微粒,7.95,16,30,0.47,1.18,23.53
木柵站,2025/02/27 20:00,91,細懸浮微粒,5.63,21,33,0.53,1.4,24.82
木柵站,2025/02/27 21:00,86,細懸浮微粒,4.03,14,27,0.51,1.34,23
木柵站,2025/02/27 22:00,82,細懸浮微粒,3.32,16,23,0.51,1.4,21.83
木柵站,2025/02/27 23:00,80,細懸浮微粒,3.31,19,26,0.47,1.21,18.42
木柵站,2025/02/28 00:00,74,細懸浮微粒,3.49,16,21,0.43,1.56,15.83
木柵站,2025/02/28 01:00,71,細懸浮微粒,4.53,15,24,0.33,1.4,11.56
木柵站,2025/02/28 02:00,65,細懸浮微粒,4.72,11,20,0.35,1.57,9.16
木柵站,2025/02/28 03:00,60,細懸浮微粒,4.67,15,19,0.28,1.74,7.66
木柵站,2025/02/28 04:00,59,細懸浮微粒,3.31,15,23,0.34,1.45,7.57
木柵站,2025/02/28 05:00,55,細懸浮微粒,3.05,11,18,0.32,1.56,7.21
木柵站,2025/02/28 06:00,54,細懸浮微粒,2.15,10,20,0.41,1.89,7.76
木柵站,2025/02/28 07:00,53,細懸浮微粒,3.12,13,24,0.4,1.57,7.96
木柵站,2025/02/28 08:00,52,細懸浮微粒,9.57,14,19,0.33,1.4,9.61
木柵站,2025/02/28 09:00,55,細懸浮微粒,17.6,19,20,0.32,1.48,11.76
木柵站,2025/02/28 10:00,58,細懸浮微粒,26.31,18,19,0.29,1.46,10.73
木柵站,2025/02/28 11:00,63,細懸浮微粒,36.35,26,23,0.35,1.59,14.81
木柵站,2025/02/28 12:00,66,細懸浮微粒,52.41,19,28,0.46,1.65,19.58
木柵站,2025/02/28 13:00,69,細懸浮微粒,50.47,26,33,0.32,2.32,12.16
木柵站,2025/02/28 14:00,68,細懸浮微粒,53.39,13,30,0.28,2.68,10.33
木柵站,2025/02/28 15:00,69,細懸浮微粒,59.84,26,30,0.34,2.57,13.38
木柵站,2025/02/28 16:00,70,細懸浮微粒,48.96,20,36,0.33,2.54,17.2
木柵站,2025/02/28 17:00,65,細懸浮微粒,34.93,11,36,0.39,2.43,26.11
木柵站,2025/02/28 18:00,67,細懸浮微粒,24.94,18,34,0.4,1.93,21.07
木柵站,2025/02/28 19:00,66,細懸浮微粒,11.21,20,32,0.43,1.86,23.76
木柵站,2025/02/28 20:00,65,細懸浮微粒,9.35,16,28,0.35,1.6,19.63
木柵站,2025/02/28 21:00,66,細懸浮微粒,5.09,15,28,0.44,1.74,22.67
木柵站,2025/02/28 22:00,69,細懸浮微粒,3.29,25,30,0.5,1.62,22.22
木柵站,2025/02/28 23:00,68,細懸浮微粒,1.74,19,31,0.5,1.45,21.84
木柵站,2025/03/01 00:00,70,細懸浮微粒,1.61,22,26,0.49,1.49,19.86
木柵站,2025/03/01 01:00,67,細懸浮微粒,1.47,10,27,0.43,1.08,16.22
木柵站,2025/03/01 02:00,62,細懸浮微粒,1.48,11,20,0.42,1.06,15.16
木柵站,2025/03/01 03:00,61,細懸浮微粒,1.68,20,24,0.34,1.14,11.85
木柵站,2025/03/01 04:00,55,細懸浮微粒,1.75,8,16,0.28,1.08,9.63
木柵站,2025/03/01 05:00,55,細懸浮微粒,2.6,10,19,0.27,1.09,8.97
木柵站,2025/03/01 06:00,54,細懸浮微粒,2.07,10,11,0.21,1.24,8.82
木柵站,2025/03/01 07:00,47,細懸浮微粒,3.37,8,25,0.23,0.98,10.67
木柵站,2025/03/01 08:00,67,細懸浮微粒,6.51,50,16,0.24,1.06,11.96
木柵站,2025/03/01 09:00,68,細懸浮微粒,13.19,14,20,0.25,1.18,12.14
木柵站,2025/03/01 10:00,71,細懸浮微粒,23.92,20,23,0.24,1.3,12.39
木柵站,2025/03/01 11:00,71,細懸浮微粒,35.86,11,19,0.12,1.27,7.01
木柵站,2025/03/01 12:00,54,細懸浮微粒,41.82,7,16,0.12,1.34,6.22
木柵站,2025/03/01 13:00,52,細懸浮微粒,42.49,7,19,0.13,2.73,9.61
木柵站,2025/03/01 14:00,48,細懸浮微粒,44.18,11,22,0.13,2.83,10.79
木柵站,2025/03/01 15:00,46,細懸浮微粒,38.82,11,21,0.13,1.82,15.7
木柵站,2025/03/01 16:00,51,二氧化氮小時值,33.11,12,26,0.19,3.32,22.37
木柵站,2025/03/01 17:00,53,細懸浮微粒,25.24,15,36,0.19,4.23,24.27
木柵站,2025/03/01 18:00,53,細懸浮微粒,15.84,10,30,0.25,1.62,19.74
木柵站,2025/03/01 19:00,52,細懸浮微粒,9.91,10,23,0.2,1.32,18.18
木柵站,2025/03/01 20:00,44,細懸浮微粒,18.17,7,17,0.05,1.03,11.17
木柵站,2025/03/01 21:00,39,細懸浮微粒,21.55,7,18,0.05,1.04,9.68
木柵站,2025/03/01 22:00,37,細懸浮微粒,14.86,10,22,0.12,1.17,10.9
木柵站,2025/03/01 23:00,40,二氧化氮小時值,7.82,12,21,0.18,1.27,16.75
木柵站,2025/03/02 00:00,40,細懸浮微粒,5.63,10,18,0.19,0.89,15.2
木柵站,2025/03/02 01:00,37,細懸浮微粒,5.14,3,14,0.34,1.57,13.04
木柵站,2025/03/02 02:00,33,懸浮微粒,4.53,2,19,0.35,1.64,11.57
木柵站,2025/03/02 03:00,31,懸浮微粒,4.84,7,14,0.27,1.64,9
木柵站,2025/03/02 04:00,29,懸浮微粒,4.51,5,11,0.25,1.41,7.33
木柵站,2025/03/02 05:00,28,懸浮微粒,4.9,2,15,0.28,1.72,7.03
木柵站,2025/03/02 06:00,26,懸浮微粒,3.71,7,14,0.31,1.58,8.94
木柵站,2025/03/02 07:00,25,懸浮微粒,4.63,8,14,0.31,1.75,9.69
木柵站,2025/03/02 08:00,28,細懸浮微粒,6.46,10,11,0.33,1.74,10.38
木柵站,2025/03/02 09:00,32,細懸浮微粒,14.91,10,17,0.34,1.94,12.5
木柵站,2025/03/02 10:00,40,細懸浮微粒,21.94,19,23,0.32,1.96,12.57
木柵站,2025/03/02 11:00,41,細懸浮微粒,36.15,11,19,0.29,2.06,7.27
木柵站,2025/03/02 12:00,42,細懸浮微粒,44.71,11,27,0.29,2.12,7.75
木柵站,2025/03/02 13:00,42,細懸浮微粒,43.02,9,17,0.27,2.18,7.37
木柵站,2025/03/02 14:00,39,細懸浮微粒,40.47,10,21,0.26,1.84,7.6
木柵站,2025/03/02 15:00,38,細懸浮微粒,38.65,8,18,0.27,1.99,7.99
木柵站,2025/03/02 16:00,35,細懸浮微粒,34.83,5,19,0.24,1.74,5.58
木柵站,2025/03/02 17:00,44,二氧化氮小時值,40.53,8,28,0.45,2.13,18.32
木柵站,2025/03/02 18:00,50,二氧化氮小時值,28.32,19,37,0.49,1.93,21.46
木柵站,2025/03/02 19:00,51,二氧化氮小時值,14.91,17,31,0.42,1.77,22.34
木柵站,2025/03/02 20:00,52,二氧化氮小時值,11.12,14,34,0.49,1.73,24.92
木柵站,2025/03/02 21:00,55,細懸浮微粒,8.83,14,27,0.4,1.83,19.74
木柵站,2025/03/02 22:00,55,細懸浮微粒,3.84,20,27,0.43,1.67,22.79
木柵站,2025/03/02 23:00,53,細懸浮微粒,2.95,12,24,0.4,1.54,19.98
木柵站,2025/03/03 00:00,53,細懸浮微粒,4.59,12,24,0.3,1.57,14.99
木柵站,2025/03/03 01:00,52,細懸浮微粒,5.49,10,18,0.22,1.45,9.58
木柵站,2025/03/03 02:00,45,細懸浮微粒,6.05,7,19,0.21,1.3,8.57
木柵站,2025/03/03 03:00,44,細懸浮微粒,7.08,9,20,0.16,1.43,7.14
木柵站,2025/03/03 04:00,44,細懸浮微粒,5.93,10,22,0.17,1.48,8.52
木柵站,2025/03/03 05:00,43,細懸浮微粒,4.83,9,22,0.18,1.52,8.46
木柵站,2025/03/03 06:00,44,細懸浮微粒,2.97,11,19,0.23,1.49,11.11
木柵站,2025/03/03 07:00,47,細懸浮微粒,3.69,16,24,0.3,1.7,13.65
木柵站,2025/03/03 08:00,51,細懸浮微粒,4.8,16,28,0.38,1.85,18.39
木柵站,2025/03/03 09:00,54,細懸浮微粒,5.76,18,41,0.36,1.82,22.63
木柵站,2025/03/03 10:00,61,細懸浮微粒,11.96,29,41,0.37,2.02,22.31
木柵站,2025/03/03 11:00,66,細懸浮微粒,15.94,26,48,0.49,2.09,25.83
木柵站,2025/03/03 12:00,73,細懸浮微粒,18.83,28,52,0.57,1.93,29.16
木柵站,2025/03/03 13:00,78,細懸浮微粒,26.61,27,48,0.36,1.91,20.35
木柵站,2025/03/03 14:00,76,細懸浮微粒,26.48,21,48,0.47,1.62,30.07
木柵站,2025/03/03 15:00,77,細懸浮微粒,22.84,24,56,0.39,2.8,31
木柵站,2025/03/03 16:00,80,細懸浮微粒,25.8,29,49,0.29,3.56,27.13
木柵站,2025/03/03 17:00,80,細懸浮微粒,20.86,22,54,0.28,3.96,27.81
木柵站,2025/03/03 18:00,81,細懸浮微粒,10.76,21,45,0.39,4.38,34.61
木柵站,2025/03/03 19:00,86,細懸浮微粒,7.72,33,51,0.33,2.64,26.45
木柵站,2025/03/03 20:00,86,細懸浮微粒,4.37,25,51,0.37,2.58,25.41
木柵站,2025/03/03 21:00,88,細懸浮微粒,2.25,25,49,0.44,2.6,28.04
木柵站,2025/03/03 22:00,90,細懸浮微粒,1.51,28,49,0.49,2.48,28.63
木柵站,2025/03/03 23:00,85,細懸浮微粒,7.08,20,33,0.26,1.74,20.23
木柵站,2025/03/04 00:00,75,細懸浮微粒,12.79,4,11,0.16,1.58,11.14
木柵站,2025/03/04 01:00,65,細懸浮微粒,11.21,4,8,0.24,1.17,9.97
木柵站,2025/03/04 02:00,54,細懸浮微粒,8.51,4,9,0.26,0.97,10.61
木柵站,2025/03/04 03:00,46,細懸浮微粒,12.62,5,6,0.22,0.91,8.32
木柵站,2025/03/04 04:00,39,細懸浮微粒,23.86,1,9,0.09,0.94,3.24
木柵站,2025/03/04 05:00,34,細懸浮微粒,21.37,1,6,0.08,0.92,4.52
木柵站,2025/03/04 06:00,29,細懸浮微粒,14.89,1,9,0.14,0.76,10.79
木柵站,2025/03/04 07:00,41,二氧化氮小時值,8.05,9,14,0.25,1.08,17.29
木柵站,2025/03/04 08:00,34,二氧化氮小時值,9.13,13,13,0.21,1,14.23
木柵站,2025/03/04 09:00,39,二氧化氮小時值,9.87,9,15,0.25,1.03,16.46
木柵站,2025/03/04 10:00,40,二氧化氮小時值,9.65,4,10,0.26,1.28,16.6
木柵站,2025/03/04 11:00,41,二氧化氮小時值,13.98,8,39,0.24,1.15,17.34
木柵站,2025/03/04 12:00,31,二氧化氮小時值,17.54,8,17,0.22,1.18,13.04
木柵站,2025/03/04 13:00,26,懸浮微粒,25.53,6,8,0.14,1.01,5.45
木柵站,2025/03/04 14:00,27,懸浮微粒,26.52,6,12,0.17,1.24,4.96
木柵站,2025/03/04 15:00,29,二氧化氮小時值,19.26,3,9,0.16,0.97,12.24
木柵站,2025/03/04 16:00,35,細懸浮微粒,19.16,24,10,0.18,0.74,12.95
木柵站,2025/03/04 17:00,42,二氧化氮小時值,14.61,6,14,0.21,0.94,17.54
木柵站,2025/03/04 18:00,41,二氧化氮小時值,15.41,7,16,0.31,0.86,17.09
木柵站,2025/03/04 19:00,35,細懸浮微粒,25.35,1,1,0.29,0.91,9.48
木柵站,2025/03/04 20:00,22,細懸浮微粒,26.09,1,8,0.33,0.86,8.96
木柵站,2025/03/04 21:00,22,二氧化氮小時值,25.27,1,8,0.34,1.03,9.32
木柵站,2025/03/04 22:00,21,二氧化氮小時值,27.17,1,17,0.35,0.96,8.81
木柵站,2025/03/04 23:00,21,臭氧8小時,32.44,1,10,0.31,1,6.08
木柵站,2025/03/05 00:00,23,臭氧8小時,33.92,4,14,0.29,0.82,5.14
木柵站,2025/03/05 01:00,25,臭氧8小時,34.15,4,3,0.21,1.12,3.57
木柵站,2025/03/05 02:00,27,臭氧8小時,29.83,1,4,0.26,1.16,4.64
木柵站,2025/03/05 03:00,28,臭氧8小時,28.95,1,5,0.21,1.29,4.01
木柵站,2025/03/05 04:00,28,臭氧8小時,29.29,1,6,0.23,1.12,2.96
木柵站,2025/03/05 05:00,28,臭氧8小時,26.25,1,6,0.29,1.34,4.52
木柵站,2025/03/05 06:00,27,臭氧8小時,21.86,2,10,0.25,0.99,8.99
木柵站,2025/03/05 07:00,29,二氧化氮小時值,23.9,1,4,0.25,1.6,12.36
木柵站,2025/03/05 08:00,37,二氧化氮小時值,23.47,1,9,0.22,1.28,15.66
木柵站,2025/03/05 09:00,37,二氧化氮小時值,24.75,3,6,0.23,1.41,15.51
木柵站,2025/03/05 10:00,23,臭氧8小時,19.8,3,12,-,-,-
木柵站,2025/03/05 11:00,28,二氧化氮小時值,26.57,1,7,0.19,1.38,11.89
木柵站,2025/03/05 12:00,27,二氧化氮小時值,27.97,1,15,0.19,1.4,11.24
木柵站,2025/03/05 13:00,26,二氧化氮小時值,28.61,1,11,0.2,1.3,10.93
木柵站,2025/03/05 14:00,24,臭氧8小時,30.3,1,4,0.18,1.29,9.2
木柵站,2025/03/05 15:00,25,臭氧8小時,32.22,1,16,0.22,1.34,7.54
木柵站,2025/03/05 16:00,36,二氧化氮小時值,26.54,2,4,0.25,1.38,15.18
木柵站,2025/03/05 17:00,45,二氧化氮小時值,21.76,4,9,0.3,1.37,19.03
木柵站,2025/03/05 18:00,40,二氧化氮小時值,22.43,4,8,0.32,1.44,16.68
木柵站,2025/03/05 19:00,33,二氧化氮小時值,24.48,1,9,0.3,1.53,13.97
木柵站,2025/03/05 20:00,25,臭氧8小時,26.19,1,5,0.29,1.05,9.74
木柵站,2025/03/05 21:00,25,臭氧8小時,27.9,1,10,0.27,1.2,8.19
木柵站,2025/03/05 22:00,24,臭氧8小時,27.9,2,2,0.23,1.26,7.69
木柵站,2025/03/05 23:00,24,臭氧8小時,30.5,1,11,0.22,1.03,4.19
木柵站,2025/03/06 00:00,25,臭氧8小時,31.19,1,11,0.23,1.3,3.46
木柵站,2025/03/06 01:00,26,臭氧8小時,31.18,1,5,0.22,1.1,2.61
木柵站,2025/03/06 02:00,26,臭氧8小時,28.53,1,8,0.24,1.19,3.09
木柵站,2025/03/06 03:00,27,臭氧8小時,31.94,1,2,0.17,1.05,2.94
木柵站,2025/03/06 04:00,28,臭氧8小時,35.56,1,9,0.18,1.07,3.3
木柵站,2025/03/06 05:00,30,臭氧8小時,38.54,1,5,0.17,1.26,2.83
木柵站,2025/03/06 06:00,30,臭氧8小時,35.75,1,9,0.2,1.19,6.71
木柵站,2025/03/06 07:00,31,臭氧8小時,34.74,1,8,0.22,1.11,8.32
木柵站,2025/03/06 08:00,35,二氧化氮小時值,28.07,1,4,0.27,0.92,14.66
木柵站,2025/03/06 09:00,40,二氧化氮小時值,28.71,5,10,0.27,1.01,16.67
木柵站,2025/03/06 10:00,46,二氧化氮小時值,25.27,4,8,0.27,1.31,19.18
木柵站,2025/03/06 11:00,38,二氧化氮小時值,29.14,1,14,0.28,0.95,16.1
木柵站,2025/03/06 12:00,29,臭氧8小時,31.08,1,6,0.27,1.05,12.06
木柵站,2025/03/06 13:00,28,臭氧8小時,32.87,4,6,0.25,1.1,11.88
木柵站,2025/03/06 14:00,28,二氧化氮小時值,32.6,5,6,0.28,0.84,11.87
木柵站,2025/03/06 15:00,28,臭氧8小時,33.76,4,12,0.28,0.94,11.23
木柵站,2025/03/06 16:00,29,二氧化氮小時值,32.94,1,11,0.31,1.07,12.35
木柵站,2025/03/06 17:00,29,臭氧8小時,34.15,1,8,0.29,0.97,11.24
木柵站,2025/03/06 18:00,30,臭氧8小時,34.42,2,9,0.28,0.96,9.6
木柵站,2025/03/06 19:00,31,臭氧8小時,36.85,5,14,0.31,1.07,8.15
木柵站,2025/03/06 20:00,32,臭氧8小時,36.23,7,17,0.32,1.19,9.45
木柵站,2025/03/06 21:00,32,臭氧8小時,37.73,1,15,0.28,1.24,7
木柵站,2025/03/06 22:00,33,臭氧8小時,35.64,2,25,0.36,1.11,9.06
木柵站,2025/03/06 23:00,33,臭氧8小時,39.29,7,17,0.32,1.13,4.45
木柵站,2025/03/07 00:00,34,臭氧8小時,39.89,3,14,0.3,1.34,2.88
木柵站,2025/03/07 01:00,35,臭氧8小時,39.17,4,14,0.21,1.7,2.29
木柵站,2025/03/07 02:00,35,臭氧8小時,39.62,7,16,0.28,1.86,1.91
木柵站,2025/03/07 03:00,36,臭氧8小時,40.86,7,20,0.26,1.8,2.08
木柵站,2025/03/07 04:00,36,臭氧8小時,41.17,11,23,0.24,2.04,1.88
木柵站,2025/03/07 05:00,37,臭氧8小時,40.62,12,33,0.33,1.87,3.54
木柵站,2025/03/07 06:00,39,懸浮微粒,34.42,10,30,0.37,1.77,11.21
木柵站,2025/03/07 07:00,41,懸浮微粒,33.25,9,26,0.36,1.78,14.51
木柵站,2025/03/07 08:00,44,懸浮微粒,32.71,15,34,0.4,2.17,16.5
木柵站,2025/03/07 09:00,45,懸浮微粒,32.74,12,30,0.38,2.16,15.39
木柵站,2025/03/07 10:00,47,細懸浮微粒,34.64,18,32,0.38,1.92,15.43
木柵站,2025/03/07 11:00,45,懸浮微粒,34.01,6,23,0.34,2.13,14.21
木柵站,2025/03/07 12:00,47,細懸浮微粒,35.42,15,29,0.37,2,12.74
木柵站,2025/03/07 13:00,50,細懸浮微粒,34.25,14,26,0.37,1.9,14.53
木柵站,2025/03/07 14:00,48,細懸浮微粒,33.33,13,18,0.37,1.75,14.37
木柵站,2025/03/07 15:00,53,細懸浮微粒,36.17,15,26,0.38,1.84,10.51
木柵站,2025/03/07 16:00,53,細懸浮微粒,26.68,14,24,0.41,1.9,20.42
木柵站,2025/03/07 17:00,52,細懸浮微粒,26.65,12,26,0.41,1.91,18.45
木柵站,2025/03/07 18:00,51,細懸浮微粒,23.98,9,14,0.44,1.89,21.76
木柵站,2025/03/07 19:00,46,細懸浮微粒,32.42,7,9,0.35,1.87,10.71
木柵站,2025/03/07 20:00,41,細懸浮微粒,32.96,6,7,0.32,2.19,11.84
木柵站,2025/03/07 21:00,37,細懸浮微粒,32.56,6,15,0.32,1.88,11.08
木柵站,2025/03/07 22:00,34,細懸浮微粒,36.49,7,13,0.29,2.15,9.64
木柵站,2025/03/07 23:00,33,細懸浮微粒,40.64,6,6,0.23,2.03,5.23
木柵站,2025/03/08 00:00,31,臭氧8小時,39.85,4,13,0.27,1.82,4.53
木柵站,2025/03/08 01:00,32,臭氧8小時,39.82,2,7,0.23,1.12,3.05
木柵站,2025/03/08 02:00,34,臭氧8小時,42.92,1,9,0.2,0.94,2.48
木柵站,2025/03/08 03:00,36,臭氧8小時,43.13,5,11,0.21,0.92,2.15
木柵站,2025/03/08 04:00,37,臭氧8小時,43.21,4,6,0.18,0.95,2.17
木柵站,2025/03/08 05:00,38,臭氧8小時,41.72,6,18,0.24,0.97,3.26
木柵站,2025/03/08 06:00,38,臭氧8小時,38.98,9,13,0.23,1.04,6.95
木柵站,2025/03/08 07:00,37,臭氧8小時,31.76,16,28,0.31,0.86,15.19
木柵站,2025/03/08 08:00,39,二氧化氮小時值,26.56,9,18,0.3,0.97,16.57
木柵站,2025/03/08 09:00,35,臭氧8小時,32.24,8,28,0.27,0.98,13.9
木柵站,2025/03/08 10:00,34,懸浮微粒,32.84,7,28,0.26,1.17,11.91
木柵站,2025/03/08 11:00,37,二氧化氮小時值,27.92,11,29,0.3,1.3,15.72
木柵站,2025/03/08 12:00,39,懸浮微粒,31.22,15,29,0.28,1.22,12.42
木柵站,2025/03/08 13:00,41,懸浮微粒,33.72,13,29,0.24,1.04,11.47
木柵站,2025/03/08 14:00,46,細懸浮微粒,38.38,13,25,0.24,0.95,7.35
木柵站,2025/03/08 15:00,46,細懸浮微粒,35.85,10,19,0.22,1.03,11.57
木柵站,2025/03/08 16:00,45,細懸浮微粒,34.05,11,19,0.26,0.97,13.07
木柵站,2025/03/08 17:00,46,細懸浮微粒,34.48,12,19,0.25,1.1,13.7
木柵站,2025/03/08 18:00,45,細懸浮微粒,33.6,11,22,0.31,0.86,13.37
木柵站,2025/03/08 19:00,44,細懸浮微粒,37.64,10,20,0.28,0.92,9.91
木柵站,2025/03/08 20:00,40,細懸浮微粒,39.92,5,17,0.23,1.18,8.44
木柵站,2025/03/08 21:00,38,細懸浮微粒,41.5,8,28,0.25,0.94,6.28
木柵站,2025/03/08 22:00,38,細懸浮微粒,42.8,9,20,0.21,1.17,4.56
木柵站,2025/03/08 23:00,39,懸浮微粒,43.14,7,29,0.22,0.99,4.01
木柵站,2025/03/09 00:00,40,懸浮微粒,41.42,8,24,0.29,0.86,3.8
木柵站,2025/03/09 01:00,39,懸浮微粒,40.07,9,24,0.23,0.28,2.79
木柵站,2025/03/09 02:00,39,懸浮微粒,39.86,8,22,0.31,0.28,2.22
木柵站,2025/03/09 03:00,38,臭氧8小時,39.86,5,19,0.23,0.37,2.33
木柵站,2025/03/09 04:00,38,臭氧8小時,40.62,8,27,0.27,0.26,2.09
木柵站,2025/03/09 05:00,38,臭氧8小時,41.5,7,23,0.23,0.25,2.27
木柵站,2025/03/09 06:00,39,懸浮微粒,39.64,7,25,0.25,0.24,4.16
木柵站,2025/03/09 07:00,40,懸浮微粒,37.97,8,25,0.22,0.27,7.33
木柵站,2025/03/09 08:00,41,懸浮微粒,34.33,7,27,0.3,0.34,11.44
木柵站,2025/03/09 09:00,43,懸浮微粒,30.61,7,29,0.26,0.29,15.67
木柵站,2025/03/09 10:00,40,懸浮微粒,33.94,8,14,0.23,0.31,9.94
木柵站,2025/03/09 11:00,40,懸浮微粒,36.94,11,27,0.23,0.26,8.19
木柵站,2025/03/09 12:00,41,懸浮微粒,37.59,10,29,0.23,0.43,8.77
木柵站,2025/03/09 13:00,39,懸浮微粒,38.53,9,21,0.22,0.33,7.45
木柵站,2025/03/09 14:00,40,懸浮微粒,39.42,7,19,0.22,0.27,5.94
木柵站,2025/03/09 15:00,37,懸浮微粒,39.34,4,16,0.21,0.23,4.7
木柵站,2025/03/09 16:00,34,臭氧8小時,35.92,2,15,0.22,0.26,7.65
木柵站,2025/03/09 17:00,34,臭氧8小時,32.73,4,18,0.21,0.23,9.25
木柵站,2025/03/09 18:00,34,臭氧8小時,32.96,5,12,0.25,0.24,8.63
木柵站,2025/03/09 19:00,34,臭氧8小時,34.35,2,9,0.21,0.28,7.23
木柵站,2025/03/09 20:00,33,臭氧8小時,34.28,3,10,0.22,0.28,6.96
木柵站,2025/03/09 21:00,33,臭氧8小時,33.43,3,11,0.23,0.18,6.49
木柵站,2025/03/09 22:00,32,臭氧8小時,36.86,4,9,0.18,0.26,4.41
木柵站,2025/03/09 23:00,32,臭氧8小時,39.22,2,8,0.14,0.25,2.7
木柵站,2025/03/10 00:00,33,臭氧8小時,39.26,1,9,0.16,0.48,2.31
木柵站,2025/03/10 01:00,33,臭氧8小時,35.33,3,15,0.24,1.39,2.2
木柵站,2025/03/10 02:00,32,臭氧8小時,24.82,3,5,0.33,1.54,3.57
木柵站,2025/03/10 03:00,30,臭氧8小時,16.41,4,11,0.28,1.46,5.93
木柵站,2025/03/10 04:00,29,臭氧8小時,25.58,6,10,0.33,1.43,3.11
木柵站,2025/03/10 05:00,27,臭氧8小時,13.54,5,12,0.32,1.77,9.54
木柵站,2025/03/10 06:00,41,二氧化氮小時值,3.53,8,15,0.4,2.02,17.35
木柵站,2025/03/10 07:00,29,二氧化氮小時值,8.16,5,10,0.44,1.66,12.24
木柵站,2025/03/10 08:00,28,二氧化氮小時值,17.3,8,16,0.41,1.63,11.95
木柵站,2025/03/10 09:00,47,二氧化氮小時值,20.0,11,25,0.59,1.8,19.67
木柵站,2025/03/10 10:00,52,二氧化氮小時值,26.27,11,21,0.6,2.46,23.74
木柵站,2025/03/10 11:00,46,二氧化氮小時值,35.68,21,34,0.51,2.13,19.26
木柵站,2025/03/10 12:00,53,細懸浮微粒,40.9,27,43,0.45,2.18,18.67
木柵站,2025/03/10 13:00,61,細懸浮微粒,47.88,26,54,0.43,1.99,17.19
木柵站,2025/03/10 14:00,69,細懸浮微粒,55.45,26,52,0.42,2.28,16.05
木柵站,2025/03/10 15:00,71,細懸浮微粒,53.39,21,36,0.4,2.16,14.59
木柵站,2025/03/10 16:00,73,細懸浮微粒,41.45,27,59,0.45,2.37,25.83
木柵站,2025/03/10 17:00,74,細懸浮微粒,29.53,22,57,0.44,1.85,29.08
木柵站,2025/03/10 18:00,73,細懸浮微粒,21.45,20,47,0.58,1.96,33.32
木柵站,2025/03/10 19:00,75,細懸浮微粒,13.99,21,48,0.71,2.14,37.37
木柵站,2025/03/10 20:00,74,細懸浮微粒,8.29,21,45,0.68,1.82,31.65
木柵站,2025/03/10 21:00,75,細懸浮微粒,4.28,22,42,0.7,2.03,30.14
木柵站,2025/03/10 22:00,79,細懸浮微粒,2.58,25,38,0.75,1.94,29.32
木柵站,2025/03/10 23:00,81,細懸浮微粒,1.6,26,46,0.74,2.05,27.78
木柵站,2025/03/11 00:00,82,細懸浮微粒,1.45,25,44,0.71,1.96,27.88
木柵站,2025/03/11 01:00,86,細懸浮微粒,1.44,31,56,0.49,0.76,25.53
木柵站,2025/03/11 02:00,91,細懸浮微粒,1.45,36,64,0.42,0.82,26.64
木柵站,2025/03/11 03:00,94,細懸浮微粒,1.47,32,62,0.42,1.09,24.93
木柵站,2025/03/11 04:00,97,細懸浮微粒,2.14,31,71,0.31,0.78,23.01
木柵站,2025/03/11 05:00,97,細懸浮微粒,2.56,30,63,0.31,0.93,21.98
木柵站,2025/03/11 06:00,99,細懸浮微粒,2.99,35,69,0.34,1.02,21.86
木柵站,2025/03/11 07:00,98,細懸浮微粒,5.04,27,53,0.35,0.95,18.05
木柵站,2025/03/11 08:00,99,細懸浮微粒,6.32,32,50,0.36,0.91,19.15
木柵站,2025/03/11 09:00,101,細懸浮微粒,9.79,32,42,0.43,0.95,22.84
木柵站,2025/03/11 10:00,104,細懸浮微粒,18.31,40,57,0.56,1.12,31.3
木柵站,2025/03/11 11:00,111,細懸浮微粒,29.43,43,66,0.63,1.35,39.02
木柵站,2025/03/11 12:00,111,細懸浮微粒,38.55,31,52,0.43,1.7,31.99
木柵站,2025/03/11 13:00,111,細懸浮微粒,44.1,30,42,0.31,2.44,25.14
木柵站,2025/03/11 14:00,104,細懸浮微粒,50.78,24,-,-,-,-
木柵站,2025/03/11 15:00,97,細懸浮微粒,43.65,23,39,0.39,0.94,7.12
木柵站,2025/03/11 16:00,88,細懸浮微粒,41.43,13,23,0.35,0.7,5.5
木柵站,2025/03/11 17:00,81,細懸浮微粒,33.36,13,25,0.41,0.84,16.89
木柵站,2025/03/11 18:00,82,細懸浮微粒,42.21,29,43,0.58,1.02,28.29
木柵站,2025/03/11 19:00,88,細懸浮微粒,39.16,37,51,0.51,1.78,27.08
木柵站,2025/03/11 20:00,93,細懸浮微粒,18.72,29,47,0.62,1.01,30.84
木柵站,2025/03/11 21:00,98,細懸浮微粒,16.05,28,41,0.53,1.01,26.63
木柵站,2025/03/11 22:00,95,細懸浮微粒,8.29,27,32,0.57,0.95,25.36
木柵站,2025/03/11 23:00,89,細懸浮微粒,7.6,25,37,0.53,0.83,18.38
木柵站,2025/03/12 00:00,86,細懸浮微粒,7.98,22,37,0.48,0.78,15.86
木柵站,2025/03/12 01:00,84,細懸浮微粒,8.59,25,33,0.53,1.01,11.83
木柵站,2025/03/12 02:00,84,細懸浮微粒,6.37,27,34,0.56,0.94,12.23
木柵站,2025/03/12 03:00,82,細懸浮微粒,7.86,20,32,0.47,1.08,8.68
木柵站,2025/03/12 04:00,83,細懸浮微粒,7.33,21,29,0.46,1.2,8.09
木柵站,2025/03/12 05:00,84,細懸浮微粒,6.81,24,29,0.48,1.12,8.91
木柵站,2025/03/12 06:00,80,細懸浮微粒,3.56,19,28,0.51,1.36,13.49
木柵站,2025/03/12 07:00,75,細懸浮微粒,5.16,14,31,0.57,1.77,13.73
木柵站,2025/03/12 08:00,76,細懸浮微粒,16.3,24,43,0.5,1.43,10.93
木柵站,2025/03/12 09:00,76,細懸浮微粒,22.8,26,74,0.56,1.39,17.99
木柵站,2025/03/12 10:00,76,細懸浮微粒,22.37,21,45,0.69,1.21,23.98
木柵站,2025/03/12 11:00,76,細懸浮微粒,30.62,16,29,0.61,1.53,16.01
木柵站,2025/03/12 12:00,76,細懸浮微粒,42.54,24,32,0.58,1.29,17
木柵站,2025/03/12 13:00,70,細懸浮微粒,44.99,13,31,0.4,1.2,7.45
木柵站,2025/03/12 14:00,66,細懸浮微粒,43.19,13,26,0.36,1.05,6.19
木柵站,2025/03/12 15:00,63,細懸浮微粒,40.05,12,20,0.35,1,5.06
木柵站,2025/03/12 16:00,58,細懸浮微粒,40.95,11,20,0.37,1.08,8.76
木柵站,2025/03/12 17:00,55,細懸浮微粒,31.33,10,24,0.37,1.01,8.71
木柵站,2025/03/12 18:00,53,細懸浮微粒,14.06,10,31,0.43,0.94,22.96
木柵站,2025/03/12 19:00,53,細懸浮微粒,11.25,13,32,0.46,0.92,19.79
木柵站,2025/03/12 20:00,52,細懸浮微粒,9.44,11,28,0.44,0.98,18.81
木柵站,2025/03/12 21:00,53,細懸浮微粒,5.46,17,33,0.51,1.44,21.42
木柵站,2025/03/12 22:00,55,細懸浮微粒,5.21,16,31,0.48,1.33,19.77
木柵站,2025/03/12 23:00,54,細懸浮微粒,9.53,13,27,0.4,1.07,12.47
木柵站,2025/03/13 00:00,54,細懸浮微粒,4.74,14,30,0.44,0.88,17.61
木柵站,2025/03/13 01:00,54,細懸浮微粒,4.73,16,25,0.51,0.87,13.5
木柵站,2025/03/13 02:00,53,細懸浮微粒,5.16,12,28,0.55,0.85,12.14
木柵站,2025/03/13 03:00,55,細懸浮微粒,4.98,19,27,0.47,0.83,10.41
木柵站,2025/03/13 04:00,55,細懸浮微粒,4.33,12,23,0.46,0.91,10.08
木柵站,2025/03/13 05:00,54,細懸浮微粒,4.03,13,26,0.51,1.02,10.41
木柵站,2025/03/13 06:00,55,細懸浮微粒,3.6,14,27,0.51,0.95,10.04
木柵站,2025/03/13 07:00,56,細懸浮微粒,3.75,19,22,0.62,1.06,12.34
木柵站,2025/03/13 08:00,60,細懸浮微粒,4.96,21,31,0.62,1.29,16.01
木柵站,2025/03/13 09:00,65,細懸浮微粒,3.22,25,47,0.9,1.82,30.17
木柵站,2025/03/13 10:00,74,細懸浮微粒,2.47,34,51,1.02,1.64,31.77
木柵站,2025/03/13 11:00,73,細懸浮微粒,2.73,15,28,0.9,1.28,32.6
木柵站,2025/03/13 12:00,70,細懸浮微粒,9.5,12,15,0.52,1.17,21.27
木柵站,2025/03/13 13:00,63,細懸浮微粒,14.99,7,3,0.58,1.07,24.37
木柵站,2025/03/13 14:00,54,二氧化氮小時值,15.8,8,20,0.61,1.21,27.52
木柵站,2025/03/13 15:00,55,二氧化氮小時值,12.88,19,21,0.62,0.92,29.04
木柵站,2025/03/13 16:00,58,二氧化氮小時值,7.73,18,21,0.64,1.04,32.92
木柵站,2025/03/13 17:00,62,細懸浮微粒,6.41,19,35,0.5,1.72,28.62
木柵站,2025/03/13 18:00,65,細懸浮微粒,14.06,15,22,0.45,2.43,20.61
木柵站,2025/03/13 19:00,60,細懸浮微粒,20.61,9,17,0.43,1.21,14.24
木柵站,2025/03/13 20:00,55,細懸浮微粒,21.12,8,15,0.45,1.03,12.61
木柵站,2025/03/13 21:00,47,細懸浮微粒,20.22,5,12,0.44,1,11.48
木柵站,2025/03/13 22:00,36,細懸浮微粒,20.31,4,13,0.44,1.08,10.47
木柵站,2025/03/13 23:00,34,細懸浮微粒,25.04,7,18,0.45,0.83,5.86
木柵站,2025/03/14 00:00,33,細懸浮微粒,27.56,8,23,0.42,0.93,3.99
木柵站,2025/03/14 01:00,34,細懸浮微粒,23.48,7,21,0.45,0.43,3.46
木柵站,2025/03/14 02:00,37,細懸浮微粒,13.31,9,16,0.48,0.48,4.95
木柵站,2025/03/14 03:00,36,細懸浮微粒,10.57,9,23,0.49,0.42,6.63
木柵站,2025/03/14 04:00,37,細懸浮微粒,12.36,11,21,0.46,0.53,6.06
木柵站,2025/03/14 05:00,43,細懸浮微粒,19.05,19,32,0.53,0.35,8.43
木柵站,2025/03/14 06:00,40,細懸浮微粒,22.91,7,27,0.54,0.37,8.19
木柵站,2025/03/14 07:00,39,細懸浮微粒,20.39,7,14,0.56,0.44,13.33
木柵站,2025/03/14 08:00,39,二氧化氮小時值,16.86,6,11,0.59,0.57,16.56
木柵站,2025/03/14 09:00,42,二氧化氮小時值,18.65,5,15,0.64,0.99,17.45
木柵站,2025/03/14 10:00,30,二氧化氮小時值,24.49,3,18,0.58,0.59,12.47
木柵站,2025/03/14 11:00,37,二氧化氮小時值,22.99,5,11,0.62,0.8,15.38
木柵站,2025/03/14 12:00,40,二氧化氮小時值,19.91,10,14,0.65,0.6,16.89
木柵站,2025/03/14 13:00,50,二氧化氮小時值,16.55,9,12,0.66,0.65,21.39
木柵站,2025/03/14 14:00,51,二氧化氮小時值,13.34,5,13,0.65,0.79,22.61
木柵站,2025/03/14 15:00,53,二氧化氮小時值,11.12,6,14,0.66,0.6,26
木柵站,2025/03/14 16:00,55,二氧化氮小時值,11.09,10,16,0.66,0.87,28.49
木柵站,2025/03/14 17:00,51,二氧化氮小時值,17.19,9,22,0.61,0.68,22.21
木柵站,2025/03/14 18:00,49,二氧化氮小時值,17.53,9,21,0.6,0.84,20.52
木柵站,2025/03/14 19:00,45,二氧化氮小時值,19.19,9,19,0.6,0.78,18.7
木柵站,2025/03/14 20:00,44,二氧化氮小時值,16.33,10,21,0.64,0.81,18.6
木柵站,2025/03/14 21:00,53,二氧化氮小時值,9.21,17,23,0.73,0.88,25.06
木柵站,2025/03/14 22:00,59,二氧化氮小時值,2.34,21,41,0.99,0.92,35.05
木柵站,2025/03/14 23:00,58,細懸浮微粒,3.99,26,60,0.83,0.72,29.03
木柵站,2025/03/15 00:00,63,細懸浮微粒,12.05,22,39,0.62,0.92,18.89
木柵站,2025/03/15 01:00,64,細懸浮微粒,17.37,16,26,0.36,1.41,8.49
木柵站,2025/03/15 02:00,64,細懸浮微粒,14.36,17,24,0.35,1.34,9.17
木柵站,2025/03/15 03:00,60,細懸浮微粒,10.27,13,26,0.35,1.38,9.78
木柵站,2025/03/15 04:00,57,細懸浮微粒,14.75,12,16,0.33,1.16,10.13
木柵站,2025/03/15 05:00,54,細懸浮微粒,20.77,8,11,0.33,1.09,7.95
木柵站,2025/03/15 06:00,47,細懸浮微粒,15.98,2,5,0.35,1.15,12.19
木柵站,2025/03/15 07:00,41,細懸浮微粒,12.52,4,11,0.41,1.19,15.02
木柵站,2025/03/15 08:00,46,二氧化氮小時值,8.32,7,4,0.42,1.08,19.37
木柵站,2025/03/15 09:00,48,二氧化氮小時值,6.3,3,13,0.47,1.15,19.97
木柵站,2025/03/15 10:00,50,二氧化氮小時值,5.57,5,8,0.47,1.28,21.07
木柵站,2025/03/15 11:00,40,二氧化氮小時值,17.25,7,9,0.35,1.16,16.98
木柵站,2025/03/15 12:00,41,二氧化氮小時值,21.53,2,5,0.37,1.32,17.16
木柵站,2025/03/15 13:00,50,二氧化氮小時值,17.25,1,12,0.42,1.2,21.69
木柵站,2025/03/15 14:00,32,二氧化氮小時值,23.37,3,8,0.31,1.23,13.62
木柵站,2025/03/15 15:00,28,二氧化氮小時值,26.71,4,5,0.3,1.31,11.65
木柵站,2025/03/15 16:00,18,二氧化氮小時值,32.46,3,9,0.3,1.06,7.54
木柵站,2025/03/15 17:00,21,臭氧8小時,33.42,1,21,0.32,0.99,7.42
木柵站,2025/03/15 18:00,24,臭氧8小時,33.83,1,16,0.36,1.17,6.97
木柵站,2025/03/15 19:00,26,臭氧8小時,31.96,1,20,0.33,1.16,7.08
木柵站,2025/03/15 20:00,27,臭氧8小時,32.74,3,17,0.36,0.93,6.12
木柵站,2025/03/15 21:00,29,臭氧8小時,32.08,5,11,0.34,1.02,5.79
木柵站,2025/03/15 22:00,29,臭氧8小時,30.34,7,13,0.35,0.81,6.02
木柵站,2025/03/15 23:00,30,臭氧8小時,29.63,4,8,0.37,1.06,5.63
木柵站,2025/03/16 00:00,29,臭氧8小時,30.15,1,1,0.34,0.9,4.88
木柵站,2025/03/16 01:00,29,臭氧8小時,31.0,3,11,0.39,0.98,3.21
木柵站,2025/03/16 02:00,29,臭氧8小時,32.79,4,2,0.41,1.03,2.89
木柵站,2025/03/16 03:00,29,臭氧8小時,33.56,1,12,0.39,1.19,3.31
木柵站,2025/03/16 04:00,29,臭氧8小時,32.03,1,10,0.44,1.12,3.45
木柵站,2025/03/16 05:00,29,臭氧8小時,29.96,2,12,0.46,1.25,4.3
木柵站,2025/03/16 06:00,29,臭氧8小時,30.4,1,12,0.45,0.98,5.5
木柵站,2025/03/16 07:00,29,臭氧8小時,30.58,4,14,0.49,0.93,7.08
木柵站,2025/03/16 08:00,34,二氧化氮小時值,25.98,6,19,0.52,1.12,14.46
木柵站,2025/03/16 09:00,28,臭氧8小時,28.01,3,15,0.5,1.21,10.83
木柵站,2025/03/16 10:00,29,二氧化氮小時值,26.87,16,20,0.49,1.43,12.28
木柵站,2025/03/16 11:00,32,細懸浮微粒,35.73,18,20,0.51,1.14,8.5
木柵站,2025/03/16 12:00,40,細懸浮微粒,37.15,17,26,0.5,1.26,8.15
木柵站,2025/03/16 13:00,44,細懸浮微粒,41.21,9,17,0.5,1.52,7.69
木柵站,2025/03/16 14:00,42,細懸浮微粒,42.05,10,26,0.51,1.5,8.4
木柵站,2025/03/16 15:00,43,細懸浮微粒,44.77,15,27,0.53,1.51,8.02
木柵站,2025/03/16 16:00,50,細懸浮微粒,49.04,24,44,0.56,1.24,8.49
木柵站,2025/03/16 17:00,57,細懸浮微粒,48.4,22,42,0.61,1.15,10.63
木柵站,2025/03/16 18:00,66,細懸浮微粒,47.42,27,47,0.64,1.2,8.75
木柵站,2025/03/16 19:00,74,細懸浮微粒,40.16,29,43,0.65,1.44,9.98
木柵站,2025/03/16 20:00,73,細懸浮微粒,37.68,17,36,0.58,1.26,8.31
木柵站,2025/03/16 21:00,74,細懸浮微粒,30.11,21,39,0.67,1.22,13.13
木柵站,2025/03/16 22:00,74,細懸浮微粒,24.99,23,41,0.68,1.5,15.23
木柵站,2025/03/16 23:00,71,細懸浮微粒,26.9,21,34,0.65,1.48,12.48
木柵站,2025/03/17 00:00,74,細懸浮微粒,35.45,22,46,0.65,1.4,5.98
木柵站,2025/03/17 01:00,76,細懸浮微粒,36.85,24,40,0.49,1.71,4.77
木柵站,2025/03/17 02:00,80,細懸浮微粒,40.76,28,41,0.44,1.77,4.58
木柵站,2025/03/17 03:00,83,細懸浮微粒,43.16,26,36,0.41,1.93,3.84
木柵站,2025/03/17 04:00,86,細懸浮微粒,43.25,29,41,0.44,1.81,3.55
木柵站,2025/03/17 05:00,85,細懸浮微粒,43.06,21,34,0.44,1.54,3.86
木柵站,2025/03/17 06:00,82,細懸浮微粒,37.42,22,37,0.44,1.92,9.6
木柵站,2025/03/17 07:00,82,細懸浮微粒,34.72,27,42,0.51,1.49,12.67
木柵站,2025/03/17 08:00,81,細懸浮微粒,32.22,23,35,0.49,1.91,15.37
木柵站,2025/03/17 09:00,82,細懸浮微粒,31.01,23,35,0.5,1.61,16.44
木柵站,2025/03/17 10:00,82,細懸浮微粒,31.57,23,41,0.45,1.58,14.55
木柵站,2025/03/17 11:00,79,細懸浮微粒,34.49,18,32,0.44,1.46,12.72
木柵站,2025/03/17 12:00,78,細懸浮微粒,29.69,21,29,0.45,1.71,18.51
木柵站,2025/03/17 13:00,76,細懸浮微粒,28.92,19,35,0.45,1.63,18.11
木柵站,2025/03/17 14:00,73,細懸浮微粒,32.96,18,35,0.45,1.69,14.94
木柵站,2025/03/17 15:00,73,細懸浮微粒,33.65,19,29,0.42,1.71,16.25
木柵站,2025/03/17 16:00,71,細懸浮微粒,36.41,20,38,0.46,1.43,13.67
木柵站,2025/03/17 17:00,71,細懸浮微粒,29.42,19,29,0.49,1.58,22.01
木柵站,2025/03/17 18:00,71,細懸浮微粒,29.45,18,32,0.51,1.8,21.07
木柵站,2025/03/17 19:00,71,細懸浮微粒,27.28,21,38,0.51,1.76,24.38
木柵站,2025/03/17 20:00,68,細懸浮微粒,29.52,14,30,0.58,1.51,16.6
木柵站,2025/03/17 21:00,68,細懸浮微粒,27.4,20,24,0.5,1.69,14.7
木柵站,2025/03/17 22:00,66,細懸浮微粒,26.94,17,30,0.5,1.65,11.95
木柵站,2025/03/17 23:00,64,細懸浮微粒,31.57,15,27,0.48,1.44,7.34
木柵站,2025/03/18 00:00,62,細懸浮微粒,32.43,11,26,0.42,1.57,5.8
木柵站,2025/03/18 01:00,58,細懸浮微粒,35.72,12,23,0.39,1.47,3.27
木柵站,2025/03/18 02:00,55,細懸浮微粒,29.29,11,26,0.39,1.25,4.42
木柵站,2025/03/18 03:00,48,細懸浮微粒,25.55,1,16,0.35,1.35,4.58
木柵站,2025/03/18 04:00,41,懸浮微粒,24.39,1,24,0.33,1.47,5.13
木柵站,2025/03/18 05:00,41,懸浮微粒,20.89,10,25,0.4,1.45,7.35
木柵站,2025/03/18 06:00,39,懸浮微粒,17.88,-,21,0.42,1.47,12.74
木柵站,2025/03/18 07:00,37,懸浮微粒,25.62,7,12,0.37,1.41,12.13
木柵站,2025/03/18 08:00,42,二氧化氮小時值,22.65,-,22,0.46,1.38,17.64
木柵站,2025/03/18 09:00,49,二氧化氮小時值,18.25,5,20,0.48,1.66,20.71
木柵站,2025/03/18 10:00,42,二氧化氮小時值,20.01,7,12,0.41,1.47,17.83
木柵站,2025/03/18 11:00,43,二氧化氮小時值,21.26,23,20,0.45,1.35,17.93
木柵站,2025/03/18 12:00,41,細懸浮微粒,34.46,-,22,0.43,1.46,14.57
木柵站,2025/03/18 13:00,51,二氧化氮小時值,31.0,17,19,0.49,1.82,22.73
木柵站,2025/03/18 14:00,54,細懸浮微粒,32.85,14,25,0.47,1.57,19.88
木柵站,2025/03/18 15:00,55,二氧化氮小時值,21.99,16,22,0.46,1.7,28.42
木柵站,2025/03/18 16:00,54,細懸浮微粒,33.49,14,20,0.42,2.02,13.97
木柵站,2025/03/18 17:00,54,細懸浮微粒,39.19,14,29,0.42,1.75,11.77
木柵站,2025/03/18 18:00,52,細懸浮微粒,19.74,11,25,0.45,1.22,17.46
木柵站,2025/03/18 19:00,51,細懸浮微粒,21.67,11,22,0.52,1.34,16.97
木柵站,2025/03/18 20:00,50,細懸浮微粒,18.21,11,15,0.48,1.32,18.73
木柵站,2025/03/18 21:00,47,細懸浮微粒,19.59,8,18,0.43,1.56,16.18
木柵站,2025/03/18 22:00,47,細懸浮微粒,27.08,10,20,0.43,1.45,10.57
木柵站,2025/03/18 23:00,45,細懸浮微粒,25.27,10,22,0.42,1.41,10.56
木柵站,2025/03/19 00:00,44,細懸浮微粒,21.21,11,19,0.46,0.95,10.55
木柵站,2025/03/19 01:00,46,細懸浮微粒,28.27,13,21,0.46,1.22,5.54
木柵站,2025/03/19 02:00,48,細懸浮微粒,34.68,13,17,0.41,1.09,3.69
木柵站,2025/03/19 03:00,47,細懸浮微粒,36.53,11,17,0.4,0.97,3.02
木柵站,2025/03/19 04:00,47,細懸浮微粒,34.82,11,20,0.39,1.29,3.58
木柵站,2025/03/19 05:00,47,細懸浮微粒,28.84,14,19,0.35,1.09,5.15
木柵站,2025/03/19 06:00,48,細懸浮微粒,28.65,14,29,0.41,1.13,12.41
木柵站,2025/03/19 07:00,56,細懸浮微粒,35.49,26,36,0.52,1.08,19.28
木柵站,2025/03/19 08:00,57,細懸浮微粒,39.11,14,31,0.44,1.35,17.16
木柵站,2025/03/19 09:00,57,細懸浮微粒,39.55,13,32,0.38,1.25,16.81
木柵站,2025/03/19 10:00,63,細懸浮微粒,39.85,26,41,0.42,1.3,16.6
木柵站,2025/03/19 11:00,66,細懸浮微粒,41.7,27,42,0.42,1.46,14.26
木柵站,2025/03/19 12:00,69,細懸浮微粒,46.99,21,38,0.39,1.44,10.82
木柵站,2025/03/19 13:00,73,細懸浮微粒,46.11,22,42,0.41,1.37,14.24
木柵站,2025/03/19 14:00,74,細懸浮微粒,47.41,24,43,0.41,1.4,13.55
木柵站,2025/03/19 15:00,75,細懸浮微粒,49.05,26,40,0.4,1.79,13.22
木柵站,2025/03/19 16:00,75,細懸浮微粒,50.19,18,38,0.43,1.89,12.95
木柵站,2025/03/19 17:00,76,細懸浮微粒,45.43,21,43,0.48,1.46,18.49
木柵站,2025/03/19 18:00,73,細懸浮微粒,40.34,15,36,0.51,1.83,22.34
木柵站,2025/03/19 19:00,71,細懸浮微粒,43.76,22,41,0.48,1.59,18.24
木柵站,2025/03/19 20:00,72,細懸浮微粒,38.01,19,39,0.63,1.74,18.12
木柵站,2025/03/19 21:00,70,細懸浮微粒,35.68,16,32,0.5,1.64,15.09
木柵站,2025/03/19 22:00,72,細懸浮微粒,34.81,21,39,0.5,1.45,11.74
木柵站,2025/03/19 23:00,67,細懸浮微粒,39.02,12,30,0.5,1.49,6.92
木柵站,2025/03/20 00:00,65,細懸浮微粒,42.24,15,28,0.44,1.41,4.61
木柵站,2025/03/20 01:00,62,細懸浮微粒,43.31,13,25,0.38,0.93,3.21
木柵站,2025/03/20 02:00,58,細懸浮微粒,39.57,13,24,0.37,0.8,3.14
木柵站,2025/03/20 03:00,60,細懸浮微粒,34.44,18,31,0.37,0.86,3.36
木柵站,2025/03/20 04:00,62,細懸浮微粒,32.74,20,27,0.39,1.01,3.73
木柵站,2025/03/20 05:00,62,細懸浮微粒,25.96,15,25,0.41,0.98,5.83
木柵站,2025/03/20 06:00,64,細懸浮微粒,22.96,18,26,0.43,0.78,9.23
木柵站,2025/03/20 07:00,63,細懸浮微粒,24.57,18,20,0.49,0.98,16.25
木柵站,2025/03/20 08:00,62,細懸浮微粒,43.91,18,28,0.4,1.19,12.69
木柵站,2025/03/20 09:00,64,細懸浮微粒,49.88,18,29,0.39,1.22,9.92
木柵站,2025/03/20 10:00,60,細懸浮微粒,51.46,11,31,0.38,1.23,9.31
木柵站,2025/03/20 11:00,58,細懸浮微粒,52.85,12,39,0.38,1.35,9.51
木柵站,2025/03/20 12:00,58,細懸浮微粒,54.05,18,33,0.4,1.43,11.06
木柵站,2025/03/20 13:00,57,細懸浮微粒,54.71,13,33,0.37,1.12,11.48
木柵站,2025/03/20 14:00,57,細懸浮微粒,47.43,13,34,-,-,-
木柵站,2025/03/20 15:00,57,細懸浮微粒,53.09,14,29,0.34,0.82,10.35
木柵站,2025/03/20 16:00,57,細懸浮微粒,51.53,17,27,0.38,0.94,13.69
木柵站,2025/03/20 17:00,56,細懸浮微粒,46.15,11,27,0.45,0.96,19.39
木柵站,2025/03/20 18:00,54,細懸浮微粒,41.33,11,30,0.49,1,23.08
木柵站,2025/03/20 19:00,53,細懸浮微粒,40.56,12,25,0.48,1.04,20.61
木柵站,2025/03/20 20:00,52,細懸浮微粒,40.24,15,29,0.47,1.06,13.79
木柵站,2025/03/20 21:00,50,細懸浮微粒,41.62,10,24,0.48,0.99,11.75
木柵站,2025/03/20 22:00,51,細懸浮微粒,42.85,12,19,0.42,1.1,10.53
木柵站,2025/03/20 23:00,54,細懸浮微粒,41.42,18,29,0.4,1.06,8.85
木柵站,2025/03/21 00:00,52,細懸浮微粒,39.01,13,24,0.42,0.66,8.09
木柵站,2025/03/21 01:00,52,細懸浮微粒,37.58,10,17,0.43,0.96,5.32
木柵站,2025/03/21 02:00,51,細懸浮微粒,31.91,9,20,0.37,0.99,5.02
木柵站,2025/03/21 03:00,47,細懸浮微粒,25.27,11,22,0.38,0.9,6.98
木柵站,2025/03/21 04:00,43,細懸浮微粒,22.33,9,20,0.41,1.02,6.85
木柵站,2025/03/21 05:00,41,細懸浮微粒,17.59,7,18,0.43,0.96,9.73
木柵站,2025/03/21 06:00,42,細懸浮微粒,15.2,10,19,0.47,0.88,13.19
木柵站,2025/03/21 07:00,44,二氧化氮小時值,14.37,13,19,0.52,0.89,18.44
木柵站,2025/03/21 08:00,48,細懸浮微粒,20.77,18,18,0.55,1.09,17.21
木柵站,2025/03/21 09:00,52,細懸浮微粒,43.22,16,27,0.45,1.19,14.54
木柵站,2025/03/21 10:00,51,細懸浮微粒,49.05,8,24,0.45,1.4,12.92
木柵站,2025/03/21 11:00,47,細懸浮微粒,50.63,8,17,0.46,1.37,12.95
木柵站,2025/03/21 12:00,43,細懸浮微粒,52.71,10,30,0.44,1.11,11.03
木柵站,2025/03/21 13:00,40,細懸浮微粒,57.68,10,23,0.42,1.15,5.9
木柵站,2025/03/21 14:00,42,細懸浮微粒,59.43,11,29,0.43,1.13,5.36
木柵站,2025/03/21 15:00,46,臭氧8小時,60.71,12,20,0.39,0.98,4.76
木柵站,2025/03/21 16:00,49,臭氧8小時,53.91,10,34,0.46,1.19,15.28
木柵站,2025/03/21 17:00,51,臭氧8小時,51.66,12,29,0.5,0.94,18.72
木柵站,2025/03/21 18:00,52,臭氧8小時,50.52,14,29,0.52,1.19,20.36
木柵站,2025/03/21 19:00,55,臭氧8小時,57.02,11,22,0.45,1.15,10.8
木柵站,2025/03/21 20:00,54,臭氧8小時,52.11,9,25,0.46,1.03,14.93
木柵站,2025/03/21 21:00,51,二氧化氮小時值,38.61,8,26,0.59,0.84,22.08
木柵站,2025/03/21 22:00,50,二氧化氮小時值,29.39,8,20,0.57,0.98,21.74
木柵站,2025/03/21 23:00,42,臭氧8小時,32.84,10,26,0.51,0.97,14.39
木柵站,2025/03/22 00:00,40,細懸浮微粒,29.61,12,20,0.51,0.72,15.36
木柵站,2025/03/22 01:00,43,細懸浮微粒,30.05,12,20,0.51,1.11,10.77
木柵站,2025/03/22 02:00,44,細懸浮微粒,26.53,11,19,0.52,1.14,11.08
木柵站,2025/03/22 03:00,51,細懸浮微粒,26.33,20,22,0.46,0.99,8.26
木柵站,2025/03/22 04:00,48,細懸浮微粒,24.95,8,18,0.45,0.98,8.13
木柵站,2025/03/22 05:00,46,細懸浮微粒,22.53,9,15,0.43,1.06,8.51
木柵站,2025/03/22 06:00,50,細懸浮微粒,19.78,17,25,0.42,1.04,11.23
木柵站,2025/03/22 07:00,50,細懸浮微粒,21.02,18,20,0.5,1.24,13.56
木柵站,2025/03/22 08:00,55,細懸浮微粒,31.69,19,19,0.49,1.45,11.21
木柵站,2025/03/22 09:00,59,細懸浮微粒,42.25,17,31,0.44,1.39,8.81
木柵站,2025/03/22 10:00,60,細懸浮微粒,54.7,18,37,0.46,1.49,8.39
木柵站,2025/03/22 11:00,59,細懸浮微粒,58.89,12,28,0.46,1.56,9.9
木柵站,2025/03/22 12:00,59,細懸浮微粒,55.45,19,36,0.48,1.12,11.16
木柵站,2025/03/22 13:00,58,細懸浮微粒,52.82,12,44,0.5,1.55,12.3
木柵站,2025/03/22 14:00,56,細懸浮微粒,60.03,13,39,0.52,3.51,15.89
木柵站,2025/03/22 15:00,56,細懸浮微粒,56.19,14,35,0.47,4.29,19.11
木柵站,2025/03/22 16:00,55,懸浮微粒,55.89,12,35,0.42,2.28,14.75
木柵站,2025/03/22 17:00,55,臭氧8小時,51.25,10,32,0.41,2.27,15.61
木柵站,2025/03/22 18:00,56,臭氧8小時,55.87,10,36,0.38,1.3,6.77
木柵站,2025/03/22 19:00,54,細懸浮微粒,44.56,19,25,0.44,1.21,17.01
木柵站,2025/03/22 20:00,55,細懸浮微粒,42.18,16,19,0.4,1.01,12.91
木柵站,2025/03/22 21:00,53,細懸浮微粒,41.88,8,24,0.38,0.91,9.61
木柵站,2025/03/22 22:00,51,細懸浮微粒,34.95,8,19,0.41,0.94,14.23
木柵站,2025/03/22 23:00,46,細懸浮微粒,28.7,9,25,0.44,1.02,10.91
木柵站,2025/03/23 00:00,42,懸浮微粒,23.73,8,17,0.41,1.13,12.52
木柵站,2025/03/23 01:00,47,細懸浮微粒,24.3,20,24,0.46,1.06,7.77
木柵站,2025/03/23 02:00,49,細懸浮微粒,22.48,12,21,0.51,0.95,6.91
木柵站,2025/03/23 03:00,50,細懸浮微粒,22.36,11,16,0.45,1,5.68
木柵站,2025/03/23 04:00,53,細懸浮微粒,20.62,16,18,0.46,0.88,4.42
木柵站,2025/03/23 05:00,52,細懸浮微粒,18.7,15,20,0.47,0.75,6.18
木柵站,2025/03/23 06:00,53,細懸浮微粒,20.76,13,16,0.49,1.15,6.54
木柵站,2025/03/23 07:00,52,細懸浮微粒,21.6,12,17,0.58,0.91,8.03
木柵站,2025/03/23 08:00,53,細懸浮微粒,31.85,18,18,0.5,1.13,7.43
木柵站,2025/03/23 09:00,55,細懸浮微粒,43.93,18,30,0.51,1.41,7.83
木柵站,2025/03/23 10:00,57,細懸浮微粒,56.51,16,30,0.51,1.49,8.22
木柵站,2025/03/23 11:00,63,細懸浮微粒,66.14,24,40,0.55,1.66,9.14
木柵站,2025/03/23 12:00,66,細懸浮微粒,70.96,22,28,0.54,2.16,11.4
木柵站,2025/03/23 13:00,69,細懸浮微粒,71.42,24,33,0.51,6.66,11.62
木柵站,2025/03/23 14:00,69,細懸浮微粒,72.69,15,30,0.5,2.97,9.66
木柵站,2025/03/23 15:00,70,臭氧8小時,69.01,14,27,0.48,2.41,9.63
木柵站,2025/03/23 16:00,82,臭氧8小時,62.66,13,25,0.46,4.05,11.64
木柵站,2025/03/23 17:00,85,臭氧8小時,51.61,13,23,0.53,5.03,20.8
木柵站,2025/03/23 18:00,77,臭氧8小時,37.48,17,37,0.61,2.65,19.21
木柵站,2025/03/23 19:00,60,臭氧8小時,22.55,8,26,0.69,1.58,26.86
木柵站,2025/03/23 20:00,54,細懸浮微粒,20.86,9,20,0.62,1.3,20.76
木柵站,2025/03/23 21:00,56,細懸浮微粒,20.16,18,24,0.52,1.15,19
木柵站,2025/03/23 22:00,53,細懸浮微粒,16.12,10,15,0.5,1.08,17.09
木柵站,2025/03/23 23:00,53,細懸浮微粒,20.28,12,21,0.46,1.21,10.23
木柵站,2025/03/24 00:00,55,細懸浮微粒,17.63,16,17,0.45,1.04,11.2
木柵站,2025/03/24 01:00,50,細懸浮微粒,20.21,9,24,0.47,1.67,7.08
木柵站,2025/03/24 02:00,47,細懸浮微粒,21.63,8,19,0.51,1.6,5.78
木柵站,2025/03/24 03:00,45,細懸浮微粒,17.61,9,25,0.49,1.91,4.82
木柵站,2025/03/24 04:00,42,細懸浮微粒,15.98,11,20,0.52,1.81,7.02
木柵站,2025/03/24 05:00,48,細懸浮微粒,15.27,18,25,0.54,1.75,8.15
木柵站,2025/03/24 06:00,52,細懸浮微粒,10.12,18,31,0.62,1.9,15.57
木柵站,2025/03/24 07:00,61,細懸浮微粒,12.89,29,26,0.69,1.87,17.97
木柵站,2025/03/24 08:00,68,細懸浮微粒,19.45,25,31,0.74,2.31,19.45
木柵站,2025/03/24 09:00,72,細懸浮微粒,39.95,27,38,0.59,2.2,13.3
木柵站,2025/03/24 10:00,74,細懸浮微粒,52.35,21,39,0.55,2.29,11.8
木柵站,2025/03/24 11:00,76,細懸浮微粒,60.68,29,42,0.66,2.35,18.73
木柵站,2025/03/24 12:00,79,細懸浮微粒,75.17,28,56,0.66,2.45,21.71
木柵站,2025/03/24 13:00,87,細懸浮微粒,73.61,40,53,0.58,2.55,18.96
木柵站,2025/03/24 14:00,93,細懸浮微粒,80.85,-,42,0.56,2.5,11.42
木柵站,2025/03/24 15:00,97,細懸浮微粒,70.62,32,62,0.62,3.49,19.45
木柵站,2025/03/24 16:00,95,細懸浮微粒,54.94,21,48,0.61,5.05,29.49
木柵站,2025/03/24 17:00,85,細懸浮微粒,42.61,19,53,0.59,6,34.34
木柵站,2025/03/24 18:00,86,細懸浮微粒,34.47,24,53,0.65,3.4,29.57
木柵站,2025/03/24 19:00,84,細懸浮微粒,27.59,27,53,0.67,2.23,32.65
木柵站,2025/03/24 20:00,86,細懸浮微粒,20.9,27,55,0.74,2.17,32.63
木柵站,2025/03/24 21:00,87,細懸浮微粒,21.15,23,46,0.71,2.03,25.83
木柵站,2025/03/24 22:00,87,細懸浮微粒,19.57,22,35,0.64,1.89,23.91
木柵站,2025/03/24 23:00,83,細懸浮微粒,18.96,19,36,0.61,2.03,20.43
木柵站,2025/03/25 00:00,79,細懸浮微粒,18.99,20,36,0.55,1.83,14.81
木柵站,2025/03/25 01:00,75,細懸浮微粒,22.1,19,25,0.47,0.57,8.14
木柵站,2025/03/25 02:00,76,細懸浮微粒,17.65,24,33,0.53,0.7,7.86
木柵站,2025/03/25 03:00,72,細懸浮微粒,15.25,14,33,0.46,0.46,7.03
木柵站,2025/03/25 04:00,72,細懸浮微粒,13.33,19,32,0.49,0.65,6.44
木柵站,2025/03/25 05:00,71,細懸浮微粒,7.06,18,24,0.54,0.51,9.93
木柵站,2025/03/25 06:00,69,細懸浮微粒,4.4,19,34,0.56,0.59,11.96
木柵站,2025/03/25 07:00,73,細懸浮微粒,7.57,26,39,0.58,0.62,12.56
木柵站,2025/03/25 08:00,74,細懸浮微粒,16.25,23,42,0.62,0.65,16.58
木柵站,2025/03/25 09:00,81,細懸浮微粒,36.31,34,45,0.51,0.98,13.9
木柵站,2025/03/25 10:00,87,細懸浮微粒,52.46,33,44,0.54,1.1,13.05
木柵站,2025/03/25 11:00,90,細懸浮微粒,66.99,31,40,0.56,1.01,12.7
木柵站,2025/03/25 12:00,94,細懸浮微粒,79.83,32,53,0.54,0.91,15.9
木柵站,2025/03/25 13:00,96,細懸浮微粒,90.24,33,57,0.56,1.11,14.76
木柵站,2025/03/25 14:00,91,細懸浮微粒,81.92,20,47,0.49,1.23,14.74
木柵站,2025/03/25 15:00,87,細懸浮微粒,73.93,19,52,0.51,1.34,20.18
木柵站,2025/03/25 16:00,92,臭氧8小時,56.7,20,65,0.52,1.98,31.93
木柵站,2025/03/25 17:00,95,臭氧8小時,45.17,24,62,0.52,2.1,34.53
木柵站,2025/03/25 18:00,88,臭氧8小時,33.28,26,54,0.56,1.14,33.54
木柵站,2025/03/25 19:00,84,細懸浮微粒,31.53,21,31,0.45,0.66,22.8
木柵站,2025/03/25 20:00,82,細懸浮微粒,31.82,17,25,0.35,0.6,15.4
木柵站,2025/03/25 21:00,77,細懸浮微粒,21.92,16,29,0.49,0.79,22.29
木柵站,2025/03/25 22:00,68,細懸浮微粒,19.33,8,23,0.49,0.71,20.72
木柵站,2025/03/25 23:00,65,細懸浮微粒,24.15,18,24,0.45,0.73,12.56
木柵站,2025/03/26 00:00,59,細懸浮微粒,19.85,6,20,0.45,0.9,13.84
木柵站,2025/03/26 01:00,53,細懸浮微粒,22.27,9,24,0.53,1.04,7.61
木柵站,2025/03/26 02:00,55,細懸浮微粒,20.3,15,21,0.49,1.08,7.69
木柵站,2025/03/26 03:00,51,細懸浮微粒,19.53,8,20,0.46,1.02,7.49
木柵站,2025/03/26 04:00,51,細懸浮微粒,17.1,10,26,0.47,1.12,7.47
木柵站,2025/03/26 05:00,51,細懸浮微粒,12.13,13,18,0.48,1.03,11.14
木柵站,2025/03/26 06:00,51,細懸浮微粒,8.2,17,29,0.53,1.29,15.99
木柵站,2025/03/26 07:00,55,細懸浮微粒,13.84,21,26,0.58,1.16,14.41
木柵站,2025/03/26 08:00,58,細懸浮微粒,19.42,18,19,0.55,1.19,16.19
木柵站,2025/03/26 09:00,61,細懸浮微粒,33.78,20,39,0.56,1.46,15.53
木柵站,2025/03/26 10:00,67,細懸浮微粒,49.82,28,48,0.58,1.53,14.66
木柵站,2025/03/26 11:00,70,細懸浮微粒,60.22,26,35,0.62,1.72,17.28
木柵站,2025/03/26 12:00,76,細懸浮微粒,70.27,28,53,0.6,2.79,19.05
木柵站,2025/03/26 13:00,81,細懸浮微粒,70.92,29,49,0.54,5.34,22.42
木柵站,2025/03/26 14:00,80,細懸浮微粒,67.24,23,46,-,-,-
木柵站,2025/03/26 15:00,85,細懸浮微粒,60.69,31,46,-,-,-
木柵站,2025/03/26 16:00,84,細懸浮微粒,50.65,21,43,0.39,6.43,24.86
木柵站,2025/03/26 17:00,79,細懸浮微粒,38.07,16,46,0.4,5.8,33.33
木柵站,2025/03/26 18:00,80,細懸浮微粒,30.34,22,58,0.41,4.71,33.05
木柵站,2025/03/26 19:00,81,細懸浮微粒,26.05,31,45,0.36,2.13,20.75
木柵站,2025/03/26 20:00,83,細懸浮微粒,14.89,26,44,0.44,1.34,28.33
木柵站,2025/03/26 21:00,88,細懸浮微粒,15.14,26,45,0.39,1.2,22.16
木柵站,2025/03/26 22:00,89,細懸浮微粒,11.41,26,44,0.36,1.02,17.63
木柵站,2025/03/26 23:00,85,細懸浮微粒,6.82,21,41,0.39,1.01,17.06
木柵站,2025/03/27 00:00,79,細懸浮微粒,8.79,15,42,0.33,1.17,12.33
木柵站,2025/03/27 01:00,79,細懸浮微粒,9.1,25,40,0.42,1.66,8.57
木柵站,2025/03/27 02:00,78,細懸浮微粒,5.62,25,39,0.55,1.88,10.78
木柵站,2025/03/27 03:00,79,細懸浮微粒,5.15,24,40,0.51,1.58,8.24
木柵站,2025/03/27 04:00,82,細懸浮微粒,4.02,23,40,0.5,1.46,8.31
木柵站,2025/03/27 05:00,84,細懸浮微粒,3.14,28,40,0.51,1.46,9.55
木柵站,2025/03/27 06:00,82,細懸浮微粒,2.7,20,45,0.56,1.92,9.87
木柵站,2025/03/27 07:00,83,細懸浮微粒,4.88,28,40,0.6,1.82,11.23
木柵站,2025/03/27 08:00,89,細懸浮微粒,16.01,37,53,0.63,1.97,14.57
木柵站,2025/03/27 09:00,95,細懸浮微粒,34.08,40,70,0.7,2.2,15.55
木柵站,2025/03/27 10:00,103,細懸浮微粒,50.97,39,63,0.78,2.34,17.04
木柵站,2025/03/27 11:00,106,細懸浮微粒,65.54,34,51,0.76,2.06,17.87
木柵站,2025/03/27 12:00,105,細懸浮微粒,75.21,28,47,0.66,1.98,11.84
木柵站,2025/03/27 13:00,96,細懸浮微粒,69.49,16,56,0.58,2.56,11.88
木柵站,2025/03/27 14:00,93,細懸浮微粒,64.3,29,63,0.61,6.48,22.62
木柵站,2025/03/27 15:00,90,細懸浮微粒,50.99,25,58,0.57,6.56,23.97
木柵站,2025/03/27 16:00,86,細懸浮微粒,33.2,18,68,0.57,3.33,29.51
木柵站,2025/03/27 17:00,87,細懸浮微粒,22.62,22,71,0.59,2.09,24.72
木柵站,2025/03/27 18:00,86,懸浮微粒,14.67,23,68,0.6,2.14,27.06
木柵站,2025/03/27 19:00,89,懸浮微粒,9.36,-,-,-,-,-
木柵站,2025/03/27 20:00,84,懸浮微粒,14.28,13,44,0.55,2.19,18.42
木柵站,2025/03/27 21:00,81,懸浮微粒,0.0,-,-,-,-,-
木柵站,2025/03/27 22:00,68,懸浮微粒,10.34,13,31,0.43,2.12,12.58
木柵站,2025/03/27 23:00,66,懸浮微粒,10.73,9,30,0.39,2.06,10.02
木柵站,2025/03/28 00:00,63,懸浮微粒,10.82,8,32,0.38,2.16,8.3
木柵站,2025/03/28 01:00,61,懸浮微粒,5.28,19,27,0.36,1.75,10.17
木柵站,2025/03/28 02:00,58,懸浮微粒,4.88,14,25,0.38,1.69,10.1
木柵站,2025/03/28 03:00,59,懸浮微粒,12.93,15,43,0.26,1.24,6.4
木柵站,2025/03/28 04:00,59,細懸浮微粒,18.9,17,42,0.25,1.18,4.38
木柵站,2025/03/28 05:00,63,懸浮微粒,36.99,20,64,0.36,1.44,2.87
木柵站,2025/03/28 06:00,65,懸浮微粒,35.39,18,43,0.34,1.61,4.81
木柵站,2025/03/28 07:00,67,懸浮微粒,31.52,19,53,0.32,1.68,9.27
木柵站,2025/03/28 08:00,67,懸浮微粒,29.86,16,43,0.39,1.72,10.79
木柵站,2025/03/28 09:00,63,懸浮微粒,29.88,16,35,0.38,1.67,11.47
木柵站,2025/03/28 10:00,62,懸浮微粒,31.9,11,35,0.39,1.49,11.23
木柵站,2025/03/28 11:00,59,懸浮微粒,30.47,10,33,0.42,1.59,12.36
木柵站,2025/03/28 12:00,57,懸浮微粒,30.26,9,28,0.4,1.82,13.77
木柵站,2025/03/28 13:00,58,懸浮微粒,33.5,16,38,0.43,1.73,9.7
木柵站,2025/03/28 14:00,58,懸浮微粒,29.74,11,34,0.44,1.64,15.7
木柵站,2025/03/28 15:00,65,懸浮微粒,33.7,10,72,0.44,1.74,11.67
木柵站,2025/03/28 16:00,62,懸浮微粒,31.19,9,16,0.44,1.99,14.28
木柵站,2025/03/28 17:00,56,懸浮微粒,34.21,5,14,0.49,1.73,10.67
木柵站,2025/03/28 18:00,51,懸浮微粒,32.68,2,10,0.49,1.76,11.3
木柵站,2025/03/28 19:00,37,懸浮微粒,34.76,4,14,0.48,1.6,8.44
木柵站,2025/03/28 20:00,37,懸浮微粒,35.4,6,21,0.47,1.75,7.23
木柵站,2025/03/28 21:00,36,懸浮微粒,34.63,8,17,0.5,1.96,6.84
木柵站,2025/03/28 22:00,33,懸浮微粒,33.48,4,5,0.47,1.69,6.5
木柵站,2025/03/28 23:00,32,懸浮微粒,35.52,3,17,0.48,1.98,5.92
木柵站,2025/03/29 00:00,32,臭氧8小時,39.44,5,10,0.47,1.58,4.33
木柵站,2025/03/29 01:00,33,臭氧8小時,40.9,5,12,0.35,1.11,2.89
木柵站,2025/03/29 02:00,34,臭氧8小時,41.04,4,16,0.37,0.91,2.54
木柵站,2025/03/29 03:00,35,臭氧8小時,41.48,4,6,0.35,1.09,2.36
木柵站,2025/03/29 04:00,36,臭氧8小時,40.85,4,9,0.34,1.05,2.31
木柵站,2025/03/29 05:00,36,臭氧8小時,41.47,4,14,0.34,0.76,2.86
木柵站,2025/03/29 06:00,37,臭氧8小時,38.9,5,12,0.38,0.87,5.05
木柵站,2025/03/29 07:00,37,臭氧8小時,35.79,4,9,0.38,0.97,8.68
木柵站,2025/03/29 08:00,36,臭氧8小時,31.21,5,12,0.41,0.75,13.04
木柵站,2025/03/29 09:00,35,臭氧8小時,34.58,7,10,0.41,0.95,10.13
木柵站,2025/03/29 10:00,35,臭氧8小時,34.8,7,14,0.39,0.98,10.41
木柵站,2025/03/29 11:00,34,臭氧8小時,33.64,3,13,0.39,0.9,10.39
木柵站,2025/03/29 12:00,33,臭氧8小時,34.49,1,5,0.37,1.11,10.68
木柵站,2025/03/29 13:00,32,臭氧8小時,37.27,1,6,0.35,1.06,8.4
木柵站,2025/03/29 14:00,32,臭氧8小時,37.64,1,6,0.32,0.98,8.88
木柵站,2025/03/29 15:00,32,臭氧8小時,36.75,1,9,0.37,0.98,9.38
木柵站,2025/03/29 16:00,33,臭氧8小時,37.75,2,5,0.36,1.19,8.63
木柵站,2025/03/29 17:00,34,臭氧8小時,38.86,7,17,0.37,0.94,7.11
木柵站,2025/03/29 18:00,34,臭氧8小時,38.09,12,17,0.41,0.98,8.36
木柵站,2025/03/29 19:00,35,臭氧8小時,39.21,6,9,0.39,0.91,6.85
木柵站,2025/03/29 20:00,35,臭氧8小時,37.87,1,10,0.38,0.89,6.33
木柵站,2025/03/29 21:00,35,臭氧8小時,34.81,1,12,0.43,0.87,8.46
木柵站,2025/03/29 22:00,35,臭氧8小時,36.44,2,10,0.39,0.87,6.91
木柵站,2025/03/29 23:00,35,臭氧8小時,37.47,2,12,0.38,0.86,4.6
木柵站,2025/03/30 00:00,35,臭氧8小時,36.56,2,10,0.41,0.71,4.26
木柵站,2025/03/30 01:00,34,臭氧8小時,36.18,1,5,0.3,0.68,2.64
木柵站,2025/03/30 02:00,34,臭氧8小時,34.83,5,11,0.35,0.9,2.66
木柵站,2025/03/30 03:00,33,臭氧8小時,33.21,4,6,0.32,0.64,2.98
木柵站,2025/03/30 04:00,33,臭氧8小時,34.16,1,6,0.28,0.65,2.75
木柵站,2025/03/30 05:00,33,臭氧8小時,34.79,1,9,0.31,0.68,3.22
木柵站,2025/03/30 06:00,33,臭氧8小時,36.48,1,8,0.3,0.64,4.7
木柵站,2025/03/30 07:00,33,臭氧8小時,38.16,1,9,0.29,0.84,6.5
木柵站,2025/03/30 08:00,33,臭氧8小時,34.08,1,5,0.31,0.68,10.08
木柵站,2025/03/30 09:00,32,臭氧8小時,34.36,1,5,0.31,0.61,10.44
木柵站,2025/03/30 10:00,34,二氧化氮小時值,30.36,1,8,0.31,0.84,14.42
木柵站,2025/03/30 11:00,32,臭氧8小時,30.34,1,6,0.3,0.73,12.78
木柵站,2025/03/30 12:00,31,臭氧8小時,31.81,1,10,0.29,0.79,12.02
木柵站,2025/03/30 13:00,32,臭氧8小時,36.63,1,9,0.29,0.7,10.17
木柵站,2025/03/30 14:00,31,臭氧8小時,34.78,2,5,0.27,0.73,11.03
木柵站,2025/03/30 15:00,31,臭氧8小時,39.35,2,10,0.25,0.69,6.36
木柵站,2025/03/30 16:00,32,臭氧8小時,36.71,1,10,0.28,0.6,8.17
木柵站,2025/03/30 17:00,32,臭氧8小時,35.46,1,6,0.29,0.81,9.74
木柵站,2025/03/30 18:00,32,臭氧8小時,35.66,5,5,0.32,0.63,9.26
木柵站,2025/03/30 19:00,33,臭氧8小時,37.01,6,3,0.29,1,7.27
木柵站,2025/03/30 20:00,34,臭氧8小時,36.17,1,7,0.25,0.83,7.23
木柵站,2025/03/30 21:00,33,臭氧8小時,32.45,3,11,0.3,0.75,9.1
木柵站,2025/03/30 22:00,33,臭氧8小時,31.24,3,7,0.32,0.73,8.93
木柵站,2025/03/30 23:00,32,臭氧8小時,33.96,1,3,0.28,0.77,5.44
木柵站,2025/03/31 00:00,32,臭氧8小時,33.73,1,11,0.27,0.55,2.89
木柵站,2025/03/31 01:00,32,臭氧8小時,31.9,2,3,0.31,0.91,2.83
木柵站,2025/03/31 02:00,31,臭氧8小時,33.36,3,8,0.29,0.94,2.48
木柵站,2025/03/31 03:00,31,臭氧8小時,34.41,3,9,0.31,0.94,1.79
木柵站,2025/03/31 04:00,31,臭氧8小時,33.41,3,6,0.28,0.85,2.16
木柵站,2025/03/31 05:00,31,臭氧8小時,34.84,2,4,0.28,0.97,3.22
木柵站,2025/03/31 06:00,31,臭氧8小時,33.31,1,6,0.28,0.88,8.35
木柵站,2025/03/31 07:00,43,二氧化氮小時值,23.61,1,9,0.36,0.81,18.17
木柵站,2025/03/31 08:00,51,二氧化氮小時值,20.23,4,6,0.36,0.89,23.33
木柵站,2025/03/31 09:00,50,二氧化氮小時值,22.6,4,13,0.37,0.83,21.76
木柵站,2025/03/31 10:00,51,二氧化氮小時值,19.1,2,11,0.41,1.04,22.64
木柵站,2025/03/31 11:00,50,二氧化氮小時值,19.14,3,12,0.37,0.99,21.69
木柵站,2025/03/31 12:00,35,二氧化氮小時值,22.46,3,4,0.32,0.94,14.9
木柵站,2025/03/31 13:00,41,二氧化氮小時值,27.41,3,6,0.29,1.04,17.1
木柵站,2025/03/31 14:00,43,二氧化氮小時值,27.09,3,5,0.27,1.07,18.18
木柵站,2025/03/31 15:00,38,二氧化氮小時值,28.58,2,9,0.31,0.91,15.98
木柵站,2025/03/31 16:00,32,二氧化氮小時值,31.24,1,5,0.28,0.94,13.56
木柵站,2025/03/31 17:00,32,二氧化氮小時值,32.37,1,7,0.31,0.97,13.34
木柵站,2025/03/31 18:00,26,臭氧8小時,35.28,4,7,0.34,0.97,9.13
木柵站,2025/03/31 19:00,28,臭氧8小時,36.07,2,9,0.32,0.86,8.77
木柵站,2025/03/31 20:00,29,臭氧8小時,35.65,1,3,0.3,0.91,8.85
木柵站,2025/03/31 21:00,30,臭氧8小時,36.68,1,9,0.34,0.99,7.93
木柵站,2025/03/31 22:00,32,臭氧8小時,37.43,1,5,0.32,0.99,6.01
木柵站,2025/03/31 23:00,33,臭氧8小時,38.52,1,4,0.31,0.97,4.33
木柵站,2025/04/01 00:00,34,臭氧8小時,37.52,1,7,0.32,1.09,3.43
木柵站,2025/04/01 01:00,34,臭氧8小時,37.99,2,3,0.29,0.74,2.25
木柵站,2025/04/01 02:00,34,臭氧8小時,37.99,-,3,0.28,0.58,2.11
木柵站,2025/04/01 03:00,34,臭氧8小時,35.77,-,10,0.28,0.72,2.25
木柵站,2025/04/01 04:00,35,臭氧8小時,36.51,-,10,0.29,0.52,2.46
木柵站,2025/04/01 05:00,34,臭氧8小時,34.54,-,2,0.26,0.77,3.01
木柵站,2025/04/01 06:00,33,臭氧8小時,30.06,-,6,0.3,0.53,6.29
木柵站,2025/04/01 07:00,32,臭氧8小時,24.12,-,3,0.3,0.47,12.84
木柵站,2025/04/01 08:00,43,二氧化氮小時值,23.43,-,9,0.41,0.68,18.21
木柵站,2025/04/01 09:00,31,二氧化氮小時值,32.31,-,6,0.35,0.43,12.93
木柵站,2025/04/01 10:00,29,臭氧8小時,32.37,-,6,0.33,0.72,10.99
木柵站,2025/04/01 11:00,38,二氧化氮小時值,29.0,3,7,0.38,0.61,16.11
木柵站,2025/04/01 12:00,31,二氧化氮小時值,33.63,5,6,0.36,0.74,13.11
木柵站,2025/04/01 13:00,28,臭氧8小時,37.87,7,8,0.35,0.68,10.8
木柵站,2025/04/01 14:00,33,二氧化氮小時值,25.42,5,11,0.38,0.67,13.91
木柵站,2025/04/01 15:00,29,二氧化氮小時值,32.44,4,10,0.38,0.77,12.25
木柵站,2025/04/01 16:00,46,二氧化氮小時值,30.74,4,15,0.39,0.62,19.32
木柵站,2025/04/01 17:00,45,二氧化氮小時值,29.34,3,14,0.41,0.56,18.83
木柵站,2025/04/01 18:00,30,二氧化氮小時值,32.8,9,29,0.41,0.56,12.76
木柵站,2025/04/01 19:00,45,二氧化氮小時值,27.3,12,28,0.46,0.75,18.88
木柵站,2025/04/01 20:00,40,二氧化氮小時值,20.77,12,30,0.41,0.78,16.71
木柵站,2025/04/01 21:00,40,二氧化氮小時值,18.51,16,23,0.45,0.58,16.71
木柵站,2025/04/01 22:00,41,細懸浮微粒,14.82,11,23,0.44,0.42,15.9
木柵站,2025/04/01 23:00,43,細懸浮微粒,20.17,12,23,0.42,0.51,8.92
木柵站,2025/04/02 00:00,44,細懸浮微粒,19.51,13,17,0.36,0.53,10.94
木柵站,2025/04/02 01:00,47,細懸浮微粒,21.34,17,24,0.39,0.55,5.67
木柵站,2025/04/02 02:00,48,細懸浮微粒,25.17,12,18,0.36,0.46,4.19
木柵站,2025/04/02 03:00,50,細懸浮微粒,26.29,12,37,0.35,0.46,3.41
木柵站,2025/04/02 04:00,49,細懸浮微粒,25.52,10,19,0.36,0.4,4
木柵站,2025/04/02 05:00,45,細懸浮微粒,21.89,8,23,0.34,0.42,7.3
木柵站,2025/04/02 06:00,45,細懸浮微粒,18.61,11,23,0.44,0.59,11.62
木柵站,2025/04/02 07:00,45,細懸浮微粒,14.43,12,21,0.46,0.54,16.89
木柵站,2025/04/02 08:00,50,細懸浮微粒,19.98,18,32,0.46,0.63,20.26
木柵站,2025/04/02 09:00,48,細懸浮微粒,34.7,7,27,0.41,0.69,12.68
木柵站,2025/04/02 10:00,48,細懸浮微粒,34.54,10,35,0.41,0.64,18.32
木柵站,2025/04/02 11:00,48,細懸浮微粒,39.78,13,25,0.38,0.98,13.48
木柵站,2025/04/02 12:00,47,懸浮微粒,42.94,11,33,0.39,1.03,10.99
木柵站,2025/04/02 13:00,47,懸浮微粒,45.22,10,25,0.37,0.68,8.59
木柵站,2025/04/02 14:00,46,懸浮微粒,44.11,10,30,0.39,0.74,9.29
木柵站,2025/04/02 15:00,46,懸浮微粒,46.21,7,25,0.38,0.89,9.8
木柵站,2025/04/02 16:00,44,懸浮微粒,43.56,5,23,0.4,1.12,11.08
木柵站,2025/04/02 17:00,46,懸浮微粒,39.46,9,34,0.46,1.57,16.15
木柵站,2025/04/02 18:00,48,懸浮微粒,39.53,12,33,0.5,0.9,14.4
木柵站,2025/04/02 19:00,49,二氧化氮小時值,32.99,7,26,0.51,0.86,20.65
木柵站,2025/04/02 20:00,50,懸浮微粒,39.29,7,33,0.46,0.88,11.63
木柵站,2025/04/02 21:00,47,懸浮微粒,39.56,11,21,0.43,0.8,11.54
木柵站,2025/04/02 22:00,45,懸浮微粒,38.99,9,24,0.4,0.87,11.85
木柵站,2025/04/02 23:00,45,懸浮微粒,41.95,9,25,0.39,0.71,6.88
木柵站,2025/04/03 00:00,42,懸浮微粒,44.95,10,23,0.36,0.77,3.53
木柵站,2025/04/03 01:00,42,懸浮微粒,43.25,8,22,0.34,0.83,3.27
木柵站,2025/04/03 02:00,41,懸浮微粒,40.67,7,24,0.31,0.66,2.76
木柵站,2025/04/03 03:00,40,懸浮微粒,38.36,8,22,0.28,0.7,2.47
木柵站,2025/04/03 04:00,39,懸浮微粒,36.22,5,17,0.27,0.51,2.6
木柵站,2025/04/03 05:00,37,懸浮微粒,31.35,1,18,0.32,0.62,4.11
木柵站,2025/04/03 06:00,36,懸浮微粒,30.84,5,23,0.3,0.72,6.02
木柵站,2025/04/03 07:00,36,懸浮微粒,23.66,11,23,0.38,0.71,14.1
木柵站,2025/04/03 08:00,40,二氧化氮小時值,26.77,11,25,0.3,0.75,16.72
木柵站,2025/04/03 09:00,40,懸浮微粒,33.16,17,30,0.28,0.86,12.12
木柵站,2025/04/03 10:00,43,懸浮微粒,38.16,6,34,0.26,0.63,11.65
木柵站,2025/04/03 11:00,45,懸浮微粒,43.25,7,30,0.26,0.79,6.37
木柵站,2025/04/03 12:00,45,懸浮微粒,47.02,6,24,0.21,0.91,5.68
木柵站,2025/04/03 13:00,46,懸浮微粒,47.22,9,33,0.28,0.83,9.16
木柵站,2025/04/03 14:00,49,懸浮微粒,49.15,11,41,0.29,0.84,9.07
木柵站,2025/04/03 15:00,52,懸浮微粒,49.6,10,41,0.31,0.87,8.72
木柵站,2025/04/03 16:00,54,懸浮微粒,51.25,10,34,0.31,0.95,7.91
木柵站,2025/04/03 17:00,55,懸浮微粒,51.04,9,33,0.34,0.94,9.94
木柵站,2025/04/03 18:00,54,懸浮微粒,53.77,11,31,0.34,0.98,7.69
木柵站,2025/04/03 19:00,53,懸浮微粒,48.68,10,31,0.33,0.87,12.91
木柵站,2025/04/03 20:00,53,懸浮微粒,53.63,10,32,0.29,0.86,8.72
木柵站,2025/04/03 21:00,52,懸浮微粒,55.69,9,30,0.3,0.84,6.21
木柵站,2025/04/03 22:00,53,懸浮微粒,55.27,15,39,0.28,0.89,5.83
木柵站,2025/04/03 23:00,54,懸浮微粒,54.4,12,35,0.27,0.82,4.8
木柵站,2025/04/04 00:00,55,懸浮微粒,56.99,11,36,0.28,0.83,2.92
木柵站,2025/04/04 01:00,57,懸浮微粒,57.49,20,38,0.37,0.9,2.22
木柵站,2025/04/04 02:00,56,懸浮微粒,58.03,11,38,0.37,1.02,2.69
木柵站,2025/04/04 03:00,57,臭氧8小時,58.86,10,39,0.36,0.86,1.76
木柵站,2025/04/04 04:00,59,懸浮微粒,56.69,11,45,0.39,1.09,1.8
木柵站,2025/04/04 05:00,59,臭氧8小時,56.24,17,35,0.39,0.96,3.03
木柵站,2025/04/04 06:00,59,懸浮微粒,53.78,10,39,0.39,1.09,5.8
木柵站,2025/04/04 07:00,60,懸浮微粒,51.64,20,44,0.41,1.16,7.05
木柵站,2025/04/04 08:00,60,懸浮微粒,56.95,14,40,0.36,1.1,3.81
木柵站,2025/04/04 09:00,63,懸浮微粒,59.59,13,49,0.35,0.65,3.27
木柵站,2025/04/04 10:00,63,懸浮微粒,61.03,18,43,0.34,0.71,2.77
木柵站,2025/04/04 11:00,64,懸浮微粒,63.14,20,46,0.33,0.94,2.37
木柵站,2025/04/04 12:00,66,懸浮微粒,66.75,17,48,0.32,0.82,1.91
木柵站,2025/04/04 13:00,69,臭氧8小時,67.45,26,52,0.32,0.83,2.2
木柵站,2025/04/04 14:00,75,臭氧8小時,68.29,21,48,0.34,0.82,1.87
木柵站,2025/04/04 15:00,81,臭氧8小時,69.16,17,43,0.33,0.78,2.08
木柵站,2025/04/04 16:00,86,臭氧8小時,69.85,19,50,0.32,0.73,2.52
木柵站,2025/04/04 17:00,91,臭氧8小時,70.36,17,47,0.33,0.92,2.9
木柵站,2025/04/04 18:00,94,臭氧8小時,70.65,18,50,0.36,0.87,2.87
木柵站,2025/04/04 19:00,97,臭氧8小時,71.05,25,39,0.34,0.71,2.46
木柵站,2025/04/04 20:00,99,臭氧8小時,70.03,24,46,0.34,0.73,2.29
木柵站,2025/04/04 21:00,99,臭氧8小時,68.7,13,39,0.34,0.8,2.11
木柵站,2025/04/04 22:00,99,臭氧8小時,67.49,13,24,0.34,0.95,2.22
木柵站,2025/04/04 23:00,97,臭氧8小時,64.89,11,29,0.37,0.87,2.88
木柵站,2025/04/05 00:00,95,臭氧8小時,63.85,7,31,0.35,0.7,2.84
木柵站,2025/04/05 01:00,93,臭氧8小時,64.72,15,30,0.36,0.9,1.65
木柵站,2025/04/05 02:00,90,臭氧8小時,63.73,18,41,0.38,0.66,2.23
木柵站,2025/04/05 03:00,81,臭氧8小時,48.36,13,41,0.36,0.63,3.47
木柵站,2025/04/05 04:00,71,臭氧8小時,43.87,15,33,0.32,0.68,3.43
木柵站,2025/04/05 05:00,60,臭氧8小時,39.82,15,32,0.34,0.7,3.75
木柵站,2025/04/05 06:00,58,細懸浮微粒,29.63,18,34,0.35,0.62,7.91
木柵站,2025/04/05 07:00,59,細懸浮微粒,23.75,17,31,0.41,0.74,11.07
木柵站,2025/04/05 08:00,60,細懸浮微粒,20.35,20,35,0.45,0.6,15.45
木柵站,2025/04/05 09:00,64,細懸浮微粒,16.19,22,38,0.45,0.65,19.09
木柵站,2025/04/05 10:00,65,細懸浮微粒,26.65,19,43,0.3,0.58,5.72
木柵站,2025/04/05 11:00,68,細懸浮微粒,31.02,22,57,0.43,0.77,14.57
木柵站,2025/04/05 12:00,73,細懸浮微粒,33.55,29,60,0.37,0.85,11.02
木柵站,2025/04/05 13:00,77,細懸浮微粒,37.72,29,54,0.3,0.59,4.97
木柵站,2025/04/05 14:00,80,細懸浮微粒,31.44,25,52,0.33,0.67,7.16
木柵站,2025/04/05 15:00,75,細懸浮微粒,30.53,9,48,0.36,0.81,13.79
木柵站,2025/04/05 16:00,74,細懸浮微粒,27.21,23,40,0.37,0.58,17.79
木柵站,2025/04/05 17:00,72,細懸浮微粒,20.2,21,36,0.42,0.71,19.42
木柵站,2025/04/05 18:00,68,細懸浮微粒,24.18,14,27,0.37,0.68,10.19
木柵站,2025/04/05 19:00,70,細懸浮微粒,35.16,15,28,0.31,0.8,4.96
木柵站,2025/04/05 20:00,67,細懸浮微粒,32.91,16,27,0.33,0.49,6.91
木柵站,2025/04/05 21:00,63,細懸浮微粒,30.31,14,24,0.36,0.84,8.68
木柵站,2025/04/05 22:00,62,細懸浮微粒,31.29,12,22,0.34,0.75,6.79
木柵站,2025/04/05 23:00,62,細懸浮微粒,34.14,16,22,0.32,0.79,6.17
木柵站,2025/04/06 00:00,58,細懸浮微粒,31.37,11,18,0.32,0.89,5.29
木柵站,2025/04/06 01:00,54,細懸浮微粒,28.75,9,17,0.4,1.37,4.58
木柵站,2025/04/06 02:00,50,細懸浮微粒,27.99,7,16,0.39,1.31,4.2
木柵站,2025/04/06 03:00,46,細懸浮微粒,27.03,8,16,0.42,1.47,3.54
木柵站,2025/04/06 04:00,41,細懸浮微粒,25.95,7,13,0.37,1.33,3.48
木柵站,2025/04/06 05:00,38,細懸浮微粒,24.72,8,15,0.42,1.5,4.23
木柵站,2025/04/06 06:00,40,細懸浮微粒,28.86,12,18,0.38,1.5,4.5
木柵站,2025/04/06 07:00,41,細懸浮微粒,28.98,11,20,0.4,1.37,6.04
木柵站,2025/04/06 08:00,41,細懸浮微粒,24.3,9,17,0.42,1.63,9.34
木柵站,2025/04/06 09:00,40,細懸浮微粒,28.28,8,18,0.37,1.38,6.85
木柵站,2025/04/06 10:00,38,細懸浮微粒,29.46,9,24,0.43,1.54,9.58
木柵站,2025/04/06 11:00,36,細懸浮微粒,25.82,10,19,0.41,1.34,10.98
木柵站,2025/04/06 12:00,37,細懸浮微粒,26.58,10,22,0.4,1.5,8.3
木柵站,2025/04/06 13:00,42,細懸浮微粒,20.88,16,23,0.43,1.49,15.33
木柵站,2025/04/06 14:00,48,細懸浮微粒,19.49,17,20,0.47,1.43,17.36
木柵站,2025/04/06 15:00,52,細懸浮微粒,27.21,18,26,0.43,1.42,10.06
木柵站,2025/04/06 16:00,58,細懸浮微粒,33.2,22,36,0.39,1.5,9.5
木柵站,2025/04/06 17:00,59,細懸浮微粒,30.19,15,48,0.38,1.46,9.02
木柵站,2025/04/06 18:00,61,細懸浮微粒,23.25,20,41,0.54,1.5,16.2
木柵站,2025/04/06 19:00,64,細懸浮微粒,19.03,23,42,0.59,1.67,18.97
木柵站,2025/04/06 20:00,64,細懸浮微粒,26.74,19,41,0.55,1.49,12.92
木柵站,2025/04/06 21:00,67,細懸浮微粒,30.5,20,43,0.48,1.75,8.41
木柵站,2025/04/06 22:00,69,細懸浮微粒,30.71,22,53,0.54,1.58,9.5
木柵站,2025/04/06 23:00,71,細懸浮微粒,32.06,23,40,0.49,1.69,7.06
木柵站,2025/04/07 00:00,73,細懸浮微粒,32.15,21,52,0.5,1.62,5.59
木柵站,2025/04/07 01:00,72,細懸浮微粒,34.8,18,46,0.4,0.67,4.21
木柵站,2025/04/07 02:00,74,細懸浮微粒,45.36,25,59,0.39,0.51,3.45
木柵站,2025/04/07 03:00,76,細懸浮微粒,47.94,25,52,0.39,0.52,1.87
木柵站,2025/04/07 04:00,76,細懸浮微粒,43.81,22,56,0.38,0.59,4.37
木柵站,2025/04/07 05:00,81,細懸浮微粒,42.89,27,54,0.41,0.57,4.1
木柵站,2025/04/07 06:00,80,細懸浮微粒,39.71,23,46,0.39,0.49,6.57
木柵站,2025/04/07 07:00,80,細懸浮微粒,35.54,24,49,0.46,0.6,11.67
木柵站,2025/04/07 08:00,83,細懸浮微粒,40.96,27,52,0.4,0.62,13.71
木柵站,2025/04/07 09:00,80,細懸浮微粒,46.6,19,48,0.31,0.75,15.97
木柵站,2025/04/07 10:00,78,細懸浮微粒,45.74,18,51,0.33,0.54,18.72
木柵站,2025/04/07 11:00,77,細懸浮微粒,51.84,22,51,0.3,0.53,10.65
木柵站,2025/04/07 12:00,74,細懸浮微粒,49.47,20,51,0.32,0.61,11.58
木柵站,2025/04/07 13:00,75,細懸浮微粒,49.4,20,51,0.3,0.68,11.43
木柵站,2025/04/07 14:00,74,細懸浮微粒,52.38,18,49,0.26,0.68,5.22
木柵站,2025/04/07 15:00,71,懸浮微粒,50.79,10,39,0.2,0.41,3.28
木柵站,2025/04/07 16:00,68,懸浮微粒,49.37,12,36,0.21,0.47,5.18
木柵站,2025/04/07 17:00,63,懸浮微粒,48.3,10,25,0.22,0.45,5.7
木柵站,2025/04/07 18:00,57,懸浮微粒,48.15,8,18,0.23,0.49,4.6
木柵站,2025/04/07 19:00,55,細懸浮微粒,47.23,17,25,0.24,0.6,5.98
木柵站,2025/04/07 20:00,51,細懸浮微粒,47.5,7,21,0.23,0.47,4.05
木柵站,2025/04/07 21:00,50,懸浮微粒,43.36,9,28,0.28,0.49,7.21
木柵站,2025/04/07 22:00,51,懸浮微粒,41.47,12,30,0.3,0.45,8.99
木柵站,2025/04/07 23:00,51,懸浮微粒,32.88,16,32,0.32,0.53,11.16
木柵站,2025/04/08 00:00,51,懸浮微粒,35.08,11,32,0.31,0.6,5.74
木柵站,2025/04/08 01:00,52,懸浮微粒,26.48,13,38,0.43,2,7.02
木柵站,2025/04/08 02:00,51,懸浮微粒,22.58,11,29,0.43,1.61,6.08
木柵站,2025/04/08 03:00,51,細懸浮微粒,18.27,18,30,0.39,1.58,6.87
木柵站,2025/04/08 04:00,50,懸浮微粒,15.19,8,30,0.38,1.82,10.39
木柵站,2025/04/08 05:00,47,細懸浮微粒,15.07,10,24,0.4,1.91,10.64
木柵站,2025/04/08 06:00,50,細懸浮微粒,8.3,14,32,0.46,2.1,15.4
木柵站,2025/04/08 07:00,48,細懸浮微粒,7.85,15,26,0.48,2.14,17.73
木柵站,2025/04/08 08:00,55,細懸浮微粒,8.87,21,40,0.58,2.18,21.1
木柵站,2025/04/08 09:00,63,細懸浮微粒,26.4,27,55,0.49,1.98,15.62
木柵站,2025/04/08 10:00,67,細懸浮微粒,40.45,22,46,0.47,1.99,10.04
木柵站,2025/04/08 11:00,70,細懸浮微粒,51.15,23,48,0.52,2.02,10.81
木柵站,2025/04/08 12:00,75,細懸浮微粒,68.62,29,54,0.57,2.11,14.97
木柵站,2025/04/08 13:00,79,細懸浮微粒,82.3,32,60,0.68,2.68,17.91
木柵站,2025/04/08 14:00,84,細懸浮微粒,75.29,30,62,0.58,2.87,18.18
木柵站,2025/04/08 15:00,88,細懸浮微粒,68.1,31,54,0.55,2.88,17.55
木柵站,2025/04/08 16:00,87,細懸浮微粒,49.17,21,59,0.6,4.08,32.5
木柵站,2025/04/08 17:00,84,細懸浮微粒,31.4,21,57,0.51,6.52,36.48
木柵站,2025/04/08 18:00,84,細懸浮微粒,24.03,24,53,0.52,4.22,35.03
木柵站,2025/04/08 19:00,81,細懸浮微粒,16.42,22,45,0.53,2.37,28.27
木柵站,2025/04/08 20:00,81,細懸浮微粒,12.19,21,39,0.51,1.57,26.86
木柵站,2025/04/08 21:00,79,細懸浮微粒,13.63,18,31,0.46,1.62,21.41
木柵站,2025/04/08 22:00,72,細懸浮微粒,11.52,8,26,0.43,1.95,19.08
木柵站,2025/04/08 23:00,70,細懸浮微粒,12.7,19,26,0.38,1.85,15.5
木柵站,2025/04/09 00:00,66,細懸浮微粒,13.65,14,22,0.43,1.91,12.66
木柵站,2025/04/09 01:00,63,細懸浮微粒,13.29,14,23,0.45,0.81,10.89
木柵站,2025/04/09 02:00,62,細懸浮微粒,14.0,11,21,0.49,0.78,8.94
木柵站,2025/04/09 03:00,55,細懸浮微粒,11.62,8,22,0.47,0.79,9.29
木柵站,2025/04/09 04:00,56,細懸浮微粒,9.39,17,28,0.48,0.9,9.05
木柵站,2025/04/09 05:00,56,細懸浮微粒,6.4,16,31,0.59,0.72,12.47
木柵站,2025/04/09 06:00,58,細懸浮微粒,5.05,18,32,0.6,0.66,13.88
木柵站,2025/04/09 07:00,63,細懸浮微粒,10.87,24,29,0.55,0.91,12.71
木柵站,2025/04/09 08:00,66,細懸浮微粒,13.72,24,37,0.63,1.09,17.13
木柵站,2025/04/09 09:00,69,細懸浮微粒,31.62,22,39,0.59,1.13,13.86
木柵站,2025/04/09 10:00,73,細懸浮微粒,48.29,24,45,0.65,1.15,12.79
木柵站,2025/04/09 11:00,70,細懸浮微粒,58.25,17,41,0.6,1.19,11.13
木柵站,2025/04/09 12:00,73,細懸浮微粒,65.16,27,47,0.59,1.07,9.68
木柵站,2025/04/09 13:00,76,細懸浮微粒,73.58,27,44,0.64,1.33,14.52
木柵站,2025/04/09 14:00,75,細懸浮微粒,68.34,19,40,0.57,1.04,7.74
木柵站,2025/04/09 15:00,82,細懸浮微粒,73.6,29,54,0.64,1.5,17.27
木柵站,2025/04/09 16:00,84,細懸浮微粒,53.11,30,60,0.68,1.7,35.69
木柵站,2025/04/09 17:00,79,細懸浮微粒,32.43,14,33,0.54,0.95,19.2
木柵站,2025/04/09 18:00,77,細懸浮微粒,19.77,13,28,0.6,1.04,26.47
木柵站,2025/04/09 19:00,69,細懸浮微粒,24.79,11,22,0.47,1.06,11.69
木柵站,2025/04/09 20:00,60,細懸浮微粒,21.77,10,20,0.43,0.9,10.27
木柵站,2025/04/09 21:00,58,細懸浮微粒,19.3,10,22,0.43,0.77,9.98
木柵站,2025/04/09 22:00,60,細懸浮微粒,10.18,21,32,0.51,1.02,16.63
木柵站,2025/04/09 23:00,64,細懸浮微粒,7.34,21,38,0.55,0.56,15.67
木柵站,2025/04/10 00:00,67,細懸浮微粒,9.06,20,38,0.54,0.72,12.32
木柵站,2025/04/10 01:00,65,細懸浮微粒,39.96,11,14,0.31,0.64,4.64
木柵站,2025/04/10 02:00,60,細懸浮微粒,41.5,10,12,0.33,0.7,3.35
木柵站,2025/04/10 03:00,52,細懸浮微粒,36.0,5,14,0.3,0.52,3.49
木柵站,2025/04/10 04:00,41,細懸浮微粒,29.87,5,15,0.29,0.81,4.22
木柵站,2025/04/10 05:00,37,細懸浮微粒,27.42,6,9,0.33,0.76,4.7
木柵站,2025/04/10 06:00,33,細懸浮微粒,22.29,5,19,0.38,0.72,10.18
木柵站,2025/04/10 07:00,34,細懸浮微粒,16.93,8,18,0.37,0.7,12.26
木柵站,2025/04/10 08:00,36,二氧化氮小時值,21.66,9,16,0.44,0.7,15.22
木柵站,2025/04/10 09:00,39,細懸浮微粒,22.37,11,20,0.45,0.88,15.37
木柵站,2025/04/10 10:00,49,二氧化氮小時值,28.02,9,12,0.53,0.64,20.51
木柵站,2025/04/10 11:00,32,二氧化氮小時值,38.62,1,8,0.42,0.7,13.42
木柵站,2025/04/10 12:00,42,二氧化氮小時值,36.78,1,5,0.51,0.75,17.59
木柵站,2025/04/10 13:00,45,二氧化氮小時值,34.66,7,12,0.51,0.8,19.03
木柵站,2025/04/10 14:00,26,臭氧8小時,41.79,9,15,-,-,-
木柵站,2025/04/10 15:00,30,臭氧8小時,41.02,10,18,-,-,-
木柵站,2025/04/10 16:00,52,二氧化氮小時值,26.95,22,28,0.55,0.78,24.75
木柵站,2025/04/10 17:00,51,二氧化氮小時值,21.87,18,31,0.53,0.98,22.34
木柵站,2025/04/10 18:00,52,細懸浮微粒,27.73,16,31,0.53,0.78,15.7
木柵站,2025/04/10 19:00,60,細懸浮微粒,21.93,26,34,0.55,0.7,17.96
木柵站,2025/04/10 20:00,61,細懸浮微粒,16.37,21,32,0.61,0.82,17.99
木柵站,2025/04/10 21:00,62,細懸浮微粒,13.28,17,37,0.62,0.73,19.04
木柵站,2025/04/10 22:00,66,細懸浮微粒,9.84,23,35,0.6,0.83,16.77
木柵站,2025/04/10 23:00,64,細懸浮微粒,9.2,17,29,0.59,0.79,11.87
木柵站,2025/04/11 00:00,63,細懸浮微粒,10.41,14,26,0.54,0.69,10.07
木柵站,2025/04/11 01:00,63,細懸浮微粒,12.09,14,26,0.45,0.68,5.75
木柵站,2025/04/11 02:00,62,細懸浮微粒,10.64,16,24,0.47,0.59,5.52
木柵站,2025/04/11 03:00,60,細懸浮微粒,8.17,12,22,0.42,0.87,4.91
木柵站,2025/04/11 04:00,58,細懸浮微粒,6.85,12,26,0.39,0.82,5.68
木柵站,2025/04/11 05:00,57,細懸浮微粒,5.06,12,25,0.44,0.75,8.24
木柵站,2025/04/11 06:00,57,細懸浮微粒,3.75,17,28,0.46,0.9,10.76
木柵站,2025/04/11 07:00,57,細懸浮微粒,10.03,14,23,0.47,0.83,10.1
木柵站,2025/04/11 08:00,56,細懸浮微粒,17.46,13,18,0.49,0.73,8
木柵站,2025/04/11 09:00,59,細懸浮微粒,26.23,20,26,0.47,0.68,9.97
木柵站,2025/04/11 10:00,58,細懸浮微粒,36.17,16,31,0.45,0.89,8.64
木柵站,2025/04/11 11:00,59,細懸浮微粒,40.9,17,23,0.45,0.81,7.98
木柵站,2025/04/11 12:00,57,細懸浮微粒,43.01,9,22,0.5,0.75,7.22
木柵站,2025/04/11 13:00,54,細懸浮微粒,45.92,11,28,0.41,0.66,4.14
木柵站,2025/04/11 14:00,51,細懸浮微粒,44.99,10,20,0.39,0.64,4.59
木柵站,2025/04/11 15:00,45,細懸浮微粒,43.5,7,22,0.32,0.72,5.77
木柵站,2025/04/11 16:00,45,細懸浮微粒,42.99,9,20,0.32,0.38,5.53
木柵站,2025/04/11 17:00,43,細懸浮微粒,41.57,8,17,0.33,0.5,6.06
木柵站,2025/04/11 18:00,41,細懸浮微粒,38.01,9,18,0.36,0.6,9.7
木柵站,2025/04/11 19:00,42,細懸浮微粒,28.34,11,25,0.44,0.46,16.72
木柵站,2025/04/11 20:00,42,細懸浮微粒,30.24,10,22,0.39,0.63,10.82
木柵站,2025/04/11 21:00,41,細懸浮微粒,19.61,9,24,0.41,0.46,12.76
木柵站,2025/04/11 22:00,38,懸浮微粒,13.92,5,23,0.42,0.6,13.75
木柵站,2025/04/11 23:00,39,懸浮微粒,10.06,3,27,0.45,0.67,14.93
木柵站,2025/04/12 00:00,39,懸浮微粒,9.03,6,22,0.46,0.77,15.6
木柵站,2025/04/12 01:00,39,懸浮微粒,9.92,8,25,0.44,0.57,10.96
木柵站,2025/04/12 02:00,38,懸浮微粒,9.81,6,20,0.5,0.56,8.24
木柵站,2025/04/12 03:00,38,懸浮微粒,12.37,8,24,0.39,0.62,5.32
木柵站,2025/04/12 04:00,38,懸浮微粒,8.88,8,22,0.43,0.52,6.64
木柵站,2025/04/12 05:00,38,懸浮微粒,6.14,6,23,0.49,0.79,9.66
木柵站,2025/04/12 06:00,41,懸浮微粒,3.66,10,30,0.5,0.82,10.84
木柵站,2025/04/12 07:00,39,懸浮微粒,11.99,9,17,0.51,0.87,10.71
木柵站,2025/04/12 08:00,39,懸浮微粒,20.47,10,24,0.45,0.45,7.26
木柵站,2025/04/12 09:00,38,懸浮微粒,22.75,11,20,0.5,0.37,9.85
木柵站,2025/04/12 10:00,38,懸浮微粒,24.62,11,26,0.67,0.56,15.42
木柵站,2025/04/12 11:00,43,細懸浮微粒,28.26,16,31,0.59,0.83,15.33
木柵站,2025/04/12 12:00,49,細懸浮微粒,32.0,18,30,0.53,0.98,16.05
木柵站,2025/04/12 13:00,52,細懸浮微粒,35.06,17,29,0.59,1.3,15.08
木柵站,2025/04/12 14:00,55,細懸浮微粒,35.86,17,33,0.58,1.64,20.25
木柵站,2025/04/12 15:00,60,細懸浮微粒,49.54,24,42,0.58,1.21,10.02
木柵站,2025/04/12 16:00,59,細懸浮微粒,38.31,12,28,0.51,0.86,8.31
木柵站,2025/04/12 17:00,57,細懸浮微粒,28.58,11,32,0.55,0.84,14.15
木柵站,2025/04/12 18:00,55,細懸浮微粒,13.81,11,31,0.56,0.82,16.35
木柵站,2025/04/12 19:00,51,細懸浮微粒,10.81,12,31,0.52,0.85,14.35
木柵站,2025/04/12 20:00,53,細懸浮微粒,14.35,16,33,0.49,0.73,10.42
木柵站,2025/04/12 21:00,52,細懸浮微粒,18.03,9,31,0.42,0.6,8.74
木柵站,2025/04/12 22:00,49,細懸浮微粒,31.88,5,9,0.38,0.77,4.52
木柵站,2025/04/12 23:00,41,細懸浮微粒,37.25,1,7,0.33,0.59,3.87
木柵站,2025/04/13 00:00,39,懸浮微粒,36.14,7,27,0.31,0.87,3.38
木柵站,2025/04/13 01:00,38,懸浮微粒,36.23,11,29,0.34,0.55,2.74
木柵站,2025/04/13 02:00,44,懸浮微粒,34.82,-,37,0.35,0.71,2.81
木柵站,2025/04/13 03:00,52,懸浮微粒,33.19,-,48,0.31,0.68,2.19
木柵站,2025/04/13 04:00,59,懸浮微粒,40.62,-,66,0.28,0.45,1.92
木柵站,2025/04/13 05:00,73,懸浮微粒,37.02,1,103,0.35,0.56,2.09
木柵站,2025/04/13 06:00,97,懸浮微粒,31.3,1,164,0.34,0.65,5.03
木柵站,2025/04/13 07:00,110,懸浮微粒,31.92,42,194,0.42,0.63,7.61
木柵站,2025/04/13 08:00,118,懸浮微粒,32.19,35,169,0.44,1.02,12.45
木柵站,2025/04/13 09:00,123,懸浮微粒,32.32,27,155,0.49,0.82,13.75
木柵站,2025/04/13 10:00,122,懸浮微粒,36.6,30,119,0.49,0.88,13.24
木柵站,2025/04/13 11:00,122,懸浮微粒,40.62,31,141,0.54,0.77,9.47
木柵站,2025/04/13 12:00,120,懸浮微粒,41.13,23,113,0.57,1,9.52
木柵站,2025/04/13 13:00,119,懸浮微粒,43.04,13,108,0.58,0.87,9.17
木柵站,2025/04/13 14:00,120,懸浮微粒,42.68,20,111,0.62,0.95,10.55
木柵站,2025/04/13 15:00,119,懸浮微粒,42.37,24,109,0.61,0.85,10.6
木柵站,2025/04/13 16:00,120,懸浮微粒,39.73,26,108,0.63,1.18,13.32
木柵站,2025/04/13 17:00,120,懸浮微粒,34.4,14,106,0.63,0.87,12.3
木柵站,2025/04/13 18:00,116,懸浮微粒,29.25,14,76,0.58,0.66,6.51
木柵站,2025/04/13 19:00,113,懸浮微粒,25.65,23,83,0.65,0.71,11.26
木柵站,2025/04/13 20:00,110,懸浮微粒,19.56,21,82,0.62,0.76,14.07
木柵站,2025/04/13 21:00,107,懸浮微粒,18.43,26,82,0.64,0.54,12.95
木柵站,2025/04/13 22:00,106,懸浮微粒,17.16,17,65,0.6,0.56,13.17
木柵站,2025/04/13 23:00,104,懸浮微粒,21.08,19,73,0.55,0.59,7.43
木柵站,2025/04/14 00:00,102,懸浮微粒,20.06,18,67,0.57,0.33,6.8
木柵站,2025/04/14 01:00,99,懸浮微粒,19.27,13,52,0.37,0.69,5.03
木柵站,2025/04/14 02:00,94,懸浮微粒,15.86,12,49,0.35,0.59,4.98
木柵站,2025/04/14 03:00,86,懸浮微粒,14.25,11,36,0.3,0.68,3.83
木柵站,2025/04/14 04:00,79,懸浮微粒,11.2,11,40,0.36,0.68,3.88
木柵站,2025/04/14 05:00,72,懸浮微粒,8.37,12,31,0.34,0.62,5.2
木柵站,2025/04/14 06:00,67,懸浮微粒,5.07,11,27,0.34,0.79,9.64
木柵站,2025/04/14 07:00,66,懸浮微粒,8.57,15,40,0.42,0.82,11.93
木柵站,2025/04/14 08:00,63,懸浮微粒,16.01,13,37,0.42,0.83,13.57
木柵站,2025/04/14 09:00,61,懸浮微粒,28.83,13,33,0.39,0.85,11.54
木柵站,2025/04/14 10:00,62,懸浮微粒,38.51,17,42,0.43,1.13,15.38
木柵站,2025/04/14 11:00,61,懸浮微粒,49.43,19,40,0.36,1.17,13.18
木柵站,2025/04/14 12:00,65,懸浮微粒,61.38,27,68,0.36,1.72,12.94
木柵站,2025/04/14 13:00,73,懸浮微粒,67.88,24,79,0.33,1.68,10.29
木柵站,2025/04/14 14:00,81,懸浮微粒,70.83,25,88,0.31,1.54,10.91
木柵站,2025/04/14 15:00,92,懸浮微粒,73.71,31,100,0.33,1.79,12.12
木柵站,2025/04/14 16:00,100,懸浮微粒,68.37,31,107,0.33,1.46,13.75
木柵站,2025/04/14 17:00,103,懸浮微粒,62.03,27,101,0.35,1.45,16.33
木柵站,2025/04/14 18:00,105,懸浮微粒,41.71,26,98,0.36,0.77,23.1
木柵站,2025/04/14 19:00,105,懸浮微粒,36.24,30,91,0.34,0.81,19.39
木柵站,2025/04/14 20:00,105,懸浮微粒,30.28,27,84,0.38,0.69,18.81
木柵站,2025/04/17 01:00,11,二氧化氮小時值,20.99,22,-,0.33,0.16,4.78
木柵站,2025/04/17 02:00,9,二氧化氮小時值,19.26,18,-,0.28,0.29,3.98
木柵站,2025/04/17 03:00,68,二氧化硫小時值,13.78,21,-,0.31,28.5,7.11
木柵站,2025/04/17 04:00,21,二氧化氮小時值,11.17,20,-,0.32,-,8.87
木柵站,2025/04/17 05:00,24,二氧化氮小時值,9.32,14,18.9,0.37,-,10.12
木柵站,2025/04/17 06:00,67,細懸浮微粒,10.95,18,25,0.34,-,11.28
木柵站,2025/04/17 07:00,64,細懸浮微粒,14.99,14,18.9,0.37,-,12.56
木柵站,2025/04/17 08:00,63,細懸浮微粒,20.33,18,25,0.4,-,12.9
木柵站,2025/04/17 09:00,63,細懸浮微粒,29.6,16,21.9,0.37,-,13.44
木柵站,2025/04/17 10:00,66,細懸浮微粒,48.85,23,32.7,0.4,-,13.2
木柵站,2025/04/17 11:00,72,細懸浮微粒,59.12,28,40.4,0.39,-,8.56
木柵站,2025/04/17 12:00,74,細懸浮微粒,62.49,22,31.2,0.49,-,20.05
木柵站,2025/04/17 13:00,80,細懸浮微粒,72.49,32,46.6,0.5,-,16.78
木柵站,2025/04/17 14:00,85,細懸浮微粒,54.77,33,80.8,0.44,4.39,28.69
木柵站,2025/04/17 15:00,84,細懸浮微粒,53.4,24,58,0.42,5.09,24.77
木柵站,2025/04/17 16:00,88,細懸浮微粒,53.5,30,73.2,0.45,3.12,25.49
木柵站,2025/04/17 17:00,87,細懸浮微粒,43.18,25,60.5,0.5,3.18,29.01
木柵站,2025/04/17 18:00,84,細懸浮微粒,29.57,22,53,0.5,1.81,29.94
木柵站,2025/04/17 19:00,84,細懸浮微粒,34.24,22,53,0.38,0.11,16.36
木柵站,2025/04/17 20:00,82,細懸浮微粒,21.08,23,55.5,0.42,-,21.97
木柵站,2025/04/17 21:00,80,細懸浮微粒,20.0,17,40,0.4,0.3,16.8
木柵站,2025/04/17 22:00,79,細懸浮微粒,17.0,20,48,0.4,0.2,16.6
木柵站,2025/04/17 23:00,76,細懸浮微粒,18.7,17,40,0.4,-,12.9
木柵站,2025/04/18 00:00,76,細懸浮微粒,16.9,24,58,0.3,-,9
木柵站,2025/04/18 01:00,73,細懸浮微粒,15.1,15,35,0.3,1.9,7.5
木柵站,2025/04/18 02:00,69,細懸浮微粒,15.6,13,30,0.2,1.7,5.2
木柵站,2025/04/18 03:00,66,細懸浮微粒,14.4,12,28,0.2,1,6.5
木柵站,2025/04/18 04:00,63,細懸浮微粒,16.0,19,45,0.2,1.1,3.8
木柵站,2025/04/18 05:00,59,細懸浮微粒,14.6,10,23,0.2,1.2,5.7
木柵站,2025/04/18 06:00,58,細懸浮微粒,11.1,12,28,0.3,0.8,10.2
木柵站,2025/04/18 07:00,57,細懸浮微粒,16.6,13,30,0.3,0.8,11.8
木柵站,2025/04/18 08:00,53,細懸浮微粒,21.0,12,28,0.3,0.8,14.9
木柵站,2025/04/18 09:00,56,細懸浮微粒,36.9,18,43,0.4,0.7,10.9
木柵站,2025/04/18 10:00,60,細懸浮微粒,44.6,23,55,0.5,0.4,13.4
木柵站,2025/04/18 11:00,62,細懸浮微粒,55.1,18,43,0.4,0.1,9.6
木柵站,2025/04/18 12:00,66,細懸浮微粒,55.3,23,55,0.5,-,16.2
木柵站,2025/04/18 13:00,70,細懸浮微粒,63.5,27,66,0.5,0.3,15.8
木柵站,2025/04/18 14:00,76,細懸浮微粒,40.9,32,78,-,-,-
木柵站,2025/04/18 15:00,102,細懸浮微粒,28.3,75,-,0.4,1.4,16.5
木柵站,2025/04/18 17:00,123,細懸浮微粒,26.2,-,-,0.3,0.9,13.3
木柵站,2025/04/18 18:00,39,臭氧8小時,28.7,-,-,0.3,0.5,9.8
木柵站,2025/04/18 19:00,37,臭氧8小時,33.6,-,-,0.2,0.3,4.2
木柵站,2025/04/18 20:00,34,臭氧8小時,33.0,-,-,0.2,-,3.6
木柵站,2025/04/18 21:00,29,臭氧8小時,30.1,-,-,0.2,0.4,5
木柵站,2025/04/18 22:00,28,二氧化氮小時值,18.5,-,-,0.3,0.6,11.6
木柵站,2025/04/18 23:00,25,臭氧8小時,17.0,-,-,0.2,0.6,9.1
木柵站,2025/04/19 00:00,25,二氧化氮小時值,13.0,-,-,0.3,1,10.6
木柵站,2025/04/19 01:00,29,二氧化硫小時值,10.3,-,-,0.4,4.6,10.8
木柵站,2025/04/19 02:00,27,二氧化硫小時值,10.4,-,-,0.4,4.3,8.2
木柵站,2025/04/19 03:00,26,二氧化硫小時值,8.2,-,-,0.4,4.1,7.6
木柵站,2025/04/19 04:00,25,二氧化氮小時值,3.8,-,-,0.4,3.7,10.3
木柵站,2025/04/19 05:00,25,二氧化氮小時值,3.3,-,-,0.4,3.7,10.4
木柵站,2025/04/19 06:00,24,二氧化硫小時值,5.3,-,-,0.4,3.8,7.9
木柵站,2025/04/19 07:00,24,二氧化氮小時值,6.9,-,-,0.5,3.6,10
木柵站,2025/04/19 08:00,33,二氧化氮小時值,12.7,-,-,0.5,3.4,13.8
木柵站,2025/04/19 09:00,24,二氧化氮小時值,27.3,-,-,0.5,1.9,10.2
木柵站,2025/04/19 10:00,15,二氧化氮小時值,36.2,-,-,0.4,1.2,6.3
木柵站,2025/04/19 11:00,16,臭氧8小時,42.0,-,-,0.5,1,6.4
木柵站,2025/04/19 12:00,22,臭氧8小時,53.5,-,-,0.5,0.9,6.7
木柵站,2025/04/19 13:00,28,臭氧8小時,60.1,-,-,0.6,0.9,9.6
木柵站,2025/04/19 14:00,34,臭氧8小時,54.4,-,-,0.6,0.9,12.5
木柵站,2025/04/19 15:00,39,二氧化氮小時值,47.1,-,-,0.5,0.8,16.5
木柵站,2025/04/19 16:00,50,二氧化氮小時值,37.8,-,-,0.5,3,21.5
木柵站,2025/04/19 17:00,53,二氧化氮小時值,29.7,-,-,0.5,2.7,25.1
木柵站,2025/04/19 18:00,50,二氧化氮小時值,27.1,-,-,0.5,1.6,21.5
木柵站,2025/04/19 19:00,39,臭氧8小時,29.2,-,-,0.4,0.8,16.3
木柵站,2025/04/19 20:00,36,臭氧8小時,23.8,-,-,0.4,0.5,14.7
木柵站,2025/04/19 21:00,31,二氧化氮小時值,16.6,-,-,0.5,0.4,13.2
木柵站,2025/04/19 22:00,27,臭氧8小時,18.9,-,-,0.4,0.4,10.3
木柵站,2025/04/19 23:00,25,臭氧8小時,32.6,-,-,0.2,0.4,4
木柵站,2025/04/20 00:00,25,臭氧8小時,34.5,-,-,0.3,0.7,3.3
木柵站,2025/04/20 01:00,24,臭氧8小時,27.6,-,-,0.3,3.2,2.2
木柵站,2025/04/20 02:00,24,臭氧8小時,24.4,-,-,0.3,2.8,3.1
木柵站,2025/04/20 03:00,23,臭氧8小時,19.1,-,-,0.3,2.7,3.4
木柵站,2025/04/20 04:00,22,臭氧8小時,16.5,-,-,0.3,2.7,4.6
木柵站,2025/04/20 05:00,21,臭氧8小時,12.1,-,-,0.4,2.4,5.8
木柵站,2025/04/20 06:00,20,臭氧8小時,10.2,-,-,0.4,2.2,6.9
木柵站,2025/04/20 07:00,22,二氧化氮小時值,8.1,-,-,0.4,2.2,9.4
木柵站,2025/04/20 08:00,25,二氧化氮小時值,8.7,-,-,0.4,2.1,10.7
木柵站,2025/04/20 09:00,20,二氧化氮小時值,12.8,-,-,0.5,2,8.6
木柵站,2025/04/20 10:00,16,二氧化氮小時值,17.1,-,-,0.5,1.6,6.8
木柵站,2025/04/20 11:00,15,二氧化氮小時值,19.9,-,-,0.4,1.8,6.1
木柵站,2025/04/20 12:00,17,二氧化氮小時值,22.9,-,-,0.5,1.4,7
木柵站,2025/04/20 13:00,15,臭氧8小時,26.8,-,-,0.5,1.2,6
木柵站,2025/04/20 14:00,20,二氧化氮小時值,20.3,-,-,0.5,1,8.6
木柵站,2025/04/20 15:00,21,二氧化氮小時值,17.7,-,-,0.5,0.8,9
木柵站,2025/04/20 16:00,20,二氧化氮小時值,14.5,-,-,0.4,0.8,8.4
木柵站,2025/04/20 17:00,18,二氧化氮小時值,15.8,-,-,0.4,0.6,7.7
木柵站,2025/04/20 18:00,18,二氧化氮小時值,12.1,-,-,0.4,0.6,7.5
木柵站,2025/04/20 19:00,16,臭氧8小時,9.7,-,-,0.3,0.5,6.2
木柵站,2025/04/20 20:00,23,二氧化氮小時值,5.0,-,-,0.4,0.6,9.7
木柵站,2025/04/20 21:00,22,二氧化氮小時值,3.7,-,-,0.4,0.5,9.3
木柵站,2025/04/20 22:00,20,二氧化氮小時值,3.2,-,-,0.4,0.4,8.3
木柵站,2025/04/20 23:00,19,二氧化氮小時值,3.4,-,-,0.3,0.4,7.9
木柵站,2025/04/21 00:00,16,二氧化氮小時值,4.2,-,-,0.4,0.4,6.7
木柵站,2025/04/21 01:00,14,二氧化硫小時值,5.2,-,-,0.3,2.2,5.3
木柵站,2025/04/21 02:00,14,二氧化硫小時值,6.9,-,-,0.3,2.3,4.1
木柵站,2025/04/21 03:00,9,二氧化硫小時值,6.4,-,-,0.3,1.5,3.1
木柵站,2025/04/21 04:00,11,二氧化硫小時值,5.7,-,-,0.3,1.8,4.4
木柵站,2025/04/21 05:00,11,二氧化硫小時值,7.5,-,-,0.3,1.7,4.2
木柵站,2025/04/21 06:00,16,二氧化氮小時值,4.2,-,-,0.4,1.7,6.6
木柵站,2025/04/21 07:00,21,二氧化氮小時值,5.3,-,-,0.3,1.5,8.7
木柵站,2025/04/21 08:00,33,二氧化氮小時值,6.0,-,-,0.5,1.5,13.8
木柵站,2025/04/21 09:00,29,二氧化氮小時值,12.5,-,-,0.5,1.4,12.2
木柵站,2025/04/21 10:00,21,二氧化氮小時值,22.7,-,-,0.5,1.4,8.9
木柵站,2025/04/21 11:00,18,二氧化氮小時值,34.2,-,-,0.5,1,7.7
木柵站,2025/04/21 12:00,18,二氧化氮小時值,48.9,-,-,0.6,0.9,7.7
木柵站,2025/04/21 13:00,18,臭氧8小時,51.6,-,-,-,-,-
木柵站,2025/04/21 14:00,33,二氧化硫小時值,61.7,-,-,0.6,5.3,13.7
木柵站,2025/04/21 15:00,77,二氧化硫小時值,50.9,-,-,0.6,38.7,16.8
木柵站,2025/04/21 16:00,49,二氧化氮小時值,38.9,28,52,0.6,2.7,20.6
木柵站,2025/04/21 17:00,52,二氧化氮小時值,31.3,33,52,0.7,2.6,23.8
木柵站,2025/04/21 18:00,51,二氧化氮小時值,23.0,23,43,0.7,2.4,22.1
木柵站,2025/04/21 19:00,44,二氧化氮小時值,12.8,26,48,0.6,2.4,18.4
木柵站,2025/04/21 20:00,41,二氧化氮小時值,8.5,30,49,0.6,2,17.3
木柵站,2025/04/21 21:00,92,細懸浮微粒,6.4,29,45,0.6,2,17.6
木柵站,2025/04/21 22:00,91,細懸浮微粒,6.5,23,45,0.6,1.8,15.2
木柵站,2025/04/21 23:00,88,細懸浮微粒,6.3,21,41,0.5,1.9,12.1
木柵站,2025/04/22 00:00,83,細懸浮微粒,6.5,19,39,0.4,1.9,8.4
木柵站,2025/04/22 01:00,77,細懸浮微粒,6.7,16,38,0.4,1.8,7.2
木柵站,2025/04/22 02:00,76,細懸浮微粒,6.6,20,34,0.4,2.1,6.4
木柵站,2025/04/22 03:00,72,細懸浮微粒,6.3,13,32,0.3,1.8,4.2
木柵站,2025/04/22 04:00,69,細懸浮微粒,4.7,16,40,0.3,1.8,4.7
木柵站,2025/04/22 05:00,65,細懸浮微粒,2.0,11,35,0.4,1.3,8.6
木柵站,2025/04/22 06:00,60,細懸浮微粒,4.9,9,23,0.4,1.5,5.6
木柵站,2025/04/22 07:00,57,細懸浮微粒,7.6,11,28,0.4,1.5,7.6
木柵站,2025/04/22 08:00,53,細懸浮微粒,13.9,10,29,0.47,1.2,10.2
木柵站,2025/04/22 09:00,50,懸浮微粒,24.8,8,26,0.44,1.5,9.5
木柵站,2025/04/22 10:00,50,懸浮微粒,37.6,8,27,0.48,0.9,7.1
木柵站,2025/04/22 11:00,48,懸浮微粒,49.0,8,23,0.51,0.9,7.2
木柵站,2025/04/22 12:00,49,懸浮微粒,60.7,12,36,0.53,1.2,9.9
木柵站,2025/04/22 13:00,51,懸浮微粒,59.5,15,37,0.5,1.3,8.5
木柵站,2025/04/22 14:00,52,懸浮微粒,52.0,12,34,0.46,0.9,9.1
木柵站,2025/04/22 15:00,55,懸浮微粒,48.5,14,41,0.45,0.9,8.7
木柵站,2025/04/22 16:00,55,懸浮微粒,43.2,15,37,0.46,1,11.9
木柵站,2025/04/22 17:00,54,懸浮微粒,32.7,12,35,0.56,1,14.1
木柵站,2025/04/22 18:00,55,懸浮微粒,26.0,13,35,0.66,0.7,16.8
木柵站,2025/04/22 19:00,54,懸浮微粒,15.7,16,32,0.48,0.5,19.8
木柵站,2025/04/22 20:00,54,懸浮微粒,14.5,11,34,0.51,0.6,16.2
木柵站,2025/04/22 21:00,53,懸浮微粒,16.0,11,28,0.4,0.6,13
木柵站,2025/04/22 22:00,51,懸浮微粒,14.2,12,22,0.39,0.5,13.5
木柵站,2025/04/22 23:00,50,懸浮微粒,12.4,10,25,0.32,0.5,11.2
木柵站,2025/04/23 00:00,49,懸浮微粒,12.0,11,29,0.3,0.7,8
木柵站,2025/04/23 01:00,50,細懸浮微粒,8.1,16,29,0.29,2.2,8.1
木柵站,2025/04/23 02:00,51,細懸浮微粒,8.0,14,30,0.27,2.2,7.9
木柵站,2025/04/23 03:00,51,細懸浮微粒,7.4,10,30,0.25,2.4,6.4
木柵站,2025/04/23 04:00,50,懸浮微粒,4.8,11,33,0.27,2.1,8
木柵站,2025/04/23 05:00,49,細懸浮微粒,4.8,13,24,0.25,2,5.8
木柵站,2025/04/23 06:00,47,懸浮微粒,3.7,10,24,0.28,2.2,7.3
木柵站,2025/04/23 07:00,44,細懸浮微粒,11.3,8,19,0.31,2.5,11.5
木柵站,2025/04/23 08:00,41,細懸浮微粒,22.1,6,4,0.29,1.8,11
木柵站,2025/04/23 09:00,35,細懸浮微粒,24.6,4,7,0.23,1.7,10.1
木柵站,2025/04/23 10:00,30,細懸浮微粒,28.8,3,8,0.27,1.2,8.8
木柵站,2025/04/23 11:00,33,二氧化氮小時值,33.2,1,10,0.46,2.3,13.8
木柵站,2025/04/23 12:00,26,二氧化氮小時值,37.6,2,18,0.47,1.6,11
木柵站,2025/04/23 13:00,23,臭氧8小時,40.8,2,5,0.4,1.7,7.8
木柵站,2025/04/23 14:00,28,臭氧8小時,44.9,1,19,0.48,1.1,8.4
木柵站,2025/04/23 15:00,32,臭氧8小時,41.1,5,17,0.43,1.4,12.7
木柵站,2025/04/23 16:00,34,臭氧8小時,40.7,11,36,0.41,2.5,13.7
木柵站,2025/04/23 17:00,35,臭氧8小時,38.2,13,31,0.42,2.1,14.5
木柵站,2025/04/23 18:00,36,二氧化氮小時值,35.4,17,23,0.61,1.7,15.2
木柵站,2025/04/23 19:00,37,懸浮微粒,37.0,6,22,0.35,1.5,11.1
木柵站,2025/04/23 20:00,40,懸浮微粒,42.3,10,38,0.31,1.2,8.7
木柵站,2025/04/23 21:00,42,懸浮微粒,43.6,11,33,0.27,1.7,7.3
木柵站,2025/04/23 22:00,47,懸浮微粒,39.2,15,36,0.26,1.2,8.5
木柵站,2025/04/23 23:00,45,懸浮微粒,42.6,1,12,0.26,0.7,5.1
木柵站,2025/04/24 00:00,42,懸浮微粒,42.3,6,21,0.2,0.8,3.3
木柵站,2025/04/24 01:00,38,懸浮微粒,40.1,6,13,0.21,3,2.1
木柵站,2025/04/24 02:00,38,臭氧8小時,42.3,8,20,0.19,2.2,1.4
木柵站,2025/04/24 03:00,39,臭氧8小時,41.3,5,16,0.19,2,1.7
木柵站,2025/04/24 04:00,38,臭氧8小時,37.9,1,23,0.19,2.3,1.6
木柵站,2025/04/24 05:00,37,臭氧8小時,32.1,8,16,0.2,2.4,7.9
木柵站,2025/04/24 06:00,35,臭氧8小時,28.0,7,6,0.24,1.9,10.1
木柵站,2025/04/24 07:00,34,臭氧8小時,28.1,6,10,0.3,1.8,13.5
木柵站,2025/04/24 08:00,33,臭氧8小時,34.5,7,12,0.28,2.2,9.4
木柵站,2025/04/24 09:00,37,二氧化氮小時值,28.4,4,12,0.33,2.7,15.6
木柵站,2025/04/24 10:00,39,二氧化氮小時值,27.5,5,12,0.33,2.6,16.5
木柵站,2025/04/24 11:00,44,二氧化氮小時值,24.9,5,11,0.34,2.5,18.6
木柵站,2025/04/24 12:00,43,二氧化氮小時值,24.4,3,9,0.34,2.6,17.9
木柵站,2025/04/24 13:00,43,二氧化氮小時值,28.0,6,10,0.31,2.4,18
木柵站,2025/04/24 14:00,41,二氧化氮小時值,30.8,3,7,0.26,2.3,17.4
木柵站,2025/04/24 15:00,36,二氧化氮小時值,33.8,4,9,0.23,1.3,15.3
木柵站,2025/04/24 16:00,45,二氧化氮小時值,30.6,5,14,0.28,1.4,19.1
木柵站,2025/04/24 17:00,38,二氧化氮小時值,30.1,7,10,0.3,1.3,16.1
木柵站,2025/04/24 18:00,37,二氧化氮小時值,30.4,4,8,0.26,1.3,15.4
木柵站,2025/04/24 19:00,39,二氧化氮小時值,26.7,2,11,0.3,1.8,16.5
木柵站,2025/04/24 20:00,45,二氧化氮小時值,22.2,3,28,0.34,1.8,18.8
木柵站,2025/04/24 21:00,35,二氧化氮小時值,23.5,5,29,0.3,1.7,14.5
木柵站,2025/04/24 22:00,38,二氧化氮小時值,25.2,4,29,0.3,1.9,16.1
木柵站,2025/04/24 23:00,34,懸浮微粒,30.1,4,18,0.24,2.1,7.9
木柵站,2025/04/25 00:00,32,懸浮微粒,28.2,5,14,0.24,1.7,4.4
木柵站,2025/04/25 01:00,31,懸浮微粒,20.7,5,20,0.37,0.7,5.4
木柵站,2025/04/25 02:00,28,懸浮微粒,22.0,3,16,0.33,0.5,3.9
木柵站,2025/04/25 03:00,30,懸浮微粒,18.6,1,20,0.34,0.8,3.5
木柵站,2025/04/25 04:00,31,懸浮微粒,15.0,1,18,0.33,0.8,5.1
木柵站,2025/04/25 05:00,31,懸浮微粒,11.7,14,18,0.35,0.5,6.9
木柵站,2025/04/25 06:00,33,懸浮微粒,7.8,9,21,0.4,0.7,11.1
木柵站,2025/04/25 07:00,34,二氧化氮小時值,17.2,7,20,0.46,0.5,14.2
木柵站,2025/04/25 08:00,33,二氧化氮小時值,46.8,5,4,0.37,0.5,13.7
木柵站,2025/04/25 09:00,27,二氧化氮小時值,54.1,4,6,0.38,0.6,11.3
木柵站,2025/04/25 10:00,27,二氧化氮小時值,51.6,3,6,0.35,0.5,11.5
木柵站,2025/04/25 11:00,33,二氧化氮小時值,48.5,8,8,0.38,0.6,14
木柵站,2025/04/25 12:00,36,二氧化氮小時值,48.6,10,9,0.4,0.5,15.1
木柵站,2025/04/25 13:00,38,臭氧8小時,50.6,8,4,0.45,0.5,12.6
木柵站,2025/04/25 14:00,42,臭氧8小時,49.6,3,3,0.45,0.5,13.2
木柵站,2025/04/25 15:00,46,臭氧8小時,49.0,1,6,0.48,0.4,14.2
木柵站,2025/04/25 16:00,46,臭氧8小時,49.5,1,7,0.47,0.5,15.9
木柵站,2025/04/25 17:00,52,二氧化氮小時值,42.8,5,6,0.56,0.5,23.6
木柵站,2025/04/25 18:00,45,二氧化氮小時值,44.5,5,5,0.54,0.4,18.9
木柵站,2025/04/25 19:00,44,臭氧8小時,42.0,4,6,0.54,0.4,17.8
木柵站,2025/04/25 20:00,43,臭氧8小時,45.1,1,7,0.5,0.4,11.7
木柵站,2025/04/25 21:00,43,臭氧8小時,49.3,2,9,0.49,0.4,10.6
木柵站,2025/04/25 22:00,43,臭氧8小時,48.0,8,12,0.49,0.4,7.3
木柵站,2025/04/25 23:00,43,臭氧8小時,49.3,8,11,0.44,0.4,4.7
木柵站,2025/04/26 00:00,43,臭氧8小時,49.1,8,16,0.43,0.5,3.3
木柵站,2025/04/26 01:00,44,臭氧8小時,49.3,4,4,0.29,1.5,1.8
木柵站,2025/04/26 02:00,44,臭氧8小時,48.9,1,8,0.26,1.3,1.8
木柵站,2025/04/26 03:00,45,臭氧8小時,50.5,2,8,0.26,1.3,1.5
木柵站,2025/04/26 04:00,45,臭氧8小時,46.6,4,5,0.24,1,1.5
木柵站,2025/04/26 05:00,44,臭氧8小時,39.7,2,9,0.29,1.5,11
木柵站,2025/04/26 06:00,43,臭氧8小時,42.2,3,6,0.28,1.2,8.5
木柵站,2025/04/26 07:00,42,臭氧8小時,36.1,7,5,0.31,1.4,14.3
木柵站,2025/04/26 08:00,40,臭氧8小時,34.6,6,9,0.32,1.1,14.7
木柵站,2025/04/26 09:00,39,臭氧8小時,34.9,9,18,0.3,1,16.2
木柵站,2025/04/26 10:00,37,臭氧8小時,35.1,4,8,0.29,0.9,13.3
木柵站,2025/04/26 11:00,35,臭氧8小時,36.5,1,23,0.31,1,10.5
木柵站,2025/04/26 12:00,35,臭氧8小時,42.2,4,13,0.25,0.9,8.5
木柵站,2025/04/26 13:00,35,臭氧8小時,41.9,6,9,0.26,1,10.6
木柵站,2025/04/26 14:00,35,臭氧8小時,40.3,3,4,0.27,1,11
木柵站,2025/04/26 15:00,35,臭氧8小時,40.9,1,3,0.24,0.9,11.8
木柵站,2025/04/26 16:00,36,臭氧8小時,40.0,1,6,0.25,1,12.4
木柵站,2025/04/26 17:00,36,臭氧8小時,38.3,3,9,0.26,0.7,9.8
木柵站,2025/04/26 18:00,37,臭氧8小時,37.3,-,7,0.28,0.6,11.1
木柵站,2025/04/26 19:00,37,臭氧8小時,40.3,-,6,0.29,0.8,9.5
木柵站,2025/04/26 20:00,36,臭氧8小時,36.0,-,7,0.3,0.9,10.4
木柵站,2025/04/26 21:00,36,臭氧8小時,38.3,-,6,0.29,1.1,7.7
木柵站,2025/04/26 22:00,36,臭氧8小時,36.5,-,2,0.23,0.8,7.9
木柵站,2025/04/26 23:00,35,臭氧8小時,35.1,-,2,0.27,0.7,6.8
木柵站,2025/04/27 00:00,35,臭氧8小時,37.7,-,4,0.22,0.9,3.5
木柵站,2025/04/27 01:00,34,臭氧8小時,32.7,-,1,0.22,1.7,2.9
木柵站,2025/04/27 02:00,32,臭氧8小時,23.7,-,2,0.22,1.8,3.3
木柵站,2025/04/27 03:00,30,臭氧8小時,20.9,-,8,0.23,1.9,4.6
木柵站,2025/04/27 04:00,28,臭氧8小時,13.4,-,11,0.22,1.8,4.3
木柵站,2025/04/27 05:00,25,臭氧8小時,11.7,-,10,0.28,1.6,6.4
木柵站,2025/04/27 06:00,22,臭氧8小時,11.0,-,12,0.26,1.7,6.6
木柵站,2025/04/27 07:00,19,臭氧8小時,12.9,2,12,0.29,1.9,7.3
木柵站,2025/04/27 08:00,18,二氧化氮小時值,18.7,1,9,0.31,1.8,7.4
木柵站,2025/04/27 09:00,17,二氧化氮小時值,31.0,1,16,0.31,2.1,7
木柵站,2025/04/27 10:00,22,懸浮微粒,45.6,2,31,0.4,2.1,8.3
木柵站,2025/04/27 11:00,24,懸浮微粒,51.4,3,17,0.37,2,6.5
木柵站,2025/04/27 12:00,27,懸浮微粒,44.1,2,17,0.3,1.9,4.2
木柵站,2025/04/27 13:00,30,臭氧8小時,47.3,4,16,0.33,2,6.6
木柵站,2025/04/27 14:00,36,臭氧8小時,59.9,5,32,0.38,2,8.3
木柵站,2025/04/27 15:00,41,臭氧8小時,53.8,9,33,0.34,1.8,10
木柵站,2025/04/27 16:00,44,臭氧8小時,46.4,8,34,0.33,1.7,12.4
木柵站,2025/04/27 17:00,48,懸浮微粒,39.4,11,41,0.31,2.2,16.1
木柵站,2025/04/27 18:00,52,懸浮微粒,31.0,16,45,0.32,2.4,20.2
木柵站,2025/04/27 19:00,54,懸浮微粒,19.4,12,40,0.33,2.1,21.4
木柵站,2025/04/27 20:00,56,懸浮微粒,13.1,18,37,0.35,1.2,16.4
木柵站,2025/04/27 21:00,56,懸浮微粒,7.0,15,35,0.36,1.7,17.9
木柵站,2025/04/27 22:00,55,懸浮微粒,6.1,9,35,0.33,1.2,16.1
木柵站,2025/04/27 23:00,56,懸浮微粒,6.1,11,39,0.3,1.4,12.6
木柵站,2025/04/28 00:00,55,懸浮微粒,5.4,12,29,0.35,1.2,10.5
木柵站,2025/04/28 01:00,55,懸浮微粒,5.1,8,29,0.36,1.8,9.1
木柵站,2025/04/28 02:00,54,懸浮微粒,4.3,10,28,0.37,2,8.9
木柵站,2025/04/28 03:00,53,懸浮微粒,2.9,9,32,0.35,2,8.4
木柵站,2025/04/28 04:00,54,懸浮微粒,4.5,8,36,0.37,1.6,10.2
木柵站,2025/04/28 05:00,54,懸浮微粒,10.3,14,35,0.31,1.6,8.2
木柵站,2025/04/28 06:00,52,懸浮微粒,27.0,7,20,0.22,1.6,7.8
木柵站,2025/04/28 07:00,45,懸浮微粒,34.9,1,6,0.27,1.6,10.4
木柵站,2025/04/28 08:00,37,懸浮微粒,33.8,1,5,0.34,1.9,14.3
木柵站,2025/04/28 09:00,36,二氧化氮小時值,37.0,1,6,0.41,1.9,15.3
木柵站,2025/04/28 10:00,37,二氧化氮小時值,35.5,4,10,0.36,1.9,15.5
木柵站,2025/04/28 11:00,45,二氧化氮小時值,30.7,8,11,0.44,2.1,19.1
木柵站,2025/04/28 12:00,28,臭氧8小時,29.3,4,10,0.27,1.8,11.4
木柵站,2025/04/28 13:00,31,臭氧8小時,37.0,2,19,0.3,1.8,7.2
木柵站,2025/04/28 14:00,34,臭氧8小時,51.3,20,34,0.33,1.6,11.2
木柵站,2025/04/28 15:00,37,懸浮微粒,50.4,17,39,0.35,1.4,15.2
木柵站,2025/04/28 16:00,45,細懸浮微粒,50.5,18,37,0.38,1.6,18.4
木柵站,2025/04/28 17:00,55,細懸浮微粒,49.3,23,43,0.45,1.6,23.9
木柵站,2025/04/28 18:00,55,細懸浮微粒,53.4,17,41,0.36,1.7,13.2
木柵站,2025/04/28 19:00,59,細懸浮微粒,41.6,22,39,0.36,2.1,11.3
木柵站,2025/04/28 20:00,63,細懸浮微粒,34.7,21,44,0.43,1.8,15.8
木柵站,2025/04/28 21:00,63,細懸浮微粒,31.8,19,35,0.48,1.7,13.5
木柵站,2025/04/28 22:00,65,細懸浮微粒,31.5,18,36,0.46,1.7,14.1
木柵站,2025/04/28 23:00,64,細懸浮微粒,30.4,15,35,0.42,1.9,12.2
木柵站,2025/04/29 00:00,63,細懸浮微粒,37.2,15,31,0.43,1.4,4.5
木柵站,2025/04/29 01:00,63,細懸浮微粒,34.2,15,32,0.27,1,4.2
木柵站,2025/04/29 02:00,59,細懸浮微粒,29.8,9,29,0.3,1,4.8
木柵站,2025/04/29 03:00,55,細懸浮微粒,30.0,9,26,0.25,0.9,4.3
木柵站,2025/04/29 04:00,52,懸浮微粒,26.8,7,26,0.26,1.1,5.6
木柵站,2025/04/29 05:00,48,懸浮微粒,26.6,6,17,0.27,1,5.8
木柵站,2025/04/29 06:00,44,懸浮微粒,27.8,8,20,0.29,0.9,7.8
木柵站,2025/04/29 07:00,43,懸浮微粒,25.7,4,25,0.29,1,12.6
木柵站,2025/04/29 08:00,42,懸浮微粒,40.7,2,28,0.22,1,10.9
木柵站,2025/04/29 09:00,46,懸浮微粒,47.9,7,34,0.24,1.5,12.5
木柵站,2025/04/29 10:00,46,懸浮微粒,48.3,11,26,0.25,1.7,10
木柵站,2025/04/29 11:00,45,懸浮微粒,45.5,8,24,0.24,1.4,13.5
木柵站,2025/04/29 12:00,45,懸浮微粒,45.3,4,27,0.23,1.4,13.3
木柵站,2025/04/29 13:00,42,懸浮微粒,46.0,2,24,0.2,1.4,11.6
木柵站,2025/04/29 14:00,42,懸浮微粒,40.2,6,-,0.22,1.5,11.4
木柵站,2025/04/29 15:00,55,懸浮微粒,38.6,4,69,-,-,-
木柵站,2025/04/29 16:00,51,懸浮微粒,42.4,3,8,0.27,1.4,9.3
木柵站,2025/04/29 17:00,50,懸浮微粒,36.9,3,21,0.29,1.1,13.8
木柵站,2025/04/29 18:00,47,懸浮微粒,35.6,4,18,0.25,1.2,14.7
木柵站,2025/04/29 19:00,38,臭氧8小時,41.4,6,24,0.24,1,7.7
木柵站,2025/04/29 20:00,40,懸浮微粒,38.7,4,21,0.29,1.1,9
木柵站,2025/04/29 21:00,39,懸浮微粒,33.0,3,21,0.37,0.9,12.4
木柵站,2025/04/29 22:00,37,懸浮微粒,31.5,1,15,0.32,1.2,9.5
木柵站,2025/04/29 23:00,37,懸浮微粒,29.8,3,22,0.36,1.1,9
木柵站,2025/04/30 00:00,35,懸浮微粒,26.2,5,16,0.29,0.9,6.9
木柵站,2025/04/30 01:00,44,懸浮微粒,27.0,4,53,0.31,0.9,5.1
木柵站,2025/04/30 02:00,43,懸浮微粒,26.5,2,14,0.29,1,3.6
木柵站,2025/04/30 03:00,40,懸浮微粒,23.0,4,22,0.3,0.7,3.6
木柵站,2025/04/30 04:00,53,懸浮微粒,20.0,6,70,0.29,0.8,3.5
木柵站,2025/04/30 05:00,50,懸浮微粒,18.0,4,25,0.3,0.9,4.8
木柵站,2025/04/30 06:00,49,懸浮微粒,13.0,1,13,0.36,0.9,13.4
木柵站,2025/04/30 07:00,48,懸浮微粒,19.7,2,19,0.35,0.8,12.1
木柵站,2025/04/30 08:00,39,懸浮微粒,31.1,3,26,0.34,1.1,8.5
木柵站,2025/04/30 09:00,42,懸浮微粒,36.3,7,33,0.34,1.1,12.9
木柵站,2025/04/30 10:00,49,懸浮微粒,52.7,5,39,0.4,1,8.8
木柵站,2025/04/30 11:00,54,懸浮微粒,66.5,14,44,0.42,1.2,8.8
木柵站,2025/04/30 12:00,57,懸浮微粒,72.3,20,42,0.45,1,8.4
木柵站,2025/04/30 13:00,60,懸浮微粒,93.1,26,51,0.54,1.1,11.9
木柵站,2025/04/30 14:00,65,懸浮微粒,82.3,23,63,0.48,1.5,14.2
木柵站,2025/04/30 15:00,72,臭氧8小時,54.2,11,41,0.4,2,15.1
木柵站,2025/04/30 16:00,77,臭氧8小時,43.4,16,42,0.37,1.8,20.9
木柵站,2025/04/30 17:00,79,臭氧8小時,43.0,11,34,0.39,2.3,21.4
木柵站,2025/04/30 18:00,75,臭氧8小時,40.3,7,21,0.24,1.1,5.8
木柵站,2025/04/30 19:00,62,臭氧8小時,34.1,4,24,0.33,1,10.5
木柵站,2025/04/30 20:00,52,懸浮微粒,28.7,6,24,0.32,1.2,13.1
木柵站,2025/04/30 21:00,50,懸浮微粒,28.6,6,21,0.29,1,13
木柵站,2025/04/30 22:00,50,懸浮微粒,23.1,5,25,0.35,0.8,14
木柵站,2025/04/30 23:00,47,懸浮微粒,20.2,7,20,0.31,1,11.4
木柵站,2025/05/01 00:00,44,懸浮微粒,20.2,5,19,0.3,0.7,9
木柵站,2025/05/01 01:00,43,懸浮微粒,18.5,4,22,0.31,0.7,7.8
木柵站,2025/05/01 02:00,40,懸浮微粒,19.8,7,26,0.33,0.8,4.9
木柵站,2025/05/01 03:00,41,懸浮微粒,19.7,11,29,0.3,0.7,3.5
木柵站,2025/05/01 04:00,40,懸浮微粒,18.3,8,21,0.32,0.8,4.1
木柵站,2025/05/01 05:00,41,懸浮微粒,16,9,27,0.33,0.7,5.3
木柵站,2025/05/01 06:00,40,懸浮微粒,9.7,14,21,0.36,1,10.7
木柵站,2025/05/01 07:00,40,懸浮微粒,9.8,12,27,0.4,0.9,13.6
木柵站,2025/05/01 08:00,45,懸浮微粒,13.4,11,43,0.45,1.2,16.8
木柵站,2025/05/01 09:00,52,懸浮微粒,22.3,11,53,0.45,0.9,15.4
木柵站,2025/05/01 10:00,56,懸浮微粒,24.1,19,44,0.45,0.8,16.5
木柵站,2025/05/01 11:00,62,懸浮微粒,30.6,17,58,0.51,0.9,16.2
木柵站,2025/05/01 12:00,66,懸浮微粒,45.5,16,60,0.51,1.1,16.2
木柵站,2025/05/01 13:00,68,懸浮微粒,55.2,16,53,0.4,1.2,9.8
木柵站,2025/05/01 14:00,69,懸浮微粒,49.9,14,43,0.35,1,7.7
木柵站,2025/05/01 15:00,67,懸浮微粒,52.1,13,44,0.36,1.2,6
木柵站,2025/05/01 16:00,74,懸浮微粒,49.6,14,88,0.35,1,6.7
木柵站,2025/05/01 17:00,71,懸浮微粒,45.6,13,31,0.34,1.1,5.8
木柵站,2025/05/01 18:00,72,懸浮微粒,38.3,13,40,0.37,1,9.2
木柵站,2025/05/01 19:00,71,懸浮微粒,24.7,17,37,0.46,0.7,19.3
木柵站,2025/05/01 20:00,63,懸浮微粒,25.6,13,33,0.4,0.9,15.5
木柵站,2025/05/01 21:00,63,懸浮微粒,13.8,11,34,0.5,1,21.3
木柵站,2025/05/01 22:00,62,懸浮微粒,14.2,11,37,0.45,1,14.9
木柵站,2025/05/01 23:00,60,懸浮微粒,10.8,12,32,0.5,0.9,14.9
木柵站,2025/05/02 00:00,59,懸浮微粒,12.6,18,34,0.45,0.7,11.2
木柵站,2025/05/02 01:00,57,懸浮微粒,13.9,15,27,0.36,1.6,8.5
木柵站,2025/05/02 02:00,55,懸浮微粒,16.3,13,28,0.34,1.7,6.3
木柵站,2025/05/02 03:00,56,懸浮微粒,16.2,14,42,0.32,1.5,6.4
木柵站,2025/05/02 04:00,53,細懸浮微粒,14.3,12,27,0.32,1.9,5.5
木柵站,2025/05/02 05:00,55,細懸浮微粒,14.7,18,39,0.33,1.8,8.4
木柵站,2025/05/02 06:00,53,細懸浮微粒,19.2,10,22,0.35,1.9,10.1
木柵站,2025/05/02 07:00,54,細懸浮微粒,34.4,16,46,0.3,1.9,9.6
木柵站,2025/05/02 08:00,56,懸浮微粒,42.8,9,40,0.33,2,7.5
木柵站,2025/05/02 09:00,55,懸浮微粒,48.1,10,35,0.37,1.9,6.9
木柵站,2025/05/02 10:00,61,懸浮微粒,52.8,20,54,0.35,1.8,4.7
木柵站,2025/05/02 11:00,64,懸浮微粒,54.9,21,58,0.37,1.6,5.3
木柵站,2025/05/02 12:00,68,懸浮微粒,56.3,18,61,0.34,1.6,4.1
木柵站,2025/05/02 13:00,76,懸浮微粒,60.4,21,80,0.34,1.4,3.1
木柵站,2025/05/02 14:00,78,懸浮微粒,61.8,14,55,0.35,1.9,4.6
木柵站,2025/05/02 15:00,77,懸浮微粒,62.9,24,51,0.34,1.8,3.5
木柵站,2025/05/02 16:00,76,懸浮微粒,62,17,44,0.35,2,3.7
木柵站,2025/05/02 17:00,72,懸浮微粒,60.9,17,52,0.31,1.9,3.4
木柵站,2025/05/02 18:00,74,懸浮微粒,61.1,12,53,0.3,2.3,4.4
木柵站,2025/05/02 19:00,74,懸浮微粒,60.9,18,54,0.28,2.3,4.3
木柵站,2025/05/02 20:00,75,懸浮微粒,60.7,11,49,0.29,2.3,4
木柵站,2025/05/02 21:00,74,懸浮微粒,60.5,13,39,0.32,2.2,3.7
木柵站,2025/05/02 22:00,73,臭氧8小時,60.9,11,44,0.34,2,3.4
木柵站,2025/05/02 23:00,72,臭氧8小時,60.3,18,40,0.36,2.2,2.9
木柵站,2025/05/03 00:00,70,臭氧8小時,56.7,17,39,0.37,2.2,3
木柵站,2025/05/03 01:00,65,懸浮微粒,47.5,11,39,0.34,0.8,5.4
木柵站,2025/05/03 02:00,63,懸浮微粒,36,15,34,0.36,0.7,7.5
木柵站,2025/05/03 03:00,61,懸浮微粒,34.4,16,35,0.32,0.6,6
木柵站,2025/05/03 04:00,61,懸浮微粒,34.5,12,38,0.34,0.5,5.4
木柵站,2025/05/03 05:00,60,懸浮微粒,29.9,15,38,0.35,0.7,8.4
木柵站,2025/05/03 06:00,61,懸浮微粒,29.5,11,42,0.34,0.6,6.2
木柵站,2025/05/03 07:00,61,懸浮微粒,26.9,14,42,0.36,0.7,11.6
木柵站,2025/05/03 08:00,63,懸浮微粒,33,15,50,0.41,0.7,11.1
木柵站,2025/05/03 09:00,68,懸浮微粒,46,19,68,0.49,0.8,11.8
木柵站,2025/05/03 10:00,69,懸浮微粒,53.6,20,49,0.39,1,7.3
木柵站,2025/05/03 11:00,69,懸浮微粒,56.8,21,40,0.38,0.9,5.6
木柵站,2025/05/03 12:00,68,懸浮微粒,59.6,15,40,0.41,0.8,7.5
木柵站,2025/05/03 13:00,65,懸浮微粒,48.3,14,43,0.39,0.8,11.1
木柵站,2025/05/03 14:00,63,懸浮微粒,54.8,12,38,0.36,1,6
木柵站,2025/05/03 15:00,62,懸浮微粒,49.7,16,33,0.37,0.9,9.1
木柵站,2025/05/03 16:00,60,懸浮微粒,53.2,15,29,0.33,0.8,5.4
木柵站,2025/05/03 17:00,58,懸浮微粒,51.9,12,29,0.33,0.6,7.3
木柵站,2025/05/03 18:00,56,懸浮微粒,40,10,31,0.34,0.7,9
木柵站,2025/05/03 19:00,56,懸浮微粒,27,12,34,0.35,0.6,13
木柵站,2025/05/03 20:00,55,懸浮微粒,22.5,9,28,0.34,0.8,14.1
木柵站,2025/05/03 21:00,54,懸浮微粒,19.8,8,35,0.29,0.7,14.2
木柵站,2025/05/03 22:00,51,懸浮微粒,18,9,20,0.26,0.7,10.7
木柵站,2025/05/03 23:00,46,懸浮微粒,16.5,8,14,0.24,0.8,9
木柵站,2025/05/04 00:00,41,懸浮微粒,17.4,5,14,0.25,0.8,8.2
木柵站,2025/05/04 01:00,36,懸浮微粒,20.8,1,16,0.36,1,6.7
木柵站,2025/05/04 02:00,34,懸浮微粒,18,3,19,0.33,1.2,5.9
木柵站,2025/05/04 03:00,34,懸浮微粒,18,7,20,0.32,1.1,4.8
木柵站,2025/05/04 04:00,36,懸浮微粒,16.7,8,22,0.31,1.2,3.8
木柵站,2025/05/04 05:00,36,懸浮微粒,15.7,10,22,0.3,1.1,3.5
木柵站,2025/05/04 06:00,37,懸浮微粒,18.2,12,23,0.29,1.2,5.4
木柵站,2025/05/04 07:00,38,懸浮微粒,21.2,11,28,0.35,1.3,5.5
木柵站,2025/05/04 08:00,41,懸浮微粒,36.7,8,33,0.36,1.2,6.2
木柵站,2025/05/04 09:00,44,懸浮微粒,39.8,7,36,0.39,1,4.5
木柵站,2025/05/04 10:00,51,懸浮微粒,47.8,17,50,0.43,1,4.7
木柵站,2025/05/04 11:00,57,懸浮微粒,48.3,16,59,0.4,0.9,4.6
木柵站,2025/05/04 12:00,62,懸浮微粒,46.9,11,53,0.43,1.1,3.6
木柵站,2025/05/04 13:00,66,懸浮微粒,44.6,17,55,0.39,1.2,4.9
木柵站,2025/05/04 14:00,66,懸浮微粒,43.6,14,42,0.4,1,5.1
木柵站,2025/05/04 15:00,64,懸浮微粒,44.1,13,37,0.36,1.4,4
木柵站,2025/05/04 16:00,63,懸浮微粒,42.3,14,40,0.39,1,4.7
木柵站,2025/05/04 17:00,59,懸浮微粒,39.1,10,28,0.38,1.1,6.5
木柵站,2025/05/04 18:00,58,懸浮微粒,35.1,13,29,0.4,1.1,8.4
木柵站,2025/05/04 19:00,58,懸浮微粒,32.8,12,35,0.38,1.2,8.6
木柵站,2025/05/04 20:00,55,懸浮微粒,32.9,7,22,0.34,1.2,7.2
木柵站,2025/05/04 21:00,52,懸浮微粒,34.7,7,15,0.31,1.1,4.1
木柵站,2025/05/04 22:00,46,懸浮微粒,35.5,3,9,0.28,1.3,2.6
木柵站,2025/05/04 23:00,37,懸浮微粒,38.1,1,8,0.27,1.2,2.5
木柵站,2025/05/05 00:00,33,臭氧8小時,39.7,3,6,0.26,1.1,1.1
木柵站,2025/05/05 01:00,33,臭氧8小時,36.2,4,3,0.34,0.9,1.4
木柵站,2025/05/05 02:00,32,臭氧8小時,30.7,4,6,0.35,0.7,1.9
木柵站,2025/05/05 03:00,32,臭氧8小時,30.5,3,10,0.32,0.7,1.7
木柵站,2025/05/05 04:00,31,臭氧8小時,24.5,1,13,0.32,1,2.9
木柵站,2025/05/05 05:00,29,臭氧8小時,13.8,3,12,0.33,0.7,9.9
木柵站,2025/05/05 06:00,27,臭氧8小時,16.8,5,12,0.34,1,8.1
木柵站,2025/05/05 07:00,25,臭氧8小時,19.8,4,12,0.37,0.9,5.8
木柵站,2025/05/05 08:00,23,臭氧8小時,22.6,3,21,0.46,0.8,7.9
木柵站,2025/05/05 09:00,27,二氧化氮小時值,27,5,32,0.56,0.8,11.2
木柵站,2025/05/05 10:00,35,懸浮微粒,36.9,15,43,0.58,1,12.2
木柵站,2025/05/05 11:00,46,懸浮微粒,48,14,51,0.52,1,9.3
木柵站,2025/05/05 12:00,54,懸浮微粒,54,23,54,0.55,0.8,9
木柵站,2025/05/05 13:00,61,懸浮微粒,59,20,60,0.55,1,12
木柵站,2025/05/05 14:00,65,懸浮微粒,55,22,58,0.58,0.9,15
木柵站,2025/05/05 15:00,70,懸浮微粒,48.7,22,67,0.51,0.8,10.5
木柵站,2025/05/05 16:00,71,懸浮微粒,39.9,26,49,0.47,1,9.4
木柵站,2025/05/05 17:00,72,懸浮微粒,31.2,18,54,0.47,0.7,11.4
木柵站,2025/05/05 18:00,71,懸浮微粒,24.4,15,38,0.52,1.1,13.3
木柵站,2025/05/05 19:00,68,懸浮微粒,19.9,12,40,0.49,1,12.1
木柵站,2025/05/05 20:00,68,懸浮微粒,12.1,12,39,0.46,0.8,11.8
木柵站,2025/05/05 21:00,66,懸浮微粒,9.1,14,38,0.51,1,14.7
木柵站,2025/05/05 22:00,64,懸浮微粒,6.7,16,31,0.54,0.9,13.9
木柵站,2025/05/05 23:00,63,懸浮微粒,8.6,11,35,0.45,0.9,10.7
木柵站,2025/05/06 00:00,59,懸浮微粒,4.6,14,25,0.52,1.1,11.2
木柵站,2025/05/06 01:00,59,懸浮微粒,5.3,10,43,0.38,1.4,9.1
木柵站,2025/05/06 02:00,60,懸浮微粒,4.2,12,43,0.43,1.8,9.1
木柵站,2025/05/06 03:00,59,懸浮微粒,4.1,14,35,0.35,1.4,9.2
木柵站,2025/05/06 04:00,59,懸浮微粒,9.4,11,32,0.3,1.6,8.7
木柵站,2025/05/06 05:00,55,懸浮微粒,15.1,7,26,0.27,1.6,6.5
木柵站,2025/05/06 06:00,53,懸浮微粒,13.7,10,30,0.29,1.8,9.1
木柵站,2025/05/06 07:00,51,懸浮微粒,12,19,26,0.35,1.9,12
木柵站,2025/05/06 08:00,52,懸浮微粒,13.6,11,36,0.39,2,11.2
木柵站,2025/05/06 09:00,54,懸浮微粒,16.7,11,40,0.44,1.8,11
木柵站,2025/05/06 10:00,54,懸浮微粒,23.2,16,35,0.45,2,13.3
木柵站,2025/05/06 11:00,56,懸浮微粒,26.5,11,35,0.47,1.6,13.6
木柵站,2025/05/06 12:00,56,懸浮微粒,26.5,10,33,0.45,2,14.9
木柵站,2025/05/06 13:00,54,懸浮微粒,30.3,11,34,0.46,1.8,12.2
木柵站,2025/05/06 14:00,54,懸浮微粒,19.8,11,32,0.46,1.6,18
木柵站,2025/05/06 15:00,56,懸浮微粒,37.2,19,47,0.47,1.7,13.6
木柵站,2025/05/06 16:00,58,懸浮微粒,41.3,21,44,0.49,2.1,13.5
木柵站,2025/05/06 17:00,59,細懸浮微粒,38.8,17,27,0.52,1.5,10.5
木柵站,2025/05/06 18:00,58,細懸浮微粒,32.7,9,28,0.47,1.6,16.3
木柵站,2025/05/06 19:00,55,細懸浮微粒,37.3,13,31,0.46,1.9,10.9
木柵站,2025/05/06 20:00,54,細懸浮微粒,39.5,16,26,0.41,1.8,8.1
木柵站,2025/05/06 21:00,51,細懸浮微粒,40.4,9,17,0.39,1.6,7.9
木柵站,2025/05/06 22:00,50,細懸浮微粒,38.9,9,18,0.36,2,5.8
木柵站,2025/05/06 23:00,46,細懸浮微粒,33.7,7,15,0.35,1.9,5.1
木柵站,2025/05/07 00:00,46,細懸浮微粒,44.5,14,43,0.25,2.5,1.6
木柵站,2025/05/07 01:00,59,懸浮微粒,48.2,27,89,0.28,0.9,1
木柵站,2025/05/07 02:00,67,懸浮微粒,48.8,18,64,0.34,0.9,1.2
木柵站,2025/05/07 03:00,73,懸浮微粒,43,14,59,0.34,0.9,1.3
木柵站,2025/05/07 04:00,75,懸浮微粒,42.9,13,50,0.39,1.1,1.7
木柵站,2025/05/07 05:00,70,懸浮微粒,38,11,47,0.34,1,3.3
木柵站,2025/05/07 06:00,68,懸浮微粒,35,13,43,0.37,1,7.6
木柵站,2025/05/07 07:00,67,懸浮微粒,37.1,13,50,0.35,0.8,11.7
木柵站,2025/05/07 08:00,64,懸浮微粒,39.5,17,28,0.38,1.1,11.6
木柵站,2025/05/07 09:00,65,懸浮微粒,37.9,13,42,0.37,1,13.8
木柵站,2025/05/07 10:00,67,懸浮微粒,39.3,19,47,0.36,1.2,13.1
木柵站,2025/05/07 11:00,65,懸浮微粒,34.3,15,33,0.4,1.2,16.2
木柵站,2025/05/07 12:00,61,懸浮微粒,37.8,9,9,0.38,1,12.5
木柵站,2025/05/07 13:00,52,懸浮微粒,41.2,2,4,0.34,0.9,9
木柵站,2025/05/07 14:00,38,懸浮微粒,39.7,1,1,0.36,1.2,10.1
木柵站,2025/05/07 15:00,36,臭氧8小時,39.8,1,4,0.35,1.2,10.4
木柵站,2025/05/07 16:00,41,二氧化氮小時值,33.9,3,7,0.41,1,17.1
木柵站,2025/05/07 17:00,39,二氧化氮小時值,36.5,2,4,0.41,0.9,16.2
木柵站,2025/05/07 18:00,35,臭氧8小時,39.6,1,2,0.41,1.3,11.9
木柵站,2025/05/07 19:00,36,臭氧8小時,41.9,1,6,0.43,1.2,11.4
木柵站,2025/05/07 20:00,37,臭氧8小時,44.7,1,7,0.43,1.1,8
木柵站,2025/05/07 21:00,37,臭氧8小時,46.8,1,4,0.4,1.4,6.2
木柵站,2025/05/07 22:00,39,臭氧8小時,50,1,5,0.39,1.2,3.3
木柵站,2025/05/07 23:00,40,臭氧8小時,49.2,4,17,0.38,1.6,3.2
木柵站,2025/05/08 00:00,41,臭氧8小時,48.2,5,20,0.38,1.5,2.8
木柵站,2025/05/08 01:00,43,臭氧8小時,50.1,11,53,0.34,1.2,1.6
木柵站,2025/05/08 02:00,45,懸浮微粒,52.3,19,61,0.34,1.2,1.4
木柵站,2025/05/08 03:00,55,懸浮微粒,53.2,21,60,0.33,1.2,1
木柵站,2025/05/08 04:00,62,懸浮微粒,52.4,11,54,0.33,1.5,0.8
木柵站,2025/05/08 05:00,63,懸浮微粒,52,11,49,0.33,1.2,1.3
木柵站,2025/05/08 06:00,64,懸浮微粒,42.4,13,49,0.39,1.2,10.1
木柵站,2025/05/08 07:00,63,懸浮微粒,44.9,9,42,0.38,1.4,7
木柵站,2025/05/08 08:00,64,懸浮微粒,42.1,11,47,0.38,1.2,8.3
木柵站,2025/05/08 09:00,59,懸浮微粒,44,7,13,0.39,1.3,6.8
木柵站,2025/05/08 10:00,55,懸浮微粒,43.3,4,13,0.44,1.4,6.9
木柵站,2025/05/08 11:00,52,懸浮微粒,43.7,2,22,0.44,1.2,5.6
木柵站,2025/05/08 12:00,46,懸浮微粒,45.7,1,15,0.43,1.2,4.2
木柵站,2025/05/08 13:00,45,懸浮微粒,45,6,19,0.44,1.3,4.6
木柵站,2025/05/08 14:00,45,懸浮微粒,44.5,6,25,0.43,1.2,3.4
木柵站,2025/05/08 15:00,44,懸浮微粒,41.3,5,27,0.42,1.3,5
木柵站,2025/05/08 16:00,44,懸浮微粒,39.1,8,26,0.4,1.1,6.7
木柵站,2025/05/08 17:00,44,懸浮微粒,38.1,6,26,0.41,1.5,6.5
木柵站,2025/05/08 18:00,44,懸浮微粒,31.3,4,30,0.44,1.6,12.3
木柵站,2025/05/08 19:00,43,二氧化氮小時值,20.3,6,27,0.51,1.6,18.2
木柵站,2025/05/08 20:00,43,懸浮微粒,18.4,7,33,0.52,1.6,17.5
木柵站,2025/05/08 21:00,45,懸浮微粒,13.8,10,27,0.47,1.6,17.9
木柵站,2025/05/08 22:00,44,懸浮微粒,13.7,9,25,0.44,1.5,13.3
木柵站,2025/05/08 23:00,45,懸浮微粒,16.1,6,27,0.39,1.8,8.2
木柵站,2025/05/09 00:00,43,懸浮微粒,14.7,5,24,0.39,1.4,5.7
木柵站,2025/05/09 01:00,45,懸浮微粒,13.9,4,29,0.37,0.9,5.1
木柵站,2025/05/09 02:00,43,懸浮微粒,11.3,2,19,0.35,0.8,4.8
木柵站,2025/05/09 03:00,43,懸浮微粒,9.2,3,29,0.35,0.9,5.7
木柵站,2025/05/09 04:00,45,懸浮微粒,10,7,30,0.3,0.7,4.7
木柵站,2025/05/09 05:00,43,懸浮微粒,6.1,8,21,0.35,0.7,7.9
木柵站,2025/05/09 06:00,44,懸浮微粒,5.7,7,26,0.34,1,10.4
木柵站,2025/05/09 07:00,42,懸浮微粒,7.7,4,21,0.41,0.9,11.7
木柵站,2025/05/09 08:00,42,懸浮微粒,15.1,2,29,0.42,0.9,9.6
木柵站,2025/05/09 09:00,43,懸浮微粒,30.3,4,26,0.43,1.1,8.6
木柵站,2025/05/09 10:00,44,懸浮微粒,38.8,10,31,0.46,1,8.1
木柵站,2025/05/09 11:00,47,懸浮微粒,45.8,10,32,0.44,0.9,6.2
木柵站,2025/05/09 12:00,46,懸浮微粒,51.9,7,27,0.45,1,7.2
木柵站,2025/05/09 13:00,46,懸浮微粒,56.8,10,27,0.52,0.9,11.3
木柵站,2025/05/09 14:00,51,懸浮微粒,59.5,17,44,0.54,2.9,17.4
木柵站,2025/05/09 15:00,51,懸浮微粒,49.5,18,36,0.51,4.1,20.1
木柵站,2025/05/09 16:00,50,懸浮微粒,32.1,8,18,0.34,1.1,9.1
木柵站,2025/05/09 17:00,47,懸浮微粒,16.2,5,17,0.4,0.9,15.9
木柵站,2025/05/09 18:00,40,二氧化氮小時值,12.3,11,14,0.4,0.9,16.9
木柵站,2025/05/09 19:00,41,二氧化氮小時值,6.2,7,15,0.46,1,17.2
木柵站,2025/05/09 20:00,46,二氧化氮小時值,3.3,15,34,0.51,1,19.5
木柵站,2025/05/09 21:00,44,細懸浮微粒,1.9,11,31,0.61,1,18.2
木柵站,2025/05/09 22:00,46,懸浮微粒,2,7,31,0.43,1.2,12.3
木柵站,2025/05/09 23:00,46,懸浮微粒,2,7,21,0.36,0.8,10.2
木柵站,2025/05/10 00:00,44,懸浮微粒,2,4,24,0.34,1.2,8.3
木柵站,2025/05/10 01:00,41,懸浮微粒,4.7,4,21,0.31,1.6,7.3
木柵站,2025/05/10 02:00,37,懸浮微粒,11.6,3,17,0.23,1.9,5
木柵站,2025/05/10 03:00,32,懸浮微粒,10.2,1,8,0.21,1.6,4.6
木柵站,2025/05/10 04:00,30,懸浮微粒,6.9,2,17,0.2,1.8,6.5
木柵站,2025/05/10 05:00,29,懸浮微粒,6.8,6,13,0.21,1.6,5.4
木柵站,2025/05/10 06:00,30,懸浮微粒,4.8,6,21,0.25,1.7,6.5
木柵站,2025/05/10 07:00,31,懸浮微粒,6.2,2,13,0.28,2.1,7
木柵站,2025/05/10 08:00,28,懸浮微粒,12.6,1,12,0.3,1.7,7.4
木柵站,2025/05/10 09:00,27,二氧化氮小時值,25.3,1,10,0.19,1.8,11.5
木柵站,2025/05/10 10:00,40,二氧化氮小時值,23.1,4,9,0.23,2,16.8
木柵站,2025/05/10 11:00,34,二氧化氮小時值,24.8,1,7,0.22,2,14.4
木柵站,2025/05/10 12:00,31,二氧化氮小時值,21.5,1,3,0.25,1.9,13
木柵站,2025/05/10 13:00,36,二氧化氮小時值,19.4,1,3,0.25,2.2,15.2
木柵站,2025/05/10 14:00,25,二氧化氮小時值,29.9,6,18,0.28,2.1,10.5
木柵站,2025/05/10 15:00,25,二氧化氮小時值,28.6,10,17,0.29,2.4,10.3
木柵站,2025/05/10 16:00,26,懸浮微粒,40.1,4,33,0.32,2.2,8.5
木柵站,2025/05/10 17:00,36,懸浮微粒,36,13,41,0.38,2.4,13.7
木柵站,2025/05/10 18:00,42,懸浮微粒,30.6,10,40,0.37,2.2,12.4
木柵站,2025/05/10 19:00,50,懸浮微粒,21.6,14,45,0.39,2.2,19.6
木柵站,2025/05/10 20:00,52,懸浮微粒,30.6,12,42,0.38,2.2,10.2
木柵站,2025/05/10 21:00,52,懸浮微粒,33.2,11,32,0.31,2.5,10
木柵站,2025/05/10 22:00,55,懸浮微粒,29.7,9,48,0.28,2.2,8.6
木柵站,2025/05/10 23:00,55,懸浮微粒,35.2,9,33,0.32,2.4,5.2
木柵站,2025/05/11 00:00,55,懸浮微粒,36.5,7,35,0.25,2.1,3.1
木柵站,2025/05/11 01:00,57,懸浮微粒,37.3,6,33,0.29,1.1,1.9
木柵站,2025/05/11 02:00,51,懸浮微粒,37.5,5,12,0.26,1.2,1.8
木柵站,2025/05/11 03:00,49,懸浮微粒,34.7,6,17,0.25,0.9,1.4
木柵站,2025/05/11 04:00,43,懸浮微粒,38.7,2,14,0.24,0.9,1.2
木柵站,2025/05/11 05:00,37,懸浮微粒,36.9,5,12,0.24,1,2.2
木柵站,2025/05/11 06:00,34,懸浮微粒,32.9,7,11,0.21,1.3,3.3
木柵站,2025/05/11 07:00,34,臭氧8小時,35.5,4,10,0.28,1.1,6.9
木柵站,2025/05/11 08:00,34,臭氧8小時,42,2,8,0.27,1.4,10.1
木柵站,2025/05/11 09:00,35,臭氧8小時,47.9,1,7,0.29,1.4,8.4
木柵站,2025/05/11 10:00,37,臭氧8小時,50.7,12,23,0.32,1.4,9.6
木柵站,2025/05/11 11:00,39,臭氧8小時,48.6,12,17,0.28,1.1,11.2
木柵站,2025/05/11 12:00,40,臭氧8小時,48.6,9,11,0.34,1.3,8.5
木柵站,2025/05/11 13:00,41,臭氧8小時,46.4,6,9,0.33,1.1,9.8
木柵站,2025/05/11 14:00,43,臭氧8小時,49.6,3,-,0.33,1.3,9.6
木柵站,2025/05/11 15:00,44,臭氧8小時,44.7,7,1,0.35,1.7,16.7
木柵站,2025/05/11 16:00,44,臭氧8小時,42.2,5,1,0.32,1.4,11.6
木柵站,2025/05/11 17:00,43,臭氧8小時,43.6,1,1,0.35,1.2,7.4
木柵站,2025/05/11 18:00,43,臭氧8小時,45.1,1,1,0.34,1.2,5.2
木柵站,2025/05/11 19:00,41,臭氧8小時,36,3,10,0.41,1.5,11.4
木柵站,2025/05/11 20:00,40,臭氧8小時,35.7,1,8,0.36,1.3,8.8
木柵站,2025/05/11 21:00,39,臭氧8小時,38.1,1,3,0.38,1.3,6.4
木柵站,2025/05/11 22:00,37,臭氧8小時,35.1,1,1,0.36,1.6,7.1
木柵站,2025/05/11 23:00,35,臭氧8小時,30.7,1,1,0.39,1.5,7.8
木柵站,2025/05/12 00:00,34,臭氧8小時,33.1,1,7,0.37,1.2,3.6
木柵站,2025/05/12 01:00,33,臭氧8小時,31.9,1,9,0.3,1.4,3.6
木柵站,2025/05/12 02:00,32,臭氧8小時,36,2,16,0.33,1.2,2.2
木柵站,2025/05/12 03:00,33,臭氧8小時,42.1,1,7,0.3,1.2,1.3
木柵站,2025/05/12 04:00,33,臭氧8小時,39,1,15,0.33,1.1,1.4
木柵站,2025/05/12 05:00,34,臭氧8小時,45.2,3,18,0.33,1.5,3.4
木柵站,2025/05/12 06:00,34,臭氧8小時,38.4,7,21,0.37,1.4,8.4
木柵站,2025/05/12 07:00,35,二氧化氮小時值,26.6,12,21,0.51,1.2,14.8
木柵站,2025/05/12 08:00,42,二氧化氮小時值,34.6,10,19,0.45,1.6,17.5
木柵站,2025/05/12 09:00,35,臭氧8小時,44.1,11,33,0.39,1.9,11.2
木柵站,2025/05/12 10:00,37,臭氧8小時,50.9,10,31,0.39,2,9.8
木柵站,2025/05/12 11:00,39,懸浮微粒,51.7,11,30,0.42,1.6,11.4
木柵站,2025/05/12 12:00,44,懸浮微粒,53.9,13,32,0.42,1.8,10.1
木柵站,2025/05/12 13:00,46,懸浮微粒,55.4,11,34,0.43,1.6,10
木柵站,2025/05/12 14:00,46,懸浮微粒,55.2,11,30,0.45,1.8,12
木柵站,2025/05/12 15:00,50,懸浮微粒,52.2,9,39,0.45,1.9,13.4
木柵站,2025/05/12 16:00,51,懸浮微粒,51.9,11,30,0.47,1.7,15.7
木柵站,2025/05/12 17:00,50,懸浮微粒,49.3,17,27,0.5,1.8,18.3
木柵站,2025/05/12 18:00,51,懸浮微粒,43.6,13,34,0.53,1.6,22.9
木柵站,2025/05/12 19:00,51,二氧化氮小時值,42.4,13,27,0.55,1.8,22.5
木柵站,2025/05/12 20:00,51,細懸浮微粒,43.9,12,31,0.56,1.9,15.4
木柵站,2025/05/12 21:00,51,細懸浮微粒,45.3,15,23,0.5,1.7,12.4
木柵站,2025/05/12 22:00,50,細懸浮微粒,46.3,11,23,0.47,1.7,8.9
木柵站,2025/05/12 23:00,49,細懸浮微粒,44.2,11,27,0.46,1.7,5.6
木柵站,2025/05/13 00:00,47,細懸浮微粒,41.7,8,24,0.43,1.9,3.8
木柵站,2025/05/13 01:00,43,懸浮微粒,33.3,8,21,0.31,1,7.9
木柵站,2025/05/13 02:00,43,懸浮微粒,21.7,6,25,0.31,1.1,16.5
木柵站,2025/05/13 03:00,43,二氧化氮小時值,18.2,6,25,0.28,1.1,18.2
木柵站,2025/05/13 04:00,45,懸浮微粒,20.1,9,37,0.3,1.1,7.7
木柵站,2025/05/13 05:00,47,懸浮微粒,19.7,10,30,0.32,1.1,8.9
木柵站,2025/05/13 06:00,46,懸浮微粒,17.5,5,22,0.3,1.2,11.6
木柵站,2025/05/13 07:00,41,懸浮微粒,25.4,1,9,0.29,1.3,12.2
木柵站,2025/05/13 08:00,36,懸浮微粒,33.7,8,17,0.36,1.5,12.6
木柵站,2025/05/13 09:00,33,懸浮微粒,43.9,5,16,0.38,1.4,10.7
木柵站,2025/05/13 10:00,34,懸浮微粒,58.4,2,26,0.39,1.1,8.5
木柵站,2025/05/13 11:00,36,懸浮微粒,76,10,23,0.48,1.6,11.7
木柵站,2025/05/13 12:00,42,臭氧8小時,87.1,16,37,0.48,1.4,12.3
木柵站,2025/05/13 13:00,49,臭氧8小時,82.5,11,25,0.47,1.8,13.1
木柵站,2025/05/13 14:00,63,臭氧8小時,73.2,9,17,-,-,-
木柵站,2025/05/13 15:00,80,臭氧8小時,46.1,3,15,-,-,-
木柵站,2025/05/13 16:00,83,臭氧8小時,39,2,6,0.28,1,13.8
木柵站,2025/05/13 17:00,80,臭氧8小時,39.1,2,10,0.28,0.7,14.2
木柵站,2025/05/13 18:00,70,臭氧8小時,38.3,3,14,0.24,0.8,9.6
木柵站,2025/05/13 19:00,49,臭氧8小時,33,3,13,0.23,0.6,10
木柵站,2025/05/13 20:00,40,臭氧8小時,26,3,12,0.26,0.6,13.5
木柵站,2025/05/13 21:00,41,二氧化氮小時值,20.5,6,12,0.23,0.7,17.2
木柵站,2025/05/13 22:00,43,二氧化氮小時值,18.8,3,21,0.21,0.7,18
木柵站,2025/05/13 23:00,42,二氧化氮小時值,16.2,3,18,0.18,0.7,17.6
木柵站,2025/05/14 00:00,32,二氧化氮小時值,15.4,3,13,0.2,0.6,13.4
木柵站,2025/05/14 01:00,27,二氧化氮小時值,13.5,3,19,0.31,0.4,11.5
木柵站,2025/05/14 02:00,24,懸浮微粒,14.3,1,12,0.29,0.4,9.4
木柵站,2025/05/14 03:00,32,二氧化氮小時值,9.6,2,22,0.26,0.5,13.5
木柵站,2025/05/14 04:00,34,懸浮微粒,9.4,2,41,0.29,0.5,10.4
木柵站,2025/05/14 05:00,35,懸浮微粒,9.3,1,21,0.29,0.5,9.1
木柵站,2025/05/14 06:00,36,懸浮微粒,12.5,1,15,0.35,0.5,6.7
木柵站,2025/05/14 07:00,35,懸浮微粒,19,1,16,0.36,0.5,7.8
木柵站,2025/05/14 08:00,32,懸浮微粒,27.9,1,23,0.44,0.6,11.2
木柵站,2025/05/14 09:00,33,懸浮微粒,44.5,5,22,0.43,0.5,9.4
木柵站,2025/05/14 10:00,33,懸浮微粒,51.1,5,18,0.42,0.6,8.2
木柵站,2025/05/14 11:00,34,懸浮微粒,60.8,7,20,0.47,1.1,11.2
木柵站,2025/05/14 12:00,39,二氧化氮小時值,63.9,8,32,0.49,3.8,16.3
木柵站,2025/05/14 13:00,41,懸浮微粒,64.2,13,33,0.47,2.8,12.1
木柵站,2025/05/14 14:00,45,臭氧8小時,59.4,13,33,0.46,3.1,14.7
木柵站,2025/05/14 15:00,49,臭氧8小時,49.7,11,20,0.41,1.3,11.4
木柵站,2025/05/14 16:00,49,臭氧8小時,32,4,11,0.35,0.5,9
木柵站,2025/05/14 23:00,0,臭氧8小時,26,1,4,-,-,-
木柵站,2025/05/15 00:00,21,懸浮微粒,18.1,1,10,0.23,0.5,7.9
木柵站,2025/05/15 01:00,26,二氧化氮小時值,12,1,11,0.3,0.4,11.1
木柵站,2025/05/15 02:00,17,二氧化氮小時值,13,1,9,0.29,0.4,7
木柵站,2025/05/15 03:00,20,懸浮微粒,12.3,2,22,0.29,0.5,6.5
木柵站,2025/05/15 04:00,20,二氧化氮小時值,9.5,1,11,0.3,0.5,8.6
木柵站,2025/05/15 05:00,23,二氧化氮小時值,8.5,1,11,0.3,0.5,9.5
木柵站,2025/05/15 06:00,24,二氧化氮小時值,9.6,1,13,0.36,0.4,10
木柵站,2025/05/15 07:00,21,二氧化氮小時值,14,1,17,0.38,0.4,8.9
木柵站,2025/05/15 08:00,25,二氧化氮小時值,20,1,24,0.47,0.5,10.7
木柵站,2025/05/15 09:00,26,懸浮微粒,44.5,8,17,0.49,0.6,9.8
木柵站,2025/05/15 10:00,33,二氧化氮小時值,59.2,7,32,0.61,0.5,13.8
木柵站,2025/05/15 11:00,33,二氧化氮小時值,70.8,10,17,0.62,0.5,13.8
木柵站,2025/05/15 12:00,37,懸浮微粒,81.3,11,36,0.62,0.6,13.8
木柵站,2025/05/15 13:00,43,臭氧8小時,73.6,19,29,0.54,2,16.6
木柵站,2025/05/15 14:00,50,臭氧8小時,64.5,11,30,0.49,1.2,13.4
木柵站,2025/05/15 15:00,62,臭氧8小時,49.9,8,52,0.46,0.6,8.8
木柵站,2025/05/15 16:00,64,臭氧8小時,23.2,3,42,0.42,0.5,9.1
木柵站,2025/05/15 18:00,53,臭氧8小時,20.6,1,7,0.41,0.5,12.3
木柵站,2025/05/15 19:00,44,臭氧8小時,18.1,1,10,0.38,0.5,11.1
木柵站,2025/05/15 20:00,35,臭氧8小時,16,1,9,0.35,0.5,7.7
木柵站,2025/05/15 21:00,28,懸浮微粒,14.5,1,8,0.36,0.4,7.7
木柵站,2025/05/15 22:00,29,懸浮微粒,9.5,1,17,0.36,0.4,10.2
木柵站,2025/05/15 23:00,27,懸浮微粒,8.1,1,6,0.32,0.4,8.9
木柵站,2025/05/16 00:00,25,懸浮微粒,7.2,1,8,0.3,0.4,8.4
木柵站,2025/05/16 01:00,24,懸浮微粒,5.5,1,10,0.33,0.4,8
木柵站,2025/05/16 02:00,21,懸浮微粒,6.6,1,12,0.3,0.4,6.4
木柵站,2025/05/16 03:00,19,懸浮微粒,4.3,1,12,0.29,0.5,7.4
木柵站,2025/05/16 04:00,21,二氧化氮小時值,2.8,1,10,0.29,0.5,8.9
木柵站,2025/05/16 05:00,26,懸浮微粒,4.2,1,42,0.29,0.5,6.8
木柵站,2025/05/16 06:00,26,懸浮微粒,6.2,3,10,0.33,0.5,6.1
木柵站,2025/05/16 07:00,27,懸浮微粒,9.9,1,16,0.37,0.6,7.2
木柵站,2025/05/16 08:00,28,懸浮微粒,21.7,4,11,0.45,0.5,8.6
木柵站,2025/05/16 09:00,25,懸浮微粒,40.2,6,22,0.43,0.5,6.4
木柵站,2025/05/16 10:00,28,懸浮微粒,53.4,9,26,0.54,0.5,8.3
木柵站,2025/05/16 11:00,30,懸浮微粒,74.1,8,18,0.6,0.6,10
木柵站,2025/05/16 12:00,44,二氧化氮小時值,85.9,14,38,0.63,1.1,18.3
木柵站,2025/05/16 13:00,44,懸浮微粒,92,19,44,0.62,1.3,12.9
木柵站,2025/05/16 14:00,57,臭氧8小時,72.1,14,28,0.55,0.9,12.6
木柵站,2025/05/16 15:00,71,臭氧8小時,45.4,12,33,0.52,1.3,20.1
木柵站,2025/05/16 16:00,76,臭氧8小時,35.5,9,25,0.54,1.6,25.4
木柵站,2025/05/16 17:00,73,臭氧8小時,31.5,7,19,0.51,3.3,27.2
木柵站,2025/05/16 18:00,61,臭氧8小時,22.4,12,25,0.54,3.2,30.4
木柵站,2025/05/16 19:00,47,臭氧8小時,24.8,10,24,0.5,1.3,17.8
木柵站,2025/05/16 20:00,42,懸浮微粒,22.5,8,26,0.42,0.8,12.2
木柵站,2025/05/16 21:00,43,懸浮微粒,18.6,10,22,0.45,0.9,13.5
木柵站,2025/05/16 22:00,43,懸浮微粒,15.8,8,27,0.46,0.6,12.3
木柵站,2025/05/16 23:00,44,懸浮微粒,15.1,9,24,0.38,0.7,9.5
木柵站,2025/05/17 00:00,42,懸浮微粒,13.7,5,22,0.37,0.8,8
木柵站,2025/05/17 01:00,40,懸浮微粒,12.8,2,19,0.3,0.5,6.5
木柵站,2025/05/17 02:00,38,懸浮微粒,8.4,3,21,0.32,0.6,7.8
木柵站,2025/05/17 03:00,38,懸浮微粒,9.1,4,26,0.29,0.6,6.2
木柵站,2025/05/17 04:00,38,懸浮微粒,7.6,6,23,0.29,0.5,6.2
木柵站,2025/05/17 05:00,40,懸浮微粒,7.1,9,27,0.33,0.6,7.2
木柵站,2025/05/17 06:00,39,懸浮微粒,9.7,7,19,0.28,0.6,5.3
木柵站,2025/05/17 07:00,38,懸浮微粒,15.9,4,20,0.36,0.6,6.6
木柵站,2025/05/17 08:00,37,懸浮微粒,23.5,6,21,0.42,0.6,10.1
木柵站,2025/05/17 09:00,41,懸浮微粒,44,15,42,0.49,0.8,8.8
木柵站,2025/05/17 10:00,43,懸浮微粒,43.3,9,26,0.49,0.8,6.6
木柵站,2025/05/17 11:00,45,懸浮微粒,42.2,12,28,0.52,0.8,8.8
木柵站,2025/05/17 12:00,47,懸浮微粒,40.1,10,28,0.59,0.9,12.6
木柵站,2025/05/17 13:00,45,懸浮微粒,35.9,9,30,0.53,0.9,11.7
木柵站,2025/05/17 14:00,43,懸浮微粒,29.8,6,17,0.5,0.7,10.7
木柵站,2025/05/17 15:00,42,懸浮微粒,35.1,11,25,0.46,0.7,15.8
木柵站,2025/05/17 16:00,40,懸浮微粒,32.1,10,18,0.4,0.7,10.8
木柵站,2025/05/17 17:00,39,懸浮微粒,30.2,7,28,0.41,0.8,7.5
木柵站,2025/05/17 18:00,43,懸浮微粒,20,11,31,0.4,0.7,8.7
木柵站,2025/05/17 19:00,42,懸浮微粒,15.2,8,21,0.33,0.8,6.2
木柵站,2025/05/17 20:00,43,懸浮微粒,11.7,8,22,0.34,0.7,7.9
木柵站,2025/05/17 21:00,42,懸浮微粒,6.6,4,28,0.35,0.6,8.3
木柵站,2025/05/17 22:00,41,懸浮微粒,5.8,1,24,0.33,0.8,7.2
木柵站,2025/05/17 23:00,40,懸浮微粒,5.1,1,21,0.32,0.8,7.2
木柵站,2025/05/18 00:00,39,懸浮微粒,3.8,3,20,0.3,0.7,6.4
木柵站,2025/05/18 01:00,38,懸浮微粒,4.4,3,25,0.31,0.5,5.4
木柵站,2025/05/18 02:00,38,懸浮微粒,4.7,2,22,0.31,0.5,5.1
木柵站,2025/05/18 03:00,38,懸浮微粒,3.6,2,21,0.3,0.5,4.1
木柵站,2025/05/18 04:00,39,懸浮微粒,3.8,2,22,0.31,0.6,3.9
木柵站,2025/05/18 05:00,38,懸浮微粒,3.1,4,23,0.29,0.6,4.2
木柵站,2025/05/18 06:00,38,懸浮微粒,3.5,4,25,0.31,0.6,4.8
木柵站,2025/05/18 07:00,38,懸浮微粒,6.2,5,21,0.32,0.6,3.8
木柵站,2025/05/18 08:00,38,懸浮微粒,14.3,4,23,0.39,0.7,5.3
木柵站,2025/05/18 09:00,36,懸浮微粒,25.5,7,17,0.54,0.7,5.3
木柵站,2025/05/18 10:00,35,懸浮微粒,36.6,8,21,0.43,0.7,6.7
木柵站,2025/05/18 11:00,37,懸浮微粒,47.1,5,26,0.49,0.8,8.5
木柵站,2025/05/18 12:00,40,懸浮微粒,37.2,12,35,0.45,0.9,9.7
木柵站,2025/05/18 13:00,35,懸浮微粒,26.8,8,2,0.36,0.6,11.1
木柵站,2025/05/18 14:00,34,懸浮微粒,29.8,2,15,0.3,0.7,9.4
木柵站,2025/05/18 15:00,30,懸浮微粒,26.8,1,11,0.31,0.6,9.8
木柵站,2025/05/18 16:00,30,臭氧8小時,26.5,1,9,0.3,0.8,9.1
木柵站,2025/05/18 17:00,30,臭氧8小時,25.4,1,9,0.3,0.6,9.5
木柵站,2025/05/18 18:00,29,二氧化氮小時值,20.2,1,7,0.32,0.8,12.1
木柵站,2025/05/18 19:00,25,二氧化氮小時值,13.6,1,15,0.35,0.7,10.7
木柵站,2025/05/18 20:00,25,二氧化氮小時值,8.9,1,15,0.34,0.7,10.7
木柵站,2025/05/18 21:00,23,懸浮微粒,7.3,1,14,0.3,0.7,9.4
木柵站,2025/05/18 22:00,25,懸浮微粒,6.3,1,18,0.29,0.7,7.4
木柵站,2025/05/18 23:00,24,懸浮微粒,4.8,3,13,0.29,0.9,7.6
木柵站,2025/05/19 00:00,24,懸浮微粒,3.9,1,19,0.28,0.8,6.3
木柵站,2025/05/19 01:00,27,懸浮微粒,3.3,1,24,0.32,0.5,5.5
木柵站,2025/05/19 02:00,28,懸浮微粒,4.4,1,20,0.3,0.6,4.4
木柵站,2025/05/19 03:00,31,懸浮微粒,3.3,1,24,0.27,0.7,4
木柵站,2025/05/19 04:00,33,懸浮微粒,3.4,2,23,0.27,0.6,3.9
木柵站,2025/05/19 05:00,34,懸浮微粒,2.8,3,24,0.26,0.6,4.3
木柵站,2025/05/19 06:00,33,懸浮微粒,3.9,2,14,0.34,0.6,4.7
木柵站,2025/05/19 07:00,31,懸浮微粒,4.4,3,15,0.34,0.7,6.5
木柵站,2025/05/19 08:00,30,懸浮微粒,6,2,16,0.37,0.7,8.3
木柵站,2025/05/19 09:00,32,懸浮微粒,9.6,2,30,0.5,0.8,12.8
木柵站,2025/05/19 10:00,37,懸浮微粒,20.9,2,31,0.5,0.7,13.5
木柵站,2025/05/19 11:00,41,懸浮微粒,39,7,29,0.47,0.7,10.7
木柵站,2025/05/19 12:00,46,二氧化氮小時值,32.1,10,26,0.56,0.8,19.5
木柵站,2025/05/19 13:00,44,懸浮微粒,31.2,7,32,0.43,0.8,11.8
木柵站,2025/05/19 14:00,42,懸浮微粒,25.9,4,20,0.42,0.9,11.9
木柵站,2025/05/19 15:00,41,懸浮微粒,23.5,5,25,0.41,1,11.5
木柵站,2025/05/19 16:00,40,懸浮微粒,18.7,4,21,0.47,1.3,16.5
木柵站,2025/05/19 17:00,38,懸浮微粒,16.1,9,22,0.45,1.1,14.7
木柵站,2025/05/19 18:00,39,懸浮微粒,9.7,6,21,0.42,0.7,11.3
木柵站,2025/05/19 19:00,41,懸浮微粒,6.6,8,32,0.43,0.8,13
木柵站,2025/05/19 20:00,44,懸浮微粒,4.5,8,30,0.44,0.9,13
木柵站,2025/05/19 21:00,44,懸浮微粒,7,8,23,0.41,0.8,11.2
木柵站,2025/05/19 22:00,42,懸浮微粒,8.3,6,16,0.4,0.8,10.7
木柵站,2025/05/19 23:00,42,懸浮微粒,6.7,6,31,0.39,0.8,9.7
木柵站,2025/05/20 00:00,41,懸浮微粒,6.9,6,28,0.34,0.8,6.6
木柵站,2025/05/20 01:00,42,懸浮微粒,7.8,2,28,0.32,0.4,5
木柵站,2025/05/20 02:00,46,懸浮微粒,7.4,1,32,0.33,0.5,4.5
木柵站,2025/05/20 03:00,48,懸浮微粒,4.3,2,35,0.29,0.4,6.7
木柵站,2025/05/20 04:00,51,懸浮微粒,3,1,42,0.31,0.5,6.6
木柵站,2025/05/20 05:00,51,懸浮微粒,2.9,1,24,0.32,0.5,7.3
木柵站,2025/05/20 06:00,50,懸浮微粒,3.6,4,23,0.33,0.5,6.9
木柵站,2025/05/20 07:00,47,懸浮微粒,5,4,23,0.4,0.5,9.2
木柵站,2025/05/20 08:00,42,懸浮微粒,10.4,1,24,0.42,0.5,8
木柵站,2025/05/20 09:00,43,懸浮微粒,22.8,1,27,0.45,0.6,10.7
木柵站,2025/05/20 10:00,47,懸浮微粒,36.5,10,33,0.46,0.5,10.7
木柵站,2025/05/20 11:00,49,懸浮微粒,49.9,13,35,0.53,0.7,15.5
木柵站,2025/05/20 12:00,53,懸浮微粒,56.6,13,42,0.54,0.7,17.7
木柵站,2025/05/20 13:00,55,懸浮微粒,67.3,16,40,0.51,1,15.1
木柵站,2025/05/20 14:00,56,懸浮微粒,62.8,19,36,0.52,0.8,18.8
木柵站,2025/05/20 15:00,57,懸浮微粒,45.4,20,40,0.49,2.6,22.4
木柵站,2025/05/20 16:00,53,懸浮微粒,33.4,12,24,0.42,4.3,19
木柵站,2025/05/20 17:00,53,細懸浮微粒,26.1,15,35,0.47,2.7,21.4
木柵站,2025/05/20 18:00,54,懸浮微粒,22.8,12,37,0.41,0.9,12.3
木柵站,2025/05/20 19:00,54,懸浮微粒,21.5,17,37,0.38,0.6,8.7
木柵站,2025/05/20 20:00,57,懸浮微粒,17.9,12,37,0.4,0.6,10.5
木柵站,2025/05/20 21:00,57,懸浮微粒,20.1,13,37,0.36,0.5,7.5
木柵站,2025/05/20 22:00,56,懸浮微粒,15.2,14,31,0.4,0.6,9.1
木柵站,2025/05/20 23:00,55,懸浮微粒,14.5,9,30,0.36,0.6,7.2
木柵站,2025/05/21 00:00,54,懸浮微粒,12,7,30,0.38,0.5,6
木柵站,2025/05/21 01:00,53,懸浮微粒,8.5,7,37,0.34,0.6,6.4
木柵站,2025/05/21 02:00,53,懸浮微粒,9.1,9,32,0.3,0.5,4.2
木柵站,2025/05/21 03:00,55,懸浮微粒,5.1,6,39,0.31,0.6,4.6
木柵站,2025/05/21 04:00,57,懸浮微粒,4.1,6,40,0.32,0.5,3.8
木柵站,2025/05/21 05:00,56,懸浮微粒,2.8,11,30,0.33,0.7,7.2
木柵站,2025/05/21 06:00,55,懸浮微粒,4.2,9,29,0.3,0.6,5.8
木柵站,2025/05/21 07:00,53,懸浮微粒,5.8,8,30,0.36,0.7,8.3
木柵站,2025/05/21 08:00,53,懸浮微粒,6.3,8,37,0.47,0.6,12.1
木柵站,2025/05/21 09:00,53,懸浮微粒,11.5,11,31,0.4,0.8,12.3
木柵站,2025/05/21 10:00,51,懸浮微粒,22.2,8,23,0.41,0.7,10.2
木柵站,2025/05/21 11:00,49,懸浮微粒,30.1,8,17,0.43,0.6,8.3
木柵站,2025/05/21 12:00,45,懸浮微粒,36.8,4,21,0.39,0.7,5.9
木柵站,2025/05/21 13:00,44,懸浮微粒,43.9,2,32,0.4,0.7,7.7
木柵站,2025/05/21 14:00,45,懸浮微粒,44.3,6,28,0.43,1,9.2
木柵站,2025/05/21 15:00,46,懸浮微粒,38.8,6,27,0.44,1.1,16.5
木柵站,2025/05/21 16:00,53,二氧化氮小時值,25.4,7,24,0.5,2.6,25.8
木柵站,2025/05/21 17:00,52,二氧化氮小時值,25.1,10,30,0.51,2.2,24.3
木柵站,2025/05/21 18:00,56,二氧化氮小時值,16.3,10,30,0.55,1.7,29.9
木柵站,2025/05/21 19:00,53,二氧化氮小時值,10.6,10,32,0.55,1.3,26.5
木柵站,2025/05/21 20:00,50,懸浮微粒,6.9,13,39,0.46,1,19.6
木柵站,2025/05/21 21:00,51,懸浮微粒,4.6,9,35,0.49,1.1,18.9
木柵站,2025/05/21 22:00,54,懸浮微粒,3.9,8,42,0.48,1,15.5
木柵站,2025/05/21 23:00,56,懸浮微粒,3.8,10,42,0.45,0.7,12.5
木柵站,2025/05/22 00:00,55,懸浮微粒,4.9,6,29,0.4,0.8,9.3
木柵站,2025/05/22 01:00,55,懸浮微粒,4.7,5,31,0.35,0.6,8.7
木柵站,2025/05/22 02:00,54,懸浮微粒,4.3,10,33,0.33,0.7,8.1
木柵站,2025/05/22 03:00,53,懸浮微粒,3.3,9,37,0.34,0.6,7.2
木柵站,2025/05/22 04:00,54,懸浮微粒,2,9,33,0.35,0.6,8.1
木柵站,2025/05/22 05:00,53,懸浮微粒,2.4,7,25,0.35,0.5,8.5
木柵站,2025/05/22 06:00,55,懸浮微粒,4.3,7,41,0.35,0.6,6.5
木柵站,2025/05/22 07:00,53,懸浮微粒,6,11,27,0.44,0.7,10.8
木柵站,2025/05/22 08:00,53,懸浮微粒,13.1,8,31,0.47,0.8,13.7
木柵站,2025/05/22 09:00,54,懸浮微粒,24.4,8,33,0.47,1,16.5
木柵站,2025/05/22 10:00,51,懸浮微粒,36.7,8,28,-,-,-
木柵站,2025/05/22 11:00,50,懸浮微粒,40.7,8,23,0.36,1,11.1
木柵站,2025/05/22 12:00,49,懸浮微粒,54.8,9,28,0.4,1.2,9.4
木柵站,2025/05/22 13:00,51,懸浮微粒,69.3,16,43,0.47,1.6,14.7
木柵站,2025/05/22 14:00,52,懸浮微粒,60.6,15,33,0.44,1.6,12.4
木柵站,2025/05/22 15:00,53,懸浮微粒,49.4,15,32,0.45,1.6,20.8
木柵站,2025/05/22 16:00,53,懸浮微粒,42.1,11,29,0.4,1.2,17.5
木柵站,2025/05/22 17:00,50,懸浮微粒,36.3,12,22,0.3,0.8,8.3
木柵站,2025/05/22 18:00,45,懸浮微粒,26,8,17,0.39,0.7,13.5
木柵站,2025/05/22 19:00,43,臭氧8小時,29.9,4,21,0.28,0.7,7.4
木柵站,2025/05/22 20:00,41,懸浮微粒,26.8,1,24,0.25,1,8.6
木柵站,2025/05/22 21:00,41,懸浮微粒,17.1,1,27,0.23,0.8,10
木柵站,2025/05/22 22:00,47,懸浮微粒,9.7,2,39,0.22,0.8,8
木柵站,2025/05/22 23:00,49,懸浮微粒,11.1,2,31,0.24,0.9,8.2
木柵站,2025/05/23 00:00,48,懸浮微粒,11.4,6,21,0.19,0.7,4
木柵站,2025/05/23 01:00,50,懸浮微粒,7.5,5,38,0.33,0.4,4.8
木柵站,2025/05/23 02:00,46,懸浮微粒,7.1,3,24,0.32,0.4,4.6
木柵站,2025/05/23 03:00,47,懸浮微粒,4.8,1,32,0.3,0.4,4.4
木柵站,2025/05/23 04:00,50,懸浮微粒,4.2,4,34,0.29,0.5,5.4
木柵站,2025/05/23 05:00,47,懸浮微粒,4.4,4,24,0.28,0.5,4.5
木柵站,2025/05/23 06:00,49,懸浮微粒,3.2,4,29,0.33,0.5,7.4
木柵站,2025/05/23 07:00,48,懸浮微粒,5.1,3,28,0.39,0.5,7.7
木柵站,2025/05/23 08:00,48,懸浮微粒,15.2,6,31,0.43,0.6,8.5
木柵站,2025/05/23 09:00,51,懸浮微粒,24.7,11,36,0.5,0.6,11.8
木柵站,2025/05/23 10:00,53,懸浮微粒,39.5,10,41,0.53,0.5,12.5
木柵站,2025/05/23 11:00,54,懸浮微粒,58.5,11,35,0.59,0.6,13
木柵站,2025/05/23 12:00,53,懸浮微粒,70.1,12,24,0.55,0.6,8.9
木柵站,2025/05/23 13:00,51,懸浮微粒,46.4,7,25,0.43,0.6,5.7
木柵站,2025/05/23 14:00,49,懸浮微粒,51.8,5,30,0.54,1.3,14.5
木柵站,2025/05/23 15:00,52,懸浮微粒,43.8,9,45,0.47,0.9,10.7
木柵站,2025/05/23 16:00,53,懸浮微粒,33.4,11,33,0.51,0.7,21.9
木柵站,2025/05/23 17:00,53,懸浮微粒,23.8,10,25,0.53,0.7,19.6
木柵站,2025/05/23 18:00,53,懸浮微粒,14.3,10,32,0.54,0.7,23.4
木柵站,2025/05/23 19:00,51,懸浮微粒,13.4,10,29,0.47,0.6,14.7
木柵站,2025/05/23 20:00,50,懸浮微粒,12.7,10,25,0.45,0.5,12.9
木柵站,2025/05/23 21:00,52,懸浮微粒,10.4,10,39,0.47,0.5,13.4
木柵站,2025/05/23 22:00,53,懸浮微粒,9.1,7,39,0.48,0.6,13.1
木柵站,2025/05/23 23:00,54,懸浮微粒,8.6,6,37,0.46,0.5,12.1
木柵站,2025/05/24 00:00,56,懸浮微粒,5.8,4,35,0.48,0.5,12.4
木柵站,2025/05/24 01:00,56,懸浮微粒,5,4,36,0.31,0.5,9.3
木柵站,2025/05/24 02:00,55,懸浮微粒,4.7,4,31,0.33,0.5,8.4
木柵站,2025/05/24 03:00,54,懸浮微粒,4.7,4,33,0.27,0.5,7.9
木柵站,2025/05/24 04:00,53,懸浮微粒,4,8,33,0.25,0.5,8.4
木柵站,2025/05/24 05:00,53,懸浮微粒,2.7,5,31,0.3,0.5,8.2
木柵站,2025/05/24 06:00,53,懸浮微粒,3.3,7,30,0.26,0.5,7.8
木柵站,2025/05/24 07:00,51,懸浮微粒,3.6,7,24,0.32,0.6,9.1
木柵站,2025/05/24 08:00,47,懸浮微粒,22.2,4,12,0.27,0.7,8.6
木柵站,2025/05/24 09:00,42,懸浮微粒,30,1,16,0.25,0.6,9
木柵站,2025/05/24 10:00,34,懸浮微粒,29.4,1,3,0.2,0.6,9.5
木柵站,2025/05/24 11:00,28,二氧化氮小時值,25.3,1,6,0.18,0.6,11.8
木柵站,2025/05/24 12:00,36,二氧化氮小時值,24.3,1,6,0.16,0.7,15.1
木柵站,2025/05/24 13:00,29,二氧化氮小時值,27,1,1,0.18,0.6,12.3
木柵站,2025/05/24 14:00,22,臭氧8小時,31.9,1,3,0.21,0.8,9.4
木柵站,2025/05/24 15:00,26,臭氧8小時,32.7,1,7,0.26,0.8,9.3
木柵站,2025/05/24 16:00,27,二氧化氮小時值,29.6,1,4,0.27,0.8,11.5
木柵站,2025/05/24 17:00,27,臭氧8小時,30.4,4,5,0.28,0.7,11.2
木柵站,2025/05/24 18:00,26,臭氧8小時,26.9,5,18,0.21,1,9.8
木柵站,2025/05/24 19:00,26,臭氧8小時,25.5,1,16,0.2,0.7,9.7
木柵站,2025/05/24 20:00,27,臭氧8小時,30.3,1,15,0.19,0.8,7.3
木柵站,2025/05/24 21:00,27,臭氧8小時,30,1,11,0.21,0.7,9.9
木柵站,2025/05/24 22:00,28,臭氧8小時,33.2,1,7,0.18,0.7,7
木柵站,2025/05/24 23:00,28,臭氧8小時,38.6,4,24,0.15,0.7,4.4
木柵站,2025/05/25 00:00,29,臭氧8小時,39,7,21,0.21,1.2,3.5
木柵站,2025/05/25 01:00,32,懸浮微粒,36.7,16,43,0.39,0.6,2.6
木柵站,2025/05/25 02:00,42,懸浮微粒,43.6,23,44,0.41,0.6,3.1
木柵站,2025/05/25 03:00,49,懸浮微粒,51.3,19,45,0.41,0.9,2.2
木柵站,2025/05/25 04:00,57,細懸浮微粒,54,26,46,0.42,0.6,1.5
木柵站,2025/05/25 05:00,60,細懸浮微粒,50.7,20,30,0.42,0.7,3.3
木柵站,2025/05/25 06:00,63,細懸浮微粒,42.9,24,38,0.49,0.6,6.3
木柵站,2025/05/25 07:00,63,細懸浮微粒,44.6,15,25,0.49,0.8,7.8
木柵站,2025/05/25 08:00,63,細懸浮微粒,52.8,19,32,0.51,0.6,9.5
木柵站,2025/05/25 09:00,67,細懸浮微粒,46.6,24,44,0.54,0.7,14.3
木柵站,2025/05/25 10:00,67,細懸浮微粒,46.2,19,33,0.57,0.7,12.8
木柵站,2025/05/25 11:00,71,細懸浮微粒,47.1,21,29,0.54,0.9,13.1
木柵站,2025/05/25 12:00,73,細懸浮微粒,50.2,20,39,0.57,0.7,9.5
木柵站,2025/05/25 13:00,70,細懸浮微粒,47.4,16,22,0.55,0.8,11.1
木柵站,2025/05/25 14:00,68,細懸浮微粒,47.7,15,25,0.53,0.8,7.9
木柵站,2025/05/25 15:00,65,細懸浮微粒,38.6,14,27,0.52,0.9,15.5
木柵站,2025/05/25 16:00,59,細懸浮微粒,36,9,29,0.53,0.8,11.4
木柵站,2025/05/25 17:00,56,細懸浮微粒,39.3,10,28,0.51,0.8,6.3
木柵站,2025/05/25 18:00,54,細懸浮微粒,34.1,12,29,0.57,0.8,10.3
木柵站,2025/05/25 19:00,52,細懸浮微粒,30.9,11,28,0.59,0.9,12.1
木柵站,2025/05/25 20:00,51,細懸浮微粒,28.2,8,29,0.62,0.8,11.8
木柵站,2025/05/25 21:00,49,懸浮微粒,28,8,31,0.64,0.7,12
木柵站,2025/05/25 22:00,49,懸浮微粒,30.9,13,32,0.62,1,7.3
木柵站,2025/05/25 23:00,50,懸浮微粒,32.4,10,31,0.56,0.7,6.2
木柵站,2025/05/26 00:00,49,懸浮微粒,33.6,12,28,0.56,1,3.7
木柵站,2025/05/26 01:00,51,懸浮微粒,38.7,11,37,0.31,0.5,2.7
木柵站,2025/05/26 02:00,51,懸浮微粒,40.4,9,29,0.29,0.5,2.1
木柵站,2025/05/26 03:00,49,懸浮微粒,41.4,14,24,0.29,0.4,2.3
木柵站,2025/05/26 04:00,49,懸浮微粒,45.9,10,29,0.29,0.4,2.3
木柵站,2025/05/26 05:00,46,懸浮微粒,49.5,9,23,0.36,0.5,3.9
木柵站,2025/05/26 06:00,46,懸浮微粒,35.5,6,30,0.36,0.5,14.3
木柵站,2025/05/26 07:00,44,懸浮微粒,36.7,5,16,0.33,0.5,15.6
木柵站,2025/05/26 08:00,41,二氧化氮小時值,40.2,3,11,0.31,0.5,17.4
木柵站,2025/05/26 09:00,51,二氧化氮小時值,33.3,6,-,0.35,0.5,21.8
木柵站,2025/05/26 10:00,40,二氧化氮小時值,35.3,4,1,0.3,0.6,16.9
木柵站,2025/05/26 11:00,39,二氧化氮小時值,33.9,3,1,0.35,0.7,16.2
木柵站,2025/05/26 12:00,35,臭氧8小時,34.4,5,1,0.32,0.6,12.9
木柵站,2025/05/26 13:00,38,二氧化氮小時值,32.2,5,2,0.33,0.5,15.9
木柵站,2025/05/26 14:00,33,臭氧8小時,-,4,-,-,-,-
木柵站,2025/05/26 15:00,38,二氧化氮小時值,-,8,21,0.33,0.9,16
木柵站,2025/05/26 16:00,50,二氧化氮小時值,21.5,9,17,0.34,0.8,20.8
木柵站,2025/05/26 17:00,45,二氧化氮小時值,19.9,4,16,0.33,0.7,18.9
木柵站,2025/05/26 18:00,44,二氧化氮小時值,25.2,2,16,0.32,0.8,18.6
木柵站,2025/05/26 19:00,35,二氧化氮小時值,28.4,7,12,0.3,0.7,14.7
木柵站,2025/05/26 20:00,25,臭氧8小時,34.7,4,10,0.26,0.6,9.3
木柵站,2025/05/26 21:00,26,臭氧8小時,40.6,1,9,0.26,0.7,6.2
木柵站,2025/05/26 22:00,28,臭氧8小時,40.9,1,11,0.25,0.5,6.7
木柵站,2025/05/26 23:00,29,臭氧8小時,43.4,1,12,0.25,0.8,-
木柵站,2025/05/27 00:00,32,臭氧8小時,45.2,2,10,0.34,0.9,-
木柵站,2025/05/27 01:00,35,臭氧8小時,44.8,2,44,0.33,1.1,-
木柵站,2025/05/27 02:00,37,臭氧8小時,44.9,1,8,0.34,1,-
木柵站,2025/05/27 03:00,39,臭氧8小時,45.2,5,42,0.33,0.9,-
木柵站,2025/05/27 04:00,40,臭氧8小時,44.1,3,21,0.32,1.1,-
木柵站,2025/05/27 05:00,43,懸浮微粒,40.7,5,52,0.37,1.1,-
木柵站,2025/05/27 06:00,49,懸浮微粒,36.4,5,32,0.34,1,9.6
木柵站,2025/05/27 07:00,52,懸浮微粒,35,3,50,0.39,1.4,11
木柵站,2025/05/27 08:00,51,懸浮微粒,39.4,1,14,0.33,1.3,7.8
木柵站,2025/05/27 09:00,45,懸浮微粒,37.2,1,17,0.34,1.1,9.9
木柵站,2025/05/27 10:00,42,懸浮微粒,38.6,1,15,0.34,1.2,8.3
木柵站,2025/05/27 11:00,36,臭氧8小時,37.7,1,13,0.35,1.2,8.6
木柵站,2025/05/27 12:00,36,懸浮微粒,39.1,1,18,0.38,1.3,7.3
木柵站,2025/05/27 13:00,35,臭氧8小時,39.1,1,8,0.36,0.9,7.3
木柵站,2025/05/27 14:00,35,臭氧8小時,39.3,3,8,0.36,0.8,7.2
木柵站,2025/05/27 15:00,36,臭氧8小時,37.7,2,5,0.38,1.3,8.7
木柵站,2025/05/27 16:00,35,臭氧8小時,34.6,1,6,0.35,1.2,14.3
木柵站,2025/05/27 17:00,35,臭氧8小時,35.2,1,6,0.31,1.5,10.5
木柵站,2025/05/27 18:00,35,二氧化氮小時值,29.4,1,5,0.34,1.6,14.5
木柵站,2025/05/27 19:00,33,臭氧8小時,29,1,6,0.33,1.4,11.8
木柵站,2025/05/27 20:00,32,臭氧8小時,31.1,1,7,0.28,1.6,9.7
木柵站,2025/05/27 21:00,31,臭氧8小時,30.2,1,8,0.3,1.4,9
木柵站,2025/05/27 22:00,30,臭氧8小時,31.3,1,5,0.23,1.3,7.3
木柵站,2025/05/27 23:00,30,臭氧8小時,35,1,10,0.21,1.2,5.2
木柵站,2025/05/28 00:00,30,臭氧8小時,36,1,9,0.27,0.4,3
木柵站,2025/05/28 01:00,30,臭氧8小時,38.8,1,1,0.25,0.5,2.2
木柵站,2025/05/28 02:00,31,臭氧8小時,35.5,1,1,0.3,0.5,2.5
木柵站,2025/05/28 03:00,32,臭氧8小時,35.8,1,5,0.24,0.6,1.8
木柵站,2025/05/28 04:00,32,臭氧8小時,31.9,1,18,0.3,0.4,2.4
木柵站,2025/05/28 05:00,32,臭氧8小時,29.8,1,7,0.3,0.4,3.7
木柵站,2025/05/28 06:00,31,臭氧8小時,28.8,1,8,0.3,0.6,9.1
木柵站,2025/05/28 07:00,31,臭氧8小時,32.3,1,3,0.29,0.5,9.8
木柵站,2025/05/28 08:00,31,臭氧8小時,35.7,1,3,0.31,0.4,10.1
木柵站,2025/05/28 09:00,31,臭氧8小時,39,1,9,0.36,0.6,8.2
木柵站,2025/05/28 10:00,31,臭氧8小時,35.2,1,11,0.39,0.8,10.9
木柵站,2025/05/28 11:00,31,臭氧8小時,32,1,11,0.37,0.6,10.1
木柵站,2025/05/28 12:00,31,臭氧8小時,31.9,1,7,0.39,0.6,8.4
木柵站,2025/05/28 13:00,31,臭氧8小時,29.9,1,5,0.37,0.6,8.6
木柵站,2025/05/28 14:00,30,臭氧8小時,24.7,1,7,0.41,0.5,11.5
木柵站,2025/05/28 15:00,41,二氧化氮小時值,14.8,1,15,0.47,0.5,17.2
木柵站,2025/05/28 16:00,42,二氧化氮小時值,11.6,2,17,0.47,0.8,17.5
木柵站,2025/05/28 17:00,39,二氧化氮小時值,8.4,3,18,0.53,0.6,16.5
木柵站,2025/05/28 18:00,40,二氧化氮小時值,6.7,2,15,0.45,1,16.7
木柵站,2025/05/28 19:00,22,懸浮微粒,13.6,1,13,0.33,0.5,7.9
木柵站,2025/05/28 20:00,27,二氧化氮小時值,9.2,1,21,0.35,0.6,11.3
木柵站,2025/05/28 21:00,32,二氧化氮小時值,5.2,5,29,0.41,0.9,13.3
木柵站,2025/05/28 22:00,29,懸浮微粒,5.7,5,17,0.38,0.8,9.9
木柵站,2025/05/28 23:00,30,懸浮微粒,9.5,4,17,0.32,0.6,9.1
木柵站,2025/05/29 00:00,28,懸浮微粒,14.7,2,11,0.35,0.9,8
木柵站,2025/05/29 01:00,26,懸浮微粒,12.8,1,15,0.36,0.9,7.3
木柵站,2025/05/29 02:00,26,懸浮微粒,14.2,1,13,0.42,1.1,8
木柵站,2025/05/29 03:00,27,懸浮微粒,15,1,20,0.37,1,8
木柵站,2025/05/29 04:00,24,懸浮微粒,15,2,3,0.38,1,8.2
木柵站,2025/05/29 05:00,22,懸浮微粒,16.7,2,7,0.34,1.1,6.4
木柵站,2025/05/29 06:00,21,懸浮微粒,15.2,1,10,0.39,1.3,8.2
木柵站,2025/05/29 07:00,33,二氧化氮小時值,15.6,1,8,0.44,1.2,13.8
木柵站,2025/05/29 08:00,48,二氧化氮小時值,14.4,1,6,0.54,1.3,20.3
木柵站,2025/05/29 09:00,53,二氧化氮小時值,10.7,1,10,0.59,1.2,25.7
木柵站,2025/05/29 10:00,31,二氧化氮小時值,28.6,1,11,0.34,1.2,12.9
木柵站,2025/05/29 11:00,43,懸浮微粒,35.9,1,106,0.27,1.1,10
木柵站,2025/05/29 12:00,45,懸浮微粒,37.7,1,13,0.27,1.3,8.3
木柵站,2025/05/29 13:00,49,懸浮微粒,40.9,1,28,0.28,1.2,9.9
木柵站,2025/05/29 14:00,47,懸浮微粒,42.6,1,5,0.25,1.2,9.7
木柵站,2025/05/29 15:00,29,臭氧8小時,39,1,5,0.29,1.2,11.9
木柵站,2025/05/29 16:00,38,二氧化氮小時值,35.7,1,5,0.28,1.5,16
木柵站,2025/05/29 17:00,34,臭氧8小時,35.3,2,2,0.33,1.3,13.2
木柵站,2025/05/29 18:00,35,臭氧8小時,34.1,1,16,0.27,1.4,9.6
木柵站,2025/05/29 19:00,34,臭氧8小時,29.9,3,8,0.32,1.1,14
木柵站,2025/05/29 20:00,35,二氧化氮小時值,23,3,9,0.36,1.4,14.9
木柵站,2025/05/29 21:00,34,二氧化氮小時值,20.7,1,6,0.39,1.3,14.1
木柵站,2025/05/29 22:00,28,臭氧8小時,21.3,1,17,0.34,1.5,10.1
木柵站,2025/05/29 23:00,25,臭氧8小時,18,3,11,0.37,1.4,9.6
木柵站,2025/05/30 00:00,23,臭氧8小時,18.3,3,15,0.36,1.3,8
木柵站,2025/05/30 01:00,21,臭氧8小時,15.7,1,18,0.43,1.6,7.1
木柵站,2025/05/30 02:00,23,懸浮微粒,16.9,2,21,0.42,1.3,5.9
木柵站,2025/05/30 03:00,23,懸浮微粒,20.3,5,10,0.35,1.2,4.2
木柵站,2025/05/30 04:00,26,懸浮微粒,17.7,3,22,0.36,1.6,3.9
木柵站,2025/05/30 05:00,27,懸浮微粒,17.1,1,18,0.41,1.6,5.2
木柵站,2025/05/30 06:00,27,懸浮微粒,20.3,1,22,0.38,1.4,7
木柵站,2025/05/30 07:00,29,懸浮微粒,27.5,4,17,0.43,1.7,10.7
木柵站,2025/05/30 08:00,34,二氧化氮小時值,33.6,3,29,0.42,1.7,14.1
木柵站,2025/05/30 09:00,34,懸浮微粒,38.6,5,22,0.41,1.8,8.7
木柵站,2025/05/30 10:00,36,懸浮微粒,43,7,28,0.44,1.7,6
木柵站,2025/05/30 11:00,41,懸浮微粒,45.2,11,33,0.47,1.8,7.4
木柵站,2025/05/30 12:00,43,懸浮微粒,45.9,7,32,0.46,1.7,6.6
木柵站,2025/05/30 13:00,46,懸浮微粒,42.1,9,32,0.48,1.8,9.6
木柵站,2025/05/30 14:00,49,懸浮微粒,43.1,8,37,0.45,1.8,7.3
木柵站,2025/05/30 15:00,50,懸浮微粒,44.8,8,31,0.48,2,6.1
木柵站,2025/05/30 16:00,50,懸浮微粒,43.1,9,31,0.46,2,7.1
木柵站,2025/05/30 17:00,50,懸浮微粒,42,10,27,0.46,2.4,8.5
木柵站,2025/05/30 18:00,50,懸浮微粒,38.8,17,33,0.46,2.2,16.1
木柵站,2025/05/30 19:00,51,懸浮微粒,39.2,16,35,0.43,2.2,19.6
木柵站,2025/05/30 20:00,54,懸浮微粒,49.2,15,43,0.42,1.9,9.3
木柵站,2025/05/30 21:00,55,懸浮微粒,53.3,10,32,0.44,2,5.9
木柵站,2025/05/30 22:00,55,懸浮微粒,55.5,12,35,0.42,1.9,4.5
木柵站,2025/05/30 23:00,55,懸浮微粒,56.4,15,35,0.4,2,3.9
木柵站,2025/05/31 00:00,54,懸浮微粒,56.9,15,31,0.25,0.4,2.5
木柵站,2025/05/31 01:00,54,懸浮微粒,55.8,14,32,0.26,0.2,2.6
木柵站,2025/05/31 02:00,55,懸浮微粒,51.8,10,44,0.32,0.3,2.6
木柵站,2025/05/31 03:00,55,懸浮微粒,43.4,12,32,0.3,0.2,3.6
木柵站,2025/05/31 04:00,54,懸浮微粒,41.6,14,27,0.32,0.1,3.3
木柵站,2025/05/31 05:00,54,懸浮微粒,41.6,13,32,0.31,0.2,4.3
木柵站,2025/05/31 06:00,54,細懸浮微粒,30.7,17,36,0.36,0.2,8.9
木柵站,2025/05/31 07:00,55,懸浮微粒,42.8,11,39,0.33,0.3,8.5
木柵站,2025/05/31 08:00,55,懸浮微粒,47.6,12,33,0.33,0.3,6.2
木柵站,2025/05/31 09:00,56,懸浮微粒,48.3,12,35,0.32,0.3,4.2
木柵站,2025/05/31 10:00,55,懸浮微粒,48.4,11,34,0.33,0.2,2.5
木柵站,2025/05/31 11:00,53,懸浮微粒,46.6,9,27,0.34,0.3,2.1
木柵站,2025/05/31 12:00,52,懸浮微粒,47,11,26,0.37,0.2,2.3
木柵站,2025/05/31 13:00,49,懸浮微粒,45.9,7,21,0.36,0.3,2.6
木柵站,2025/05/31 14:00,46,懸浮微粒,45.1,14,24,0.34,0.2,2.3
木柵站,2025/05/31 15:00,48,細懸浮微粒,43.5,14,27,0.35,0.3,3
木柵站,2025/05/31 16:00,48,細懸浮微粒,41,12,23,0.34,0.3,-
木柵站,2025/05/31 17:00,48,細懸浮微粒,42.3,9,29,0.38,0.2,5
木柵站,2025/05/31 18:00,61,懸浮微粒,40.9,15,101,0.33,0.3,6.3
木柵站,2025/05/31 19:00,61,懸浮微粒,39.9,12,32,0.34,0.3,6.6
木柵站,2025/05/31 20:00,62,懸浮微粒,33.7,10,31,0.38,0.4,8.6
木柵站,2025/05/31 21:00,61,懸浮微粒,28.6,11,23,0.36,0.3,12.3
木柵站,2025/05/31 22:00,50,懸浮微粒,23.4,11,26,0.35,0.3,10.7
木柵站,2025/05/31 23:00,47,懸浮微粒,18.1,10,20,0.37,0.5,14.5
木柵站,2025/06/01 00:00,45,懸浮微粒,19.8,8,20,0.39,0.5,8.3
木柵站,2025/06/01 01:00,45,懸浮微粒,18.6,11,24,0.38,0.4,7.6
木柵站,2025/06/01 02:00,46,懸浮微粒,16.2,10,27,0.39,0.5,6.5
木柵站,2025/06/01 03:00,46,懸浮微粒,15,7,22,0.39,0.6,5.5
木柵站,2025/06/01 04:00,45,懸浮微粒,12.8,7,20,0.36,0.4,5
木柵站,2025/06/01 05:00,43,懸浮微粒,10.4,14,18,0.35,0.5,6
木柵站,2025/06/01 06:00,39,細懸浮微粒,10.2,9,27,0.35,0.5,7.3
木柵站,2025/06/01 07:00,39,細懸浮微粒,15.4,8,16,0.38,0.6,6.5
木柵站,2025/06/01 08:00,38,細懸浮微粒,23.8,7,26,0.42,0.6,5.3
木柵站,2025/06/01 09:00,37,懸浮微粒,31.2,8,20,0.49,0.7,7.7
木柵站,2025/06/01 10:00,36,懸浮微粒,45,6,22,0.52,0.5,6.1
木柵站,2025/06/01 11:00,37,懸浮微粒,54.7,5,22,0.54,0.5,7.7
木柵站,2025/06/01 12:00,37,懸浮微粒,61.5,5,23,0.56,0.9,7.2
木柵站,2025/06/01 13:00,39,懸浮微粒,55.3,14,28,0.57,4.2,13.3
木柵站,2025/06/01 14:00,40,懸浮微粒,54,15,27,0.54,3.9,13.4
木柵站,2025/06/01 15:00,44,臭氧8小時,50.9,9,23,0.54,2,11.4
木柵站,2025/06/01 16:00,47,臭氧8小時,49.5,8,25,0.5,1.2,9.2
木柵站,2025/06/01 17:00,47,臭氧8小時,39.1,10,24,0.53,1,12
木柵站,2025/06/01 18:00,45,臭氧8小時,27.5,17,25,0.55,0.8,11.8
木柵站,2025/06/01 19:00,43,細懸浮微粒,22.9,12,30,0.51,0.9,13.2
木柵站,2025/06/01 20:00,45,細懸浮微粒,21.7,11,27,0.5,0.7,12.7
木柵站,2025/06/01 21:00,48,細懸浮微粒,21.2,14,35,0.5,0.7,12.3
木柵站,2025/06/01 22:00,48,懸浮微粒,17.2,12,31,0.5,0.7,12.3
木柵站,2025/06/01 23:00,51,細懸浮微粒,17.3,16,23,0.44,0.8,9.4
木柵站,2025/06/02 00:00,50,細懸浮微粒,18.2,9,19,0.41,0.5,6.3
木柵站,2025/06/02 01:00,46,細懸浮微粒,15.5,8,32,0.37,0.4,6.7
木柵站,2025/06/02 02:00,44,懸浮微粒,18.7,6,31,0.36,0.3,3.9
木柵站,2025/06/02 03:00,46,懸浮微粒,15.7,11,27,0.35,0.4,4.3
木柵站,2025/06/02 04:00,47,懸浮微粒,9.6,9,27,0.39,0.4,6.6
木柵站,2025/06/02 05:00,46,懸浮微粒,8.2,9,26,0.38,0.4,8.8
木柵站,2025/06/02 06:00,47,懸浮微粒,9.3,8,32,0.39,0.4,7.2
木柵站,2025/06/02 07:00,49,懸浮微粒,12,7,35,0.48,0.4,10.4
木柵站,2025/06/02 08:00,47,懸浮微粒,16.2,3,19,0.42,0.5,8.4
木柵站,2025/06/02 09:00,46,懸浮微粒,21.6,3,26,0.39,0.5,5.9
木柵站,2025/06/02 10:00,42,懸浮微粒,25.6,2,18,0.36,0.3,5.7
木柵站,2025/06/02 11:00,38,懸浮微粒,28,1,16,0.38,0.5,6.4
木柵站,2025/06/02 12:00,38,懸浮微粒,38.5,1,19,0.42,0.5,7.3
木柵站,2025/06/02 13:00,37,懸浮微粒,42.2,4,23,0.41,0.5,6.8
木柵站,2025/06/02 14:00,37,懸浮微粒,39.2,5,23,0.42,0.7,7.9
木柵站,2025/06/02 15:00,40,懸浮微粒,36.8,5,31,0.41,0.5,8.4
木柵站,2025/06/02 16:00,42,懸浮微粒,31.3,2,27,0.43,0.5,11.9
木柵站,2025/06/02 17:00,48,二氧化氮小時值,25.3,5,21,0.5,1.1,20.1
木柵站,2025/06/02 18:00,41,懸浮微粒,20.2,4,25,0.49,0.7,15.9
木柵站,2025/06/02 19:00,37,懸浮微粒,16.9,9,16,0.41,0.5,10.5
木柵站,2025/06/02 20:00,34,懸浮微粒,11,6,15,0.45,0.5,11.9
木柵站,2025/06/02 21:00,35,懸浮微粒,5.6,7,24,0.41,0.5,13.2
木柵站,2025/06/02 22:00,35,懸浮微粒,6.2,5,23,0.44,0.4,12
木柵站,2025/06/02 23:00,36,懸浮微粒,6.8,2,22,0.36,0.4,9
木柵站,2025/06/03 00:00,37,懸浮微粒,5.8,1,20,0.42,0.8,7.8
木柵站,2025/06/03 01:00,37,懸浮微粒,4.4,1,21,0.45,1.2,9.1
木柵站,2025/06/03 02:00,37,懸浮微粒,5,8,26,0.42,0.8,7.5
木柵站,2025/06/03 03:00,40,懸浮微粒,3.6,6,35,0.41,0.8,6.9
木柵站,2025/06/03 04:00,39,懸浮微粒,3.8,3,18,0.38,0.8,4.5
木柵站,2025/06/03 05:00,38,懸浮微粒,4,1,16,0.35,0.9,5.7
木柵站,2025/06/03 06:00,37,懸浮微粒,3.8,1,23,0.39,1,5.9
木柵站,2025/06/03 07:00,35,懸浮微粒,5.5,4,21,0.45,1.1,8.6
木柵站,2025/06/03 08:00,35,懸浮微粒,10.8,4,20,0.42,1,9.2
木柵站,2025/06/03 09:00,36,懸浮微粒,12.5,3,21,0.49,1.3,11.7
木柵站,2025/06/03 10:00,43,二氧化氮小時值,10.5,3,21,0.53,1.3,17.9
木柵站,2025/06/03 11:00,35,二氧化氮小時值,22.7,1,3,0.44,1.7,14.9
木柵站,2025/06/03 12:00,33,二氧化氮小時值,22.6,1,4,0.44,1.5,14
木柵站,2025/06/03 13:00,37,二氧化氮小時值,26.3,1,5,0.41,1.4,15.5
木柵站,2025/06/03 14:00,33,二氧化氮小時值,30.2,1,1,0.37,1.4,13.9
木柵站,2025/06/03 15:00,22,二氧化氮小時值,33.3,1,2,0.37,1.6,9.3
木柵站,2025/06/03 16:00,32,二氧化氮小時值,32.5,1,6,0.36,1.6,13.4
木柵站,2025/06/03 17:00,32,二氧化氮小時值,30.9,1,2,0.39,1.6,13.5
木柵站,2025/06/03 18:00,29,二氧化氮小時值,35.1,1,3,0.38,1.6,12.3
木柵站,2025/06/03 19:00,29,二氧化氮小時值,34.2,1,9,0.33,1.5,12
木柵站,2025/06/03 20:00,30,臭氧8小時,33.2,1,11,0.35,1.4,9
木柵站,2025/06/03 21:00,30,臭氧8小時,34,2,15,0.32,1.4,9.1
木柵站,2025/06/03 22:00,31,臭氧8小時,33.9,2,11,0.3,1.4,7.4
木柵站,2025/06/03 23:00,31,臭氧8小時,34.2,1,16,0.28,1.4,5.2
木柵站,2025/06/04 00:00,31,臭氧8小時,32.7,1,10,0.31,0.3,3.3
木柵站,2025/06/04 01:00,31,臭氧8小時,33.2,1,10,0.39,0.2,2.3
木柵站,2025/06/04 02:00,31,臭氧8小時,30.1,1,10,0.32,0.2,2.4
木柵站,2025/06/04 03:00,30,臭氧8小時,27.9,1,11,0.33,0.2,2.6
木柵站,2025/06/04 04:00,30,臭氧8小時,34.4,1,11,0.31,0.4,3.6
木柵站,2025/06/04 05:00,30,臭氧8小時,33.9,1,18,0.27,0.3,3.8
木柵站,2025/06/04 06:00,30,臭氧8小時,29.8,2,15,0.34,0.2,7.9
木柵站,2025/06/04 07:00,29,二氧化氮小時值,24.7,1,6,0.38,0.2,12
木柵站,2025/06/04 08:00,32,二氧化氮小時值,24.5,1,1,0.37,0.3,13.5
木柵站,2025/06/04 09:00,34,二氧化氮小時值,26.1,1,1,0.38,0.2,14.2
木柵站,2025/06/04 10:00,32,二氧化氮小時值,27,1,8,0.37,0.3,13.3
木柵站,2025/06/04 11:00,31,二氧化氮小時值,26.9,1,5,0.38,0.3,13
木柵站,2025/06/04 12:00,26,臭氧8小時,29.7,1,1,0.37,0.2,9.3
木柵站,2025/06/04 13:00,25,臭氧8小時,31.1,5,3,0.4,0.3,9.5
木柵站,2025/06/04 14:00,26,臭氧8小時,31.2,3,4,0.41,0.4,8.6
木柵站,2025/06/04 15:00,26,臭氧8小時,27.6,1,6,0.4,0.3,9
木柵站,2025/06/04 16:00,29,二氧化氮小時值,24.9,1,9,0.44,0.3,12.2
木柵站,2025/06/04 17:00,31,二氧化氮小時值,25.7,1,10,0.44,0.3,13.2
木柵站,2025/06/04 18:00,37,二氧化氮小時值,24,4,17,0.47,0.3,15.4
木柵站,2025/06/04 19:00,32,二氧化氮小時值,25.7,6,24,0.46,0.4,13.3
木柵站,2025/06/04 20:00,25,臭氧8小時,22.7,7,15,0.4,0.4,9.9
木柵站,2025/06/04 21:00,27,懸浮微粒,19.3,8,30,0.39,0.3,9.6
木柵站,2025/06/04 22:00,31,懸浮微粒,20.6,6,29,0.38,0.4,9.2
木柵站,2025/06/04 23:00,33,懸浮微粒,22.8,6,25,0.35,0.2,8.4
木柵站,2025/06/05 00:00,35,懸浮微粒,31.5,5,21,0.39,0.5,3.2
木柵站,2025/06/05 01:00,32,懸浮微粒,38.8,5,12,0.36,0.6,2.1
木柵站,2025/06/05 02:00,33,懸浮微粒,33.5,6,24,0.41,0.6,1.8
木柵站,2025/06/05 03:00,32,懸浮微粒,34.1,6,19,0.38,0.6,2.1
木柵站,2025/06/05 04:00,34,懸浮微粒,34.6,2,23,0.36,0.6,1.9
木柵站,2025/06/05 05:00,38,懸浮微粒,30.2,4,26,0.4,0.5,3.8
木柵站,2025/06/05 06:00,37,懸浮微粒,24.7,5,21,0.4,0.6,9.5
木柵站,2025/06/05 07:00,38,懸浮微粒,25.1,3,22,0.44,0.6,10.9
木柵站,2025/06/05 08:00,42,二氧化氮小時值,20.6,5,18,0.51,0.6,17.8
木柵站,2025/06/05 09:00,45,二氧化氮小時值,18.4,8,21,0.51,1,18.9
木柵站,2025/06/05 10:00,34,懸浮微粒,24.3,6,17,0.48,0.7,11.7
木柵站,2025/06/05 11:00,32,懸浮微粒,25.4,7,16,0.48,0.9,11
木柵站,2025/06/05 12:00,44,二氧化氮小時值,20.6,6,25,0.49,0.7,18.5
木柵站,2025/06/05 13:00,34,二氧化氮小時值,23.5,3,15,0.46,0.6,14.2
木柵站,2025/06/05 14:00,37,二氧化氮小時值,22,4,20,0.47,0.6,15.4
木柵站,2025/06/05 15:00,41,二氧化氮小時值,20.8,7,22,0.46,0.6,17.1
木柵站,2025/06/05 16:00,48,二氧化氮小時值,17.7,4,21,0.48,0.8,20.2
木柵站,2025/06/05 17:00,50,二氧化氮小時值,14.9,6,13,0.49,0.8,21.1
木柵站,2025/06/05 18:00,51,二氧化氮小時值,14.4,3,12,0.52,0.8,21.8
木柵站,2025/06/05 19:00,33,二氧化氮小時值,19.7,1,16,0.47,0.8,13.8
木柵站,2025/06/05 20:00,24,二氧化氮小時值,22.2,1,5,0.43,0.8,10
木柵站,2025/06/05 21:00,21,懸浮微粒,24.5,1,6,0.39,0.8,6.5
木柵站,2025/06/05 22:00,20,懸浮微粒,20.5,2,10,0.4,0.7,7
木柵站,2025/06/05 23:00,21,懸浮微粒,15,1,19,0.38,0.8,6.4
木柵站,2025/06/06 00:00,25,二氧化氮小時值,5.1,1,16,0.4,0.2,10.6
木柵站,2025/06/06 01:00,24,懸浮微粒,6.7,2,14,0.42,0.3,7.5
木柵站,2025/06/06 02:00,27,懸浮微粒,5.3,2,23,0.45,0.3,9.8
木柵站,2025/06/06 03:00,27,懸浮微粒,4.3,1,19,0.42,0.4,7.2
木柵站,2025/06/06 04:00,30,懸浮微粒,3,1,26,0.41,0.3,6.2
木柵站,2025/06/06 05:00,30,懸浮微粒,2.6,1,16,0.43,0.3,6.8
木柵站,2025/06/06 06:00,31,懸浮微粒,4.9,1,24,0.44,0.4,6.6
木柵站,2025/06/06 07:00,28,懸浮微粒,7.9,1,7,0.48,0.3,9.2
木柵站,2025/06/06 08:00,29,二氧化氮小時值,11.6,1,20,0.6,0.3,12
木柵站,2025/06/06 09:00,30,二氧化氮小時值,23.2,1,16,0.74,0.4,12.4
木柵站,2025/06/06 10:00,27,懸浮微粒,36.1,1,16,0.68,0.4,10.5
木柵站,2025/06/06 11:00,30,懸浮微粒,51.2,1,18,0.69,0.4,10.4
木柵站,2025/06/06 12:00,37,二氧化氮小時值,78.1,9,35,0.87,0.4,15.7
木柵站,2025/06/06 13:00,46,二氧化氮小時值,73.2,14,33,0.81,0.6,19.5
木柵站,2025/06/06 14:00,43,懸浮微粒,-,-,31,-,-,-
木柵站,2025/06/06 15:00,45,二氧化氮小時值,34.7,7,16,0.44,0.6,18.8
木柵站,2025/06/06 16:00,46,二氧化氮小時值,24.1,8,20,0.35,0.6,19.3
木柵站,2025/06/06 17:00,49,二氧化氮小時值,19.4,4,11,0.42,0.6,20.4
木柵站,2025/06/06 18:00,51,二氧化氮小時值,13.7,3,16,0.43,0.7,22.6
木柵站,2025/06/06 19:00,35,臭氧8小時,18.7,3,16,0.27,0.4,7.9
木柵站,2025/06/06 20:00,32,懸浮微粒,11.2,1,26,0.29,0.4,11.7
木柵站,2025/06/06 21:00,35,懸浮微粒,6.9,1,24,0.28,0.4,12.4
木柵站,2025/06/06 22:00,38,懸浮微粒,8.3,1,25,0.26,0.6,8.1
木柵站,2025/06/06 23:00,37,懸浮微粒,10.2,1,14,0.24,0.6,5.4
木柵站,2025/06/07 00:00,33,懸浮微粒,6.9,1,14,0.19,0.7,7.1
木柵站,2025/06/07 01:00,33,懸浮微粒,5.6,1,27,0.21,0.5,6.2
木柵站,2025/06/07 02:00,33,懸浮微粒,6,5,26,0.2,0.5,6.7
木柵站,2025/06/07 03:00,36,懸浮微粒,4.3,4,26,0.18,0.4,6.4
木柵站,2025/06/07 04:00,38,懸浮微粒,4.3,2,20,0.21,0.6,4.7
木柵站,2025/06/07 05:00,41,懸浮微粒,3.8,1,34,0.18,0.6,6.1
木柵站,2025/06/07 06:00,41,懸浮微粒,4.6,1,24,0.25,0.6,5.7
木柵站,2025/06/07 07:00,42,懸浮微粒,7.8,1,26,0.22,0.5,4.5
木柵站,2025/06/07 08:00,44,懸浮微粒,19.4,1,29,0.3,0.6,5.8
木柵站,2025/06/07 09:00,40,懸浮微粒,31,2,19,-,0.6,7.3
木柵站,2025/06/07 10:00,40,懸浮微粒,48.8,7,25,0.41,0.6,8.1
木柵站,2025/06/07 11:00,44,懸浮微粒,55.8,7,35,0.45,0.6,12.8
木柵站,2025/06/07 12:00,43,懸浮微粒,44,5,21,0.4,2.7,15.4
木柵站,2025/06/07 13:00,44,懸浮微粒,38.2,12,26,0.34,2.2,15.1
木柵站,2025/06/07 14:00,40,懸浮微粒,30.2,9,13,0.33,0.9,15.1
木柵站,2025/06/07 15:00,44,二氧化氮小時值,23.3,8,25,0.33,0.7,18.6
木柵站,2025/06/07 16:00,45,二氧化氮小時值,21.7,9,24,0.33,1.5,18.8
木柵站,2025/06/07 17:00,45,二氧化氮小時值,17.9,11,25,0.33,0.8,18.9
木柵站,2025/06/07 18:00,41,懸浮微粒,16.5,9,25,0.35,0.6,15.8
木柵站,2025/06/07 19:00,42,懸浮微粒,9.8,10,30,0.36,0.5,15.8
木柵站,2025/06/07 20:00,44,懸浮微粒,8.6,8,32,0.36,0.5,13.7
木柵站,2025/06/07 21:00,48,懸浮微粒,5.1,8,36,0.37,0.7,13.4
木柵站,2025/06/07 22:00,50,懸浮微粒,4.4,11,35,0.39,0.7,11.9
木柵站,2025/06/07 23:00,50,懸浮微粒,5.4,9,30,0.3,0.5,8.9
木柵站,2025/06/08 00:00,48,懸浮微粒,6.1,7,23,0.18,0.9,7.3
木柵站,2025/06/08 01:00,45,懸浮微粒,5,4,22,0.19,0.9,6.7
木柵站,2025/06/08 02:00,46,懸浮微粒,6.9,4,33,0.18,1.1,6
木柵站,2025/06/08 03:00,46,懸浮微粒,5.3,6,27,0.19,0.9,5.8
木柵站,2025/06/08 04:00,49,懸浮微粒,4.9,7,35,0.17,1,4.6
木柵站,2025/06/08 05:00,49,懸浮微粒,4.6,4,22,0.17,1.2,3.7
木柵站,2025/06/08 06:00,49,懸浮微粒,5,5,31,0.19,1.1,4.8
木柵站,2025/06/08 07:00,50,懸浮微粒,5.9,5,34,0.21,1.2,5.8
木柵站,2025/06/08 08:00,48,懸浮微粒,10.2,5,24,0.22,1,6.5
木柵站,2025/06/08 09:00,45,懸浮微粒,21.9,5,16,0.25,1.5,6.3
木柵站,2025/06/08 10:00,42,懸浮微粒,31.6,5,22,0.35,1.7,11
木柵站,2025/06/08 11:00,44,懸浮微粒,38.3,8,39,0.36,1.6,12.8
木柵站,2025/06/08 12:00,47,懸浮微粒,52,17,36,0.42,1.5,9.2
木柵站,2025/06/08 13:00,53,懸浮微粒,57.3,13,41,0.39,1.5,10.6
木柵站,2025/06/08 14:00,54,懸浮微粒,56.7,12,31,0.32,1.3,8
木柵站,2025/06/08 15:00,53,懸浮微粒,44.4,14,30,0.32,1.9,13.3
木柵站,2025/06/08 16:00,51,懸浮微粒,27.7,13,30,0.26,2.4,17.3
木柵站,2025/06/08 17:00,48,懸浮微粒,21.5,10,22,0.27,3.2,17.1
木柵站,2025/06/08 18:00,49,懸浮微粒,13.8,8,35,0.28,2.4,16.5
木柵站,2025/06/08 19:00,51,懸浮微粒,8.7,10,37,0.27,1.6,13.1
木柵站,2025/06/08 20:00,52,懸浮微粒,6.5,10,36,0.17,1.4,9.3
木柵站,2025/06/08 21:00,54,懸浮微粒,6.3,10,29,0.19,1.3,9.5
木柵站,2025/06/08 22:00,53,懸浮微粒,5.9,6,29,0.15,1.6,8.3
木柵站,2025/06/08 23:00,52,懸浮微粒,4.2,2,32,0.17,1.3,7
木柵站,2025/06/09 00:00,50,懸浮微粒,3.8,3,25,0.19,0.5,7.3
木柵站,2025/06/09 01:00,50,懸浮微粒,3.4,8,31,0.22,0.6,7.2
木柵站,2025/06/09 02:00,50,懸浮微粒,5.4,5,32,0.2,0.4,6.2
木柵站,2025/06/09 03:00,50,懸浮微粒,4.3,2,28,0.14,0.5,4.7
木柵站,2025/06/09 04:00,51,懸浮微粒,3.8,4,33,0.19,0.5,4.8
木柵站,2025/06/09 05:00,50,懸浮微粒,4.3,5,22,0.15,0.7,3.7
木柵站,2025/06/09 06:00,49,懸浮微粒,5.1,9,31,0.18,0.4,4.5
木柵站,2025/06/09 07:00,48,懸浮微粒,7.2,6,25,0.26,0.5,6.4
木柵站,2025/06/09 08:00,46,懸浮微粒,12.4,5,28,0.29,0.5,8.4
木柵站,2025/06/09 09:00,50,懸浮微粒,24.6,11,38,0.45,0.4,12
木柵站,2025/06/09 10:00,51,懸浮微粒,40.4,11,36,0.47,0.7,12.6
木柵站,2025/06/09 11:00,54,懸浮微粒,55.3,16,42,0.44,1,14.2
木柵站,2025/06/09 12:00,55,懸浮微粒,49,18,32,0.36,0.9,13.7
木柵站,2025/06/09 13:00,52,懸浮微粒,34.7,9,20,0.33,0.9,14.6
木柵站,2025/06/09 14:00,52,懸浮微粒,29.7,18,35,0.25,0.6,12.8
木柵站,2025/06/09 15:00,51,懸浮微粒,24.9,11,35,0.21,0.4,12.3
木柵站,2025/06/09 16:00,45,懸浮微粒,20.5,6,7,0.12,0.5,9.9
木柵站,2025/06/09 17:00,41,懸浮微粒,22.1,2,7,0.12,0.3,8.7
木柵站,2025/06/09 18:00,36,懸浮微粒,16.1,5,15,0.25,0.4,14.2
木柵站,2025/06/09 19:00,37,二氧化氮小時值,10.1,5,14,0.26,0.4,15.6
木柵站,2025/06/09 20:00,34,二氧化氮小時值,6.2,5,17,0.23,0.4,14.2
木柵站,2025/06/09 21:00,33,懸浮微粒,4.5,8,20,0.27,0.5,13.3
木柵站,2025/06/09 22:00,35,懸浮微粒,4,3,28,0.21,0.5,8.8
木柵站,2025/06/09 23:00,37,懸浮微粒,3,1,26,0.17,0.4,7
木柵站,2025/06/10 00:00,38,懸浮微粒,3.2,1,25,0.14,0.4,5.9
木柵站,2025/06/10 01:00,40,懸浮微粒,3.3,1,26,0.15,0.5,5.5
木柵站,2025/06/10 02:00,38,懸浮微粒,4.5,1,25,0.14,0.5,5
木柵站,2025/06/10 03:00,38,懸浮微粒,3.5,1,26,0.14,0.6,4.2
木柵站,2025/06/10 04:00,42,懸浮微粒,3.4,1,36,0.11,0.5,3.1
木柵站,2025/06/10 05:00,44,懸浮微粒,3.5,1,30,0.13,0.5,3.2
木柵站,2025/06/10 06:00,46,懸浮微粒,4.1,1,28,0.16,0.5,3.6
木柵站,2025/06/10 07:00,46,懸浮微粒,6.2,4,22,0.21,0.6,5.2
木柵站,2025/06/10 08:00,43,懸浮微粒,9.2,3,22,0.33,0.7,8.5
木柵站,2025/06/10 09:00,39,懸浮微粒,15.8,1,12,0.38,0.8,9.5
木柵站,2025/06/10 10:00,36,懸浮微粒,22.4,1,19,0.28,0.7,5.5
木柵站,2025/06/10 11:00,32,懸浮微粒,21.9,1,8,0.21,0.6,2.5
木柵站,2025/06/10 12:00,29,懸浮微粒,23.5,1,10,0.22,0.6,2.5
木柵站,2025/06/10 13:00,32,懸浮微粒,60.9,9,29,0.33,1.2,7.6
木柵站,2025/06/10 14:00,35,懸浮微粒,68.1,13,32,0.4,1.3,11.9
木柵站,2025/06/10 15:00,40,懸浮微粒,60.6,15,27,0.37,1.1,11.1
木柵站,2025/06/10 16:00,39,懸浮微粒,30,4,16,0.24,0.9,8.7
木柵站,2025/06/10 17:00,36,懸浮微粒,17.3,1,16,0.14,1.1,4.9
木柵站,2025/06/10 18:00,37,臭氧8小時,-,-,-,-,-,-
木柵站,2025/06/10 19:00,40,臭氧8小時,-,-,-,-,-,-
木柵站,2025/06/10 20:00,0,臭氧8小時,-,-,-,-,-,-
木柵站,2025/06/10 21:00,0,臭氧8小時,-,-,-,-,-,-
木柵站,2025/06/10 22:00,0,臭氧8小時,-,-,-,-,-,-
木柵站,2025/06/10 23:00,0,臭氧8小時,-,-,-,-,-,-
木柵站,2025/06/11 00:00,0,臭氧8小時,-,-,-,-,-,-
木柵站,2025/06/11 01:00,0,臭氧8小時,-,-,-,-,-,-
木柵站,2025/06/11 02:00,0,臭氧8小時,-,-,-,-,-,-
木柵站,2025/06/11 03:00,0,臭氧8小時,-,-,-,-,-,-
木柵站,2025/06/11 04:00,0,臭氧8小時,-,4,-,-,-,-
木柵站,2025/06/11 05:00,0,臭氧8小時,-,3,-,-,-,-
木柵站,2025/06/11 06:00,0,臭氧8小時,-,1,-,-,-,-
木柵站,2025/06/11 07:00,0,臭氧8小時,-,9,-,-,-,-
木柵站,2025/06/11 08:00,0,臭氧8小時,-,6,-,-,-,-
木柵站,2025/06/11 09:00,0,臭氧8小時,-,-,20,-,-,-
木柵站,2025/06/11 10:00,0,臭氧8小時,-,-,17,-,-,-
木柵站,2025/06/11 11:00,4,二氧化硫小時值,10.6,-,16,0.21,0.7,-
木柵站,2025/06/11 12:00,0,臭氧8小時,12,-,15,-,-,-
木柵站,2025/06/11 13:00,8,二氧化氮小時值,-,-,16,0.24,0.6,3.2
木柵站,2025/06/11 14:00,25,懸浮微粒,15,-,11,0.22,0.8,2.5
木柵站,2025/06/11 15:00,24,懸浮微粒,15,-,11,0.21,0.9,2.7
木柵站,2025/06/11 16:00,22,懸浮微粒,14.1,-,9,0.17,0.8,3.7
木柵站,2025/06/11 17:00,20,懸浮微粒,14.4,2,11,0.15,0.5,4.7
木柵站,2025/06/11 18:00,20,懸浮微粒,14.5,1,9,0.16,0.6,7.4
木柵站,2025/06/11 19:00,18,懸浮微粒,15,1,7,0.1,0.7,2.3
木柵站,2025/06/11 20:00,18,懸浮微粒,14.8,1,9,0.13,0.7,3
木柵站,2025/06/11 21:00,17,懸浮微粒,15.1,1,8,0.09,0.9,2.6
木柵站,2025/06/11 22:00,15,懸浮微粒,13.6,1,7,0.14,0.8,5.2
木柵站,2025/06/11 23:00,16,懸浮微粒,13.2,2,10,0.09,0.6,3.7
木柵站,2025/06/12 00:00,15,懸浮微粒,15.4,3,10,0.09,0.4,2
木柵站,2025/06/12 01:00,15,懸浮微粒,15,2,8,0.12,0.4,1.8
木柵站,2025/06/12 02:00,14,懸浮微粒,15.7,1,6,0.12,0.4,1.3
木柵站,2025/06/12 03:00,14,臭氧8小時,14.4,1,6,0.07,0.6,0.8
木柵站,2025/06/12 04:00,14,臭氧8小時,14.6,2,7,0.11,0.5,1.2
木柵站,2025/06/12 05:00,13,臭氧8小時,14.1,-,7,0.07,0.6,2
木柵站,2025/06/12 06:00,15,懸浮微粒,14.1,-,19,0.1,0.4,1.9
木柵站,2025/06/12 07:00,15,懸浮微粒,14.4,-,4,0.16,0.4,3.4
木柵站,2025/06/12 08:00,15,懸浮微粒,12.9,-,8,0.12,0.5,5.8
木柵站,2025/06/12 09:00,16,二氧化氮小時值,11.6,-,10,0.1,0.6,6.7
木柵站,2025/06/12 10:00,13,懸浮微粒,13.4,-,7,0.07,0.4,4.6
木柵站,2025/06/12 11:00,13,二氧化氮小時值,12,-,4,0.15,0.6,5.6
木柵站,2025/06/12 12:00,14,二氧化氮小時值,12.5,-,3,0.13,0.6,5.9
木柵站,2025/06/12 13:00,15,二氧化氮小時值,12,-,5,0.13,0.6,6.3
木柵站,2025/06/12 14:00,18,二氧化氮小時值,13.4,-,4,0.1,0.7,7.7
木柵站,2025/06/12 15:00,24,二氧化氮小時值,11.4,-,2,0.15,0.6,10
木柵站,2025/06/12 16:00,21,二氧化氮小時值,12.6,-,5,0.13,0.5,8.9
木柵站,2025/06/12 17:00,20,二氧化氮小時值,13.8,-,7,0.14,0.8,8.6
木柵站,2025/06/12 18:00,18,二氧化氮小時值,15.5,-,8,0.14,0.6,7.4
木柵站,2025/06/12 19:00,23,二氧化氮小時值,13.1,-,9,0.16,0.6,9.6
木柵站,2025/06/12 20:00,17,二氧化氮小時值,11,-,11,0.18,0.8,7.3
木柵站,2025/06/12 21:00,17,二氧化氮小時值,9.1,-,11,0.1,0.8,7.2
木柵站,2025/06/12 22:00,18,二氧化氮小時值,8.6,-,10,0.09,0.5,7.5
木柵站,2025/06/12 23:00,15,懸浮微粒,10.3,-,10,0.08,0.9,5.1
木柵站,2025/06/13 00:00,15,懸浮微粒,7,-,10,0.18,0.9,5.5
木柵站,2025/06/13 01:00,17,懸浮微粒,5.2,-,17,0.2,0.8,5.8
木柵站,2025/06/13 02:00,17,懸浮微粒,8.5,-,7,0.21,0.8,5.5
木柵站,2025/06/13 03:00,17,二氧化氮小時值,6.5,-,7,0.23,0.7,7
木柵站,2025/06/13 04:00,17,二氧化氮小時值,5.6,-,10,0.23,0.8,7.1
木柵站,2025/06/13 05:00,17,懸浮微粒,5.1,-,16,0.2,0.9,6.4
木柵站,2025/06/13 06:00,18,懸浮微粒,5.4,-,11,0.26,1,5.8
木柵站,2025/06/13 07:00,20,懸浮微粒,6.9,2,15,0.25,0.9,5.8
木柵站,2025/06/13 08:00,23,懸浮微粒,9.8,1,19,0.27,1,5.2
木柵站,2025/06/13 09:00,22,懸浮微粒,16.7,1,11,0.32,1.4,8.2
木柵站,2025/06/13 10:00,28,二氧化氮小時值,22,1,16,0.41,1.6,11.9
木柵站,2025/06/13 11:00,28,二氧化氮小時值,21,2,13,0.34,1.5,11.9
木柵站,2025/06/13 12:00,39,二氧化氮小時值,23.2,5,12,0.44,1.5,16.5
木柵站,2025/06/13 13:00,42,二氧化氮小時值,24.2,8,24,0.42,1.2,17.6
木柵站,2025/06/13 14:00,31,二氧化氮小時值,26.4,10,19,0.37,1,13.1
木柵站,2025/06/13 15:00,34,二氧化氮小時值,16.2,7,16,0.36,1,14.1
木柵站,2025/06/13 16:00,30,懸浮微粒,12.8,6,21,0.34,1,11.9
木柵站,2025/06/13 17:00,33,二氧化氮小時值,10.5,7,27,0.41,0.9,13.7
木柵站,2025/06/13 18:00,38,二氧化氮小時值,6,6,24,0.41,1.1,16.1
木柵站,2025/06/13 19:00,34,懸浮微粒,5.5,5,18,0.36,0.9,12
木柵站,2025/06/13 20:00,37,懸浮微粒,6,3,31,0.28,0.7,8
木柵站,2025/06/13 21:00,39,懸浮微粒,5.2,2,29,0.28,0.8,7.9
木柵站,2025/06/13 22:00,41,懸浮微粒,4.2,-,30,0.28,1.1,7.9
木柵站,2025/06/13 23:00,41,懸浮微粒,4.7,-,19,0.25,1.1,6.2
木柵站,2025/06/14 00:00,42,懸浮微粒,5.2,-,29,0.18,0.8,4.8
木柵站,2025/06/14 01:00,42,懸浮微粒,5.1,-,26,0.18,0.6,4.2
木柵站,2025/06/14 02:00,43,懸浮微粒,6.6,-,30,0.2,0.6,3.8
木柵站,2025/06/14 03:00,45,懸浮微粒,6.1,-,26,0.17,0.6,2.4
木柵站,2025/06/14 04:00,47,懸浮微粒,5.1,-,36,0.19,0.7,3.8
木柵站,2025/06/14 05:00,48,懸浮微粒,4.6,-,31,0.15,0.7,4.2
木柵站,2025/06/14 06:00,47,懸浮微粒,5.1,-,23,0.19,0.9,4.1
木柵站,2025/06/14 07:00,44,懸浮微粒,5.9,3,15,0.21,0.9,4.8
木柵站,2025/06/14 08:00,41,懸浮微粒,9.6,2,24,0.27,0.9,5.6
木柵站,2025/06/14 09:00,36,懸浮微粒,21,1,12,0.29,1.1,5.5
木柵站,2025/06/14 10:00,33,懸浮微粒,31.3,1,11,0.3,1,4.9
木柵站,2025/06/14 11:00,31,懸浮微粒,36.2,2,11,0.31,0.9,5.3
木柵站,2025/06/14 12:00,27,懸浮微粒,42.5,4,11,0.32,1,4.7
木柵站,2025/06/14 13:00,31,二氧化氮小時值,45.2,3,12,0.38,0.9,13
木柵站,2025/06/14 14:00,36,二氧化氮小時值,37.7,3,21,0.38,2.1,15.2
木柵站,2025/06/14 15:00,31,臭氧8小時,47.1,5,26,0.38,1.6,12.1
木柵站,2025/06/14 16:00,37,二氧化氮小時值,35,9,21,0.36,1,15.5
木柵站,2025/06/14 17:00,46,二氧化氮小時值,26.5,7,29,0.44,0.9,19.4
木柵站,2025/06/14 18:00,42,二氧化氮小時值,19.8,8,26,0.44,1,17.6
木柵站,2025/06/14 19:00,38,懸浮微粒,13.3,6,27,0.38,0.8,13.8
木柵站,2025/06/14 20:00,40,懸浮微粒,13.8,3,32,0.33,0.8,9.5
木柵站,2025/06/14 21:00,42,懸浮微粒,12.2,3,29,0.33,0.9,10
木柵站,2025/06/14 22:00,41,懸浮微粒,11.3,3,22,0.31,0.7,8.3
木柵站,2025/06/14 23:00,46,懸浮微粒,9.7,3,40,0.28,0.6,7.8
木柵站,2025/06/15 00:00,47,懸浮微粒,8.3,3,31,0.24,0.2,6.5
木柵站,2025/06/15 01:00,49,懸浮微粒,7,-,-,0.28,0.3,6.3
木柵站,2025/06/15 02:00,53,懸浮微粒,7.7,8,37,0.26,0.3,5.8
木柵站,2025/06/15 03:00,53,懸浮微粒,5.9,8,37,0.25,0.3,5.2
木柵站,2025/06/15 04:00,55,懸浮微粒,5.8,5,37,0.21,0.2,4.3
木柵站,2025/06/15 05:00,54,懸浮微粒,5.5,2,31,0.23,0.2,4.8
木柵站,2025/06/15 06:00,54,懸浮微粒,8.4,6,32,0.23,0.2,4.3
木柵站,2025/06/15 07:00,53,懸浮微粒,16.5,6,29,0.28,0.3,5
木柵站,2025/06/15 08:00,51,懸浮微粒,30.1,9,26,0.28,0.4,5.8
木柵站,2025/06/15 09:00,50,懸浮微粒,40.5,10,26,0.31,0.3,6.7
木柵站,2025/06/15 10:00,45,懸浮微粒,44.5,6,13,0.33,0.4,6.4
木柵站,2025/06/15 11:00,42,懸浮微粒,45.7,6,19,0.3,0.4,4.9
木柵站,2025/06/15 12:00,40,懸浮微粒,61.9,10,21,0.33,0.5,6.7
木柵站,2025/06/15 13:00,41,懸浮微粒,59.6,11,32,0.35,1,6.9
木柵站,2025/06/15 14:00,42,懸浮微粒,57,8,21,0.35,1.2,7.4
木柵站,2025/06/15 15:00,46,臭氧8小時,57.7,7,19,0.33,1.6,9.9
木柵站,2025/06/15 16:00,49,臭氧8小時,52.4,9,28,0.31,0.6,9.2
木柵站,2025/06/15 17:00,49,臭氧8小時,41.9,10,28,0.3,0.7,13.5
木柵站,2025/06/15 18:00,47,臭氧8小時,31.6,10,31,0.34,3.3,18.4
木柵站,2025/06/15 19:00,45,臭氧8小時,26.2,6,29,0.31,1.2,17
木柵站,2025/06/15 20:00,46,懸浮微粒,19,12,32,0.32,0.5,15.1
木柵站,2025/06/15 21:00,46,懸浮微粒,18.8,11,27,0.28,0.4,9.4
木柵站,2025/06/15 22:00,46,懸浮微粒,19.2,12,28,0.22,0.4,7.8
木柵站,2025/06/15 23:00,47,懸浮微粒,14.3,14,30,0.22,0.6,8.2
木柵站,2025/06/16 00:00,46,懸浮微粒,14.1,8,27,0.17,0.5,5.6
木柵站,2025/06/16 01:00,47,懸浮微粒,13.9,9,32,0.16,0.5,5
木柵站,2025/06/16 02:00,49,懸浮微粒,14.5,8,31,0.14,0.3,4.6
木柵站,2025/06/16 03:00,49,懸浮微粒,12.7,8,28,0.14,0.4,4.7
木柵站,2025/06/16 04:00,51,懸浮微粒,10.5,9,35,0.17,0.4,4.6
木柵站,2025/06/16 05:00,50,懸浮微粒,9.9,5,29,0.12,0.4,5.6
木柵站,2025/06/16 06:00,50,懸浮微粒,8.4,8,30,0.18,0.5,8.7
木柵站,2025/06/16 07:00,50,懸浮微粒,11.3,7,29,0.21,0.5,9.4
木柵站,2025/06/16 08:00,49,懸浮微粒,16.5,4,28,0.25,0.6,8.5
木柵站,2025/06/16 09:00,48,懸浮微粒,21.8,4,24,0.22,0.8,7.5
木柵站,2025/06/16 10:00,46,懸浮微粒,26.4,2,25,0.18,0.7,5.8
木柵站,2025/06/16 11:00,44,懸浮微粒,27.2,1,20,0.17,0.5,4.4
木柵站,2025/06/16 12:00,42,懸浮微粒,33.7,3,22,0.22,0.4,6.7
木柵站,2025/06/16 13:00,40,懸浮微粒,38.5,2,20,0.2,0.5,5.8
木柵站,2025/06/16 14:00,40,懸浮微粒,37.9,1,26,0.22,0.6,6.6
木柵站,2025/06/16 15:00,42,懸浮微粒,37.8,2,28,0.25,1.7,12.2
木柵站,2025/06/16 16:00,50,二氧化氮小時值,29.5,6,54,0.28,1.8,21
木柵站,2025/06/16 17:00,52,懸浮微粒,24.9,7,31,0.3,1.1,21.3
木柵站,2025/06/16 18:00,53,懸浮微粒,25.3,6,32,0.24,1,12
木柵站,2025/06/16 19:00,51,懸浮微粒,20.6,8,22,0.21,0.7,7.3
木柵站,2025/06/16 20:00,45,懸浮微粒,18.4,5,21,0.16,0.7,6.5
木柵站,2025/06/16 21:00,42,懸浮微粒,17.7,4,18,0.19,0.7,6.4
木柵站,2025/06/16 22:00,35,懸浮微粒,16.9,4,7,0.17,0.8,5.7
木柵站,2025/06/16 23:00,32,懸浮微粒,15.6,4,9,0.12,0.5,4.4
木柵站,2025/06/17 00:00,29,懸浮微粒,12.5,1,12,0.16,0.2,4.8
木柵站,2025/06/17 01:00,30,懸浮微粒,11.6,2,22,0.2,0.2,4.1
木柵站,2025/06/17 02:00,34,懸浮微粒,10.5,2,26,0.17,0.3,5.2
木柵站,2025/06/17 03:00,34,懸浮微粒,8.7,1,13,0.17,0.2,4.3
木柵站,2025/06/17 04:00,35,懸浮微粒,7,2,27,0.18,0.2,5.1
木柵站,2025/06/17 05:00,35,懸浮微粒,6.4,5,26,0.14,0.2,7.1
木柵站,2025/06/17 06:00,35,懸浮微粒,7.1,10,25,0.19,0.2,7.1
木柵站,2025/06/17 07:00,36,懸浮微粒,10.6,6,19,0.26,0.2,7.6
木柵站,2025/06/17 08:00,34,懸浮微粒,18.8,3,18,0.33,0.4,10.1
木柵站,2025/06/17 09:00,33,懸浮微粒,25.7,5,22,0.39,0.4,13.4
木柵站,2025/06/17 10:00,34,懸浮微粒,31.3,7,25,0.27,0.3,8
木柵站,2025/06/17 11:00,37,懸浮微粒,31.8,5,25,0.27,0.3,7.5
木柵站,2025/06/17 12:00,38,懸浮微粒,26.6,5,21,0.24,0.2,7.1
木柵站,2025/06/17 13:00,36,懸浮微粒,18.1,7,13,0.17,0.3,6
木柵站,2025/06/17 16:00,28,懸浮微粒,-,1,13,-,-,-
木柵站,2025/06/17 17:00,25,懸浮微粒,17.9,1,8,0.29,1.3,5.5
木柵站,2025/06/17 18:00,23,懸浮微粒,11,1,9,0.28,3.1,7.3
木柵站,2025/06/17 19:00,34,二氧化硫小時值,9.7,4,16,0.31,5.4,9.9
木柵站,2025/06/17 20:00,51,二氧化硫小時值,6.5,5,24,0.33,8.7,10.3
木柵站,2025/06/17 21:00,27,懸浮微粒,14.5,6,14,0.23,2.6,5.9
木柵站,2025/06/17 22:00,28,懸浮微粒,12,4,16,0.25,2.1,8.3
木柵站,2025/06/17 23:00,28,懸浮微粒,13.9,5,19,0.18,1.5,6.6
木柵站,2025/06/18 00:00,26,懸浮微粒,12.4,6,15,0.09,0.8,5.6
木柵站,2025/06/18 01:00,26,懸浮微粒,10.5,4,14,0.06,0.7,5.8
木柵站,2025/06/18 02:00,26,懸浮微粒,9.5,3,18,0.06,1.3,5.4
木柵站,2025/06/18 03:00,27,懸浮微粒,6,5,22,0.03,-,6.2
木柵站,2025/06/18 04:00,30,懸浮微粒,5.6,3,24,0.03,-,6.3
木柵站,2025/06/18 05:00,31,懸浮微粒,5.6,4,17,-,4.3,6.7
木柵站,2025/06/18 06:00,36,二氧化硫小時值,6.9,8,15,0.06,5.8,6
木柵站,2025/06/18 07:00,46,二氧化硫小時值,7.9,5,13,0.09,7.4,6.5
木柵站,2025/06/18 08:00,25,懸浮微粒,12.6,1,10,0.13,2.3,6.8
木柵站,2025/06/18 09:00,26,懸浮微粒,21.8,6,19,0.16,0.2,9.1
木柵站,2025/06/18 10:00,26,懸浮微粒,32.3,8,17,0.15,0.2,6.8
木柵站,2025/06/18 11:00,28,懸浮微粒,42.4,8,21,-,-,-
木柵站,2025/06/18 12:00,32,懸浮微粒,52.8,6,24,-,-,-
木柵站,2025/06/18 13:00,37,懸浮微粒,68.9,16,35,0.44,1.3,14.6
木柵站,2025/06/18 14:00,39,懸浮微粒,71.7,12,26,0.49,0.6,11.9
木柵站,2025/06/18 15:00,42,臭氧8小時,61.5,10,31,0.36,0.3,11
木柵站,2025/06/18 16:00,46,臭氧8小時,42.7,10,19,0.35,0.3,12.8
木柵站,2025/06/18 17:00,46,臭氧8小時,28.2,9,23,0.39,0.2,15
木柵站,2025/06/18 18:00,45,臭氧8小時,24.1,10,14,0.35,0.2,13.6
木柵站,2025/06/18 19:00,43,臭氧8小時,24.4,8,22,0.18,0.2,7.1
木柵站,2025/06/18 20:00,40,臭氧8小時,20.2,9,24,0.19,0.2,9.7
木柵站,2025/06/18 21:00,38,懸浮微粒,14.5,9,29,0.25,0.2,12.9
木柵站,2025/06/18 22:00,43,懸浮微粒,12.9,8,33,0.26,0.1,12.5
木柵站,2025/06/18 23:00,45,懸浮微粒,13.4,6,27,0.22,0.1,9
木柵站,2025/06/19 00:00,45,懸浮微粒,11.9,5,24,0.29,1.5,8.3
木柵站,2025/06/19 01:00,41,懸浮微粒,12.9,6,17,0.27,1.7,4.6
木柵站,2025/06/19 02:00,38,懸浮微粒,10.5,5,19,0.26,1.6,5.2
木柵站,2025/06/19 03:00,36,懸浮微粒,8.4,3,23,0.24,1.6,5.8
木柵站,2025/06/19 04:00,36,懸浮微粒,7.5,3,21,0.23,1.6,6.8
木柵站,2025/06/19 05:00,38,懸浮微粒,6.9,6,27,0.26,1.6,5.2
木柵站,2025/06/19 06:00,39,懸浮微粒,9.3,9,22,0.34,1.5,5.6
木柵站,2025/06/19 07:00,39,懸浮微粒,14,8,21,0.37,1.4,7.2
木柵站,2025/06/19 08:00,40,懸浮微粒,22.2,5,26,0.39,1.6,7.7
木柵站,2025/06/19 09:00,39,懸浮微粒,27.1,6,23,0.38,1.8,7.2
木柵站,2025/06/19 10:00,34,懸浮微粒,24.5,1,9,0.34,1.5,6.3
木柵站,2025/06/19 11:00,31,懸浮微粒,24.6,1,9,0.32,1.3,4.4
木柵站,2025/06/19 12:00,26,懸浮微粒,21,1,9,0.28,1.1,2.4
木柵站,2025/06/19 13:00,22,懸浮微粒,20.9,1,8,0.27,0.9,2.2
木柵站,2025/06/19 14:00,21,懸浮微粒,20.1,1,8,0.27,1,2.9
木柵站,2025/06/19 15:00,25,懸浮微粒,19.5,1,25,0.28,1,4.8
木柵站,2025/06/19 16:00,25,懸浮微粒,26.3,1,12,0.29,0.9,7.2
木柵站,2025/06/19 17:00,27,懸浮微粒,26.8,3,22,0.32,1.4,10
木柵站,2025/06/19 18:00,30,二氧化氮小時值,16,2,8,0.43,1,12.7
木柵站,2025/06/19 19:00,28,二氧化氮小時值,12.5,2,9,0.38,0.9,11.6
木柵站,2025/06/19 20:00,24,懸浮微粒,10,1,21,0.35,1,9.6
木柵站,2025/06/19 21:00,29,二氧化氮小時值,6.6,1,13,0.32,0.4,12.2
木柵站,2025/06/19 22:00,26,二氧化氮小時值,6.4,1,16,0.32,0.7,11
木柵站,2025/06/19 23:00,28,懸浮微粒,6.2,1,27,0.29,0.4,8.2
木柵站,2025/06/20 00:00,28,懸浮微粒,4.5,1,17,0.29,1.5,8.6
木柵站,2025/06/20 01:00,30,懸浮微粒,4.4,1,17,0.29,1.1,6.4
木柵站,2025/06/20 02:00,32,懸浮微粒,4.6,1,22,0.26,1.4,6.3
木柵站,2025/06/20 03:00,28,懸浮微粒,3.7,3,13,0.25,1.1,6.1
木柵站,2025/06/20 04:00,28,懸浮微粒,3.3,2,17,0.25,1.2,5.9
木柵站,2025/06/20 05:00,26,懸浮微粒,3.6,2,11,0.28,0.8,6
木柵站,2025/06/20 06:00,26,懸浮微粒,5.2,1,18,0.3,1,4.8
木柵站,2025/06/20 07:00,29,懸浮微粒,9.3,1,21,0.35,1,6.4
木柵站,2025/06/20 08:00,29,懸浮微粒,17.9,1,18,0.39,1.2,8.1
木柵站,2025/06/20 09:00,28,懸浮微粒,27.7,4,9,0.42,1.4,8.7
木柵站,2025/06/20 10:00,26,懸浮微粒,40.4,5,10,0.43,1.1,9.4
木柵站,2025/06/20 11:00,23,懸浮微粒,59.6,8,12,0.47,0.9,8
木柵站,2025/06/20 12:00,34,二氧化氮小時值,68.3,7,29,0.5,1.4,14.2
木柵站,2025/06/20 13:00,37,二氧化氮小時值,54.8,7,25,0.46,0.9,15.5
木柵站,2025/06/20 14:00,39,二氧化氮小時值,43.2,4,23,0.43,0.8,16.5
木柵站,2025/06/20 15:00,41,臭氧8小時,39.7,5,22,0.42,1.8,13.6
木柵站,2025/06/20 16:00,43,臭氧8小時,39.6,7,16,0.35,1.7,9.3
木柵站,2025/06/20 17:00,44,臭氧8小時,31.5,5,21,0.32,1.6,10.3
木柵站,2025/06/20 18:00,42,臭氧8小時,23.5,6,20,0.33,1.5,11.9
木柵站,2025/06/20 19:00,37,臭氧8小時,20.8,8,22,0.36,1.4,12.1
木柵站,2025/06/20 20:00,35,懸浮微粒,15.6,4,27,0.34,1.3,11.8
木柵站,2025/06/20 21:00,36,懸浮微粒,15.1,3,21,0.32,1.1,10
木柵站,2025/06/20 22:00,39,懸浮微粒,13.3,4,29,0.29,1.3,7.4
木柵站,2025/06/20 23:00,41,懸浮微粒,10.8,4,27,0.3,1,8
木柵站,2025/06/21 00:00,40,懸浮微粒,11.2,3,24,0.24,0.7,5.3
木柵站,2025/06/21 01:00,42,懸浮微粒,9.5,1,27,0.3,0.7,4.9
木柵站,2025/06/21 02:00,41,懸浮微粒,10.1,2,26,0.29,0.6,4.1
木柵站,2025/06/21 03:00,40,懸浮微粒,8.4,6,22,0.25,0.7,4.5
木柵站,2025/06/21 04:00,43,懸浮微粒,9.8,4,31,0.23,0.6,3.7
木柵站,2025/06/21 05:00,45,懸浮微粒,6.9,2,32,0.28,0.5,6.3
木柵站,2025/06/21 06:00,42,懸浮微粒,9.9,9,17,0.29,0.5,5.2
木柵站,2025/06/21 07:00,44,懸浮微粒,17,5,26,0.33,0.4,4.2
木柵站,2025/06/21 08:00,42,懸浮微粒,25.6,2,25,0.4,0.5,5.8
木柵站,2025/06/21 09:00,41,懸浮微粒,36.6,3,26,0.4,0.4,6
木柵站,2025/06/21 10:00,40,懸浮微粒,37.7,5,15,0.41,0.4,7.7
木柵站,2025/06/21 11:00,38,懸浮微粒,35.8,5,21,0.47,0.4,12.6
木柵站,2025/06/21 12:00,40,懸浮微粒,38.8,4,31,0.45,0.4,12.8
木柵站,2025/06/21 13:00,41,懸浮微粒,44.3,11,30,0.43,0.4,10.9
木柵站,2025/06/21 14:00,46,懸浮微粒,45.1,9,35,0.42,0.4,10.7
木柵站,2025/06/21 15:00,48,懸浮微粒,41.9,5,30,0.41,0.2,12.3
木柵站,2025/06/21 16:00,48,懸浮微粒,40.9,9,30,0.39,0.3,10.4
木柵站,2025/06/21 17:00,44,懸浮微粒,33,11,17,0.42,0.3,8.9
木柵站,2025/06/21 18:00,42,懸浮微粒,16.3,10,23,0.4,0.1,11.4
木柵站,2025/06/21 19:00,39,懸浮微粒,12.2,6,17,0.39,0.1,9.2
木柵站,2025/06/21 20:00,37,懸浮微粒,12.8,4,20,0.27,0.1,6.5
木柵站,2025/06/21 21:00,37,懸浮微粒,12,4,22,0.31,0.1,6.6
木柵站,2025/06/21 22:00,37,懸浮微粒,11,3,19,0.31,0.1,6.4
木柵站,2025/06/21 23:00,38,懸浮微粒,8,5,23,0.29,0.1,6.1
木柵站,2025/06/22 00:00,38,懸浮微粒,7.1,4,22,0.3,1.4,6
木柵站,2025/06/22 01:00,38,懸浮微粒,6.7,3,24,0.31,1.6,4.3
木柵站,2025/06/22 02:00,36,懸浮微粒,8.7,4,16,0.28,1.7,4.4
木柵站,2025/06/22 03:00,36,懸浮微粒,5.9,3,25,0.29,1.5,4.5
木柵站,2025/06/22 04:00,39,懸浮微粒,6.6,11,33,0.26,1.5,4.6
木柵站,2025/06/22 05:00,40,懸浮微粒,6.3,11,28,0.27,1.3,3.9
木柵站,2025/06/22 06:00,40,懸浮微粒,8.2,9,17,0.3,1.2,4.5
木柵站,2025/06/22 07:00,41,懸浮微粒,12.7,4,26,0.36,1.2,5.3
木柵站,2025/06/22 08:00,41,懸浮微粒,21.1,3,30,0.41,1.8,5.7
木柵站,2025/06/22 09:00,40,懸浮微粒,27.9,5,22,0.41,2,5.7
木柵站,2025/06/22 10:00,37,懸浮微粒,33.1,3,7,0.38,1.2,5.3
木柵站,2025/06/22 11:00,35,懸浮微粒,34.5,1,21,0.35,1.3,3.4
木柵站,2025/06/22 12:00,32,懸浮微粒,41.4,1,17,0.41,1.4,4.9
木柵站,2025/06/22 13:00,29,懸浮微粒,43.5,4,10,0.41,1,6.6
木柵站,2025/06/22 14:00,34,懸浮微粒,38.5,4,29,0.42,0.9,11
木柵站,2025/06/22 15:00,33,懸浮微粒,40.9,3,18,0.38,0.9,9.2
木柵站,2025/06/22 16:00,35,臭氧8小時,43,4,21,0.46,2.3,13
木柵站,2025/06/22 17:00,36,懸浮微粒,32.2,10,23,0.48,1.2,14
木柵站,2025/06/22 18:00,35,臭氧8小時,27.2,9,20,0.44,1.1,12.5
木柵站,2025/06/22 19:00,36,懸浮微粒,15.5,11,26,0.48,1.3,14.1
木柵站,2025/06/22 20:00,36,懸浮微粒,14.4,10,25,0.43,1.3,11.8
木柵站,2025/06/22 21:00,35,懸浮微粒,11.1,6,20,0.42,0.6,11.1
木柵站,2025/06/22 22:00,35,懸浮微粒,9.4,3,14,0.31,0.4,9.7
木柵站,2025/06/22 23:00,35,懸浮微粒,8.4,4,27,0.33,0.4,8.8
木柵站,2025/06/23 00:00,37,懸浮微粒,7,3,28,0.31,1.1,7.5
木柵站,2025/06/23 01:00,38,懸浮微粒,8.2,6,24,0.25,1.4,5.5
木柵站,2025/06/23 02:00,39,懸浮微粒,7.9,6,18,0.23,1,6.5
木柵站,2025/06/23 03:00,38,懸浮微粒,8,9,23,0.2,1.1,4.9
木柵站,2025/06/23 04:00,38,懸浮微粒,6.9,8,25,0.19,1.3,5.7
木柵站,2025/06/23 05:00,35,懸浮微粒,6,5,13,0.19,1.1,5.2
木柵站,2025/06/23 06:00,36,懸浮微粒,6.7,2,22,0.26,1.2,5.6
木柵站,2025/06/23 07:00,35,懸浮微粒,12.9,4,20,0.3,1.5,6.1
木柵站,2025/06/23 08:00,34,懸浮微粒,22.3,9,21,0.38,2,10.7
木柵站,2025/06/23 09:00,38,懸浮微粒,35.4,7,30,0.36,2.3,8.2
木柵站,2025/06/23 10:00,40,懸浮微粒,45.4,7,27,0.41,1.5,6.9
木柵站,2025/06/23 11:00,39,懸浮微粒,66.2,12,19,0.48,1.4,10.5
木柵站,2025/06/23 12:00,44,懸浮微粒,87.7,21,41,0.53,1.6,12
木柵站,2025/06/23 13:00,45,懸浮微粒,82.2,13,33,0.45,1,12.8
木柵站,2025/06/23 14:00,50,細懸浮微粒,63.5,16,39,0.4,1.8,14.7
木柵站,2025/06/23 15:00,58,臭氧8小時,49,13,37,0.36,0.8,16.1
木柵站,2025/06/23 16:00,67,臭氧8小時,46.5,12,33,0.35,1.7,16.6
木柵站,2025/06/23 17:00,69,臭氧8小時,40.7,13,36,0.41,2.8,20.3
木柵站,2025/06/23 18:00,65,臭氧8小時,34.8,14,33,0.39,2.2,20.3
木柵站,2025/06/23 19:00,53,懸浮微粒,27.8,13,31,0.37,1.2,12.4
木柵站,2025/06/23 20:00,52,懸浮微粒,25.7,11,28,0.28,0.4,8.5
木柵站,2025/06/23 21:00,52,懸浮微粒,18.5,8,33,0.32,0.4,11.2
木柵站,2025/06/23 22:00,52,懸浮微粒,14.5,13,31,0.31,0.2,10.1
木柵站,2025/06/23 23:00,53,懸浮微粒,11.9,7,32,0.29,0.2,8.2
木柵站,2025/06/24 00:00,52,懸浮微粒,12.2,3,25,0.29,2,5.6
木柵站,2025/06/24 01:00,49,懸浮微粒,10.4,1,21,0.31,2.7,5.7
木柵站,2025/06/24 02:00,45,懸浮微粒,9.4,2,20,0.27,2.4,6.8
木柵站,2025/06/24 03:00,43,懸浮微粒,8.1,3,24,0.23,1.9,6.6
木柵站,2025/06/24 04:00,41,懸浮微粒,7.2,1,19,0.23,2.1,5.7
木柵站,2025/06/24 05:00,40,懸浮微粒,6.6,1,24,0.26,2.2,6.1
木柵站,2025/06/24 06:00,40,懸浮微粒,7.3,1,20,0.29,2.2,6.2
木柵站,2025/06/24 07:00,41,懸浮微粒,10.7,1,32,0.36,2.5,8.6
木柵站,2025/06/24 08:00,45,懸浮微粒,25,7,34,0.48,3.1,12.7
木柵站,2025/06/24 09:00,47,懸浮微粒,41.9,12,34,0.55,2.4,14.6
木柵站,2025/06/24 10:00,50,懸浮微粒,57.4,15,36,0.47,2.8,7.9
木柵站,2025/06/24 11:00,49,懸浮微粒,67,10,27,0.47,1.8,7.4
木柵站,2025/06/24 12:00,49,懸浮微粒,71.3,17,30,0.46,2,7.2
木柵站,2025/06/24 13:00,49,懸浮微粒,88.2,8,32,0.52,1.9,9.6
木柵站,2025/06/24 14:00,51,懸浮微粒,72.6,17,40,0.5,2.2,15.4
木柵站,2025/06/24 15:00,68,臭氧8小時,55.3,14,38,0.46,1.9,15.4
木柵站,2025/06/24 16:00,78,臭氧8小時,50.5,11,27,0.38,1.5,7.5
木柵站,2025/06/24 17:00,82,臭氧8小時,51,6,11,0.36,1.3,7.9
木柵站,2025/06/24 18:00,79,臭氧8小時,49.6,5,16,0.38,1.5,8.9
木柵站,2025/06/24 19:00,68,臭氧8小時,39.4,11,15,0.4,0.8,9.7
木柵站,2025/06/24 20:00,50,臭氧8小時,22.5,10,14,0.43,0.8,12.4
木柵站,2025/06/24 21:00,41,細懸浮微粒,15.3,11,19,0.39,0.5,13
木柵站,2025/06/24 22:00,43,細懸浮微粒,12.4,10,22,0.4,0.6,12.1
木柵站,2025/06/24 23:00,41,細懸浮微粒,12.9,8,30,0.33,0.7,10.3
木柵站,2025/06/25 00:00,41,懸浮微粒,10.6,7,30,0.29,1.5,6.5
木柵站,2025/06/25 01:00,42,懸浮微粒,11.6,9,23,0.3,1.9,6.1
木柵站,2025/06/25 02:00,41,懸浮微粒,10.1,10,25,0.26,1.7,5
木柵站,2025/06/25 03:00,38,懸浮微粒,8.6,11,20,0.27,1.9,7.1
木柵站,2025/06/25 04:00,38,懸浮微粒,8.1,5,28,0.26,1.7,4.8
木柵站,2025/06/25 05:00,39,懸浮微粒,6.8,11,25,0.29,1.6,8.1
木柵站,2025/06/25 06:00,39,懸浮微粒,7.4,7,22,0.31,1.6,8.1
木柵站,2025/06/25 07:00,40,懸浮微粒,10,3,22,0.38,1.8,11
木柵站,2025/06/25 08:00,42,懸浮微粒,22.2,12,34,0.46,2.3,12.7
木柵站,2025/06/25 09:00,44,懸浮微粒,37.1,10,29,0.49,2.3,11.6
木柵站,2025/06/25 10:00,45,懸浮微粒,47.9,10,28,0.39,2.1,6.5
木柵站,2025/06/25 11:00,49,懸浮微粒,68.8,12,36,0.5,2.1,9.9
木柵站,2025/06/25 12:00,51,懸浮微粒,87.7,20,40,0.53,1.7,11
木柵站,2025/06/25 13:00,103,臭氧小時值,102.7,22,44,0.58,2,13.8
木柵站,2025/06/25 14:00,57,細懸浮微粒,61.6,19,41,0.45,1.7,26.5
木柵站,2025/06/25 15:00,69,臭氧8小時,52.1,21,33,0.38,0.8,11.8
木柵站,2025/06/25 16:00,77,臭氧8小時,43.1,25,43,0.42,0.8,13.4
木柵站,2025/06/25 17:00,75,臭氧8小時,32.9,17,36,0.31,0.8,10
木柵站,2025/06/25 18:00,69,臭氧8小時,30.8,10,29,0.25,0.9,7.9
木柵站,2025/06/25 19:00,59,細懸浮微粒,24.8,10,25,0.25,0.6,6
木柵站,2025/06/25 20:00,52,細懸浮微粒,15.5,7,27,0.26,0.7,7.7
木柵站,2025/06/25 21:00,49,懸浮微粒,14,7,21,0.23,0.4,7.1
木柵站,2025/06/25 22:00,48,懸浮微粒,12.9,5,23,0.22,0.3,6.6
木柵站,2025/06/25 23:00,45,懸浮微粒,9.5,4,20,0.24,0.5,6.8
木柵站,2025/06/26 00:00,45,懸浮微粒,7.1,6,28,0.28,1,6.7
木柵站,2025/06/26 01:00,47,懸浮微粒,7.6,4,34,0.27,0.8,5.1
木柵站,2025/06/26 02:00,47,懸浮微粒,6.6,3,28,0.25,0.7,6
木柵站,2025/06/26 03:00,50,懸浮微粒,6.1,2,34,0.22,0.7,5.3
木柵站,2025/06/26 04:00,49,懸浮微粒,5.3,4,27,0.23,0.6,6.7
木柵站,2025/06/26 05:00,48,懸浮微粒,4.2,4,32,0.26,0.8,8
木柵站,2025/06/26 06:00,47,懸浮微粒,6.3,2,24,0.31,0.8,6
木柵站,2025/06/26 07:00,45,懸浮微粒,12.1,4,27,0.38,0.9,5.5
木柵站,2025/06/26 08:00,46,懸浮微粒,20.7,6,30,0.51,0.6,9.9
木柵站,2025/06/26 09:00,47,懸浮微粒,34.3,7,32,0.48,0.9,9.4
木柵站,2025/06/26 10:00,49,懸浮微粒,-,-,-,-,-,-
木柵站,2025/06/26 11:00,68,懸浮微粒,-,14,105,0.64,0.7,13.3
木柵站,2025/06/26 12:00,86,懸浮微粒,50.8,16,105,0.47,0.8,9.2
木柵站,2025/06/26 13:00,82,懸浮微粒,47.4,16,15,0.46,1.1,8.8
木柵站,2025/06/26 14:00,74,懸浮微粒,38.2,15,22,0.4,0.5,9.6
木柵站,2025/06/26 15:00,62,懸浮微粒,31.2,7,23,0.44,0.5,17.2
木柵站,2025/06/26 16:00,49,懸浮微粒,30.3,14,19,0.41,1.2,15.4
木柵站,2025/06/26 17:00,50,懸浮微粒,26.1,10,24,0.42,0.5,14.4
木柵站,2025/06/26 18:00,48,懸浮微粒,17.3,9,15,0.41,0.1,11.4
木柵站,2025/06/26 19:00,44,懸浮微粒,16.8,9,10,0.38,0.2,9.7
木柵站,2025/06/26 20:00,43,細懸浮微粒,13.1,11,11,0.34,0.2,8.2
木柵站,2025/06/26 21:00,43,細懸浮微粒,10.3,9,10,0.31,0.2,7.4
木柵站,2025/06/26 22:00,39,細懸浮微粒,7.9,4,23,0.28,0.2,6.9
木柵站,2025/06/26 23:00,35,懸浮微粒,6.1,4,25,0.31,0.4,7.8
木柵站,2025/06/27 00:00,29,懸浮微粒,7.2,3,13,0.27,1.3,5.3
木柵站,2025/06/27 01:00,32,懸浮微粒,6.1,3,19,0.31,1.6,4.8
木柵站,2025/06/27 02:00,30,懸浮微粒,7.4,5,19,0.26,1.8,4.8
木柵站,2025/06/27 03:00,28,懸浮微粒,4.9,5,16,0.25,1.5,6
木柵站,2025/06/27 04:00,30,懸浮微粒,3.7,5,23,0.24,1.5,7
木柵站,2025/06/27 05:00,30,懸浮微粒,3.9,9,19,0.27,1.5,7.6
木柵站,2025/06/27 06:00,28,懸浮微粒,6.1,6,9,0.3,1.6,4.9
木柵站,2025/06/27 07:00,28,懸浮微粒,10.7,4,16,0.35,1.8,5.7
木柵站,2025/06/27 08:00,27,懸浮微粒,19,6,15,0.45,1.3,7.9
木柵站,2025/06/27 09:00,26,懸浮微粒,29.5,6,15,0.44,1.9,8.5
木柵站,2025/06/27 10:00,28,懸浮微粒,39.9,8,20,0.4,1.8,5.8
木柵站,2025/06/27 11:00,29,懸浮微粒,52,9,21,0.46,2.1,10.8
木柵站,2025/06/27 12:00,31,懸浮微粒,53.3,11,22,0.44,2.2,8.8
木柵站,2025/06/27 13:00,33,細懸浮微粒,45.3,9,13,0.41,3.3,9.6
木柵站,2025/06/27 14:00,33,臭氧8小時,35,7,13,0.42,2.2,12.3
木柵站,2025/06/27 15:00,35,臭氧8小時,27,8,18,0.35,1.7,8.6
木柵站,2025/06/27 16:00,36,臭氧8小時,32.7,6,1,0.27,1,7.2
木柵站,2025/06/27 17:00,36,臭氧8小時,27.8,5,1,0.32,0.9,10.2
木柵站,2025/06/27 18:00,34,臭氧8小時,19.9,5,12,0.37,1.2,12.9
木柵站,2025/06/27 19:00,31,二氧化氮小時值,13.3,7,13,0.35,1.2,12.9
木柵站,2025/06/27 20:00,29,二氧化氮小時值,10.6,7,21,0.33,1,12
木柵站,2025/06/27 21:00,29,二氧化氮小時值,7.9,6,21,0.32,1.1,12.2
木柵站,2025/06/27 22:00,28,細懸浮微粒,6.7,7,19,0.3,0.7,10.8
木柵站,2025/06/27 23:00,28,懸浮微粒,6.8,6,18,0.28,0.9,9.8
木柵站,2025/06/28 00:00,26,細懸浮微粒,6.8,6,12,0.25,1.2,8.9
木柵站,2025/06/28 01:00,26,細懸浮微粒,5.8,7,13,0.26,1.4,7.6
木柵站,2025/06/28 02:00,26,細懸浮微粒,4.8,7,21,0.25,1.5,6.8
木柵站,2025/06/28 03:00,24,細懸浮微粒,4.3,4,10,0.21,1.3,5.4
木柵站,2025/06/28 04:00,24,細懸浮微粒,3.8,5,12,0.2,1.4,5.6
木柵站,2025/06/28 05:00,25,懸浮微粒,4,5,13,0.21,1.2,7
木柵站,2025/06/28 06:00,23,細懸浮微粒,5.7,7,12,0.25,1.2,5.4
木柵站,2025/06/28 07:00,25,懸浮微粒,8.7,5,18,0.32,1.3,5.9
木柵站,2025/06/28 08:00,24,懸浮微粒,15.3,4,11,0.37,1,7
木柵站,2025/06/28 09:00,23,細懸浮微粒,23.9,7,12,0.35,1.1,6.8
木柵站,2025/06/28 10:00,23,懸浮微粒,32.9,5,14,0.35,2.8,2.9
木柵站,2025/06/28 11:00,21,懸浮微粒,31.2,2,10,0.37,1.9,4
木柵站,2025/06/28 12:00,19,細懸浮微粒,38.2,4,6,0.38,2.2,5.9
木柵站,2025/06/28 13:00,23,臭氧8小時,43.3,7,19,0.39,3.4,7.4
木柵站,2025/06/28 14:00,26,臭氧8小時,27.8,6,5,0.35,1.4,6.2
木柵站,2025/06/28 15:00,27,臭氧8小時,23.4,4,7,0.33,1.1,5.6
木柵站,2025/06/28 16:00,28,臭氧8小時,24.8,3,9,0.34,1.5,7.2
木柵站,2025/06/28 17:00,28,臭氧8小時,22.3,9,8,0.35,1.3,8.6
木柵站,2025/06/28 18:00,27,臭氧8小時,24.5,10,17,0.34,1.6,8.3
木柵站,2025/06/28 19:00,29,細懸浮微粒,21.4,11,15,0.38,2.4,8.8
木柵站,2025/06/28 20:00,31,細懸浮微粒,15.4,7,23,0.39,2,9.3
木柵站,2025/06/28 21:00,32,細懸浮微粒,9.6,9,14,0.38,0.8,9.5
木柵站,2025/06/28 22:00,31,細懸浮微粒,8.7,8,12,0.3,1,7.1
木柵站,2025/06/28 23:00,28,細懸浮微粒,8.9,4,11,0.29,0.9,5.8
木柵站,2025/06/29 00:00,24,細懸浮微粒,8.5,1,13,0.25,1,5.2
木柵站,2025/06/29 01:00,21,細懸浮微粒,6.9,4,11,0.29,0.9,5.4
木柵站,2025/06/29 02:00,19,懸浮微粒,8.8,3,8,0.21,0.8,3.5
木柵站,2025/06/29 03:00,17,懸浮微粒,7,1,1,0.2,0.6,3.8
木柵站,2025/06/29 04:00,18,細懸浮微粒,6.6,4,1,0.2,0.9,4
木柵站,2025/06/29 05:00,18,細懸浮微粒,5.7,6,5,0.19,0.8,4.1
木柵站,2025/06/29 06:00,18,細懸浮微粒,6.7,4,9,0.21,0.9,3.8
木柵站,2025/06/29 07:00,18,細懸浮微粒,9.6,3,8,0.27,0.8,4
木柵站,2025/06/29 08:00,16,細懸浮微粒,12.2,3,16,0.3,1.4,3.8
木柵站,2025/06/29 09:00,15,懸浮微粒,13.4,3,7,0.3,0.9,4.2
木柵站,2025/06/29 10:00,15,懸浮微粒,15.7,4,7,0.29,0.4,2.5
木柵站,2025/06/29 11:00,13,懸浮微粒,16.4,3,4,0.29,0.7,2.2
木柵站,2025/06/29 12:00,12,細懸浮微粒,18.2,1,3,0.28,0.9,1.7
木柵站,2025/06/29 13:00,13,臭氧8小時,16.7,2,6,0.33,1.8,3.2
木柵站,2025/06/29 14:00,14,臭氧8小時,17.3,4,8,0.32,0.5,1.9
木柵站,2025/06/29 15:00,15,臭氧8小時,16.9,3,4,0.32,0.6,2.7
木柵站,2025/06/29 16:00,15,臭氧8小時,16.4,3,1,0.32,0.8,5.9
木柵站,2025/06/29 17:00,16,臭氧8小時,18.2,2,6,0.31,0.6,4.7
木柵站,2025/06/29 18:00,16,臭氧8小時,16,5,7,0.3,1.4,6.2
木柵站,2025/06/29 19:00,17,細懸浮微粒,14.4,9,5,0.3,1.4,5.3
木柵站,2025/06/29 20:00,17,細懸浮微粒,14.3,4,7,0.23,0.7,4
木柵站,2025/06/29 21:00,21,二氧化氮小時值,9.1,2,1,0.29,0.9,8.7
木柵站,2025/06/29 22:00,21,二氧化氮小時值,7.3,4,16,0.25,0.7,9
木柵站,2025/06/29 23:00,22,二氧化氮小時值,5.7,5,10,0.26,0.7,9.1
木柵站,2025/06/30 00:00,19,二氧化氮小時值,5.7,4,8,0.23,1.4,8
木柵站,2025/06/30 01:00,16,二氧化氮小時值,6,3,8,0.25,1.5,6.8
木柵站,2025/06/30 02:00,17,細懸浮微粒,7.2,5,8,0.26,1.7,5.7
木柵站,2025/06/30 03:00,16,細懸浮微粒,4.5,4,8,0.22,1.9,6.9
木柵站,2025/06/30 04:00,16,二氧化氮小時值,4.1,2,11,0.2,1.6,6.7
木柵站,2025/06/30 05:00,17,細懸浮微粒,4.2,6,9,0.2,1.5,6.5
木柵站,2025/06/30 06:00,18,細懸浮微粒,5.8,6,8,0.24,1.4,5.1
木柵站,2025/06/30 07:00,17,細懸浮微粒,9.3,3,10,0.32,1.7,6
木柵站,2025/06/30 08:00,19,細懸浮微粒,15.5,6,17,0.41,3,7.4
木柵站,2025/06/30 09:00,18,細懸浮微粒,17.8,4,8,0.29,2,2
木柵站,2025/06/30 10:00,20,懸浮微粒,16.7,1,20,0.27,2.4,1.9
木柵站,2025/06/30 11:00,18,懸浮微粒,16.2,2,1,0.24,1.7,1.5
木柵站,2025/06/30 12:00,14,懸浮微粒,15.2,3,1,0.28,1.7,2.3
木柵站,2025/06/30 13:00,14,二氧化硫小時值,14.9,1,5,0.26,2.2,1.5
木柵站,2025/06/30 14:00,14,臭氧8小時,14.4,1,13,0.25,1.7,1.6
木柵站,2025/06/30 15:00,15,臭氧8小時,15.2,1,10,0.25,1.9,1.8
木柵站,2025/06/30 16:00,15,懸浮微粒,15.7,1,9,0.25,1.6,1.6
木柵站,2025/06/30 17:00,16,懸浮微粒,14.6,1,8,0.24,1.6,1.8
木柵站,2025/06/30 18:00,14,臭氧8小時,14,3,1,0.25,1.5,3.5
木柵站,2025/06/30 19:00,14,臭氧8小時,14.6,3,1,0.21,1.8,3.3
木柵站,2025/06/30 20:00,16,二氧化硫小時值,13,2,2,0.24,2.6,3.4
木柵站,2025/06/30 21:00,14,二氧化硫小時值,13.7,3,5,0.25,2.2,2.1
木柵站,2025/06/30 22:00,14,二氧化硫小時值,13,5,4,0.26,2.3,3.1
木柵站,2025/06/30 23:00,15,二氧化硫小時值,12.5,1,6,0.27,2.4,3.2
木柵站,2025/07/01 00:00,13,二氧化硫小時值,11.2,1,6,0.23,2.1,3.2
木柵站,2025/07/01 01:00,12,臭氧8小時,10,3,5,0.23,0.9,4.1
木柵站,2025/07/01 02:00,12,臭氧8小時,11.6,6,3,0.22,1.1,3.8
木柵站,2025/07/01 03:00,13,細懸浮微粒,11.9,4,1,0.23,1.7,2.8
木柵站,2025/07/01 04:00,14,細懸浮微粒,8.8,3,7,0.2,1.3,5.6
木柵站,2025/07/01 05:00,21,二氧化氮小時值,4.2,5,12,0.24,1.2,8.8
木柵站,2025/07/01 06:00,16,二氧化氮小時值,6.1,4,11,0.28,1.3,6.9
木柵站,2025/07/01 07:00,14,二氧化硫小時值,11.6,1,10,0.27,2.2,3.5
木柵站,2025/07/01 08:00,15,懸浮微粒,16.2,1,10,0.26,1.9,2.8
木柵站,2025/07/01 09:00,16,懸浮微粒,18,3,15,0.25,1.7,4.1
木柵站,2025/07/01 10:00,15,懸浮微粒,20.6,2,6,0.26,1.8,2.1
木柵站,2025/07/01 11:00,13,懸浮微粒,20,1,3,0.24,1.6,2
木柵站,2025/07/01 12:00,13,臭氧8小時,19,5,2,0.26,1.7,3.2
木柵站,2025/07/01 13:00,15,臭氧8小時,19.5,2,8,0.26,1.4,2.8
木柵站,2025/07/01 14:00,17,臭氧8小時,19,1,17,0.25,1.5,2.2
木柵站,2025/07/01 15:00,18,臭氧8小時,19.1,7,9,0.26,1.6,2.7
木柵站,2025/07/01 16:00,18,臭氧8小時,18.7,5,10,0.25,1.5,2.8
木柵站,2025/07/01 17:00,23,懸浮微粒,18,6,29,0.25,1.6,3.4
木柵站,2025/07/01 18:00,19,細懸浮微粒,14.6,7,1,0.27,1.5,6.6
木柵站,2025/07/01 19:00,20,細懸浮微粒,12.7,6,7,0.23,1.6,5.6
木柵站,2025/07/01 20:00,22,細懸浮微粒,14.5,7,9,0.25,1.8,4.8
木柵站,2025/07/01 21:00,22,細懸浮微粒,14.4,6,9,0.23,2.2,4.1
木柵站,2025/07/01 22:00,22,細懸浮微粒,15.1,5,11,0.22,2,3.3
木柵站,2025/07/01 23:00,22,細懸浮微粒,14.1,5,7,0.22,2.2,3.5
木柵站,2025/07/02 00:00,18,細懸浮微粒,12.8,1,5,0.22,1.6,4.1
木柵站,2025/07/02 01:00,16,細懸浮微粒,13.1,1,7,0.22,0.7,2.7
木柵站,2025/07/02 02:00,16,懸浮微粒,12.9,1,16,0.19,0.9,2.5
木柵站,2025/07/02 03:00,17,懸浮微粒,9.8,6,12,0.18,0.5,3.9
木柵站,2025/07/02 04:00,18,懸浮微粒,11.2,5,9,0.2,0.5,2.7
木柵站,2025/07/02 05:00,16,細懸浮微粒,10.6,3,7,0.18,0.6,2.7
木柵站,2025/07/02 06:00,17,懸浮微粒,9.7,2,15,0.21,1.2,4.2
木柵站,2025/07/02 07:00,14,懸浮微粒,10.8,3,1,0.29,1.3,3.5
木柵站,2025/07/02 08:00,13,細懸浮微粒,11.3,4,2,0.27,1.1,4.3
木柵站,2025/07/02 09:00,14,懸浮微粒,13.2,1,15,0.26,0.9,2.7
木柵站,2025/07/02 10:00,11,懸浮微粒,14.3,1,1,0.26,1.1,2.4
木柵站,2025/07/02 11:00,12,臭氧8小時,19.2,1,5,0.31,1,3
木柵站,2025/07/02 12:00,14,懸浮微粒,21,5,11,0.28,1,2.2
木柵站,2025/07/02 13:00,14,細懸浮微粒,18,8,7,0.29,1.2,2.5
木柵站,2025/07/02 14:00,17,細懸浮微粒,-,-,15,0.27,1.6,2.5
木柵站,2025/07/02 15:00,31,二氧化硫小時值,-,5,17,0.36,4.9,4.2
木柵站,2025/07/02 16:00,19,細懸浮微粒,20.1,5,1,0.36,1.6,5
木柵站,2025/07/02 17:00,24,細懸浮微粒,17.4,13,7,0.32,1.4,6.6
木柵站,2025/07/02 18:00,29,細懸浮微粒,17.9,13,18,0.36,1.1,7.7
木柵站,2025/07/02 19:00,33,細懸浮微粒,18.2,11,21,0.33,1.5,9.4
木柵站,2025/07/02 20:00,40,細懸浮微粒,20.3,14,17,0.32,1.5,5.6
木柵站,2025/07/02 21:00,40,細懸浮微粒,19.9,10,26,0.34,1.4,5.8
木柵站,2025/07/02 22:00,41,細懸浮微粒,20.2,12,17,0.3,1.3,5.1
木柵站,2025/07/02 23:00,43,細懸浮微粒,20.8,10,15,0.27,0.8,4.8
木柵站,2025/07/03 00:00,42,細懸浮微粒,25.5,11,12,0.24,1.2,2.3
木柵站,2025/07/03 01:00,42,細懸浮微粒,26.9,9,16,0.27,1.4,1.4
木柵站,2025/07/03 02:00,44,細懸浮微粒,26.4,15,16,0.26,1.6,2.1
木柵站,2025/07/03 03:00,46,細懸浮微粒,25.6,11,24,0.25,1.6,2.6
木柵站,2025/07/03 04:00,45,細懸浮微粒,25.7,9,10,0.25,1.3,2.5
木柵站,2025/07/03 05:00,43,細懸浮微粒,23.8,6,19,0.26,1.2,4.2
木柵站,2025/07/03 06:00,38,細懸浮微粒,21.6,7,17,0.27,1.7,5.9
木柵站,2025/07/03 07:00,37,細懸浮微粒,22,10,23,0.35,1.8,7.6
木柵站,2025/07/03 08:00,37,細懸浮微粒,25.9,11,23,0.34,1.6,5.4
木柵站,2025/07/03 09:00,39,細懸浮微粒,29.6,10,15,0.33,1.8,4.6
木柵站,2025/07/03 10:00,41,細懸浮微粒,33.6,11,24,0.34,1.6,3.7
木柵站,2025/07/03 11:00,40,細懸浮微粒,33.2,8,17,0.34,1.9,3.4
木柵站,2025/07/03 12:00,39,細懸浮微粒,33.9,10,19,0.34,1.8,3.4
木柵站,2025/07/03 13:00,39,細懸浮微粒,31.3,9,19,0.35,1.7,2.9
木柵站,2025/07/03 14:00,35,細懸浮微粒,32.9,7,24,0.33,1.8,2.1
木柵站,2025/07/03 15:00,35,懸浮微粒,31.5,6,26,0.33,1.8,2.6
木柵站,2025/07/03 16:00,38,懸浮微粒,26.8,7,27,0.35,1.9,5.9
木柵站,2025/07/03 17:00,38,懸浮微粒,21.4,9,22,0.36,2.1,6.5
木柵站,2025/07/03 18:00,37,懸浮微粒,20.7,11,18,0.36,2.2,7.1
木柵站,2025/07/03 19:00,37,懸浮微粒,19.5,9,25,0.33,2.3,8
木柵站,2025/07/03 20:00,40,細懸浮微粒,21,13,17,0.3,2,4.8
木柵站,2025/07/03 21:00,44,細懸浮微粒,22.2,15,23,0.29,1.9,3.9
木柵站,2025/07/03 22:00,44,細懸浮微粒,22.6,12,14,0.26,1.9,4.3
木柵站,2025/07/03 23:00,46,細懸浮微粒,25.2,11,13,0.25,1.8,1.9
木柵站,2025/07/04 08:00,0,臭氧8小時,-,4,10,-,-,-
木柵站,2025/07/04 09:00,7,二氧化氮小時值,17.7,4,11,0.4,0.1,2.8
木柵站,2025/07/04 10:00,6,二氧化氮小時值,17.9,7,10,0.12,0.2,2.4
木柵站,2025/07/04 11:00,6,二氧化氮小時值,16.4,6,7,0.16,0.1,2.4
木柵站,2025/07/04 12:00,4,二氧化氮小時值,17.3,5,1,0.1,0.1,1.7
木柵站,2025/07/04 13:00,24,細懸浮微粒,17.9,7,3,0.01,0.1,2.7
木柵站,2025/07/04 14:00,22,細懸浮微粒,19.3,4,2,-,0.1,2
木柵站,2025/07/04 15:00,19,細懸浮微粒,18.7,2,3,0.21,0.1,2.3
木柵站,2025/07/04 16:00,17,細懸浮微粒,17.9,2,5,0.14,1.9,3.4
木柵站,2025/07/04 17:00,17,臭氧8小時,19.3,2,6,0.1,2.5,3.4
木柵站,2025/07/04 18:00,17,臭氧8小時,17.3,3,6,0.1,2.4,5.5
木柵站,2025/07/04 19:00,17,臭氧8小時,16.8,3,5,0.09,2.4,6.2
木柵站,2025/07/04 20:00,17,臭氧8小時,17.6,7,6,0.17,2.4,4.7
木柵站,2025/07/04 21:00,19,細懸浮微粒,17.2,7,3,0.18,2.2,4
木柵站,2025/07/04 22:00,19,細懸浮微粒,17.3,4,3,0.1,2.5,3.8
木柵站,2025/07/04 23:00,19,細懸浮微粒,18.7,4,4,0.1,2.7,3.3
木柵站,2025/07/05 01:00,17,細懸浮微粒,14.4,5,2,0.2,1.6,4.2
木柵站,2025/07/05 02:00,17,細懸浮微粒,12,4,6,0.14,1.6,5.1
木柵站,2025/07/05 03:00,16,細懸浮微粒,10.6,3,8,0.07,1.3,4.8
木柵站,2025/07/05 04:00,16,細懸浮微粒,9.6,3,8,0.01,1.3,4.7
木柵站,2025/07/05 05:00,16,二氧化氮小時值,7.6,4,8,0.02,1.1,6.6
木柵站,2025/07/05 06:00,16,二氧化氮小時值,7.5,3,10,-,1.5,6.8
木柵站,2025/07/05 08:00,19,細懸浮微粒,25.2,8,15,0.36,-,6.5
木柵站,2025/07/05 09:00,20,細懸浮微粒,34.4,6,15,0.31,1.2,6.4
木柵站,2025/07/05 10:00,22,細懸浮微粒,39,5,9,0.27,1.5,8.2
木柵站,2025/07/05 11:00,26,細懸浮微粒,38.3,12,12,0.31,2.5,8.4
木柵站,2025/07/05 12:00,27,細懸浮微粒,34.8,8,12,0.34,0.8,7.4
木柵站,2025/07/05 13:00,28,臭氧8小時,33.4,4,10,0.27,0.5,3.3
木柵站,2025/07/05 14:00,31,臭氧8小時,31.3,2,7,0.22,0.7,2.5
木柵站,2025/07/05 15:00,31,臭氧8小時,34.5,3,3,0.23,0.3,3.3
木柵站,2025/07/05 16:00,32,臭氧8小時,28,2,8,0.17,0.6,3.6
木柵站,2025/07/05 17:00,31,臭氧8小時,25.4,6,21,0.15,0.4,3
木柵站,2025/07/05 18:00,29,臭氧8小時,22.3,8,28,0.17,0.4,6.1
木柵站,2025/07/05 19:00,27,懸浮微粒,22,6,20,0.1,0.3,4.9
木柵站,2025/07/05 20:00,31,懸浮微粒,21.8,4,23,0.08,0.5,3.1
木柵站,2025/07/05 21:00,32,懸浮微粒,17.4,6,22,0.05,0.4,5.5
木柵站,2025/07/05 22:00,31,懸浮微粒,16.4,5,23,0.08,0.8,4.7
木柵站,2025/07/05 23:00,31,懸浮微粒,11.8,8,17,0.07,0.9,9.4
木柵站,2025/07/06 00:00,30,懸浮微粒,16.7,9,15,0.21,0.9,4.5
木柵站,2025/07/06 01:00,27,懸浮微粒,13.9,4,10,0.26,1.1,5
木柵站,2025/07/06 02:00,25,懸浮微粒,11,3,11,0.23,0.8,5.9
木柵站,2025/07/06 03:00,25,懸浮微粒,10.3,3,13,0.18,0.8,5.7
木柵站,2025/07/06 04:00,24,懸浮微粒,8.7,2,11,0.16,0.6,5.9
木柵站,2025/07/06 05:00,24,懸浮微粒,8.2,5,11,0.14,0.7,6.3
木柵站,2025/07/06 06:00,22,懸浮微粒,10.5,5,9,0.16,0.9,5.7
木柵站,2025/07/06 07:00,18,懸浮微粒,18.8,2,1,0.13,0.7,2.8
木柵站,2025/07/06 08:00,15,細懸浮微粒,22,1,4,0.15,0.7,2.1
木柵站,2025/07/06 09:00,17,懸浮微粒,24.1,2,21,0.15,1.3,2
木柵站,2025/07/06 10:00,20,懸浮微粒,25.2,7,21,0.13,0.4,2.3
木柵站,2025/07/06 11:00,22,懸浮微粒,25.1,4,13,0.12,0.7,2.4
木柵站,2025/07/06 12:00,26,懸浮微粒,25.3,2,22,0.1,0.5,1.6
木柵站,2025/07/06 13:00,27,懸浮微粒,24.6,1,20,0.08,0.4,1.8
木柵站,2025/07/06 14:00,26,懸浮微粒,23.4,2,15,0.06,0.4,2.2
木柵站,2025/07/06 15:00,22,懸浮微粒,23.1,1,1,0.05,0.6,2
木柵站,2025/07/06 16:00,22,臭氧8小時,23.2,1,3,-,0.4,2
木柵站,2025/07/06 17:00,22,臭氧8小時,23.4,2,2,-,0.7,2.2
木柵站,2025/07/06 18:00,22,臭氧8小時,21.4,2,2,-,0.7,4.1
木柵站,2025/07/06 19:00,21,臭氧8小時,17.5,1,5,-,0.8,6.3
木柵站,2025/07/06 20:00,21,臭氧8小時,24.2,1,1,-,0.7,4.5
木柵站,2025/07/06 21:00,21,臭氧8小時,26,1,1,-,0.6,4.6
木柵站,2025/07/06 22:00,21,臭氧8小時,22,1,2,0.02,0.5,2.9
木柵站,2025/07/06 23:00,21,臭氧8小時,23.7,1,1,0.19,0.4,2.1
木柵站,2025/07/07 00:00,21,臭氧8小時,26.2,1,3,0.19,1.5,1.3
木柵站,2025/07/07 01:00,22,臭氧8小時,25.4,1,2,0.25,1.4,1.3
木柵站,2025/07/07 02:00,22,臭氧8小時,24.7,5,21,0.25,1.4,2
木柵站,2025/07/07 03:00,23,臭氧8小時,26.6,6,15,0.2,1.8,1.4
木柵站,2025/07/07 04:00,23,臭氧8小時,22.9,6,10,0.26,1.7,2.2
木柵站,2025/07/07 05:00,21,臭氧8小時,13.1,5,6,0.26,1.6,5
木柵站,2025/07/07 06:00,21,臭氧8小時,16.8,6,4,0.24,2.2,6.4
木柵站,2025/07/07 07:00,20,臭氧8小時,17.5,5,6,0.28,2.2,7.8
木柵站,2025/07/07 08:00,19,臭氧8小時,18.9,6,9,0.26,1.8,7.7
木柵站,2025/07/07 09:00,19,細懸浮微粒,17.5,5,6,0.24,1.6,7.8
木柵站,2025/07/07 10:00,18,臭氧8小時,21.9,2,7,0.2,1.6,7.1
木柵站,2025/07/07 11:00,20,二氧化氮小時值,20.1,3,8,0.18,1.7,8.3
木柵站,2025/07/07 12:00,23,二氧化氮小時值,17.4,4,1,0.24,1.6,9.7
木柵站,2025/07/07 13:00,28,二氧化氮小時值,11,4,4,0.23,1.6,11.7
木柵站,2025/07/07 14:00,26,二氧化氮小時值,9.2,4,8,0.27,1.5,11.1
木柵站,2025/07/07 15:00,31,二氧化氮小時值,5.7,3,19,0.32,1.6,13.2
木柵站,2025/07/07 16:00,27,二氧化氮小時值,6.5,2,12,0.31,1.3,11.5
木柵站,2025/07/07 17:00,27,二氧化氮小時值,6,6,21,0.34,1.6,11.3
木柵站,2025/07/07 18:00,24,懸浮微粒,5.9,3,21,0.28,1.7,9.9
木柵站,2025/07/07 19:00,27,二氧化氮小時值,5.2,5,16,0.33,1.6,11.3
木柵站,2025/07/07 20:00,26,懸浮微粒,4.4,9,18,0.33,1.5,10.4
木柵站,2025/07/07 21:00,27,懸浮微粒,4.5,7,21,0.3,1.5,9.3
木柵站,2025/07/07 22:00,28,懸浮微粒,4,4,22,0.29,1.3,9.9
木柵站,2025/07/07 23:00,30,懸浮微粒,4,2,21,0.28,1.1,9
木柵站,2025/07/08 00:00,31,懸浮微粒,4.6,6,19,0.27,1.8,8.3
木柵站,2025/07/08 01:00,31,懸浮微粒,5,5,16,0.29,2.1,8.1
木柵站,2025/07/08 02:00,30,懸浮微粒,5.1,3,16,0.25,2,7.9
木柵站,2025/07/08 03:00,31,懸浮微粒,6.5,6,23,0.22,2.5,5.8
木柵站,2025/07/08 04:00,32,懸浮微粒,5.3,6,21,0.21,2.1,6.8
木柵站,2025/07/08 05:00,34,懸浮微粒,4.1,4,23,0.25,2.1,7.7
木柵站,2025/07/08 06:00,36,懸浮微粒,4.5,2,24,0.24,2.4,7.8
木柵站,2025/07/08 07:00,34,懸浮微粒,4.8,3,16,0.28,2.4,8
木柵站,2025/07/08 08:00,32,懸浮微粒,4.9,4,13,0.36,2.5,9.3
木柵站,2025/07/08 09:00,30,懸浮微粒,7.7,7,16,0.36,2.3,8.9
木柵站,2025/07/08 10:00,27,懸浮微粒,17.4,8,12,0.37,3.1,7.8
木柵站,2025/07/08 11:00,27,懸浮微粒,27.9,9,16,0.34,3.7,5.9
木柵站,2025/07/08 12:00,29,細懸浮微粒,37.1,11,21,0.25,2.6,7.9
木柵站,2025/07/08 13:00,35,細懸浮微粒,40.1,15,19,0.22,2.5,5.9
木柵站,2025/07/08 14:00,38,細懸浮微粒,41.8,11,21,0.19,2.3,5.9
木柵站,2025/07/08 15:00,44,細懸浮微粒,41,17,19,0.22,2.2,9.9
木柵站,2025/07/08 16:00,50,細懸浮微粒,40.9,19,30,0.27,2.3,9.5
木柵站,2025/07/08 17:00,52,細懸浮微粒,23.8,16,24,0.32,1.9,12.8
木柵站,2025/07/08 18:00,56,細懸浮微粒,17.1,18,26,0.28,2.7,13.9
木柵站,2025/07/08 19:00,60,細懸浮微粒,18,22,37,0.33,3.1,13.9
木柵站,2025/07/08 20:00,55,細懸浮微粒,30,5,24,0.21,2.6,11.3
木柵站,2025/07/08 21:00,51,細懸浮微粒,27.6,6,22,0.21,2.6,11.1
木柵站,2025/07/08 22:00,49,細懸浮微粒,34.5,11,27,0.2,1.9,8
木柵站,2025/07/08 23:00,41,細懸浮微粒,38.5,7,22,0.12,2,3.7
木柵站,2025/07/09 00:00,37,細懸浮微粒,29.3,1,9,0.23,2.3,5.1
木柵站,2025/07/09 01:00,33,懸浮微粒,25.2,1,10,0.23,2.3,4
木柵站,2025/07/09 02:00,29,細懸浮微粒,36.6,5,7,0.21,2.3,3
木柵站,2025/07/09 04:00,30,臭氧8小時,34.2,5,17,0.19,2.2,2.8
木柵站,2025/07/09 05:00,30,臭氧8小時,27.4,5,21,0.19,2.3,5.6
木柵站,2025/07/09 06:00,34,懸浮微粒,23.7,5,24,0.19,2.4,6.1
木柵站,2025/07/09 07:00,32,懸浮微粒,16.6,7,18,0.26,2.4,11.9
木柵站,2025/07/09 08:00,34,二氧化氮小時值,14.1,6,11,0.36,2.6,14.4
木柵站,2025/07/09 09:00,31,二氧化氮小時值,13.4,3,10,0.34,2.7,12.9
木柵站,2025/07/09 10:00,35,二氧化氮小時值,12.8,7,11,0.33,2.6,14.6
木柵站,2025/07/09 11:00,27,二氧化氮小時值,12.6,8,12,0.63,2.5,11.5
木柵站,2025/07/09 12:00,27,細懸浮微粒,15.1,12,16,0.26,2.5,10
木柵站,2025/07/09 13:00,32,細懸浮微粒,16.3,10,6,0.21,2.3,11.1
木柵站,2025/07/09 14:00,32,細懸浮微粒,18.3,6,8,0.26,2.4,12.5
木柵站,2025/07/09 15:00,32,細懸浮微粒,14.6,8,11,0.27,2.5,12.8
木柵站,2025/07/09 16:00,30,細懸浮微粒,15,7,12,0.3,2.5,10.1
木柵站,2025/07/09 17:00,29,細懸浮微粒,17.6,7,27,0.22,2,6.5
木柵站,2025/07/09 18:00,31,細懸浮微粒,12.4,9,18,0.21,2,8.9
木柵站,2025/07/09 19:00,32,細懸浮微粒,11.5,9,19,0.25,1.9,8.6
木柵站,2025/07/09 20:00,34,細懸浮微粒,15.3,11,28,0.24,2.1,7.7
木柵站,2025/07/09 21:00,38,細懸浮微粒,17.3,12,19,0.2,2,7.3
木柵站,2025/07/09 22:00,39,細懸浮微粒,15.3,9,26,0.21,2.1,8.1
木柵站,2025/07/09 23:00,39,細懸浮微粒,13.9,9,19,0.21,2.1,6.4
木柵站,2025/07/10 00:00,38,細懸浮微粒,13,10,13,0.24,1.4,6.3
木柵站,2025/07/10 01:00,34,細懸浮微粒,15,5,18,0.23,1.1,4
木柵站,2025/07/10 02:00,32,細懸浮微粒,14.8,5,18,0.22,1.2,3.8
木柵站,2025/07/10 03:00,34,細懸浮微粒,15.2,13,32,0.19,1.3,2.9
木柵站,2025/07/10 04:00,39,懸浮微粒,12.6,9,30,0.18,1.3,5.5
木柵站,2025/07/10 05:00,39,懸浮微粒,10.4,10,22,0.22,1.2,7.5
木柵站,2025/07/10 06:00,41,懸浮微粒,8.8,8,25,0.24,1.3,8.7
木柵站,2025/07/10 07:00,39,懸浮微粒,10.2,5,19,0.28,1.4,7.5
木柵站,2025/07/10 08:00,37,懸浮微粒,7.4,6,23,0.43,1.3,10.7
木柵站,2025/07/10 09:00,38,懸浮微粒,9.2,9,24,0.52,1.2,10.1
木柵站,2025/07/10 10:00,37,懸浮微粒,9.3,-,-,-,-,-
木柵站,2025/07/10 11:00,38,懸浮微粒,-,5,-,-,-,-
木柵站,2025/07/10 12:00,38,懸浮微粒,13.5,10,20,0.3,0.5,9.7
木柵站,2025/07/10 13:00,40,二氧化氮小時值,11.1,12,24,0.35,0.4,16.8
木柵站,2025/07/10 14:00,40,二氧化氮小時值,10.9,13,21,0.33,0.3,16.9
木柵站,2025/07/10 15:00,40,細懸浮微粒,9,10,19,0.33,0.3,14.7
木柵站,2025/07/10 16:00,39,細懸浮微粒,12.3,8,14,0.26,0.3,8.8
木柵站,2025/07/10 17:00,34,細懸浮微粒,8.9,4,11,0.29,0.5,11.7
木柵站,2025/07/10 18:00,30,懸浮微粒,5.9,4,21,0.29,0.4,10.9
木柵站,2025/07/10 19:00,31,懸浮微粒,3.7,11,22,0.28,0.5,9
木柵站,2025/07/10 20:00,34,懸浮微粒,6.6,10,26,0.16,0.5,5.1
木柵站,2025/07/10 21:00,34,細懸浮微粒,6.5,8,13,0.18,0.6,6.2
木柵站,2025/07/10 22:00,36,細懸浮微粒,4.3,8,21,0.23,0.7,8.2
木柵站,2025/07/10 23:00,35,細懸浮微粒,4.1,8,17,0.25,0.9,10.1
木柵站,2025/07/11 00:00,32,細懸浮微粒,5.6,5,20,0.22,0.9,7.1
木柵站,2025/07/11 01:00,33,懸浮微粒,4.9,6,23,0.27,0.9,5.5
木柵站,2025/07/11 02:00,33,懸浮微粒,5.2,5,23,0.27,0.8,5.3
木柵站,2025/07/11 03:00,35,懸浮微粒,4.3,8,24,0.26,0.6,5.6
木柵站,2025/07/11 04:00,35,懸浮微粒,4.1,4,19,0.3,0.5,5
木柵站,2025/07/11 05:00,35,懸浮微粒,3.8,7,21,0.26,0.5,6.1
木柵站,2025/07/11 06:00,32,懸浮微粒,4.4,7,10,0.29,0.6,5.6
木柵站,2025/07/11 07:00,28,懸浮微粒,5.2,8,9,0.33,0.5,6.5
木柵站,2025/07/11 08:00,28,細懸浮微粒,6,7,11,0.44,0.4,8
木柵站,2025/07/11 09:00,31,細懸浮微粒,6.7,11,24,0.53,0.6,12.7
木柵站,2025/07/11 10:00,31,細懸浮微粒,12.5,7,15,0.41,0.4,10
木柵站,2025/07/11 11:00,38,二氧化氮小時值,20.4,4,13,0.45,0.4,16
木柵站,2025/07/11 12:00,45,二氧化氮小時值,20.1,4,13,0.35,0.4,18.8
木柵站,2025/07/11 13:00,35,二氧化氮小時值,20.5,8,15,0.29,0.5,14.6
木柵站,2025/07/11 14:00,29,二氧化氮小時值,22.6,5,15,0.27,1,12.2
木柵站,2025/07/11 15:00,31,二氧化氮小時值,22.8,2,12,0.27,1.4,13
木柵站,2025/07/11 16:00,51,二氧化氮小時值,19.3,3,10,0.35,0.5,21.8
木柵站,2025/07/11 17:00,52,二氧化氮小時值,14.9,6,21,0.39,0.7,24.9
木柵站,2025/07/11 18:00,51,二氧化氮小時值,9.5,6,20,0.42,0.6,21.8
木柵站,2025/07/11 19:00,37,二氧化氮小時值,8.9,9,27,0.35,0.6,15.4
木柵站,2025/07/11 20:00,35,懸浮微粒,4.2,7,30,0.28,0.5,11.5
木柵站,2025/07/11 21:00,38,懸浮微粒,6.5,6,30,0.23,0.6,9.8
木柵站,2025/07/11 22:00,41,懸浮微粒,5.5,6,30,0.21,0.5,8.6
木柵站,2025/07/11 23:00,43,懸浮微粒,4.2,12,30,0.2,0.7,8
木柵站,2025/07/12 00:00,45,懸浮微粒,3.8,8,33,0.28,1.1,8.7
木柵站,2025/07/12 01:00,46,懸浮微粒,3.6,5,31,0.31,1.2,7.2
木柵站,2025/07/12 02:00,48,懸浮微粒,5.4,8,32,0.25,0.9,5.4
木柵站,2025/07/12 03:00,50,懸浮微粒,4.6,12,34,0.2,1,4.9
木柵站,2025/07/12 04:00,50,懸浮微粒,3.5,7,29,0.2,0.8,6.4
木柵站,2025/07/12 05:00,51,懸浮微粒,4.2,7,34,0.2,1.2,5.9
木柵站,2025/07/12 06:00,51,懸浮微粒,6,5,30,0.25,1.2,4.4
木柵站,2025/07/12 07:00,50,懸浮微粒,10.5,10,25,0.29,0.7,4.4
木柵站,2025/07/12 08:00,48,懸浮微粒,13.9,8,20,0.31,1,5.8
木柵站,2025/07/12 09:00,44,懸浮微粒,20.8,9,20,0.36,2,7.9
木柵站,2025/07/12 10:00,41,懸浮微粒,34.4,8,18,0.37,1,7.9
木柵站,2025/07/12 11:00,42,懸浮微粒,53.9,10,31,0.41,2,8.2
木柵站,2025/07/12 12:00,47,懸浮微粒,90.7,18,41,0.48,2.1,11.8
木柵站,2025/07/12 13:00,49,懸浮微粒,74.8,17,32,0.34,1.5,10.6
木柵站,2025/07/12 14:00,55,細懸浮微粒,51.2,24,31,0.29,1.3,13.3
木柵站,2025/07/12 15:00,56,細懸浮微粒,50.3,13,34,0.27,3.2,13.9
木柵站,2025/07/12 16:00,56,細懸浮微粒,46.1,15,28,0.27,1.8,13.1
木柵站,2025/07/12 17:00,57,細懸浮微粒,31.7,17,35,0.3,2.2,12.3
木柵站,2025/07/12 18:00,57,細懸浮微粒,30.4,18,14,0.21,0.7,10.7
木柵站,2025/07/12 19:00,55,細懸浮微粒,29.5,8,18,0.13,0.9,8.9
木柵站,2025/07/12 20:00,52,細懸浮微粒,25.2,7,14,0.32,1.1,9
木柵站,2025/07/12 21:00,46,細懸浮微粒,21.6,5,11,0.34,0.9,9.4
木柵站,2025/07/12 22:00,40,細懸浮微粒,17.7,7,11,0.33,0.9,8.2
木柵站,2025/07/12 23:00,41,細懸浮微粒,15.3,10,17,0.32,0.9,7.5
木柵站,2025/07/13 00:00,39,細懸浮微粒,14.8,7,18,0.31,0.7,6.7
木柵站,2025/07/13 01:00,37,細懸浮微粒,14.7,4,21,0.31,0.5,4.1
木柵站,2025/07/13 02:00,37,細懸浮微粒,12.7,11,18,0.27,0.6,4.1
木柵站,2025/07/13 03:00,36,細懸浮微粒,7.6,10,26,0.27,0.8,4.8
木柵站,2025/07/13 04:00,37,細懸浮微粒,5.7,10,31,0.27,1,4.7
木柵站,2025/07/13 05:00,39,細懸浮微粒,6.4,11,30,0.27,0.7,4.1
木柵站,2025/07/13 06:00,39,懸浮微粒,7,12,23,0.32,0.9,3.7
木柵站,2025/07/13 07:00,38,細懸浮微粒,11,8,17,0.31,0.8,3.5
木柵站,2025/07/13 08:00,38,細懸浮微粒,16.2,10,26,0.36,1.4,4.4
木柵站,2025/07/13 09:00,39,細懸浮微粒,26.7,11,21,0.36,1.6,3.8
木柵站,2025/07/13 10:00,39,細懸浮微粒,31.5,11,15,0.32,0.8,3.1
木柵站,2025/07/13 11:00,39,細懸浮微粒,32.3,8,21,0.32,1.1,3.8
木柵站,2025/07/13 12:00,44,細懸浮微粒,43.4,17,25,0.37,1.3,5
木柵站,2025/07/13 13:00,50,細懸浮微粒,43,18,25,0.35,1.1,4.5
木柵站,2025/07/13 14:00,53,細懸浮微粒,40.3,18,30,0.34,1.2,4.9
木柵站,2025/07/13 15:00,56,細懸浮微粒,35.9,14,27,0.3,0.8,4.2
木柵站,2025/07/13 16:00,56,細懸浮微粒,33.5,16,22,0.23,1,3.8
木柵站,2025/07/13 17:00,53,細懸浮微粒,31.9,10,27,0.25,1.2,5.7
木柵站,2025/07/13 18:00,55,細懸浮微粒,28.4,19,24,0.27,0.7,8.4
木柵站,2025/07/13 19:00,56,細懸浮微粒,21.7,15,35,0.27,1.9,8.5
木柵站,2025/07/13 20:00,56,細懸浮微粒,14,15,28,0.3,0.7,8.6
木柵站,2025/07/13 21:00,58,細懸浮微粒,6.9,14,33,0.3,0.9,13
木柵站,2025/07/13 22:00,56,細懸浮微粒,5.7,14,35,0.31,0.7,12.5
木柵站,2025/07/13 23:00,57,細懸浮微粒,8.9,15,33,0.24,0.6,10.5
木柵站,2025/07/14 00:00,56,細懸浮微粒,11.2,14,34,0.22,1.1,9.1
木柵站,2025/07/14 01:00,55,細懸浮微粒,12.6,12,37,0.24,1.5,6.8
木柵站,2025/07/14 02:00,57,細懸浮微粒,14.4,19,30,0.21,2.2,6.2
木柵站,2025/07/14 03:00,58,細懸浮微粒,13.6,17,32,0.17,1.9,5.4
木柵站,2025/07/14 04:00,56,細懸浮微粒,13.7,11,32,0.27,1.6,5
木柵站,2025/07/14 05:00,57,細懸浮微粒,12.1,13,31,0.26,1.2,6
木柵站,2025/07/14 06:00,57,細懸浮微粒,7.7,18,30,0.3,1.1,9.3
木柵站,2025/07/14 07:00,55,細懸浮微粒,8.8,13,30,0.33,1.3,8.9
木柵站,2025/07/14 08:00,61,懸浮微粒,11.4,15,82,0.33,1.6,9.3
木柵站,2025/07/14 09:00,60,懸浮微粒,15.8,13,26,0.33,2.4,8.4
木柵站,2025/07/14 10:00,61,懸浮微粒,19.7,9,39,0.34,2.1,7.5
木柵站,2025/07/14 11:00,61,懸浮微粒,23.8,14,27,0.35,2,7.9
木柵站,2025/07/14 12:00,54,懸浮微粒,29.7,11,33,0.28,2,7.5
木柵站,2025/07/14 13:00,56,懸浮微粒,43,17,38,0.3,2.4,6.3
木柵站,2025/07/14 14:00,56,細懸浮微粒,42.2,19,37,0.3,2,7
木柵站,2025/07/14 15:00,57,懸浮微粒,38.2,15,38,0.27,1.8,6.8
木柵站,2025/07/14 16:00,60,懸浮微粒,35.9,10,49,0.34,1.6,6.7
木柵站,2025/07/14 17:00,60,懸浮微粒,32.9,21,36,0.36,2.2,7.4
木柵站,2025/07/14 18:00,59,懸浮微粒,29.5,11,29,0.39,2.1,8.1
木柵站,2025/07/14 19:00,58,懸浮微粒,22.5,12,28,0.39,2.2,9.6
木柵站,2025/07/14 20:00,56,細懸浮微粒,17.4,16,28,0.29,2.3,10.1
木柵站,2025/07/14 21:00,54,細懸浮微粒,13.1,15,30,0.25,1.1,9.4
木柵站,2025/07/14 22:00,55,細懸浮微粒,11.7,13,31,0.24,1.7,9.2
木柵站,2025/07/14 23:00,58,細懸浮微粒,7.9,18,33,0.25,1.4,10.3
木柵站,2025/07/15 00:00,58,細懸浮微粒,6.2,16,34,0.26,1.5,10.7
木柵站,2025/07/15 01:00,56,細懸浮微粒,6.8,11,33,0.27,1.6,7.5
木柵站,2025/07/15 02:00,57,細懸浮微粒,6.9,16,33,0.27,1.4,8
木柵站,2025/07/15 03:00,54,細懸浮微粒,5.3,12,32,0.22,1.5,7.1
木柵站,2025/07/15 04:00,53,懸浮微粒,4.2,10,34,0.27,1.4,7
木柵站,2025/07/15 05:00,52,懸浮微粒,3.8,9,29,0.31,1.5,7.3
木柵站,2025/07/15 06:00,52,懸浮微粒,4.7,11,31,0.31,1.4,7.1
木柵站,2025/07/15 07:00,51,懸浮微粒,9.3,15,30,0.32,1.8,6.9
木柵站,2025/07/15 08:00,52,細懸浮微粒,15,15,28,0.36,2.1,6.9
木柵站,2025/07/15 09:00,55,細懸浮微粒,22.5,17,33,0.34,2.1,7.7
木柵站,2025/07/15 10:00,52,細懸浮微粒,27.4,5,20,0.34,2.1,6.5
木柵站,2025/07/15 11:00,62,懸浮微粒,33.9,6,98,0.31,1.7,5.6
木柵站,2025/07/15 12:00,58,懸浮微粒,35.3,5,10,0.22,1.3,4.2
木柵站,2025/07/15 13:00,54,懸浮微粒,37.5,8,12,0.22,1.6,4.3
木柵站,2025/07/15 14:00,55,懸浮微粒,43.7,5,27,0.25,2.2,4.4
木柵站,2025/07/15 15:00,41,懸浮微粒,51.4,9,22,0.27,2.6,5.6
木柵站,2025/07/15 16:00,43,懸浮微粒,28.4,10,23,0.29,2.5,10.2
木柵站,2025/07/15 17:00,43,懸浮微粒,19.2,7,18,0.28,2.2,8.3
木柵站,2025/07/15 18:00,40,懸浮微粒,15.8,11,15,0.26,2.1,8.7
木柵站,2025/07/15 19:00,40,懸浮微粒,13.7,12,24,0.26,2.1,8.3
木柵站,2025/07/15 20:00,39,懸浮微粒,13.8,9,23,0.29,2,6.8
木柵站,2025/07/15 21:00,39,懸浮微粒,12.5,10,21,0.2,2.1,6.1
木柵站,2025/07/15 22:00,40,懸浮微粒,10,9,19,0.25,2.1,6.5
木柵站,2025/07/15 23:00,36,細懸浮微粒,10.5,9,17,0.2,1.7,5.8
木柵站,2025/07/16 00:00,35,細懸浮微粒,10.4,7,20,0.29,0.8,4.7
木柵站,2025/07/16 01:00,36,細懸浮微粒,9.8,10,22,0.31,0.5,5
木柵站,2025/07/16 02:00,35,細懸浮微粒,14.7,7,17,0.25,0.6,3.8
木柵站,2025/07/16 03:00,34,細懸浮微粒,9.4,8,20,0.23,0.5,5.4
木柵站,2025/07/16 04:00,35,細懸浮微粒,8.8,8,21,0.29,0.6,3.8
木柵站,2025/07/16 05:00,34,細懸浮微粒,7,9,23,0.3,0.7,4.8
木柵站,2025/07/16 06:00,36,懸浮微粒,7.6,9,26,0.4,0.6,6.4
木柵站,2025/07/16 07:00,35,懸浮微粒,9.3,9,17,0.4,0.9,7.9
木柵站,2025/07/16 08:00,35,懸浮微粒,19.9,8,22,0.36,1.2,8.1
木柵站,2025/07/16 09:00,37,懸浮微粒,39.6,12,28,0.36,1.7,9.6
木柵站,2025/07/16 10:00,42,細懸浮微粒,54.8,16,24,0.41,0.7,8
木柵站,2025/07/16 11:00,45,細懸浮微粒,61.1,14,28,0.41,1.1,9.9
木柵站,2025/07/16 12:00,50,細懸浮微粒,70.8,16,29,0.42,1,10.1
木柵站,2025/07/16 13:00,50,細懸浮微粒,35.8,11,20,0.29,1.1,8.2
木柵站,2025/07/16 14:00,49,細懸浮微粒,34.2,12,13,0.27,0.6,8.3
木柵站,2025/07/16 15:00,51,細懸浮微粒,26.3,16,15,0.23,0.7,14.1
木柵站,2025/07/16 16:00,49,細懸浮微粒,17.5,10,15,0.34,1.2,15.7
木柵站,2025/07/16 17:00,51,細懸浮微粒,14.8,14,14,0.31,1,11.8
木柵站,2025/07/16 18:00,51,細懸浮微粒,9.8,11,21,0.33,1,12.4
木柵站,2025/07/16 19:00,47,細懸浮微粒,7.1,8,26,0.3,0.9,9.6
木柵站,2025/07/16 20:00,46,細懸浮微粒,7.9,8,30,0.24,0.7,7.3
木柵站,2025/07/16 21:00,42,細懸浮微粒,7.2,8,28,0.26,1.1,8.1
木柵站,2025/07/16 22:00,44,懸浮微粒,6.6,12,34,0.25,0.8,8.3
木柵站,2025/07/16 23:00,46,懸浮微粒,6.5,10,35,0.24,0.6,7.1
木柵站,2025/07/17 00:00,45,懸浮微粒,9.7,10,27,0.25,0.8,5.4
木柵站,2025/07/17 01:00,45,懸浮微粒,6.8,10,26,0.29,1,6.3
木柵站,2025/07/17 02:00,47,懸浮微粒,6.6,10,36,0.28,1.1,4.7
木柵站,2025/07/17 03:00,48,懸浮微粒,4.8,7,34,0.23,1.2,5
木柵站,2025/07/17 04:00,51,懸浮微粒,4.3,9,34,0.33,1.2,5.6
木柵站,2025/07/17 05:00,52,懸浮微粒,3.9,10,32,0.33,1.3,6.2
木柵站,2025/07/17 06:00,53,懸浮微粒,5,13,35,0.41,1.3,6.3
木柵站,2025/07/17 07:00,55,懸浮微粒,7.7,16,46,0.48,1.5,8.4
木柵站,2025/07/17 08:00,56,懸浮微粒,15.6,11,34,0.42,1.8,10.7
木柵站,2025/07/17 09:00,55,懸浮微粒,31.3,16,26,0.36,1.7,8.3
木柵站,2025/07/17 10:00,52,懸浮微粒,33.1,12,22,0.28,1.8,5.1
木柵站,2025/07/17 11:00,50,細懸浮微粒,35,14,13,0.27,1.5,5.6
木柵站,2025/07/17 12:00,49,細懸浮微粒,37.1,9,21,0.27,1.7,5.5
木柵站,2025/07/17 13:00,47,細懸浮微粒,48.2,12,-,0.31,2.2,6.5
木柵站,2025/07/17 14:00,51,細懸浮微粒,59.4,17,-,0.39,2,10.6
木柵站,2025/07/17 15:00,50,細懸浮微粒,46.2,12,34,0.37,1.4,14.3
木柵站,2025/07/17 16:00,67,懸浮微粒,41.7,20,78,0.37,1.2,15.5
木柵站,2025/07/17 17:00,62,懸浮微粒,26,14,30,0.39,2.2,16.5
木柵站,2025/07/17 18:00,59,懸浮微粒,17,12,28,0.47,3,17.6
木柵站,2025/07/17 19:00,55,懸浮微粒,19.3,10,17,0.3,2.2,9.9
木柵站,2025/07/17 20:00,50,細懸浮微粒,19.3,11,13,0.26,1.3,7.6
木柵站,2025/07/17 21:00,49,細懸浮微粒,15.6,12,14,0.18,1.6,6.2
木柵站,2025/07/17 22:00,49,細懸浮微粒,13.7,12,26,0.2,1.3,8.2
木柵站,2025/07/17 23:00,51,細懸浮微粒,12.1,14,21,0.19,1.3,6.5
木柵站,2025/07/18 00:00,52,細懸浮微粒,9.5,14,18,0.25,2.1,6.1
木柵站,2025/07/18 01:00,52,細懸浮微粒,8.5,11,22,0.28,2.3,5.2
木柵站,2025/07/18 02:00,51,細懸浮微粒,11,12,25,0.25,2.4,4.7
木柵站,2025/07/18 03:00,52,細懸浮微粒,8.7,16,21,0.22,2.1,4.8
木柵站,2025/07/18 04:00,52,細懸浮微粒,7.2,14,26,0.23,2.4,6.7
木柵站,2025/07/18 05:00,51,細懸浮微粒,6.4,10,23,0.22,2.3,8.3
木柵站,2025/07/18 06:00,52,細懸浮微粒,12.7,15,22,0.27,2.7,6.1
木柵站,2025/07/18 07:00,51,細懸浮微粒,13.9,11,37,0.34,3,6.8
木柵站,2025/07/18 08:00,49,細懸浮微粒,13.3,11,14,0.21,2.7,3.4
木柵站,2025/07/18 09:00,48,細懸浮微粒,13.6,8,12,0.19,2.3,2.6
木柵站,2025/07/18 10:00,41,細懸浮微粒,12.8,4,12,0.18,2.7,2.3
木柵站,2025/07/18 11:00,35,細懸浮微粒,12.5,3,11,0.2,2.8,2.5
木柵站,2025/07/18 12:00,35,懸浮微粒,12.9,2,42,0.23,2.5,2.6
木柵站,2025/07/18 13:00,35,懸浮微粒,12.3,6,17,0.23,2.7,2.2
木柵站,2025/07/18 14:00,39,懸浮微粒,13.1,4,27,0.23,2.6,2.9
木柵站,2025/07/18 15:00,36,懸浮微粒,13,1,4,0.2,2.8,2.6
木柵站,2025/07/18 16:00,26,懸浮微粒,14.3,1,4,0.25,2.9,2.5
木柵站,2025/07/18 17:00,28,懸浮微粒,13.9,3,24,0.24,3.1,3.1
木柵站,2025/07/18 18:00,22,懸浮微粒,14,2,3,0.23,3.1,3.7
木柵站,2025/07/18 19:00,20,二氧化硫小時值,16.6,3,6,0.19,3.2,2.6
木柵站,2025/07/18 20:00,21,懸浮微粒,17.3,4,9,0.21,3.2,2.4
木柵站,2025/07/18 21:00,20,二氧化硫小時值,17.2,4,6,0.21,3.2,1.9
木柵站,2025/07/18 22:00,18,二氧化硫小時值,17.9,2,4,0.2,2.8,1.7
木柵站,2025/07/18 23:00,21,二氧化硫小時值,18.1,1,5,0.17,3.4,1.5
木柵站,2025/07/19 00:00,16,臭氧8小時,19.2,1,2,0.2,1.8,0.8
木柵站,2025/07/19 01:00,16,臭氧8小時,18.3,1,1,0.26,2,0.9
木柵站,2025/07/19 02:00,17,臭氧8小時,19,1,4,0.25,1.6,0.7
木柵站,2025/07/19 03:00,17,臭氧8小時,18.7,1,8,0.21,2.1,0.7
木柵站,2025/07/19 04:00,17,臭氧8小時,19.9,1,9,0.2,2.2,0.7
木柵站,2025/07/19 05:00,18,臭氧8小時,20.7,2,4,0.19,1.6,0.7
木柵站,2025/07/19 06:00,18,臭氧8小時,20,3,3,0.21,2.3,1.4
木柵站,2025/07/19 07:00,18,臭氧8小時,19.4,4,10,0.21,2,1.6
木柵站,2025/07/19 08:00,18,臭氧8小時,19.9,3,8,0.18,1.8,1.4
木柵站,2025/07/19 09:00,31,懸浮微粒,20.4,1,81,0.16,2.4,1.6
木柵站,2025/07/19 10:00,33,懸浮微粒,19.7,5,11,0.18,2.3,1.6
木柵站,2025/07/19 11:00,33,懸浮微粒,20.1,5,10,0.2,2.1,2.1
木柵站,2025/07/19 12:00,34,懸浮微粒,20,2,9,0.22,2,1.7
木柵站,2025/07/19 13:00,19,懸浮微粒,18.3,1,5,0.2,2.4,1.7
木柵站,2025/07/19 14:00,18,臭氧8小時,17,1,3,0.21,2.4,1.8
木柵站,2025/07/19 15:00,18,臭氧8小時,15.9,2,7,0.24,2.4,2.1
木柵站,2025/07/19 16:00,17,臭氧8小時,16.2,2,9,0.23,2.7,2.2
木柵站,2025/07/19 17:00,18,二氧化硫小時值,17.2,1,8,0.2,2.8,2.2
木柵站,2025/07/19 18:00,18,懸浮微粒,17.8,2,7,0.2,2.5,2.4
木柵站,2025/07/19 19:00,17,懸浮微粒,18.3,5,3,0.17,2.3,2.6
木柵站,2025/07/19 20:00,16,臭氧8小時,19.4,3,1,0.2,2.2,1.6
木柵站,2025/07/19 21:00,16,臭氧8小時,19.5,1,3,0.2,2.4,2.1
木柵站,2025/07/19 22:00,17,臭氧8小時,20.1,1,4,0.2,1.9,1.5
木柵站,2025/07/19 23:00,17,臭氧8小時,20.6,1,1,0.19,2.4,1
木柵站,2025/07/20 00:00,18,臭氧8小時,21.5,1,1,0.22,2.1,0.8
木柵站,2025/07/20 01:00,18,臭氧8小時,21.6,3,1,0.27,1.4,0.8
木柵站,2025/07/20 02:00,19,臭氧8小時,24,1,3,0.24,1.6,0.7
木柵站,2025/07/20 03:00,20,臭氧8小時,24,1,4,0.23,1.5,0.6
木柵站,2025/07/20 04:00,20,臭氧8小時,24.1,3,5,0.23,1.8,0.5
木柵站,2025/07/20 05:00,21,臭氧8小時,23.1,4,4,0.24,1.6,1.2
木柵站,2025/07/20 06:00,21,臭氧8小時,22.1,6,4,0.27,1.7,1.8
木柵站,2025/07/20 07:00,21,臭氧8小時,21.2,3,3,0.3,2,2.2
木柵站,2025/07/20 08:00,21,臭氧8小時,20.9,3,1,0.25,1.5,2.4
木柵站,2025/07/20 09:00,21,臭氧8小時,20.2,2,2,0.18,1.7,2.6
木柵站,2025/07/20 10:00,21,臭氧8小時,21.6,1,3,0.22,2.1,2.4
木柵站,2025/07/20 11:00,20,臭氧8小時,21.9,1,2,0.28,2.5,2.9
木柵站,2025/07/20 12:00,20,臭氧8小時,22,3,5,0.2,1.9,2.3
木柵站,2025/07/20 13:00,20,臭氧8小時,22,2,4,0.18,2.3,2.5
木柵站,2025/07/20 14:00,20,臭氧8小時,22.6,1,5,0.18,1.9,2.1
木柵站,2025/07/20 15:00,20,臭氧8小時,20.9,4,6,0.17,2.3,2.5
木柵站,2025/07/20 16:00,21,臭氧8小時,26.2,2,2,0.17,1.6,3.3
木柵站,2025/07/20 17:00,21,臭氧8小時,25.2,1,1,0.18,2.2,4.5
木柵站,2025/07/20 18:00,21,臭氧8小時,22.5,1,4,0.23,2.2,7.4
木柵站,2025/07/20 19:00,21,二氧化氮小時值,17.1,6,3,0.2,2,8.8
木柵站,2025/07/20 20:00,20,臭氧8小時,13.4,6,8,0.26,2.2,5.8
木柵站,2025/07/20 21:00,19,臭氧8小時,15.8,3,12,0.22,1.9,5.1
木柵站,2025/07/20 22:00,18,臭氧8小時,10.4,2,15,0.24,2.1,6.9
木柵站,2025/07/20 23:00,17,懸浮微粒,9.8,1,18,0.23,2.2,5
木柵站,2025/07/21 09:00,67,二氧化硫小時值,11.1,3,3,0.3,27.4,9.6
木柵站,2025/07/21 10:00,0,臭氧8小時,-,2,-,-,-,-
木柵站,2025/07/21 11:00,16,二氧化氮小時值,-,3,59,0.34,0.9,6.8
木柵站,2025/07/21 12:00,11,二氧化氮小時值,19.9,5,5,0.17,1.2,4.8
木柵站,2025/07/21 13:00,14,二氧化氮小時值,21.1,4,6,0.11,1.3,5.7
木柵站,2025/07/21 14:00,23,二氧化氮小時值,18.3,2,8,0.15,1.4,9.5
木柵站,2025/07/21 15:00,29,二氧化氮小時值,14.6,2,8,0.13,1.6,12
木柵站,2025/07/21 16:00,22,二氧化氮小時值,12.2,3,7,0.25,1.5,9.4
木柵站,2025/07/21 17:00,24,二氧化氮小時值,7,3,6,0.29,1.5,9.9
木柵站,2025/07/21 18:00,26,二氧化氮小時值,5,1,24,0.31,1.6,11.1
木柵站,2025/07/21 19:00,24,二氧化氮小時值,11.6,9,10,0.25,1.5,10
木柵站,2025/07/21 20:00,21,懸浮微粒,17.4,7,10,0.24,1.4,8.9
木柵站,2025/07/21 21:00,22,懸浮微粒,22,7,8,0.2,1.6,5.4
木柵站,2025/07/21 22:00,22,細懸浮微粒,22.4,4,4,0.18,1.7,4.8
木柵站,2025/07/21 23:00,19,細懸浮微粒,21.5,3,1,0.18,1.4,4.1
木柵站,2025/07/22 00:00,15,細懸浮微粒,19.5,1,1,0.22,0.7,2.3
木柵站,2025/07/22 01:00,16,臭氧8小時,22.1,1,1,0.25,0.7,1
木柵站,2025/07/22 02:00,18,臭氧8小時,19.2,3,1,0.21,0.7,1.2
木柵站,2025/07/22 03:00,19,臭氧8小時,15.8,4,1,0.19,1.1,1.1
木柵站,2025/07/22 04:00,19,臭氧8小時,19.5,1,1,0.16,0.8,1
木柵站,2025/07/22 05:00,18,臭氧8小時,17.6,1,1,0.18,1.1,1
木柵站,2025/07/22 06:00,17,臭氧8小時,13.7,2,1,0.2,1.2,2.3
木柵站,2025/07/22 07:00,16,臭氧8小時,12.6,5,1,0.23,1,2.9
木柵站,2025/07/22 08:00,15,臭氧8小時,11.7,4,8,0.24,1.2,4.1
木柵站,2025/07/22 09:00,14,臭氧8小時,12.5,1,5,0.25,0.9,4.7
木柵站,2025/07/22 10:00,14,臭氧8小時,13.2,3,7,0.29,1.2,3.8
木柵站,2025/07/22 11:00,13,臭氧8小時,13.7,3,7,0.29,1.7,3.3
木柵站,2025/07/22 12:00,13,臭氧8小時,13.5,1,5,0.24,1.3,3.3
木柵站,2025/07/22 13:00,12,臭氧8小時,13.5,1,5,0.22,1.8,3.4
木柵站,2025/07/22 14:00,17,二氧化硫小時值,12.5,2,6,0.26,2.7,3.4
木柵站,2025/07/22 15:00,12,臭氧8小時,11.7,2,6,0.23,1.6,2.7
木柵站,2025/07/22 16:00,16,二氧化硫小時值,12.5,1,5,0.27,2.6,3.4
木柵站,2025/07/22 17:00,18,二氧化硫小時值,13.3,2,11,0.29,2.9,3.1
木柵站,2025/07/22 18:00,13,二氧化硫小時值,11.3,5,3,0.35,2.1,4.6
木柵站,2025/07/22 19:00,14,二氧化硫小時值,9.1,5,1,0.25,2.2,5.1
木柵站,2025/07/22 20:00,14,細懸浮微粒,9.5,5,6,0.24,2.2,5
木柵站,2025/07/22 21:00,15,細懸浮微粒,8,3,8,0.22,2.1,4.3
木柵站,2025/07/22 22:00,12,細懸浮微粒,8.5,1,9,0.18,1.9,3.4
木柵站,2025/07/22 23:00,16,二氧化硫小時值,8.7,3,9,0.2,2.5,2.6
木柵站,2025/07/23 00:00,11,懸浮微粒,9.9,3,4,0.22,1.8,1.4
木柵站,2025/07/23 01:00,10,懸浮微粒,9.2,1,1,0.28,1.3,1.3
木柵站,2025/07/23 02:00,9,細懸浮微粒,9.5,1,1,0.23,1.5,1.4
木柵站,2025/07/23 03:00,11,二氧化硫小時值,8.1,1,1,0.22,1.8,1.2
木柵站,2025/07/23 04:00,11,二氧化硫小時值,7.3,1,3,0.25,1.8,1.5
木柵站,2025/07/23 05:00,11,二氧化硫小時值,8.4,5,5,0.24,1.7,2.2
木柵站,2025/07/23 06:00,11,細懸浮微粒,7.1,4,1,0.28,1.7,3.7
木柵站,2025/07/23 07:00,12,細懸浮微粒,6.6,4,1,0.35,1.6,3.7
木柵站,2025/07/23 08:00,14,細懸浮微粒,8.6,5,14,0.26,2.1,3.4
木柵站,2025/07/23 09:00,17,二氧化硫小時值,10.3,5,14,0.25,2.7,4.5
木柵站,2025/07/23 10:00,15,細懸浮微粒,11.5,4,13,0.28,1.7,3.7
木柵站,2025/07/23 11:00,16,懸浮微粒,12.3,2,11,0.26,1.4,2.9
木柵站,2025/07/23 12:00,16,懸浮微粒,11.4,3,12,0.19,1.3,3
木柵站,2025/07/23 13:00,16,懸浮微粒,11.5,-,-,-,-,-
木柵站,2025/07/23 14:00,16,懸浮微粒,12.3,-,-,0.24,2.2,2.6
木柵站,2025/07/23 15:00,22,懸浮微粒,12.4,3,21,0.22,1.7,3.1
木柵站,2025/07/23 16:00,21,懸浮微粒,12.1,1,9,0.24,2.2,3.3
木柵站,2025/07/23 17:00,22,懸浮微粒,10.9,2,17,0.26,2,4.9
木柵站,2025/07/23 18:00,22,懸浮微粒,8.2,4,11,0.26,1.9,6.4
木柵站,2025/07/23 19:00,21,懸浮微粒,8.7,5,12,0.21,2.9,5.8
木柵站,2025/07/23 20:00,23,懸浮微粒,7.7,4,15,0.25,2.9,5
木柵站,2025/07/23 21:00,24,懸浮微粒,9.3,2,21,0.24,2.9,3.4
木柵站,2025/07/23 22:00,24,懸浮微粒,9.8,2,12,0.21,2.5,3.9
木柵站,2025/07/23 23:00,24,懸浮微粒,11,3,12,0.18,2.4,3.3
木柵站,2025/07/24 00:00,24,懸浮微粒,10.3,3,13,0.26,0.6,2.3
木柵站,2025/07/24 01:00,23,懸浮微粒,9,1,15,0.31,0.5,2
木柵站,2025/07/24 02:00,25,懸浮微粒,5.8,1,21,0.28,0.3,3.2
木柵站,2025/07/24 03:00,28,懸浮微粒,5.4,5,24,0.25,0.6,3
木柵站,2025/07/24 04:00,30,懸浮微粒,4.9,10,18,0.24,0.6,2.7
木柵站,2025/07/24 05:00,33,懸浮微粒,3.6,5,28,0.25,0.3,3.7
木柵站,2025/07/24 06:00,35,懸浮微粒,4.9,6,26,0.34,0.5,3.7
木柵站,2025/07/24 07:00,37,懸浮微粒,5,4,27,0.37,0.8,5.3
木柵站,2025/07/24 08:00,35,懸浮微粒,7.6,2,12,0.27,0.7,5.5
木柵站,2025/07/24 09:00,31,懸浮微粒,9.6,3,11,0.27,0.9,6
木柵站,2025/07/24 10:00,28,懸浮微粒,10.6,7,12,0.26,1.2,5.9
木柵站,2025/07/24 11:00,26,懸浮微粒,11.9,6,14,0.29,1.1,5
木柵站,2025/07/24 12:00,28,懸浮微粒,12.3,7,22,0.26,0.9,3.5
木柵站,2025/07/24 13:00,31,懸浮微粒,13.3,9,21,0.29,0.9,3.3
木柵站,2025/07/24 14:00,32,懸浮微粒,12.3,9,20,0.26,0.6,3.8
木柵站,2025/07/24 15:00,33,懸浮微粒,11.5,6,18,0.28,0.8,3.8
木柵站,2025/07/24 16:00,29,懸浮微粒,11,3,7,0.19,0.7,7.2
木柵站,2025/07/24 17:00,29,懸浮微粒,6.2,5,24,0.3,0.8,10.7
木柵站,2025/07/24 18:00,29,懸浮微粒,6.5,10,20,0.24,1,8.2
木柵站,2025/07/24 19:00,27,懸浮微粒,8.6,9,15,0.2,0.8,6.5
木柵站,2025/07/24 20:00,29,懸浮微粒,8.8,6,14,0.25,1,6.2
木柵站,2025/07/24 21:00,28,細懸浮微粒,6.8,3,12,0.27,1,7.5
木柵站,2025/07/24 22:00,26,懸浮微粒,4.5,3,15,0.26,1,7.4
木柵站,2025/07/24 23:00,27,懸浮微粒,5.3,6,21,0.22,0.7,5.1
木柵站,2025/07/25 00:00,27,懸浮微粒,7,7,13,0.24,0.9,4.2
木柵站,2025/07/25 01:00,27,懸浮微粒,7.7,5,15,0.26,1.7,3.7
木柵站,2025/07/25 02:00,24,懸浮微粒,11.3,4,6,0.23,1.4,2.7
木柵站,2025/07/25 03:00,19,懸浮微粒,9.1,1,3,0.2,1.3,3.5
木柵站,2025/07/25 04:00,17,懸浮微粒,9.3,1,3,0.25,1.1,2.6
木柵站,2025/07/25 05:00,15,細懸浮微粒,7.5,4,9,0.25,1.2,4.3
木柵站,2025/07/25 06:00,14,懸浮微粒,7.2,2,8,0.28,1.5,5
木柵站,2025/07/25 07:00,14,懸浮微粒,8.2,2,4,0.31,1.5,5.6
木柵站,2025/07/25 08:00,13,懸浮微粒,11.9,3,3,0.21,1.5,3.2
木柵站,2025/07/25 09:00,12,細懸浮微粒,13.8,3,3,0.25,1.6,3.8
木柵站,2025/07/25 10:00,15,二氧化氮小時值,14.9,6,3,0.3,1.5,6.5
木柵站,2025/07/25 11:00,16,細懸浮微粒,16.7,6,9,0.31,1.3,6.7
木柵站,2025/07/25 12:00,24,二氧化氮小時值,14.1,6,17,0.26,1.6,10.2
木柵站,2025/07/25 13:00,17,細懸浮微粒,14.7,2,9,0.24,1.2,6.1
木柵站,2025/07/25 14:00,19,二氧化氮小時值,15.9,7,6,0.22,1.7,7.9
木柵站,2025/07/25 15:00,21,二氧化氮小時值,17.4,8,6,0.21,1.6,8.7
木柵站,2025/07/25 16:00,23,二氧化氮小時值,18.6,6,9,0.21,1.7,9.8
木柵站,2025/07/25 17:00,27,二氧化氮小時值,15.5,7,8,0.28,1.8,11.3
木柵站,2025/07/25 18:00,23,二氧化氮小時值,15.5,4,10,0.31,2.1,9.8
木柵站,2025/07/25 19:00,28,二氧化氮小時值,12,4,14,0.33,1.8,11.7
木柵站,2025/07/25 20:00,19,細懸浮微粒,13.6,3,14,0.2,2,6.6
木柵站,2025/07/25 21:00,21,二氧化氮小時值,11.1,8,10,0.2,1.9,9
木柵站,2025/07/25 22:00,23,二氧化氮小時值,9.3,4,3,0.21,1.8,9.5
木柵站,2025/07/25 23:00,18,細懸浮微粒,12.5,1,1,0.16,1.6,4.9
木柵站,2025/07/26 00:00,16,細懸浮微粒,15.3,1,1,0.23,1.2,3
木柵站,2025/07/26 01:00,13,細懸浮微粒,14.7,1,4,0.28,0.8,2.8
木柵站,2025/07/26 02:00,12,臭氧8小時,18.2,4,6,0.25,1.1,2.6
木柵站,2025/07/26 03:00,14,細懸浮微粒,16,6,6,0.23,1,2.9
木柵站,2025/07/26 04:00,15,細懸浮微粒,13.6,3,7,0.23,0.9,3.5
木柵站,2025/07/26 05:00,17,細懸浮微粒,7.9,6,9,0.29,0.9,6.7
木柵站,2025/07/26 06:00,16,細懸浮微粒,8.6,3,10,0.29,0.9,5.3
木柵站,2025/07/26 07:00,16,懸浮微粒,14,5,21,0.33,1,6.2
木柵站,2025/07/26 08:00,19,懸浮微粒,17.8,6,18,0.31,1.1,6.3
木柵站,2025/07/26 09:00,20,二氧化氮小時值,21.1,5,15,0.36,1.2,8.6
木柵站,2025/07/26 10:00,24,懸浮微粒,26.7,9,20,0.41,1.2,7.7
木柵站,2025/07/26 11:00,23,懸浮微粒,29.6,7,14,0.38,1.1,7.4
木柵站,2025/07/26 12:00,23,懸浮微粒,36.1,4,13,0.25,1.2,7.1
木柵站,2025/07/26 13:00,24,懸浮微粒,40.4,5,15,0.2,1.3,4.9
木柵站,2025/07/26 14:00,27,臭氧8小時,43.7,12,10,0.21,1.1,7.1
木柵站,2025/07/26 15:00,31,臭氧8小時,48.8,7,12,0.22,1.3,7.1
木柵站,2025/07/26 16:00,34,臭氧8小時,47.4,11,25,0.3,1.5,11.4
木柵站,2025/07/26 17:00,36,臭氧8小時,36.9,12,26,0.28,1.8,10.7
木柵站,2025/07/26 18:00,36,臭氧8小時,28.4,9,20,0.32,1.5,12.1
木柵站,2025/07/26 19:00,37,細懸浮微粒,11.4,9,19,0.3,1.2,10.5
木柵站,2025/07/26 20:00,35,細懸浮微粒,7.4,7,27,0.27,1.7,9.7
木柵站,2025/07/26 21:00,33,懸浮微粒,6.6,5,20,0.29,1.4,8.6
木柵站,2025/07/26 22:00,35,懸浮微粒,4.9,5,28,0.26,1.4,9.3
木柵站,2025/07/26 23:00,37,懸浮微粒,6.4,6,22,0.22,1.6,7.6
木柵站,2025/07/27 00:00,38,懸浮微粒,6.2,5,27,0.3,1.3,5.9
木柵站,2025/07/27 01:00,39,懸浮微粒,6.5,7,24,0.3,1,4.5
木柵站,2025/07/27 02:00,38,懸浮微粒,7.6,5,21,0.29,1.2,4.8
木柵站,2025/07/27 03:00,41,懸浮微粒,5.8,5,29,0.26,1,4
木柵站,2025/07/27 04:00,42,懸浮微粒,6.6,3,29,0.23,0.8,3.1
木柵站,2025/07/27 05:00,42,懸浮微粒,5.7,3,26,0.23,1.2,3.6
木柵站,2025/07/27 06:00,42,懸浮微粒,6,5,19,0.24,1.5,4.1
木柵站,2025/07/27 07:00,40,懸浮微粒,8.5,7,22,0.29,1.2,5.4
木柵站,2025/07/27 08:00,40,懸浮微粒,13.5,7,26,0.28,1.4,5.5
木柵站,2025/07/27 09:00,39,懸浮微粒,26.6,8,21,0.31,2.5,5.5
木柵站,2025/07/27 10:00,41,懸浮微粒,36.6,8,28,0.32,2.2,6.4
木柵站,2025/07/27 11:00,39,懸浮微粒,31.2,10,16,0.35,1.6,9.6
木柵站,2025/07/27 12:00,41,懸浮微粒,37.9,11,32,0.33,1.9,4.9
木柵站,2025/07/27 13:00,40,懸浮微粒,36.4,9,20,0.36,1.5,5
木柵站,2025/07/27 14:00,40,懸浮微粒,37.9,10,27,0.35,1.3,6.2
木柵站,2025/07/27 15:00,41,懸浮微粒,35.6,12,22,0.32,1.4,5.9
木柵站,2025/07/27 16:00,40,懸浮微粒,27.1,13,26,0.3,2,9.4
木柵站,2025/07/27 17:00,43,懸浮微粒,19.6,12,35,0.34,1.7,10
木柵站,2025/07/27 18:00,45,細懸浮微粒,15.7,13,30,0.33,1.4,9.5
木柵站,2025/07/27 19:00,50,細懸浮微粒,13.2,18,36,0.26,1.4,9.1
木柵站,2025/07/27 20:00,51,懸浮微粒,12.7,10,38,0.32,1.8,10.3
木柵站,2025/07/27 21:00,57,懸浮微粒,13.4,10,60,0.29,1.6,9.8
木柵站,2025/07/27 22:00,56,懸浮微粒,11.1,11,28,0.28,1.5,9.3
木柵站,2025/07/27 23:00,56,懸浮微粒,10.7,10,32,0.24,1.4,9
木柵站,2025/07/28 00:00,53,懸浮微粒,21.2,9,17,0.26,2.4,7
木柵站,2025/07/28 01:00,47,懸浮微粒,16.9,9,22,0.31,2.4,6.1
木柵站,2025/07/28 02:00,40,懸浮微粒,23.9,6,4,0.2,2.5,3.5
木柵站,2025/07/28 03:00,37,細懸浮微粒,19,7,18,0.17,2.6,4
木柵站,2025/07/28 04:00,35,懸浮微粒,20.9,5,12,0.19,2.7,3.9
木柵站,2025/07/28 05:00,30,懸浮微粒,18.1,2,10,0.21,2.5,6
木柵站,2025/07/28 06:00,33,懸浮微粒,10.6,1,19,0.25,2.7,10.6
木柵站,2025/07/28 07:00,31,懸浮微粒,14.3,1,17,0.25,2.6,9.2
木柵站,2025/07/28 08:00,28,懸浮微粒,22.6,3,7,0.28,3,6.6
木柵站,2025/07/28 09:00,25,懸浮微粒,27.7,4,10,0.34,3.1,8.4
木柵站,2025/07/28 10:00,24,懸浮微粒,35.9,6,18,0.38,3.3,8.5
木柵站,2025/07/28 11:00,23,懸浮微粒,44.7,7,19,0.42,3.1,7.7
木柵站,2025/07/28 12:00,26,臭氧8小時,48.4,9,13,0.33,2.6,9.3
木柵站,2025/07/28 13:00,29,細懸浮微粒,42.8,14,21,0.32,2.6,10.7
木柵站,2025/07/28 14:00,32,細懸浮微粒,41.2,11,23,0.33,3.1,11.7
木柵站,2025/07/28 15:00,35,臭氧8小時,38.8,7,18,0.33,3.4,11.6
木柵站,2025/07/28 16:00,36,臭氧8小時,33.8,10,24,0.29,3,14.9
木柵站,2025/07/28 17:00,36,臭氧8小時,26.9,7,22,0.32,3.1,14.5
木柵站,2025/07/28 18:00,45,二氧化氮小時值,20.3,8,27,0.4,2.9,18.8
木柵站,2025/07/28 19:00,50,二氧化氮小時值,13.1,12,28,0.41,3.4,20.8
木柵站,2025/07/28 20:00,37,懸浮微粒,26.8,8,19,0.21,3.6,10.2
木柵站,2025/07/28 21:00,36,懸浮微粒,20.4,3,16,0.16,3,10.8
木柵站,2025/07/28 22:00,33,懸浮微粒,16.4,2,13,0.17,3.2,12.7
木柵站,2025/07/28 23:00,29,懸浮微粒,17.8,3,13,0.13,3.7,9.2
木柵站,2025/07/29 00:00,28,懸浮微粒,13.4,6,13,0.28,2.2,9.9
木柵站,2025/07/29 01:00,28,懸浮微粒,16.1,6,16,0.28,1.5,6.9
木柵站,2025/07/29 02:00,32,懸浮微粒,13.1,5,31,0.26,1.5,7
木柵站,2025/07/29 03:00,34,懸浮微粒,11.6,6,22,0.23,1.8,7.5
木柵站,2025/07/29 04:00,34,懸浮微粒,17.8,3,15,0.2,1.8,5.5
木柵站,2025/07/29 05:00,32,懸浮微粒,18.2,1,11,0.24,1.9,9.2
木柵站,2025/07/29 06:00,26,懸浮微粒,20,7,9,0.2,2.1,9.1
木柵站,2025/07/29 07:00,23,二氧化氮小時值,20.8,4,5,0.2,2,9.6
木柵站,2025/07/29 08:00,28,二氧化氮小時值,17.8,2,1,0.25,2.4,11.8
木柵站,2025/07/29 09:00,29,二氧化氮小時值,18.7,3,1,0.31,2.2,12.3
木柵站,2025/07/29 10:00,28,二氧化氮小時值,23.1,3,5,0.37,2.4,11.9
木柵站,2025/07/29 11:00,19,臭氧8小時,29.8,5,8,0.31,1.9,6.3
木柵站,2025/07/29 12:00,22,臭氧8小時,38,7,16,0.19,2.4,4.9
木柵站,2025/07/29 13:00,24,臭氧8小時,42.7,7,8,0.22,2.4,4.8
木柵站,2025/07/29 14:00,28,臭氧8小時,50.5,10,16,0.24,2.5,6.5
木柵站,2025/07/29 15:00,31,臭氧8小時,48.3,6,15,0.22,1.9,6.9
木柵站,2025/07/29 16:00,34,臭氧8小時,43.1,5,17,0.22,2.2,6.7
木柵站,2025/07/29 17:00,37,臭氧8小時,45.4,7,24,0.23,2.2,7.3
木柵站,2025/07/29 18:00,39,臭氧8小時,42.9,11,16,0.25,2.6,7.9
木柵站,2025/07/29 19:00,40,臭氧8小時,36.7,12,29,0.27,1.7,8.7
木柵站,2025/07/29 20:00,39,臭氧8小時,26.8,9,30,0.34,2.2,7.5
木柵站,2025/07/29 21:00,39,細懸浮微粒,17.9,14,33,0.37,2.1,10.9
木柵站,2025/07/29 22:00,43,細懸浮微粒,13.4,15,34,0.38,2.1,10.9
木柵站,2025/07/29 23:00,47,懸浮微粒,10,9,37,0.4,2.1,11.1
木柵站,2025/07/30 00:00,49,懸浮微粒,12.2,9,32,0.3,2.2,9.7
木柵站,2025/07/30 01:00,49,懸浮微粒,14.8,7,30,0.26,2.1,5
木柵站,2025/07/30 02:00,48,懸浮微粒,11,13,26,0.22,2,5.3
木柵站,2025/07/30 03:00,48,懸浮微粒,8.2,10,30,0.2,2.3,6.2
木柵站,2025/07/30 04:00,47,懸浮微粒,7.1,7,25,0.23,2.3,5.9
木柵站,2025/07/30 05:00,46,懸浮微粒,6.1,5,26,0.24,2.7,6.7
木柵站,2025/07/30 06:00,46,懸浮微粒,7.8,11,23,0.25,2.7,6.2
木柵站,2025/07/30 07:00,44,懸浮微粒,12.1,8,22,0.29,2.5,6.2
木柵站,2025/07/30 08:00,43,懸浮微粒,22.4,6,21,0.31,2.7,5.4
木柵站,2025/07/30 09:00,43,懸浮微粒,33.3,6,27,0.36,3.1,7.1
木柵站,2025/07/30 10:00,38,懸浮微粒,41,6,11,0.35,3,6
木柵站,2025/07/30 11:00,35,懸浮微粒,41.9,7,12,0.34,2.4,5.8
木柵站,2025/07/30 12:00,31,懸浮微粒,42,4,12,0.23,2.8,5.4
木柵站,2025/07/30 13:00,28,懸浮微粒,40.7,1,16,0.25,2.9,6.1
木柵站,2025/07/30 14:00,32,臭氧8小時,42.9,3,27,-,-,-
木柵站,2025/07/30 15:00,36,臭氧8小時,43.4,4,23,0.34,2.8,5
木柵站,2025/07/30 16:00,38,臭氧8小時,42.3,5,14,0.29,1.4,6.8
木柵站,2025/07/30 17:00,39,臭氧8小時,38.4,8,21,0.26,0.1,7.1
木柵站,2025/07/30 18:00,37,臭氧8小時,25.3,8,17,0.25,0.1,6.7
木柵站,2025/07/30 19:00,34,臭氧8小時,18.2,12,31,0.25,0.1,9.6
木柵站,2025/07/30 20:00,35,懸浮微粒,15.9,14,20,0.38,0.1,9.7
木柵站,2025/07/30 21:00,35,細懸浮微粒,11.1,9,23,0.4,0.1,11.5
木柵站,2025/07/30 22:00,38,懸浮微粒,10.9,8,29,0.34,0.1,10.9
木柵站,2025/07/30 23:00,39,懸浮微粒,8.5,12,29,0.38,0.1,10.2
木柵站,2025/07/31 00:00,42,懸浮微粒,7.7,9,29,0.39,0.2,8.7
木柵站,2025/07/31 01:00,44,懸浮微粒,6.4,6,27,0.43,0.3,7.4
木柵站,2025/07/31 02:00,43,懸浮微粒,9.3,9,27,0.35,0.2,6.6
木柵站,2025/07/31 03:00,46,懸浮微粒,7.2,11,37,0.31,0.2,5.6
木柵站,2025/07/31 04:00,48,懸浮微粒,5.8,9,32,0.3,0.2,6.8
木柵站,2025/07/31 05:00,49,懸浮微粒,5.4,11,30,0.34,0.3,5.7
木柵站,2025/07/31 06:00,48,懸浮微粒,6.7,8,21,0.35,0.3,7.8
木柵站,2025/07/31 07:00,43,懸浮微粒,8.2,9,18,0.43,0.3,8.6
木柵站,2025/07/31 08:00,43,懸浮微粒,11.1,12,26,0.44,0.51,10.5
木柵站,2025/07/31 09:00,43,懸浮微粒,18,8,30,0.42,0.51,12
木柵站,2025/07/31 10:00,43,懸浮微粒,28.6,10,24,0.47,0.84,13
木柵站,2025/07/31 11:00,44,懸浮微粒,53.2,7,23,0.48,0.54,12.2
木柵站,2025/07/31 12:00,44,懸浮微粒,72.4,13,26,0.34,0.33,10.6
木柵站,2025/07/31 13:00,42,懸浮微粒,72.5,11,22,0.31,0.44,12.5
木柵站,2025/07/31 14:00,40,懸浮微粒,39.2,8,19,0.24,0.41,7.5
木柵站,2025/07/31 15:00,39,臭氧8小時,39.9,6,16,0.2,0.52,6.8
木柵站,2025/07/31 16:00,42,臭氧8小時,35.6,7,15,0.28,0.52,3.8
木柵站,2025/07/31 17:00,43,臭氧8小時,31,6,15,0.34,0.57,11.9
木柵站,2025/07/31 18:00,42,臭氧8小時,16.1,8,21,0.36,0.44,12.2
木柵站,2025/07/31 19:00,38,臭氧8小時,17.9,10,27,0.27,0.6,7.3
木柵站,2025/07/31 20:00,36,懸浮微粒,18.5,9,22,0.33,0.54,7.5
木柵站,2025/07/31 21:00,38,懸浮微粒,14.8,10,27,0.33,0.51,9.4
木柵站,2025/07/31 22:00,40,懸浮微粒,20.6,9,28,0.26,0.46,6.2
木柵站,2025/07/31 23:00,39,懸浮微粒,14,9,23,0.31,0.44,8.9
木柵站,2025/08/01 00:00,41,懸浮微粒,14,6,30,0.29,0.24,5.8
木柵站,2025/08/01 01:00,40,懸浮微粒,11.8,9,21,0.35,0.29,4.8
木柵站,2025/08/01 02:00,40,懸浮微粒,12.8,13,26,0.3,0.22,4.9
木柵站,2025/08/01 03:00,42,懸浮微粒,10.4,11,29,0.27,0.21,5.3
木柵站,2025/08/01 04:00,42,懸浮微粒,9.7,10,28,0.32,0.2,3.8
木柵站,2025/08/01 05:00,43,懸浮微粒,8.3,8,23,0.34,0.53,5.6
木柵站,2025/08/01 06:00,44,懸浮微粒,8.5,13,29,0.38,0.41,6.6
木柵站,2025/08/01 07:00,43,懸浮微粒,14,10,24,0.44,0.36,8.3
木柵站,2025/08/01 08:00,43,懸浮微粒,24.7,10,26,0.4,0.68,9.8
木柵站,2025/08/01 09:00,43,細懸浮微粒,33.6,12,20,0.39,0.49,11.8
木柵站,2025/08/01 10:00,41,懸浮微粒,41.8,9,25,0.41,0.51,12.3
木柵站,2025/08/01 11:00,42,懸浮微粒,51.2,10,29,0.38,1.08,12.7
木柵站,2025/08/01 12:00,40,懸浮微粒,59.7,8,20,0.26,0.7,7.4
木柵站,2025/08/01 13:00,41,懸浮微粒,46.8,9,21,0.27,0.76,9.1
木柵站,2025/08/01 14:00,38,懸浮微粒,35.7,7,16,0.23,0.37,7.7
木柵站,2025/08/01 15:00,37,臭氧8小時,30.1,9,19,0.23,0.43,11.2
木柵站,2025/08/01 16:00,39,臭氧8小時,35.7,9,14,0.33,0.26,13.7
木柵站,2025/08/01 17:00,39,臭氧8小時,34.1,12,27,0.33,0.4,14.8
木柵站,2025/08/01 18:00,39,細懸浮微粒,25.4,9,20,0.33,0.57,14.3
木柵站,2025/08/01 19:00,39,細懸浮微粒,15.6,10,27,0.36,0.37,16
木柵站,2025/08/01 20:00,41,細懸浮微粒,12.4,12,31,0.32,0.43,10.1
木柵站,2025/08/01 21:00,40,細懸浮微粒,11.8,11,25,0.29,0.65,9.6
木柵站,2025/08/01 22:00,43,細懸浮微粒,9.2,12,17,0.29,0.58,9.5
木柵站,2025/08/01 23:00,41,細懸浮微粒,7.9,8,32,0.26,0.5,7
木柵站,2025/08/02 00:00,40,細懸浮微粒,7.3,10,28,0.34,0.28,6.7
木柵站,2025/08/02 01:00,41,懸浮微粒,7.1,7,26,0.37,0.12,6.5
木柵站,2025/08/02 02:00,46,懸浮微粒,7.6,11,35,0.35,0.11,5.4
木柵站,2025/08/02 03:00,43,懸浮微粒,5.3,7,19,0.31,0.12,6.2
木柵站,2025/08/02 04:00,43,懸浮微粒,5.9,7,24,0.31,0.1,5.6
木柵站,2025/08/02 05:00,42,懸浮微粒,4.7,11,22,0.36,0.13,6.3
木柵站,2025/08/02 06:00,41,懸浮微粒,5.6,6,28,0.4,0.1,4.4
木柵站,2025/08/02 07:00,43,懸浮微粒,8.7,5,26,0.45,0.11,4.5
木柵站,2025/08/02 08:00,42,懸浮微粒,19.8,8,24,0.46,0.18,8
木柵站,2025/08/02 09:00,42,懸浮微粒,36,8,23,0.43,0.13,7.5
木柵站,2025/08/02 10:00,41,懸浮微粒,44.6,6,21,0.43,0.17,8.3
木柵站,2025/08/02 11:00,39,懸浮微粒,59.9,8,22,0.46,0.16,8.3
木柵站,2025/08/02 12:00,38,懸浮微粒,69.6,8,21,0.45,0.13,8.4
木柵站,2025/08/02 13:00,36,懸浮微粒,38.8,10,14,0.36,0.12,9.1
木柵站,2025/08/02 14:00,35,臭氧8小時,25.6,9,13,0.21,0.13,5.8
木柵站,2025/08/02 15:00,37,臭氧8小時,25.2,2,13,0.23,0.14,5.8
木柵站,2025/08/02 16:00,37,臭氧8小時,23.1,3,13,0.33,0.16,8.3
木柵站,2025/08/02 17:00,36,臭氧8小時,21.3,4,10,0.35,0.13,6.9
木柵站,2025/08/02 18:00,32,臭氧8小時,12.6,2,18,0.28,0.13,7.3
木柵站,2025/08/02 19:00,27,懸浮微粒,12.8,4,20,0.27,0.18,5.6
木柵站,2025/08/02 20:00,30,懸浮微粒,9.6,6,26,0.3,0.22,7.9
木柵站,2025/08/02 21:00,35,懸浮微粒,8.6,4,31,0.28,0.15,6.4
木柵站,2025/08/02 22:00,38,懸浮微粒,7.4,7,30,0.28,0.16,6.6
木柵站,2025/08/02 23:00,42,懸浮微粒,5.5,5,34,0.29,0.18,7.3
木柵站,2025/08/03 00:00,41,懸浮微粒,5.1,2,20,0.29,0.17,6.3
木柵站,2025/08/03 01:00,42,懸浮微粒,5,5,32,0.34,0.17,6.4
木柵站,2025/08/03 02:00,44,懸浮微粒,6.6,5,33,0.31,0.15,5
木柵站,2025/08/03 03:00,45,懸浮微粒,6,6,32,0.26,0.17,4.5
木柵站,2025/08/03 04:00,49,懸浮微粒,5.3,4,32,0.3,0.18,4.1
木柵站,2025/08/03 05:00,49,懸浮微粒,5.8,7,28,0.29,0.22,4.3
木柵站,2025/08/03 06:00,47,懸浮微粒,6.7,10,22,0.33,0.18,3.9
木柵站,2025/08/03 07:00,45,懸浮微粒,9,10,22,0.37,0.22,4.8
木柵站,2025/08/03 08:00,43,懸浮微粒,13.4,8,23,0.37,0.15,6.5
木柵站,2025/08/03 09:00,42,懸浮微粒,21.9,10,23,0.4,0.38,6.5
木柵站,2025/08/03 10:00,40,懸浮微粒,26.2,9,18,0.34,0.26,4.2
木柵站,2025/08/03 11:00,36,懸浮微粒,24.9,6,12,0.31,0.18,4.2
木柵站,2025/08/03 12:00,34,懸浮微粒,27.4,2,13,0.26,0.28,3.3
木柵站,2025/08/03 13:00,31,懸浮微粒,25.9,1,16,0.25,0.18,2.1
木柵站,2025/08/03 14:00,27,懸浮微粒,26.9,1,6,0.23,0.15,1.8
木柵站,2025/08/03 15:00,24,懸浮微粒,25,1,7,0.23,0.27,1.9
木柵站,2025/08/03 16:00,24,臭氧8小時,26.1,3,10,0.27,0.21,2.2
木柵站,2025/08/03 17:00,23,臭氧8小時,20.3,7,9,0.25,0.17,4.2
木柵站,2025/08/03 18:00,23,臭氧8小時,18.3,4,9,0.25,0.24,5.2
木柵站,2025/08/03 19:00,22,臭氧8小時,16.3,2,17,0.24,0.44,6.2
木柵站,2025/08/03 20:00,23,懸浮微粒,11,5,21,0.3,0.26,7.3
木柵站,2025/08/03 21:00,25,懸浮微粒,9.7,5,19,0.26,0.17,5.6
木柵站,2025/08/03 22:00,30,懸浮微粒,11.1,5,30,0.22,0.26,4.1
木柵站,2025/08/03 23:00,33,懸浮微粒,9.9,5,26,0.24,0.44,4.7
木柵站,2025/08/04 00:00,33,懸浮微粒,7.1,8,19,0.34,0.42,5.6
木柵站,2025/08/04 01:00,36,懸浮微粒,5.8,6,30,0.4,0.28,4.9
木柵站,2025/08/04 02:00,37,懸浮微粒,5.8,8,26,0.41,0.2,5.9
木柵站,2025/08/04 03:00,40,懸浮微粒,4.6,10,33,0.4,0.29,6
木柵站,2025/08/04 04:00,44,懸浮微粒,4.2,14,33,0.32,0.34,6.8
木柵站,2025/08/04 05:00,46,懸浮微粒,4.2,9,32,0.34,0.36,6.3
木柵站,2025/08/04 06:00,48,懸浮微粒,5.3,9,26,0.33,0.42,6.4
木柵站,2025/08/04 07:00,46,懸浮微粒,5.5,11,24,0.4,0.36,6.6
木柵站,2025/08/04 08:00,45,懸浮微粒,12,8,25,0.31,0.42,7
木柵站,2025/08/04 09:00,42,懸浮微粒,21.6,6,20,0.41,0.44,10
木柵站,2025/08/04 10:00,40,懸浮微粒,38.1,11,18,0.46,0.84,11.2
木柵站,2025/08/04 11:00,37,懸浮微粒,48.7,11,15,0.41,0.39,7.1
木柵站,2025/08/04 12:00,35,細懸浮微粒,39.6,6,16,0.27,0.3,5.6
木柵站,2025/08/04 13:00,34,細懸浮微粒,32,4,16,0.25,0.36,7.7
木柵站,2025/08/04 14:00,34,二氧化氮小時值,29.6,3,13,0.24,0.39,14.3
木柵站,2025/08/04 15:00,33,懸浮微粒,23.2,7,24,0.23,0.49,12.6
木柵站,2025/08/04 16:00,34,懸浮微粒,15.6,13,24,0.4,0.64,13
木柵站,2025/08/04 17:00,35,細懸浮微粒,11.9,12,23,0.39,0.65,10
木柵站,2025/08/04 18:00,36,懸浮微粒,7.2,7,23,0.35,0.49,8.7
木柵站,2025/08/04 19:00,35,細懸浮微粒,8.1,6,18,0.35,0.22,9.5
木柵站,2025/08/04 20:00,36,懸浮微粒,7,8,28,0.35,0.4,10
木柵站,2025/08/04 21:00,37,懸浮微粒,5,7,26,0.36,0.55,9
木柵站,2025/08/04 22:00,38,懸浮微粒,5.2,8,27,0.34,0.56,6.3
木柵站,2025/08/04 23:00,41,懸浮微粒,4.4,7,29,0.31,0.85,6.6
木柵站,2025/08/05 00:00,41,懸浮微粒,4.1,10,25,0.29,0.61,6.1
木柵站,2025/08/05 01:00,42,懸浮微粒,4.3,7,27,0.31,0.31,5.6
木柵站,2025/08/05 02:00,45,懸浮微粒,7.1,6,31,0.29,0.32,4
木柵站,2025/08/05 03:00,44,懸浮微粒,4.1,8,27,0.3,0.33,5.5
木柵站,2025/08/05 04:00,45,懸浮微粒,4.2,9,26,0.31,0.28,4.7
木柵站,2025/08/05 05:00,45,懸浮微粒,3.6,9,29,0.3,0.42,5.7
木柵站,2025/08/05 06:00,43,懸浮微粒,4.5,7,21,0.34,0.67,5.9
木柵站,2025/08/05 07:00,45,懸浮微粒,7.9,3,31,0.37,0.44,5.6
木柵站,2025/08/05 08:00,44,懸浮微粒,17.5,10,22,0.37,1.12,6.7
木柵站,2025/08/05 09:00,41,懸浮微粒,27.1,12,18,0.4,1.24,9.6
木柵站,2025/08/05 10:00,39,懸浮微粒,32.2,10,15,0.38,0.72,9.6
木柵站,2025/08/05 11:00,38,細懸浮微粒,38.7,10,28,0.38,0.57,11.5
木柵站,2025/08/05 12:00,39,細懸浮微粒,31.4,11,15,0.31,0.38,7
木柵站,2025/08/05 13:00,36,細懸浮微粒,28.2,6,13,0.16,0.54,7.3
木柵站,2025/08/05 14:00,36,二氧化氮小時值,18.7,4,6,0.18,0.59,15.2
木柵站,2025/08/05 15:00,32,二氧化氮小時值,13.9,3,7,0.18,0.58,13.5
木柵站,2025/08/05 16:00,30,二氧化氮小時值,13.7,4,13,0.32,0.65,12.4
木柵站,2025/08/05 17:00,26,二氧化氮小時值,12.5,4,10,0.35,0.49,11
木柵站,2025/08/05 18:00,27,二氧化氮小時值,9.4,2,10,0.35,0.49,11.3
木柵站,2025/08/05 19:00,23,懸浮微粒,9.3,6,20,0.32,0.61,8.8
木柵站,2025/08/05 20:00,25,懸浮微粒,7.4,5,21,0.32,0.7,9.4
木柵站,2025/08/05 21:00,29,懸浮微粒,4.4,8,27,0.35,0.66,10.8
木柵站,2025/08/05 22:00,33,懸浮微粒,5.4,10,24,0.34,0.43,9.7
木柵站,2025/08/05 23:00,33,懸浮微粒,4.5,8,25,0.34,0.56,8.4
木柵站,2025/08/06 00:00,37,懸浮微粒,5.4,5,32,0.25,0.1,6.1
木柵站,2025/08/06 01:00,38,懸浮微粒,4.2,5,28,0.28,0.1,6.4
木柵站,2025/08/06 02:00,42,懸浮微粒,6.2,6,33,0.24,0.1,4.8
木柵站,2025/08/06 03:00,46,懸浮微粒,4.4,5,35,0.21,0.1,5.3
木柵站,2025/08/06 04:00,47,懸浮微粒,4.3,4,32,0.24,0.13,5.2
木柵站,2025/08/06 05:00,48,懸浮微粒,4,5,25,0.27,0.1,4.9
木柵站,2025/08/06 06:00,47,懸浮微粒,4.6,11,26,0.28,0.11,5.1
木柵站,2025/08/06 07:00,43,懸浮微粒,6.5,8,16,0.36,0.13,6.2
木柵站,2025/08/06 08:00,44,懸浮微粒,15.2,8,32,0.35,0.1,6.7
木柵站,2025/08/06 09:00,47,懸浮微粒,36.2,10,38,0.38,0.27,7
木柵站,2025/08/06 10:00,46,懸浮微粒,37.9,13,22,0.38,0.14,5.3
木柵站,2025/08/06 11:00,48,懸浮微粒,37.9,11,23,0.35,0.18,5.4
木柵站,2025/08/06 12:00,46,懸浮微粒,44.1,11,25,0.35,0.13,6.9
木柵站,2025/08/06 13:00,47,懸浮微粒,39.8,16,39,0.33,0.16,6.2
木柵站,2025/08/06 14:00,48,懸浮微粒,41.7,11,31,0.34,0.19,7.6
木柵站,2025/08/06 15:00,50,懸浮微粒,32.2,17,34,0.35,0.15,10.7
木柵站,2025/08/06 16:00,53,細懸浮微粒,25.6,17,33,0.38,1.03,11.7
木柵站,2025/08/06 17:00,55,細懸浮微粒,19.4,19,37,0.39,1.51,13.8
木柵站,2025/08/06 18:00,58,細懸浮微粒,12.6,16,36,0.4,0.86,12.2
木柵站,2025/08/06 19:00,58,細懸浮微粒,11.5,15,39,0.36,0.8,11.4
木柵站,2025/08/06 20:00,59,細懸浮微粒,11.8,17,47,0.26,0.95,7.9
木柵站,2025/08/06 21:00,58,懸浮微粒,8.4,11,39,0.29,1.29,7.7
木柵站,2025/08/06 22:00,57,懸浮微粒,6.4,12,30,0.3,1.13,7.5
木柵站,2025/08/06 23:00,58,懸浮微粒,5.9,11,37,0.26,0.84,6.3
木柵站,2025/08/07 00:00,55,懸浮微粒,7.3,11,28,0.32,1.23,5
木柵站,2025/08/07 01:00,54,懸浮微粒,7.2,9,32,0.36,1.1,4.5
木柵站,2025/08/07 02:00,54,懸浮微粒,7.6,8,33,0.32,1.15,4.3
木柵站,2025/08/07 03:00,53,懸浮微粒,5.4,9,31,0.32,1.22,4.9
木柵站,2025/08/07 04:00,54,懸浮微粒,4.6,12,32,0.31,1.46,4.9
木柵站,2025/08/07 05:00,55,懸浮微粒,3.9,16,39,0.33,1.21,5.8
木柵站,2025/08/07 06:00,54,懸浮微粒,5.2,12,30,0.35,1.55,6.1
木柵站,2025/08/07 07:00,55,懸浮微粒,8.1,14,36,0.4,1.89,5.2
木柵站,2025/08/07 08:00,54,懸浮微粒,15.8,17,33,0.4,1.88,9.2
木柵站,2025/08/07 09:00,54,懸浮微粒,29.3,16,36,0.43,1.88,11.8
木柵站,2025/08/07 10:00,56,細懸浮微粒,51.7,19,-,0.41,1.5,9.7
木柵站,2025/08/07 11:00,58,細懸浮微粒,60.3,17,33,0.41,1.5,7.8
木柵站,2025/08/07 12:00,58,細懸浮微粒,75.7,16,38,0.28,1.63,8
木柵站,2025/08/07 13:00,58,細懸浮微粒,89.1,13,40,0.34,1.67,10.4
木柵站,2025/08/07 14:00,60,細懸浮微粒,80.1,22,42,0.35,1.96,12.8
木柵站,2025/08/07 15:00,64,臭氧8小時,65.9,21,51,0.3,4.59,17.6
木柵站,2025/08/07 16:00,82,臭氧8小時,62.7,20,40,0.3,2.83,15.3
木柵站,2025/08/07 17:00,92,臭氧8小時,54.1,16,41,0.31,2.17,18.1
木柵站,2025/08/07 18:00,88,臭氧8小時,41.8,23,41,0.32,2.08,18.2
木柵站,2025/08/07 19:00,72,臭氧8小時,18.9,15,29,0.27,1.7,10.4
木柵站,2025/08/07 20:00,63,細懸浮微粒,14.7,12,29,0.28,1.32,7.8
木柵站,2025/08/07 21:00,63,細懸浮微粒,16.6,16,36,0.28,1.57,7.6
木柵站,2025/08/07 22:00,60,細懸浮微粒,12.4,15,38,0.27,1.33,8.6
木柵站,2025/08/07 23:00,60,細懸浮微粒,11.1,16,36,0.24,1.86,6.8
木柵站,2025/08/08 00:00,59,細懸浮微粒,11.8,12,40,0.27,1.11,4.5
木柵站,2025/08/08 01:00,60,細懸浮微粒,11.4,16,28,0.33,0.84,4.2
木柵站,2025/08/08 02:00,57,細懸浮微粒,11.5,12,29,0.29,0.75,4.5
木柵站,2025/08/08 03:00,57,細懸浮微粒,8.5,16,37,0.27,0.66,4.7
木柵站,2025/08/08 04:00,55,細懸浮微粒,7.8,11,32,0.28,0.78,4.3
木柵站,2025/08/08 05:00,55,細懸浮微粒,8,16,30,0.29,0.71,3.6
木柵站,2025/08/08 06:00,54,細懸浮微粒,7.7,12,30,0.34,0.9,7
木柵站,2025/08/08 07:00,54,細懸浮微粒,14.7,16,33,0.37,0.93,5.4
木柵站,2025/08/08 08:00,58,細懸浮微粒,23.3,19,35,0.39,0.89,5.5
木柵站,2025/08/08 09:00,56,細懸浮微粒,32.4,11,39,0.44,1.43,7.8
木柵站,2025/08/08 10:00,60,細懸浮微粒,49,22,32,0.48,1.21,10.9
木柵站,2025/08/08 11:00,62,細懸浮微粒,67.9,20,32,0.48,1.4,9.1
木柵站,2025/08/08 12:00,68,細懸浮微粒,80.3,30,43,0.3,1.92,11.4
木柵站,2025/08/08 13:00,74,細懸浮微粒,88.9,25,54,0.35,2.64,10.7
木柵站,2025/08/08 14:00,77,細懸浮微粒,74.5,26,48,0.31,2.29,10.9
木柵站,2025/08/08 15:00,80,細懸浮微粒,61.6,26,43,0.28,2.33,15.1
木柵站,2025/08/08 16:00,77,細懸浮微粒,47.1,20,40,0.28,1.85,17
木柵站,2025/08/08 17:00,82,臭氧8小時,45.1,22,44,0.29,2.02,14.2
木柵站,2025/08/08 18:00,78,細懸浮微粒,37.8,25,33,0.28,1.62,11.8
木柵站,2025/08/08 19:00,79,細懸浮微粒,30.1,25,43,0.23,1.46,11.1
木柵站,2025/08/08 20:00,79,細懸浮微粒,24.1,20,47,0.3,1.66,11.9
木柵站,2025/08/08 21:00,80,細懸浮微粒,18.1,22,36,0.31,1.61,11.2
木柵站,2025/08/08 22:00,77,細懸浮微粒,12.9,18,38,0.25,1.2,9.5
木柵站,2025/08/08 23:00,75,細懸浮微粒,15.8,19,40,0.27,1.35,9.6
木柵站,2025/08/09 00:00,77,細懸浮微粒,12.4,27,30,0.38,1.66,7.7
木柵站,2025/08/09 01:00,76,細懸浮微粒,11.8,19,34,0.39,1.45,6.5
木柵站,2025/08/09 02:00,75,細懸浮微粒,12.9,19,40,0.35,1.34,5.7
木柵站,2025/08/09 03:00,74,細懸浮微粒,10.9,18,38,0.31,1.29,5.3
木柵站,2025/08/09 04:00,72,細懸浮微粒,10.9,21,43,0.3,1.23,4.5
木柵站,2025/08/09 05:00,73,細懸浮微粒,9.2,23,34,0.3,1.14,6.8
木柵站,2025/08/09 06:00,74,細懸浮微粒,10.5,22,40,0.31,1.06,6.7
木柵站,2025/08/09 07:00,75,細懸浮微粒,16.4,21,37,0.33,1.38,7
木柵站,2025/08/09 08:00,73,細懸浮微粒,26.2,18,35,0.33,1.62,8.2
木柵站,2025/08/09 09:00,70,細懸浮微粒,35.5,16,19,0.37,1.91,10.6
木柵站,2025/08/09 10:00,69,細懸浮微粒,51.9,19,35,0.36,1.97,7.7
木柵站,2025/08/09 11:00,68,細懸浮微粒,67,17,31,0.4,1.81,6.7
木柵站,2025/08/09 12:00,68,細懸浮微粒,85,20,41,0.36,1.85,10
木柵站,2025/08/09 13:00,71,細懸浮微粒,83.4,25,45,0.35,2.75,11.1
木柵站,2025/08/09 14:00,74,細懸浮微粒,74.9,25,46,0.33,2.78,11.5
木柵站,2025/08/09 15:00,71,細懸浮微粒,55.3,11,38,0.27,2.76,11.7
木柵站,2025/08/09 16:00,76,臭氧8小時,44.3,11,28,0.36,2.39,12.3
木柵站,2025/08/09 17:00,77,臭氧8小時,38.6,17,32,0.34,3.51,13
木柵站,2025/08/09 18:00,70,臭氧8小時,35.7,15,35,0.38,2.42,12.5
木柵站,2025/08/09 19:00,60,細懸浮微粒,23.7,16,26,0.36,2.09,13.1
木柵站,2025/08/09 20:00,58,細懸浮微粒,17.4,8,18,0.32,1.71,9.5
木柵站,2025/08/09 21:00,56,細懸浮微粒,11.7,13,32,0.26,1.67,8.9
木柵站,2025/08/09 22:00,55,細懸浮微粒,10.2,12,30,0.25,1.42,7.1
木柵站,2025/08/09 23:00,51,細懸浮微粒,11.4,9,25,0.24,1.93,7.1
木柵站,2025/08/10 00:00,52,細懸浮微粒,8.5,13,24,0.32,1.78,7.3
木柵站,2025/08/10 01:00,51,細懸浮微粒,8.6,14,29,0.33,1.29,5.2
木柵站,2025/08/10 02:00,46,懸浮微粒,9.6,7,29,0.32,1.57,5.8
木柵站,2025/08/10 03:00,45,細懸浮微粒,6.3,7,16,0.32,1.37,6.1
木柵站,2025/08/10 04:00,44,細懸浮微粒,5.8,11,27,0.32,1.46,4.9
木柵站,2025/08/10 05:00,42,懸浮微粒,5.8,9,23,0.31,1.56,5.4
木柵站,2025/08/10 06:00,41,懸浮微粒,5.9,6,28,0.34,1.5,4.1
木柵站,2025/08/10 07:00,42,懸浮微粒,10.8,4,22,0.37,1.72,3.5
木柵站,2025/08/10 08:00,40,懸浮微粒,19.1,8,19,0.35,1.89,4.2
木柵站,2025/08/10 09:00,37,懸浮微粒,24.3,12,13,0.33,1.89,4.3
木柵站,2025/08/10 10:00,33,懸浮微粒,29.5,6,16,0.33,1.86,3.7
木柵站,2025/08/10 11:00,33,懸浮微粒,33.2,3,22,0.33,1.83,3.4
木柵站,2025/08/10 12:00,34,懸浮微粒,38.4,8,22,0.32,2.52,7.7
木柵站,2025/08/10 13:00,36,懸浮微粒,36.9,12,26,0.37,3.13,14.4
木柵站,2025/08/10 14:00,39,懸浮微粒,33.1,13,31,0.31,2.63,14.4
木柵站,2025/08/10 15:00,45,懸浮微粒,25.9,17,40,0.35,3.69,16.9
木柵站,2025/08/10 16:00,46,細懸浮微粒,24.6,12,26,0.27,3.46,12
木柵站,2025/08/10 17:00,46,細懸浮微粒,22,12,23,0.18,2.63,8.6
木柵站,2025/08/10 18:00,51,細懸浮微粒,12.8,18,21,0.23,2.09,8.8
木柵站,2025/08/10 19:00,49,細懸浮微粒,12.1,11,27,0.17,1.75,5.9
木柵站,2025/08/10 20:00,48,細懸浮微粒,11.9,10,21,0.29,1.79,6.2
木柵站,2025/08/10 21:00,45,細懸浮微粒,10.9,7,29,0.28,1.99,6.3
木柵站,2025/08/10 22:00,42,懸浮微粒,10.5,5,21,0.26,1.88,4.7
木柵站,2025/08/10 23:00,41,懸浮微粒,9.7,8,21,0.25,2.41,4.8
木柵站,2025/08/11 00:00,41,懸浮微粒,7,6,23,0.3,1.72,5.9
木柵站,2025/08/11 01:00,40,懸浮微粒,7.6,4,24,0.3,1.4,3.5
木柵站,2025/08/11 02:00,39,懸浮微粒,9.5,5,21,0.28,1.3,3.6
木柵站,2025/08/11 03:00,39,懸浮微粒,6,8,26,0.26,1.39,4.4
木柵站,2025/08/11 04:00,39,懸浮微粒,5.5,7,24,0.28,1.52,3.6
木柵站,2025/08/11 05:00,41,懸浮微粒,4.7,9,29,0.3,1.21,3.9
木柵站,2025/08/11 06:00,40,懸浮微粒,4.8,9,19,0.35,1.65,4.8
木柵站,2025/08/11 07:00,39,懸浮微粒,7.3,10,21,0.34,1.49,4.7
木柵站,2025/08/11 08:00,35,懸浮微粒,15,7,11,0.37,1.73,7.5
木柵站,2025/08/11 09:00,36,細懸浮微粒,27.9,14,18,0.41,1.7,8.4
木柵站,2025/08/11 10:00,38,細懸浮微粒,39.5,11,27,0.4,1.91,7.7
木柵站,2025/08/11 11:00,40,細懸浮微粒,55.5,13,23,0.48,1.71,10.3
木柵站,2025/08/11 12:00,46,細懸浮微粒,59.7,16,34,0.32,1.72,13.2
木柵站,2025/08/11 13:00,45,細懸浮微粒,46.1,9,25,0.26,2.34,13.8
木柵站,2025/08/11 14:00,45,細懸浮微粒,31.1,10,30,0.2,2.51,14.1
木柵站,2025/08/11 15:00,46,細懸浮微粒,23.9,14,27,0.24,2.36,15.5
木柵站,2025/08/11 16:00,44,細懸浮微粒,20.8,10,19,0.21,1.37,11.5
木柵站,2025/08/11 17:00,43,細懸浮微粒,16.4,7,21,0.23,1.57,15.4
木柵站,2025/08/11 18:00,46,細懸浮微粒,12,15,23,0.22,1.78,14.8
木柵站,2025/08/11 19:00,45,細懸浮微粒,11.8,11,26,0.18,1.44,9.5
木柵站,2025/08/11 20:00,45,細懸浮微粒,10.8,10,20,0.28,1.83,7.5
木柵站,2025/08/11 21:00,44,細懸浮微粒,6.8,7,26,0.3,1.63,8.7
木柵站,2025/08/11 22:00,40,懸浮微粒,8.5,8,23,0.27,1.54,6.6
木柵站,2025/08/11 23:00,41,懸浮微粒,7.3,10,26,0.31,1.54,6.2
木柵站,2025/08/12 00:00,41,懸浮微粒,5.9,8,26,0.29,1.92,6.2
木柵站,2025/08/12 01:00,41,懸浮微粒,5.8,7,24,0.29,1.86,4.9
木柵站,2025/08/12 02:00,40,懸浮微粒,8.3,7,23,0.26,1.71,4.1
木柵站,2025/08/12 03:00,42,懸浮微粒,6.5,5,31,0.23,1.78,3.2
木柵站,2025/08/12 04:00,44,懸浮微粒,5.2,6,33,0.26,1.96,3.8
木柵站,2025/08/12 05:00,45,懸浮微粒,5.3,3,27,0.24,2.08,3.8
木柵站,2025/08/12 06:00,47,懸浮微粒,5.5,9,29,0.27,2.03,4.8
木柵站,2025/08/12 07:00,46,懸浮微粒,9.2,6,26,0.33,2.01,3.4
木柵站,2025/08/12 08:00,44,懸浮微粒,14,5,25,0.37,2.48,5.3
木柵站,2025/08/12 09:00,43,懸浮微粒,25.7,7,20,0.41,2.51,6.9
木柵站,2025/08/12 10:00,42,懸浮微粒,36.6,7,25,0.39,2.69,8.4
木柵站,2025/08/12 11:00,40,懸浮微粒,39.4,10,19,0.39,2.66,8.5
木柵站,2025/08/12 12:00,38,懸浮微粒,43.2,9,20,0.4,3.24,10.2
木柵站,2025/08/12 13:00,41,懸浮微粒,56,9,31,0.41,3.04,10.4
木柵站,2025/08/12 14:00,40,懸浮微粒,54.3,12,20,0.4,2.96,7.7
木柵站,2025/08/12 15:00,41,懸浮微粒,52.3,-,-,0.29,3.57,9.5
木柵站,2025/08/12 16:00,41,臭氧8小時,42.6,13,22,0.38,3.59,11.2
木柵站,2025/08/12 17:00,46,細懸浮微粒,36.8,15,30,0.38,2.82,11.9
木柵站,2025/08/12 18:00,43,細懸浮微粒,10.5,8,26,0.33,3.34,10.2
木柵站,2025/08/12 19:00,39,細懸浮微粒,10.5,5,11,0.31,2.78,7
木柵站,2025/08/12 20:00,36,懸浮微粒,8.3,5,18,0.27,2.57,7.7
木柵站,2025/08/12 21:00,32,懸浮微粒,8.8,3,13,0.27,2.45,6.1
木柵站,2025/08/12 22:00,29,懸浮微粒,7.7,3,16,0.26,2.45,5.4
木柵站,2025/08/12 23:00,31,懸浮微粒,8.6,5,21,0.18,2.22,4.3
木柵站,2025/08/13 00:00,30,懸浮微粒,8.6,5,13,0.24,1.6,3.2
木柵站,2025/08/13 01:00,30,懸浮微粒,8.1,4,17,0.26,1.41,1.8
木柵站,2025/08/13 02:00,30,懸浮微粒,9.7,2,19,0.29,1.43,1.7
木柵站,2025/08/13 03:00,29,懸浮微粒,9.8,3,16,0.21,1.37,1.5
木柵站,2025/08/13 04:00,29,懸浮微粒,10.5,5,17,0.28,1.12,1.4
木柵站,2025/08/13 05:00,27,懸浮微粒,9.8,2,13,0.28,1.21,2.8
木柵站,2025/08/13 06:00,25,懸浮微粒,10.6,5,13,0.28,1.33,3.9
木柵站,2025/08/13 07:00,25,懸浮微粒,12.7,4,12,0.29,1.4,3.4
木柵站,2025/08/13 08:00,24,懸浮微粒,13.3,2,16,0.25,1.62,4.4
木柵站,2025/08/13 09:00,24,懸浮微粒,18.9,-,-,0.22,2.27,3.7
木柵站,2025/08/13 10:00,25,懸浮微粒,-,-,-,-,-,-
木柵站,2025/08/13 11:00,12,臭氧8小時,-,-,-,-,-,-
木柵站,2025/08/13 12:00,13,臭氧8小時,19.5,6,-,0.37,1.27,2.2
木柵站,2025/08/13 13:00,19,細懸浮微粒,19.1,5,-,0.39,0.85,2.5
木柵站,2025/08/13 14:00,19,細懸浮微粒,20.7,5,25,0.31,0.57,2.4
木柵站,2025/08/13 15:00,35,懸浮微粒,21.2,5,25,0.26,0.65,2.2
木柵站,2025/08/13 16:00,36,懸浮微粒,21.4,5,24,0.29,0.65,2.3
木柵站,2025/08/13 17:00,35,懸浮微粒,22.1,7,19,0.28,0.35,1.8
木柵站,2025/08/13 18:00,36,懸浮微粒,22.4,6,22,0.29,0.59,1.8
木柵站,2025/08/13 19:00,34,懸浮微粒,22.3,4,16,0.28,0.69,2
木柵站,2025/08/13 20:00,33,懸浮微粒,23.2,1,17,0.21,0.46,1.8
木柵站,2025/08/13 21:00,32,懸浮微粒,23.3,3,16,0.21,0.66,1.2
木柵站,2025/08/13 22:00,32,懸浮微粒,22.9,7,22,0.22,0.57,1.4
木柵站,2025/08/13 23:00,33,懸浮微粒,22.7,5,21,0.22,0.53,1.1
木柵站,2025/08/14 00:00,32,懸浮微粒,22.1,1,15,0.24,1.19,1.1
木柵站,2025/08/14 01:00,34,懸浮微粒,21.3,1,23,0.29,1.4,1.1
木柵站,2025/08/14 02:00,32,懸浮微粒,22.9,1,17,0.26,1.46,0.9
木柵站,2025/08/14 03:00,31,懸浮微粒,21.8,4,18,0.24,1.39,1.4
木柵站,2025/08/14 04:00,32,懸浮微粒,14.3,6,19,0.32,1.64,4.9
木柵站,2025/08/14 05:00,32,懸浮微粒,10.1,4,22,0.33,1.71,5.8
木柵站,2025/08/14 06:00,33,懸浮微粒,8.5,6,22,0.37,1.63,7.6
木柵站,2025/08/14 07:00,32,懸浮微粒,16.6,5,14,0.37,1.47,4.3
木柵站,2025/08/14 08:00,31,懸浮微粒,19.6,5,16,0.29,1.65,2.9
木柵站,2025/08/14 09:00,29,懸浮微粒,20.9,5,14,0.32,1.97,2.6
木柵站,2025/08/14 10:00,27,懸浮微粒,20.8,6,15,0.31,2.05,3.4
木柵站,2025/08/14 11:00,26,懸浮微粒,20.4,3,10,0.3,1.72,1.6
木柵站,2025/08/14 12:00,24,懸浮微粒,19.3,1,9,0.3,1.83,1.4
木柵站,2025/08/14 13:00,22,懸浮微粒,17.8,1,10,0.3,2.67,2.1
木柵站,2025/08/14 14:00,21,懸浮微粒,17.3,1,11,0.29,1.34,1.5
木柵站,2025/08/14 15:00,20,懸浮微粒,16.2,1,8,0.28,2.34,1.6
木柵站,2025/08/14 16:00,19,懸浮微粒,16.9,1,8,0.29,2.31,1.7
木柵站,2025/08/14 17:00,18,懸浮微粒,14.9,1,11,0.29,2.11,3.3
木柵站,2025/08/14 18:00,17,懸浮微粒,12.4,2,8,0.32,1.55,5.3
木柵站,2025/08/14 19:00,16,懸浮微粒,11.5,2,6,0.26,1.65,3.8
木柵站,2025/08/14 20:00,15,懸浮微粒,10,1,6,0.3,1.76,3.2
木柵站,2025/08/14 21:00,13,二氧化硫小時值,10.5,3,5,0.28,2.14,2.9
木柵站,2025/08/14 22:00,12,臭氧8小時,10.3,2,5,0.26,1.51,2.5
木柵站,2025/08/14 23:00,13,二氧化硫小時值,10.5,3,9,0.25,2.04,1.8
木柵站,2025/08/15 00:00,13,懸浮微粒,11.2,4,10,0.21,1.45,0.9
木柵站,2025/08/15 01:00,13,懸浮微粒,11.3,2,6,0.28,1.11,0.8
木柵站,2025/08/15 02:00,12,懸浮微粒,12.2,1,4,0.22,1.23,0.8
木柵站,2025/08/15 03:00,11,懸浮微粒,11.4,1,4,0.22,0.85,0.9
木柵站,2025/08/15 04:00,10,懸浮微粒,11.3,1,8,0.27,0.62,0.8
木柵站,2025/08/15 05:00,11,懸浮微粒,10.9,1,11,0.28,1.03,1.4
木柵站,2025/08/15 06:00,15,二氧化硫小時值,10.9,1,12,0.29,2.33,1.8
木柵站,2025/08/15 07:00,17,二氧化硫小時值,10.5,1,12,0.34,2.7,2.5
木柵站,2025/08/15 08:00,17,懸浮微粒,-,1,14,0.29,2.38,2.7
木柵站,2025/08/15 09:00,18,懸浮微粒,12.3,2,12,0.3,2.27,2.5
木柵站,2025/08/15 10:00,18,懸浮微粒,13.6,3,11,0.28,2.66,1.8
木柵站,2025/08/15 11:00,19,懸浮微粒,12.7,7,15,0.28,2.33,2.3
木柵站,2025/08/15 12:00,17,懸浮微粒,13.3,8,7,0.27,2.34,1.5
木柵站,2025/08/15 13:00,20,懸浮微粒,13.5,7,20,0.28,2.72,2.5
木柵站,2025/08/15 14:00,25,細懸浮微粒,13.9,12,18,0.35,2.69,3.2
木柵站,2025/08/15 15:00,26,細懸浮微粒,14.1,7,13,0.29,2.43,3.3
木柵站,2025/08/15 16:00,25,懸浮微粒,13.3,3,14,0.23,2.57,3.1
木柵站,2025/08/15 17:00,24,懸浮微粒,12.4,4,15,0.23,3.08,4.4
木柵站,2025/08/15 18:00,23,懸浮微粒,11.4,4,12,0.21,2.31,4.2
木柵站,2025/08/15 19:00,22,懸浮微粒,10.5,2,12,0.18,3.43,3.9
木柵站,2025/08/15 20:00,23,懸浮微粒,10.6,3,16,0.3,3.3,2.9
木柵站,2025/08/15 21:00,21,懸浮微粒,11.4,4,9,0.27,2.5,3.4
木柵站,2025/08/15 22:00,23,懸浮微粒,11.7,4,18,0.26,2.22,2.3
木柵站,2025/08/15 23:00,23,懸浮微粒,11.6,4,13,0.23,2.64,2.4
木柵站,2025/08/16 00:00,22,懸浮微粒,11.9,2,8,0.22,1.82,1.5
木柵站,2025/08/16 01:00,20,懸浮微粒,12.2,5,4,0.26,1.27,1
木柵站,2025/08/16 02:00,16,懸浮微粒,11.9,5,7,0.26,1.38,1.8
木柵站,2025/08/16 03:00,15,細懸浮微粒,11.2,4,9,0.21,1.67,1.5
木柵站,2025/08/16 04:00,17,細懸浮微粒,10,4,11,0.2,1.83,1.7
木柵站,2025/08/16 05:00,18,懸浮微粒,9.3,3,13,0.2,1.29,2.4
木柵站,2025/08/16 06:00,18,懸浮微粒,8.5,3,11,0.23,1.56,3.4
木柵站,2025/08/16 07:00,18,懸浮微粒,8.4,9,10,0.26,1.54,3.4
木柵站,2025/08/16 08:00,19,細懸浮微粒,10.2,5,-,0.34,2.18,2.9
木柵站,2025/08/16 09:00,20,細懸浮微粒,12.3,5,-,0.38,2.05,3.4
木柵站,2025/08/16 10:00,21,細懸浮微粒,12.9,4,-,0.37,2.16,2.6
木柵站,2025/08/16 11:00,17,細懸浮微粒,12.3,2,9,0.39,2,2.5
木柵站,2025/08/16 12:00,16,細懸浮微粒,13.2,3,10,0.26,1.83,2.7
木柵站,2025/08/16 13:00,20,懸浮微粒,12.4,3,19,0.25,2.02,3.3
木柵站,2025/08/16 14:00,25,懸浮微粒,12.3,1,27,0.26,2.09,3
木柵站,2025/08/16 15:00,25,懸浮微粒,13.3,4,10,0.27,2.25,2.8
木柵站,2025/08/16 16:00,24,懸浮微粒,12.3,2,9,0.32,2.19,4.3
木柵站,2025/08/16 17:00,26,懸浮微粒,10.9,1,21,0.31,2.2,4.6
木柵站,2025/08/16 18:00,21,懸浮微粒,10.6,1,8,0.31,2.13,4.3
木柵站,2025/08/16 19:00,21,懸浮微粒,10.8,1,10,0.27,2.12,3.5
木柵站,2025/08/16 20:00,22,懸浮微粒,11.7,4,11,0.29,1.91,2.7
木柵站,2025/08/16 21:00,19,懸浮微粒,11.1,4,11,0.28,1.36,2.8
木柵站,2025/08/16 22:00,20,懸浮微粒,10.8,1,11,0.26,1.28,2.2
木柵站,2025/08/16 23:00,22,懸浮微粒,11.1,1,16,0.27,1.17,1.8
木柵站,2025/08/17 00:00,21,懸浮微粒,12.4,1,9,0.24,0.47,1.4
木柵站,2025/08/17 01:00,20,懸浮微粒,14.5,1,11,0.3,0.45,0.9
木柵站,2025/08/17 02:00,20,懸浮微粒,16,3,12,0.25,0.38,0.8
木柵站,2025/08/17 03:00,19,懸浮微粒,13.3,4,12,0.25,0.54,1.3
木柵站,2025/08/17 04:00,21,懸浮微粒,12.2,2,16,0.22,0.38,1.5
木柵站,2025/08/17 05:00,20,懸浮微粒,7.7,2,12,0.27,0.92,4.4
木柵站,2025/08/17 06:00,22,懸浮微粒,7.6,2,17,0.29,0.91,4.2
木柵站,2025/08/17 07:00,25,懸浮微粒,10.1,5,20,0.32,0.84,3.2
木柵站,2025/08/17 08:00,24,懸浮微粒,12.2,2,13,0.27,1.28,2.9
木柵站,2025/08/17 09:00,24,懸浮微粒,13.7,1,12,0.26,1.3,2.1
木柵站,2025/08/17 10:00,23,懸浮微粒,14.6,4,12,0.26,1.61,1.6
木柵站,2025/08/17 11:00,21,懸浮微粒,14.6,5,13,0.28,1.56,1.8
木柵站,2025/08/17 12:00,22,懸浮微粒,15.1,3,15,0.28,1.29,2
木柵站,2025/08/17 13:00,23,懸浮微粒,16.1,1,16,0.28,1.71,2.2
木柵站,2025/08/17 14:00,24,懸浮微粒,15.6,1,14,0.3,1.96,2.2
木柵站,2025/08/17 15:00,24,懸浮微粒,15.2,1,13,0.31,2,2.2
木柵站,2025/08/17 16:00,23,懸浮微粒,15.6,2,11,0.31,1.32,3
木柵站,2025/08/17 17:00,22,懸浮微粒,13.4,6,11,0.3,1.31,3.5
木柵站,2025/08/17 18:00,21,懸浮微粒,14.4,6,11,0.28,1.1,3.5
木柵站,2025/08/17 19:00,20,懸浮微粒,13.7,3,12,0.26,1.08,4.2
木柵站,2025/08/17 20:00,20,懸浮微粒,11.3,4,11,0.3,0.81,3.3
木柵站,2025/08/17 21:00,19,懸浮微粒,10.7,6,7,0.29,0.65,4
木柵站,2025/08/17 22:00,18,懸浮微粒,9.4,5,9,0.31,0.54,5.2
木柵站,2025/08/17 23:00,19,懸浮微粒,6.4,7,16,0.3,0.92,5.3
木柵站,2025/08/18 00:00,19,懸浮微粒,8.2,4,11,0.22,1.03,3.2
木柵站,2025/08/18 01:00,18,懸浮微粒,9.3,1,8,0.23,0.92,2.2
木柵站,2025/08/18 02:00,17,懸浮微粒,7.5,1,4,0.23,1.15,3.8
木柵站,2025/08/18 03:00,14,懸浮微粒,6.3,1,7,0.21,1.28,3.5
木柵站,2025/08/18 04:00,16,懸浮微粒,5.4,2,16,0.32,1.43,4.5
木柵站,2025/08/18 05:00,20,懸浮微粒,4.9,3,24,0.31,1.31,6.2
木柵站,2025/08/18 06:00,22,懸浮微粒,6.2,4,14,0.33,1.74,4.7
木柵站,2025/08/18 07:00,25,懸浮微粒,7.5,4,19,0.4,1.45,5.4
木柵站,2025/08/18 08:00,27,懸浮微粒,15.3,9,22,0.37,2.23,5.5
木柵站,2025/08/18 09:00,29,懸浮微粒,32.1,8,25,0.42,2.53,7.1
木柵站,2025/08/18 10:00,30,懸浮微粒,47.7,9,18,0.44,2.58,6.3
木柵站,2025/08/18 11:00,34,懸浮微粒,65.9,13,30,0.5,1.84,10
木柵站,2025/08/18 12:00,36,懸浮微粒,67.8,11,27,0.31,3.59,10.3
木柵站,2025/08/18 13:00,38,懸浮微粒,58.3,12,30,0.29,3.39,9.3
木柵站,2025/08/18 14:00,40,臭氧8小時,48.8,9,11,0.24,2,8.6
木柵站,2025/08/18 15:00,45,臭氧8小時,49.9,14,34,0.24,2.27,7.7
木柵站,2025/08/18 16:00,47,臭氧8小時,38.3,14,29,0.43,3.56,13.3
木柵站,2025/08/18 17:00,47,臭氧8小時,29.8,9,28,0.42,4.62,16.7
木柵站,2025/08/18 18:00,45,懸浮微粒,25.9,11,27,0.4,2.49,11.2
木柵站,2025/08/18 19:00,43,細懸浮微粒,18.3,8,16,0.33,1.63,7.9
木柵站,2025/08/18 20:00,41,細懸浮微粒,16.3,11,24,0.45,2.17,8.9
木柵站,2025/08/18 21:00,40,細懸浮微粒,9.8,7,24,0.37,1.72,10.1
木柵站,2025/08/18 22:00,39,細懸浮微粒,8.9,9,19,0.36,1.65,9.1
木柵站,2025/08/18 23:00,38,細懸浮微粒,10.4,8,19,0.3,2.18,6
木柵站,2025/08/19 00:00,37,懸浮微粒,11.8,4,23,0.28,1.28,6
木柵站,2025/08/19 01:00,37,懸浮微粒,9.6,2,24,0.33,1.02,4.8
木柵站,2025/08/19 02:00,36,懸浮微粒,9.5,1,15,0.3,0.97,4.7
木柵站,2025/08/19 03:00,37,懸浮微粒,7,2,24,0.28,0.91,5.2
木柵站,2025/08/19 04:00,37,懸浮微粒,7.4,8,25,0.23,1.15,5.5
木柵站,2025/08/19 05:00,36,懸浮微粒,9.1,7,22,0.21,1.08,5.7
木柵站,2025/08/19 06:00,38,懸浮微粒,6,15,26,0.27,1.41,9.2
木柵站,2025/08/19 07:00,38,懸浮微粒,13.9,3,21,0.28,1.18,5.5
木柵站,2025/08/19 08:00,40,懸浮微粒,22.3,7,32,0.42,1.58,6.5
木柵站,2025/08/19 09:00,42,懸浮微粒,34.2,9,28,0.41,1.75,7.5
木柵站,2025/08/19 10:00,44,懸浮微粒,54.4,10,34,0.42,1.69,7.6
木柵站,2025/08/19 11:00,48,懸浮微粒,61.7,14,34,0.49,2.34,12.6
木柵站,2025/08/19 12:00,52,懸浮微粒,61.1,13,47,0.31,2.06,10.2
木柵站,2025/08/19 13:00,51,懸浮微粒,44.5,17,24,0.28,1.78,12.1
木柵站,2025/08/19 14:00,50,懸浮微粒,37.7,11,23,0.24,1.55,10.2
木柵站,2025/08/19 15:00,49,懸浮微粒,44,8,27,0.25,2.27,8.6
木柵站,2025/08/19 16:00,47,細懸浮微粒,38.1,14,33,0.32,2.13,9.6
木柵站,2025/08/19 17:00,49,懸浮微粒,28.2,15,31,0.31,1.78,8.5
木柵站,2025/08/19 18:00,51,懸浮微粒,24.9,10,35,0.3,1.49,9.9
木柵站,2025/08/19 19:00,52,懸浮微粒,24.3,11,28,0.26,0.87,8.9
木柵站,2025/08/19 20:00,51,細懸浮微粒,22.2,16,27,0.35,1.6,9.6
木柵站,2025/08/19 21:00,52,懸浮微粒,22.2,10,36,0.33,1.43,6.3
木柵站,2025/08/19 22:00,51,懸浮微粒,14.1,13,32,0.39,1.37,12.4
木柵站,2025/08/19 23:00,52,懸浮微粒,13.1,9,32,0.34,1.63,10.4
木柵站,2025/08/20 00:00,49,懸浮微粒,13.9,7,20,0.24,1.47,7.5
木柵站,2025/08/20 01:00,47,懸浮微粒,11.3,8,24,0.27,1.18,7.6
木柵站,2025/08/20 02:00,45,懸浮微粒,12,9,23,0.22,1.33,6.4
木柵站,2025/08/20 03:00,42,懸浮微粒,9.4,7,22,0.19,1.34,5.9
木柵站,2025/08/20 04:00,44,懸浮微粒,6.9,6,28,0.25,1.1,6.6
木柵站,2025/08/20 05:00,43,懸浮微粒,7.1,10,24,0.24,1.34,6.8
木柵站,2025/08/20 06:00,42,懸浮微粒,5.9,11,20,0.29,1.71,8.3
木柵站,2025/08/20 07:00,41,懸浮微粒,12.9,12,21,0.34,1.71,6.4
木柵站,2025/08/20 08:00,39,細懸浮微粒,26.8,8,18,0.37,2.18,4.5
木柵站,2025/08/20 09:00,37,細懸浮微粒,33.9,7,19,0.41,2.67,5.7
木柵站,2025/08/20 10:00,35,懸浮微粒,36.5,5,-,0.4,2.38,5
木柵站,2025/08/20 11:00,34,懸浮微粒,33.8,9,-,0.39,2.92,4.3
木柵站,2025/08/20 12:00,31,細懸浮微粒,58.4,7,-,0.31,3.87,7.3
木柵站,2025/08/20 13:00,37,細懸浮微粒,51.1,16,-,0.39,4.24,13.4
木柵站,2025/08/20 14:00,35,細懸浮微粒,27.3,4,-,0.24,1.93,12.2
木柵站,2025/08/20 15:00,33,臭氧8小時,19.1,3,-,0.14,1.79,13.7
木柵站,2025/08/20 16:00,32,臭氧8小時,17.6,6,20,0.3,1.82,12.6
木柵站,2025/08/20 17:00,36,懸浮微粒,12.2,6,26,0.34,1.79,14.2
木柵站,2025/08/20 18:00,32,懸浮微粒,10.7,4,12,0.31,1.76,11.7
木柵站,2025/08/20 19:00,32,懸浮微粒,8,6,18,0.34,1.74,12.3
木柵站,2025/08/20 20:00,35,懸浮微粒,7.3,7,30,0.29,1.55,10.7
木柵站,2025/08/20 21:00,36,懸浮微粒,7.3,8,26,0.3,1.68,9.9
木柵站,2025/08/20 22:00,39,懸浮微粒,4.9,5,24,0.31,1.83,10.1
木柵站,2025/08/20 23:00,40,懸浮微粒,5.9,4,24,0.25,2,7.3
木柵站,2025/08/21 00:00,39,懸浮微粒,5.5,6,23,0.26,1.47,6.5
木柵站,2025/08/21 01:00,38,懸浮微粒,5.6,4,22,0.28,0.88,5.7
木柵站,2025/08/21 02:00,39,懸浮微粒,7.6,3,28,0.25,0.89,5.2
木柵站,2025/08/21 03:00,40,懸浮微粒,7.6,1,27,0.18,0.9,5.1
木柵站,2025/08/21 04:00,40,懸浮微粒,6.8,2,22,0.22,1.18,5.1
木柵站,2025/08/21 05:00,38,懸浮微粒,5.5,4,16,0.23,1.28,7.5
木柵站,2025/08/21 06:00,39,懸浮微粒,5,4,25,0.29,1.32,8.7
木柵站,2025/08/21 07:00,37,懸浮微粒,8.5,1,19,0.33,0.91,6.2
木柵站,2025/08/21 08:00,35,懸浮微粒,14.8,2,17,0.27,0.92,5.9
木柵站,2025/08/21 09:00,34,懸浮微粒,23.8,4,16,0.28,1.33,6.3
木柵站,2025/08/21 10:00,33,懸浮微粒,34.5,5,21,0.33,1.62,9.1
木柵站,2025/08/21 11:00,33,懸浮微粒,43.1,5,19,0.33,1.58,7.5
木柵站,2025/08/21 12:00,33,懸浮微粒,52.5,9,17,0.28,1.94,8.4
木柵站,2025/08/21 13:00,37,懸浮微粒,71.1,11,35,0.38,2.39,11.4
木柵站,2025/08/21 14:00,38,懸浮微粒,54.5,8,24,0.36,2.38,14.2
木柵站,2025/08/21 15:00,49,二氧化氮小時值,36.6,10,31,0.33,2.24,20.7
木柵站,2025/08/21 16:00,42,二氧化氮小時值,33.4,9,17,0.33,1.68,17.5
木柵站,2025/08/21 17:00,42,二氧化氮小時值,33,9,23,0.37,2.36,17.7
木柵站,2025/08/21 18:00,41,臭氧8小時,26.2,15,19,0.34,1.49,13.5
木柵站,2025/08/21 19:00,38,臭氧8小時,24.7,10,28,0.26,1.44,11.9
木柵站,2025/08/21 20:00,40,細懸浮微粒,19.1,11,26,0.35,1.3,12.4
木柵站,2025/08/21 21:00,40,細懸浮微粒,13.5,7,20,0.34,1.41,12.4
木柵站,2025/08/21 22:00,41,懸浮微粒,11.8,5,26,0.31,1,9.2
木柵站,2025/08/21 23:00,40,懸浮微粒,16.6,4,22,0.24,0.89,5.4
木柵站,2025/08/22 00:00,39,懸浮微粒,11.8,5,21,0.26,0.85,5.3
木柵站,2025/08/22 01:00,38,懸浮微粒,11.9,5,22,0.31,0.72,4.4
木柵站,2025/08/22 02:00,38,懸浮微粒,11.5,7,24,0.28,0.58,3.5
木柵站,2025/08/22 03:00,36,懸浮微粒,9.2,7,19,0.23,0.64,4.3
木柵站,2025/08/22 04:00,37,懸浮微粒,8.2,10,21,0.26,0.95,5
木柵站,2025/08/22 05:00,38,懸浮微粒,5.4,6,25,0.3,0.97,7.3
木柵站,2025/08/22 06:00,38,懸浮微粒,7.4,6,24,0.33,1,5.7
木柵站,2025/08/22 07:00,38,懸浮微粒,12.8,8,22,0.37,0.7,5.8
木柵站,2025/08/22 08:00,39,懸浮微粒,21.8,6,26,0.34,1.32,5.6
木柵站,2025/08/22 09:00,39,懸浮微粒,31.6,7,22,0.39,1.97,10
木柵站,2025/08/22 10:00,37,懸浮微粒,39.8,8,18,0.38,1.89,10
木柵站,2025/08/22 11:00,33,懸浮微粒,46.2,5,8,0.36,1.27,6
木柵站,2025/08/22 12:00,29,懸浮微粒,51.8,8,10,0.32,1.63,5.7
木柵站,2025/08/22 13:00,36,細懸浮微粒,66,18,29,0.38,3.95,9.6
木柵站,2025/08/22 14:00,37,臭氧8小時,50.1,7,24,0.38,4.3,10.6
木柵站,2025/08/22 15:00,39,臭氧8小時,27.2,6,16,0.28,4.56,3.6
木柵站,2025/08/22 16:00,39,臭氧8小時,23.7,5,5,0.28,3.56,4.7
木柵站,2025/08/22 17:00,39,臭氧8小時,28.6,7,8,0.28,2.28,3.8
木柵站,2025/08/22 18:00,37,臭氧8小時,30,6,16,0.24,1.85,5.3
木柵站,2025/08/22 19:00,35,臭氧8小時,20.8,6,11,0.22,1.71,5.5
木柵站,2025/08/22 20:00,30,臭氧8小時,14.1,5,18,0.3,1.42,7.9
木柵站,2025/08/22 21:00,27,二氧化氮小時值,8.7,4,15,0.29,1.29,11.3
木柵站,2025/08/22 22:00,25,懸浮微粒,7.9,2,16,0.25,0.74,8.6
木柵站,2025/08/22 23:00,26,懸浮微粒,6.9,3,14,0.25,1.31,7.5
木柵站,2025/08/23 00:00,26,懸浮微粒,6.6,5,17,0.27,0.84,6.7
木柵站,2025/08/23 01:00,26,懸浮微粒,6.4,2,18,0.32,1.16,5.7
木柵站,2025/08/23 02:00,27,懸浮微粒,6.8,3,21,0.28,1.17,5.8
木柵站,2025/08/23 03:00,29,懸浮微粒,5.1,6,23,0.25,1.2,6.3
木柵站,2025/08/23 04:00,30,懸浮微粒,4.2,7,17,0.29,1.31,7.2
木柵站,2025/08/23 05:00,30,懸浮微粒,4.4,7,17,0.3,1.11,7.2
木柵站,2025/08/23 06:00,30,懸浮微粒,5.7,5,17,0.33,1.38,5.3
木柵站,2025/08/23 07:00,30,懸浮微粒,8.6,7,21,0.42,1.38,5.2
木柵站,2025/08/23 08:00,30,懸浮微粒,16,6,18,0.41,1.83,6
木柵站,2025/08/23 09:00,32,懸浮微粒,37.1,11,24,0.4,2.26,6.8
木柵站,2025/08/23 10:00,33,懸浮微粒,52,11,18,0.42,2.05,5.1
木柵站,2025/08/23 11:00,37,細懸浮微粒,71.3,16,28,0.47,2.04,7.3
木柵站,2025/08/23 12:00,44,細懸浮微粒,81.5,16,27,0.34,2.79,6.1
木柵站,2025/08/23 13:00,49,細懸浮微粒,76.3,17,36,0.36,5.88,10.9
木柵站,2025/08/23 14:00,50,細懸浮微粒,63.5,10,31,0.32,5.27,9.3
木柵站,2025/08/23 15:00,57,臭氧8小時,51,9,29,0.31,4.62,9.8
木柵站,2025/08/23 16:00,64,臭氧8小時,34.6,9,11,0.27,3.37,8.7
木柵站,2025/08/23 17:00,56,臭氧8小時,18.3,6,20,0.21,2.27,7.4
木柵站,2025/08/23 18:00,48,臭氧8小時,20.4,3,17,0.2,1.77,4.7
木柵站,2025/08/23 19:00,42,臭氧8小時,18,4,13,0.17,1.47,5.6
木柵站,2025/08/23 20:00,35,臭氧8小時,16.2,5,19,0.27,1.82,3.9
木柵站,2025/08/23 21:00,31,懸浮微粒,12.5,6,11,0.29,1.66,5.3
木柵站,2025/08/23 22:00,30,懸浮微粒,10.5,5,16,0.26,1.55,5.3
木柵站,2025/08/23 23:00,29,懸浮微粒,8.7,2,13,0.26,1.14,5
木柵站,2025/08/24 00:00,29,懸浮微粒,6.7,7,20,0.34,1.64,6.4
木柵站,2025/08/24 01:00,28,懸浮微粒,6.3,7,15,0.35,1.72,6.1
木柵站,2025/08/24 02:00,29,懸浮微粒,7.9,6,23,0.35,1.64,5.4
木柵站,2025/08/24 03:00,29,懸浮微粒,5.3,5,16,0.32,1.51,4.9
木柵站,2025/08/24 04:00,30,懸浮微粒,5.2,4,20,0.27,1.53,4.5
木柵站,2025/08/24 05:00,31,懸浮微粒,4.2,4,20,0.27,1.77,5.4
木柵站,2025/08/24 06:00,31,懸浮微粒,5.5,8,22,0.3,1.75,3.6
木柵站,2025/08/24 07:00,33,懸浮微粒,8.8,5,22,0.33,2.23,4.5
木柵站,2025/08/24 08:00,33,懸浮微粒,26.6,4,21,0.32,2.68,4.9
木柵站,2025/08/24 09:00,33,懸浮微粒,30.1,6,17,0.33,2.56,4.6
木柵站,2025/08/24 10:00,31,懸浮微粒,25.8,5,16,0.32,2.61,4.1
木柵站,2025/08/24 11:00,30,懸浮微粒,21.8,3,15,0.29,2.59,2.3
木柵站,2025/08/24 12:00,27,懸浮微粒,16.4,1,9,0.28,2.89,2.2
木柵站,2025/08/24 13:00,25,懸浮微粒,16,1,10,0.3,3.13,2.2
木柵站,2025/08/24 14:00,24,二氧化硫小時值,15.3,1,8,0.31,3.78,2.2
木柵站,2025/08/24 15:00,23,二氧化硫小時值,15.4,1,6,0.31,3.69,1.8
木柵站,2025/08/24 16:00,19,二氧化硫小時值,14.1,1,6,0.27,3.05,2.7
木柵站,2025/08/24 17:00,17,懸浮微粒,13.7,1,7,0.23,2.57,3
木柵站,2025/08/24 18:00,16,二氧化硫小時值,12.5,1,8,0.22,2.58,4.2
木柵站,2025/08/24 19:00,15,二氧化硫小時值,11.4,4,8,0.19,2.47,3.7
木柵站,2025/08/24 20:00,14,懸浮微粒,9.3,5,6,0.26,2.1,3.5
木柵站,2025/08/24 21:00,14,懸浮微粒,9.2,5,8,0.25,1.93,3.4
木柵站,2025/08/24 22:00,14,懸浮微粒,8.4,3,10,0.23,1.85,3.2
木柵站,2025/08/24 23:00,15,二氧化硫小時值,7.7,1,8,0.24,2.32,3.6
木柵站,2025/08/25 00:00,14,懸浮微粒,7.5,2,10,0.26,1.98,3.6
木柵站,2025/08/25 01:00,15,懸浮微粒,7.1,2,12,0.33,1.26,3.6
木柵站,2025/08/25 02:00,15,懸浮微粒,7,1,10,0.3,1.57,3.9
木柵站,2025/08/25 03:00,16,懸浮微粒,5.6,3,11,0.28,1.73,3.8
木柵站,2025/08/25 04:00,17,懸浮微粒,4.7,4,13,0.33,1.53,4.7
木柵站,2025/08/25 05:00,19,懸浮微粒,3.7,5,17,0.35,1.4,5.9
木柵站,2025/08/25 06:00,21,懸浮微粒,4.7,2,16,0.38,1.99,5.6
木柵站,2025/08/25 07:00,22,懸浮微粒,7,2,16,0.41,1.99,4.4
木柵站,2025/08/25 08:00,25,懸浮微粒,9.9,3,19,0.34,2.72,4.6
木柵站,2025/08/25 09:00,22,懸浮微粒,12.1,1,4,0.32,2.27,3.8
木柵站,2025/08/25 10:00,19,懸浮微粒,12.9,1,6,0.3,2.5,4
木柵站,2025/08/25 11:00,17,懸浮微粒,13.6,2,5,0.31,2.02,2.6
木柵站,2025/08/25 12:00,14,二氧化硫小時值,14.8,4,6,0.26,2.21,2.3
木柵站,2025/08/25 13:00,17,二氧化硫小時值,14.5,4,17,0.27,2.71,2.6
木柵站,2025/08/25 14:00,18,懸浮微粒,13.4,1,13,0.29,2.85,2.9
木柵站,2025/08/25 15:00,20,懸浮微粒,13.3,3,12,0.27,2.42,2.7
木柵站,2025/08/25 16:00,21,懸浮微粒,11.8,3,11,0.26,2.26,2.9
木柵站,2025/08/25 17:00,20,懸浮微粒,10.7,1,12,0.26,2.13,3.7
木柵站,2025/08/25 18:00,18,懸浮微粒,12,4,8,0.25,1.83,3.9
木柵站,2025/08/25 19:00,16,懸浮微粒,10.5,3,6,0.22,1.94,3.8
木柵站,2025/08/25 20:00,14,懸浮微粒,9.2,2,7,0.27,2.06,3.7
木柵站,2025/08/25 21:00,13,懸浮微粒,9.4,1,5,0.25,1.99,3.8
木柵站,2025/08/25 22:00,13,懸浮微粒,9.3,1,7,0.21,1.83,3.4
木柵站,2025/08/25 23:00,14,懸浮微粒,9,4,9,0.22,2.1,2.7
木柵站,2025/08/26 00:00,14,懸浮微粒,9.7,5,8,0.27,1.86,2
木柵站,2025/08/26 01:00,13,懸浮微粒,8.4,3,4,0.32,1.65,2.8
木柵站,2025/08/26 02:00,12,細懸浮微粒,6.4,2,3,0.29,1.52,4.3
木柵站,2025/08/26 03:00,13,懸浮微粒,4.4,2,15,0.28,1.86,5.1
木柵站,2025/08/26 04:00,13,懸浮微粒,4.5,2,10,0.22,2.08,4.6
木柵站,2025/08/26 05:00,15,懸浮微粒,3.8,3,11,0.24,1.77,5.5
木柵站,2025/08/26 06:00,17,懸浮微粒,4.7,3,12,0.27,1.84,4.4
木柵站,2025/08/26 07:00,16,懸浮微粒,6.3,1,11,0.31,2.2,3.1
木柵站,2025/08/26 08:00,18,二氧化硫小時值,8.8,1,11,0.35,2.87,4
木柵站,2025/08/26 09:00,17,二氧化硫小時值,14.4,1,7,0.33,2.69,6
木柵站,2025/08/26 10:00,25,二氧化硫小時值,20.4,1,9,0.33,4,9.6
木柵站,2025/08/26 11:00,22,二氧化硫小時值,21.6,1,12,0.34,3.59,7.1
木柵站,2025/08/26 12:00,16,懸浮微粒,16.2,4,10,0.23,2.44,2.5
木柵站,2025/08/26 13:00,17,二氧化硫小時值,17.6,3,9,0.23,2.69,2.4
木柵站,2025/08/26 14:00,19,二氧化硫小時值,18.4,2,9,0.26,3.03,2.2
木柵站,2025/08/26 15:00,16,懸浮微粒,16.3,1,8,0.24,2.4,2.6
木柵站,2025/08/26 16:00,16,臭氧8小時,14.4,1,7,0.27,2.23,3.3
木柵站,2025/08/26 17:00,16,臭氧8小時,12.9,1,9,0.28,2.5,5.6
木柵站,2025/08/26 18:00,15,臭氧8小時,12.7,4,9,0.24,2.13,3.3
木柵站,2025/08/26 19:00,14,懸浮微粒,12,3,8,0.23,1.85,3.7
木柵站,2025/08/26 20:00,14,二氧化硫小時值,11.1,3,7,0.3,2.29,2.8
木柵站,2025/08/26 21:00,16,二氧化硫小時值,10.4,3,8,0.31,2.57,3.5
木柵站,2025/08/26 22:00,13,懸浮微粒,10.4,3,6,0.31,1.78,3.6
木柵站,2025/08/26 23:00,13,二氧化硫小時值,11.1,1,7,0.28,2.14,3.3
木柵站,2025/08/27 00:00,13,懸浮微粒,10.5,1,10,0.25,1.7,3.1
木柵站,2025/08/27 01:00,14,懸浮微粒,11.2,1,10,0.26,1.58,1.5
木柵站,2025/08/27 02:00,15,懸浮微粒,13.1,1,10,0.24,1.5,0.8
木柵站,2025/08/27 03:00,15,懸浮微粒,11.8,2,7,0.23,1.41,1.4
木柵站,2025/08/27 04:00,14,懸浮微粒,11.2,2,7,0.29,1.3,2.9
木柵站,2025/08/27 05:00,13,懸浮微粒,11.9,2,8,0.28,1.64,2.8
木柵站,2025/08/27 06:00,12,懸浮微粒,11.7,4,5,0.27,1.72,3.1
木柵站,2025/08/27 07:00,13,二氧化硫小時值,11.2,4,6,0.31,2.07,2.9
木柵站,2025/08/27 08:00,14,二氧化硫小時值,11,3,13,0.29,2.24,3.7
木柵站,2025/08/27 09:00,15,懸浮微粒,11.2,2,14,0.31,1.7,5
木柵站,2025/08/27 10:00,19,懸浮微粒,12.2,1,19,0.29,2.09,3.9
木柵站,2025/08/27 11:00,20,懸浮微粒,13,1,9,0.31,2.49,5.1
木柵站,2025/08/27 12:00,19,懸浮微粒,14.3,1,10,0.23,2.25,3.9
木柵站,2025/08/27 13:00,18,懸浮微粒,14,1,9,0.25,1.97,3.4
木柵站,2025/08/27 14:00,16,懸浮微粒,12.8,1,10,0.24,2.17,3.6
木柵站,2025/08/27 15:00,23,二氧化氮小時值,26.8,4,17,0.29,2.15,9.5
木柵站,2025/08/27 16:00,23,二氧化氮小時值,28.5,5,12,0.28,1.93,9.7
木柵站,2025/08/27 17:00,34,二氧化氮小時值,23,4,13,0.35,1.94,14.4
木柵站,2025/08/27 18:00,21,懸浮微粒,13,2,10,0.24,1.59,5.8
木柵站,2025/08/27 19:00,19,懸浮微粒,11.4,1,7,0.19,1.44,5.5
木柵站,2025/08/27 20:00,18,懸浮微粒,13,1,10,0.26,1.87,3.2
木柵站,2025/08/27 21:00,19,懸浮微粒,13.7,1,16,0.25,1.82,2.5
木柵站,2025/08/27 22:00,19,懸浮微粒,13.9,1,12,0.24,1.61,2.1
木柵站,2025/08/27 23:00,21,懸浮微粒,15.2,3,15,0.24,1.92,1.9
木柵站,2025/08/28 00:00,20,懸浮微粒,15.5,1,6,0.25,1.59,1.5
木柵站,2025/08/28 01:00,18,懸浮微粒,14.6,5,8,0.29,1.3,1.7
木柵站,2025/08/28 02:00,18,懸浮微粒,15.5,3,10,0.26,1.35,1.5
木柵站,2025/08/28 03:00,15,懸浮微粒,15.5,1,7,0.24,1.34,1.2
木柵站,2025/08/28 04:00,14,懸浮微粒,14.3,1,3,0.28,1.48,1.5
木柵站,2025/08/28 05:00,14,二氧化氮小時值,9.2,1,7,0.3,0.91,5.9
木柵站,2025/08/28 06:00,24,二氧化氮小時值,5.8,1,13,0.38,1.43,10
木柵站,2025/08/28 07:00,15,懸浮微粒,10.3,3,11,0.38,1.81,6
木柵站,2025/08/28 08:00,16,懸浮微粒,15.8,2,9,0.23,2.01,4.1
木柵站,2025/08/28 09:00,17,懸浮微粒,17.9,1,12,0.18,1.77,3.6
木柵站,2025/08/28 10:00,17,懸浮微粒,18.8,1,13,0.21,1.72,2.6
木柵站,2025/08/28 11:00,18,懸浮微粒,21.9,1,13,0.24,1.81,2.7
木柵站,2025/08/28 12:00,18,懸浮微粒,20.9,2,10,0.28,1.81,2.8
木柵站,2025/08/28 13:00,18,懸浮微粒,18.7,3,10,0.3,2.29,2.5
木柵站,2025/08/28 14:00,19,懸浮微粒,18.3,1,17,0.29,2.46,2.8
木柵站,2025/08/28 15:00,19,懸浮微粒,18.4,2,11,0.28,1.88,3.2
木柵站,2025/08/28 16:00,21,懸浮微粒,19.4,4,17,0.26,1.93,4.1
木柵站,2025/08/28 17:00,22,懸浮微粒,17.7,2,11,0.3,1.32,6.3
木柵站,2025/08/28 18:00,20,懸浮微粒,17.3,5,11,0.3,1.63,6.3
木柵站,2025/08/28 19:00,22,懸浮微粒,16.5,6,15,0.24,1.25,5.3
木柵站,2025/08/28 20:00,21,懸浮微粒,16.3,3,12,0.24,1.49,3.6
木柵站,2025/08/28 21:00,21,懸浮微粒,16.4,1,11,0.21,1.32,3.1
木柵站,2025/08/28 22:00,20,懸浮微粒,15,4,10,0.22,1.25,3.2
木柵站,2025/08/28 23:00,19,懸浮微粒,15.6,2,11,0.22,0.97,2.4
木柵站,2025/08/29 00:00,19,懸浮微粒,16.4,1,9,0.27,0.95,1.5
木柵站,2025/08/29 01:00,18,懸浮微粒,15.9,1,8,0.29,0.68,1.1
木柵站,2025/08/29 02:00,17,懸浮微粒,15.9,1,10,0.29,0.89,1.3
木柵站,2025/08/29 03:00,17,懸浮微粒,14.1,1,11,0.26,0.88,1.1
木柵站,2025/08/29 04:00,17,懸浮微粒,13.4,5,11,0.24,0.74,0.9
木柵站,2025/08/29 05:00,18,懸浮微粒,13.4,4,11,0.23,0.9,1.3
木柵站,2025/08/29 06:00,18,懸浮微粒,13.2,2,10,0.24,1.12,2.5
木柵站,2025/08/29 07:00,20,懸浮微粒,12.9,2,18,0.31,1.25,3.4
木柵站,2025/08/29 08:00,26,懸浮微粒,13.4,3,34,0.31,1.02,3.9
木柵站,2025/08/29 09:00,26,懸浮微粒,14.8,2,13,0.31,1.24,3.6
木柵站,2025/08/29 10:00,29,懸浮微粒,-,1,-,-,-,-
木柵站,2025/08/29 11:00,30,懸浮微粒,16.7,1,18,0.38,-,2.1
木柵站,2025/08/29 12:00,24,懸浮微粒,16.2,1,14,0.25,0.52,2.6
木柵站,2025/08/29 13:00,25,懸浮微粒,17.2,1,14,0.23,1.77,2.2
木柵站,2025/08/29 14:00,24,懸浮微粒,16.9,1,11,0.21,0.88,2.3
木柵站,2025/08/29 15:00,22,懸浮微粒,14.8,1,7,0.21,0.65,3.5
木柵站,2025/08/29 16:00,25,懸浮微粒,12.6,1,24,0.25,0.35,4.9
木柵站,2025/08/29 17:00,25,懸浮微粒,11,1,12,0.28,0.46,5.6
木柵站,2025/08/29 18:00,24,懸浮微粒,11.6,2,9,0.25,0.3,5.2
木柵站,2025/08/29 19:00,23,懸浮微粒,11,1,8,0.2,0.27,4.8
木柵站,2025/08/29 20:00,18,懸浮微粒,10.4,3,9,0.27,0.22,4
木柵站,2025/08/29 21:00,17,懸浮微粒,10.6,3,8,0.24,0.24,4
木柵站,2025/08/29 22:00,17,懸浮微粒,10.6,1,10,0.26,0.34,4.2
木柵站,2025/08/29 23:00,17,懸浮微粒,11.8,1,10,0.23,0.3,2.7
木柵站,2025/08/30 00:00,17,懸浮微粒,11.5,2,9,0.25,1.72,2.4
木柵站,2025/08/30 01:00,17,懸浮微粒,7.9,1,10,0.3,2.1,4.6
木柵站,2025/08/30 02:00,17,懸浮微粒,9.3,2,10,0.25,1.92,3.7
木柵站,2025/08/30 03:00,17,懸浮微粒,11,1,9,0.23,1.98,1.6
木柵站,2025/08/30 04:00,15,懸浮微粒,10.7,3,8,0.25,2.24,1.8
木柵站,2025/08/30 05:00,14,懸浮微粒,9.5,2,6,0.26,2.21,2.7
木柵站,2025/08/30 06:00,15,二氧化硫小時值,7.1,2,6,0.3,2.47,5.1
木柵站,2025/08/30 07:00,16,二氧化硫小時值,9.9,1,11,0.35,2.56,3.5
木柵站,2025/08/30 08:00,18,二氧化硫小時值,13.2,1,14,0.36,2.9,3.2
木柵站,2025/08/30 09:00,18,二氧化硫小時值,27.1,3,12,0.42,2.83,4.3
木柵站,2025/08/30 10:00,19,懸浮微粒,45.8,3,15,0.44,2.72,5
木柵站,2025/08/30 11:00,22,懸浮微粒,42.3,4,21,0.42,-,3.3
木柵站,2025/08/30 12:00,23,懸浮微粒,25.4,1,15,0.26,-,2.9
木柵站,2025/08/30 13:00,26,臭氧8小時,55,10,19,0.38,-,8.2
木柵站,2025/08/30 14:00,32,臭氧8小時,61.5,12,32,0.41,-,10.5
木柵站,2025/08/30 15:00,37,臭氧8小時,50.5,14,26,0.38,-,11.7
木柵站,2025/08/30 16:00,38,臭氧8小時,22.6,7,14,0.23,2.86,5.4
木柵站,2025/08/30 17:00,37,臭氧8小時,18.3,5,14,0.21,2.45,5.4
木柵站,2025/08/30 18:00,34,臭氧8小時,15.9,4,14,0.22,2.61,5.4
木柵站,2025/08/30 19:00,30,臭氧8小時,13.2,1,15,0.22,2.37,6.8
木柵站,2025/08/30 20:00,29,臭氧8小時,11,5,9,0.27,2.07,7.1
木柵站,2025/08/30 21:00,26,懸浮微粒,9.5,6,17,0.26,2.33,7.6
木柵站,2025/08/30 22:00,24,懸浮微粒,10.8,4,8,0.23,2.51,5.7
木柵站,2025/08/30 23:00,23,懸浮微粒,11.5,4,10,0.21,2.84,5.7
木柵站,2025/08/31 00:00,22,懸浮微粒,10.4,2,10,0.33,1.83,4.7
木柵站,2025/08/31 01:00,22,懸浮微粒,10,5,16,0.34,1.28,3.9
木柵站,2025/08/31 02:00,22,懸浮微粒,9.3,6,15,0.34,1.14,4.9
木柵站,2025/08/31 03:00,23,懸浮微粒,7.7,4,17,0.31,1.08,4.9
木柵站,2025/08/31 04:00,23,懸浮微粒,6.4,4,11,0.34,1.04,5.2
木柵站,2025/08/31 05:00,23,懸浮微粒,5.8,7,16,0.36,1.45,5.8
木柵站,2025/08/31 06:00,23,懸浮微粒,6.4,4,15,0.36,1.22,4.2
木柵站,2025/08/31 07:00,24,懸浮微粒,11.7,5,18,0.43,1.47,3.8
木柵站,2025/08/31 08:00,28,懸浮微粒,28.1,8,24,0.38,2.01,4.5
木柵站,2025/08/31 09:00,32,懸浮微粒,45.3,14,33,0.5,2.22,7.6
木柵站,2025/08/31 10:00,37,懸浮微粒,62.5,12,32,0.49,1.97,7.1
木柵站,2025/08/31 11:00,43,懸浮微粒,73.7,19,35,0.51,2.02,8.1
木柵站,2025/08/31 12:00,47,細懸浮微粒,77.9,14,31,0.33,3,10.7
木柵站,2025/08/31 13:00,52,細懸浮微粒,56.9,21,26,0.29,2.36,9.4
木柵站,2025/08/31 14:00,54,細懸浮微粒,55.3,15,32,0.25,2.25,8.9
木柵站,2025/08/31 15:00,51,細懸浮微粒,34.9,9,23,0.19,2.12,5.4
木柵站,2025/08/31 16:00,50,臭氧8小時,24.6,6,18,0.21,2.11,3
木柵站,2025/08/31 17:00,47,臭氧8小時,19.8,5,22,0.32,2.12,10.2
木柵站,2025/08/31 18:00,42,臭氧8小時,18.9,11,24,0.27,1.93,7.8
木柵站,2025/08/31 19:00,40,細懸浮微粒,19,10,18,0.28,1.68,7.7
木柵站,2025/08/31 20:00,42,細懸浮微粒,15.5,9,21,0.35,1.71,7.9
木柵站,2025/08/31 21:00,43,細懸浮微粒,13.8,9,21,0.34,1.82,8.8
木柵站,2025/08/31 22:00,41,細懸浮微粒,11.9,8,16,0.37,1.67,10.2
木柵站,2025/08/31 23:00,37,細懸浮微粒,13.8,7,24,0.31,1.75,6.6
木柵站,2025/09/01 00:00,35,細懸浮微粒,12.2,6,17,0.35,1.32,8.4
木柵站,2025/09/01 01:00,32,細懸浮微粒,11.9,8,12,0.38,0.91,7.1
木柵站,2025/09/01 02:00,32,懸浮微粒,13.3,6,21,0.33,1.12,5.2
木柵站,2025/09/01 03:00,31,懸浮微粒,12.5,9,19,0.3,1.05,4.9
木柵站,2025/09/01 04:00,35,細懸浮微粒,11.9,13,21,0.31,0.88,4.7
木柵站,2025/09/01 05:00,40,細懸浮微粒,9.4,14,22,0.32,0.97,6.6
木柵站,2025/09/01 06:00,43,細懸浮微粒,10.2,12,15,0.33,1.28,7.9
木柵站,2025/09/01 07:00,43,細懸浮微粒,10.8,10,22,0.4,1.35,10.8
木柵站,2025/09/01 08:00,44,細懸浮微粒,13.8,13,28,0.38,1.52,12.5
木柵站,2025/09/01 09:00,45,細懸浮微粒,26.1,14,33,0.37,2.14,9.9
木柵站,2025/09/01 10:00,49,細懸浮微粒,39.2,17,36,0.39,2.38,8.2
木柵站,2025/09/01 11:00,51,細懸浮微粒,40.4,13,38,0.41,2.16,11.7
木柵站,2025/09/01 12:00,51,細懸浮微粒,42.3,11,30,0.48,1.89,16.7
木柵站,2025/09/01 13:00,52,細懸浮微粒,33.3,15,26,0.51,1.88,20.6
木柵站,2025/09/01 14:00,49,細懸浮微粒,17.3,9,15,0.38,1.52,11.3
木柵站,2025/09/01 15:00,46,細懸浮微粒,17.1,7,14,0.34,1.6,10.3
木柵站,2025/09/01 16:00,44,細懸浮微粒,14.6,8,20,0.36,1.81,14.4
木柵站,2025/09/01 17:00,40,細懸浮微粒,12.1,9,14,0.34,1.1,14.2
木柵站,2025/09/01 18:00,41,細懸浮微粒,14.7,12,16,0.29,1.37,9.4
木柵站,2025/09/01 19:00,42,細懸浮微粒,13.6,9,14,0.3,1.5,9.5
木柵站,2025/09/01 20:00,40,細懸浮微粒,8.1,6,22,0.36,1.43,13.1
木柵站,2025/09/01 21:00,40,細懸浮微粒,6.1,10,15,0.33,1.43,10.9
木柵站,2025/09/01 22:00,38,細懸浮微粒,6.4,10,16,0.26,1.39,9.4
木柵站,2025/09/01 23:00,36,細懸浮微粒,6.8,7,17,0.24,1.51,8.1
木柵站,2025/09/02 00:00,35,細懸浮微粒,4.8,7,15,0.32,1.67,10.2
木柵站,2025/09/02 01:00,33,細懸浮微粒,4.1,7,18,0.33,1.72,9.9
木柵站,2025/09/02 02:00,29,細懸浮微粒,5,4,19,0.31,1.68,9.9
木柵站,2025/09/02 03:00,28,懸浮微粒,4.3,5,15,0.29,1.69,8.5
木柵站,2025/09/02 04:00,28,懸浮微粒,3.3,5,17,0.33,1.41,9.6
木柵站,2025/09/02 05:00,28,細懸浮微粒,3.6,11,11,0.33,2.07,9.9
木柵站,2025/09/02 06:00,28,細懸浮微粒,4.6,6,19,0.32,2.18,9
木柵站,2025/09/02 07:00,27,懸浮微粒,6.5,2,15,0.37,2.39,8.1
木柵站,2025/09/02 08:00,28,懸浮微粒,11.4,7,21,0.36,2.16,8.4
木柵站,2025/09/02 09:00,34,懸浮微粒,24.1,14,36,0.45,2.73,12.3
木柵站,2025/09/02 10:00,46,細懸浮微粒,48.1,32,50,0.55,3.01,12.4
木柵站,2025/09/02 11:00,59,細懸浮微粒,64.4,28,43,0.47,2.95,10.5
木柵站,2025/09/02 12:00,68,細懸浮微粒,55.3,28,45,0.43,3.02,19.9
木柵站,2025/09/02 13:00,70,細懸浮微粒,53.1,17,35,0.26,3.29,9.7
木柵站,2025/09/02 14:00,63,細懸浮微粒,39,9,19,0.21,2.88,9.5
木柵站,2025/09/02 15:00,59,細懸浮微粒,34.9,14,20,0.27,3.22,18.3
木柵站,2025/09/02 16:00,55,細懸浮微粒,31.4,14,30,0.39,2.96,23.8
木柵站,2025/09/02 17:00,56,細懸浮微粒,32.3,16,24,0.36,2.51,15.6
木柵站,2025/09/02 18:00,55,細懸浮微粒,34,8,14,0.26,2.1,8.9
木柵站,2025/09/02 19:00,54,細懸浮微粒,27.4,8,12,0.27,2.04,12.1
木柵站,2025/09/02 20:00,52,細懸浮微粒,19.3,8,20,0.39,2.09,13.1
木柵站,2025/09/02 21:00,49,細懸浮微粒,14.5,9,19,0.36,2.43,11.1
木柵站,2025/09/02 22:00,44,細懸浮微粒,9.6,7,26,0.36,1.93,13.4
木柵站,2025/09/02 23:00,39,細懸浮微粒,6.2,6,21,0.38,1.73,14.6
木柵站,2025/09/03 00:00,36,細懸浮微粒,6.4,8,13,0.34,1.22,12.8
木柵站,2025/09/03 01:00,33,懸浮微粒,6.5,5,21,0.31,1.29,7.9
木柵站,2025/09/03 02:00,32,懸浮微粒,6.5,4,18,0.3,1.4,8.3
木柵站,2025/09/03 03:00,31,懸浮微粒,4.1,7,18,0.31,1.38,8.2
木柵站,2025/09/03 04:00,30,懸浮微粒,3.3,9,14,0.36,1.41,8.1
木柵站,2025/09/03 05:00,30,懸浮微粒,3.4,6,20,0.38,1.52,7.9
木柵站,2025/09/03 06:00,30,懸浮微粒,4.4,7,19,0.39,1.58,6.7
木柵站,2025/09/03 07:00,31,懸浮微粒,6,5,18,0.46,1.53,7.9
木柵站,2025/09/03 08:00,33,懸浮微粒,14.4,8,25,0.38,1.86,11
木柵站,2025/09/03 09:00,35,懸浮微粒,32.3,11,27,0.43,2.64,12.1
木柵站,2025/09/03 10:00,37,懸浮微粒,47.9,16,28,0.42,2.45,10.9
木柵站,2025/09/03 11:00,48,細懸浮微粒,64.1,23,40,0.51,2.71,13.8
木柵站,2025/09/03 12:00,57,細懸浮微粒,74.1,26,43,0.35,2.07,12.9
木柵站,2025/09/03 13:00,62,細懸浮微粒,68,21,39,0.31,2.39,12.3
木柵站,2025/09/03 14:00,64,細懸浮微粒,61.6,17,41,0.29,2.87,10.2
木柵站,2025/09/03 15:00,63,細懸浮微粒,52.5,17,19,0.23,1.99,9.4
木柵站,2025/09/03 16:00,55,細懸浮微粒,35.3,5,16,0.26,1.55,16.2
木柵站,2025/09/03 17:00,50,臭氧8小時,27.3,5,19,0.29,1.67,15
木柵站,2025/09/03 18:00,47,臭氧8小時,19,9,18,0.31,1.39,14.5
木柵站,2025/09/03 19:00,42,細懸浮微粒,10.4,8,20,0.23,1.77,11.5
木柵站,2025/09/03 20:00,44,細懸浮微粒,7.1,10,18,0.35,1.89,8.7
木柵站,2025/09/03 21:00,44,細懸浮微粒,5.9,6,13,0.29,1.67,8.4
木柵站,2025/09/03 22:00,38,細懸浮微粒,4.4,2,14,0.28,1.96,9.5
木柵站,2025/09/03 23:00,33,細懸浮微粒,4.5,4,17,0.28,1.68,7.6
木柵站,2025/09/04 00:00,29,懸浮微粒,4.3,4,14,0.27,1.38,5.9
木柵站,2025/09/04 01:00,27,懸浮微粒,3.5,4,12,0.34,1.32,7.5
木柵站,2025/09/04 02:00,27,懸浮微粒,5,4,19,0.3,1.46,6.5
木柵站,2025/09/04 03:00,26,懸浮微粒,3.4,2,16,0.28,1.48,6.6
木柵站,2025/09/04 04:00,28,懸浮微粒,3.6,5,21,0.24,1.17,5.2
木柵站,2025/09/04 05:00,28,懸浮微粒,3.6,4,13,0.27,1.35,5.7
木柵站,2025/09/04 06:00,27,懸浮微粒,4.1,9,17,0.31,1.52,7.8
木柵站,2025/09/04 07:00,28,懸浮微粒,6.4,8,20,0.38,1.74,7.5
木柵站,2025/09/04 08:00,29,懸浮微粒,16.6,6,23,0.42,1.74,9.5
木柵站,2025/09/04 09:00,34,懸浮微粒,40.1,9,32,0.54,2.61,12.7
木柵站,2025/09/04 10:00,40,懸浮微粒,59.7,13,36,0.54,2.96,12.8
木柵站,2025/09/04 11:00,45,懸浮微粒,72.4,24,38,0.56,2.38,13.3
木柵站,2025/09/04 12:00,51,懸浮微粒,67.4,19,42,0.35,2.68,15.7
木柵站,2025/09/04 13:00,55,細懸浮微粒,70.5,17,24,0.31,4.11,14.4
木柵站,2025/09/04 14:00,60,細懸浮微粒,67.4,21,35,0.27,3.59,13.1
木柵站,2025/09/04 15:00,57,細懸浮微粒,44.9,12,15,0.14,1.48,6.2
木柵站,2025/09/04 16:00,59,臭氧8小時,33.3,10,16,0.26,1.2,14.4
木柵站,2025/09/04 17:00,53,細懸浮微粒,24.5,12,24,0.35,1.24,16.2
木柵站,2025/09/04 18:00,51,細懸浮微粒,14.9,13,19,0.37,1.09,16.9
木柵站,2025/09/04 19:00,50,細懸浮微粒,6,9,18,0.3,1.18,13.3
木柵站,2025/09/04 20:00,49,細懸浮微粒,6.2,8,20,0.3,1.22,11.1
木柵站,2025/09/04 21:00,44,細懸浮微粒,6.2,4,21,0.26,1.37,10
木柵站,2025/09/04 22:00,38,細懸浮微粒,7.8,3,21,0.23,1.41,8.1
木柵站,2025/09/04 23:00,36,懸浮微粒,4.7,5,18,0.28,1.64,9.9
木柵站,2025/09/05 00:00,32,懸浮微粒,4.7,6,13,0.35,1.75,8.9
木柵站,2025/09/05 01:00,32,懸浮微粒,4.9,4,21,0.36,1.4,6.9
木柵站,2025/09/05 02:00,31,懸浮微粒,5.3,9,20,0.36,1.35,7.8
木柵站,2025/09/05 03:00,33,懸浮微粒,4.1,5,25,0.34,1.2,7.5
木柵站,2025/09/05 04:00,36,懸浮微粒,3.3,2,26,0.26,1.51,7.1
木柵站,2025/09/05 05:00,36,懸浮微粒,3.3,5,21,0.29,1.32,6.8
木柵站,2025/09/05 06:00,38,懸浮微粒,3.7,7,28,0.32,1.68,7.1
木柵站,2025/09/05 07:00,36,懸浮微粒,6.3,9,15,0.33,1.59,6.2
木柵站,2025/09/05 08:00,34,懸浮微粒,11.2,8,18,0.42,1.75,9.6
木柵站,2025/09/05 09:00,36,懸浮微粒,24,9,26,0.39,2.07,9.7
木柵站,2025/09/05 10:00,34,懸浮微粒,22.7,6,-,0.32,1.99,-
木柵站,2025/09/05 11:00,36,懸浮微粒,18.7,3,-,0.27,1.96,2.7
木柵站,2025/09/05 12:00,35,懸浮微粒,17.8,3,14,0.24,2.27,3.7
木柵站,2025/09/05 13:00,27,懸浮微粒,16.6,4,10,0.24,2.26,2.7
木柵站,2025/09/05 14:00,24,懸浮微粒,16.2,2,5,0.24,2.57,3
木柵站,2025/09/05 15:00,22,懸浮微粒,17.1,4,8,0.24,2.55,2.6
木柵站,2025/09/05 16:00,20,懸浮微粒,17,3,12,0.3,2.34,3
木柵站,2025/09/05 17:00,19,懸浮微粒,16.5,1,10,0.29,1.7,4.7
木柵站,2025/09/05 18:00,18,懸浮微粒,14.3,4,6,0.29,1.67,7
木柵站,2025/09/05 19:00,16,懸浮微粒,13.5,4,3,0.28,1.88,6.5
木柵站,2025/09/05 20:00,14,臭氧8小時,13.3,3,5,0.3,1.76,5.7
木柵站,2025/09/05 21:00,15,細懸浮微粒,13.1,5,11,0.28,1.34,4.6
木柵站,2025/09/05 22:00,14,細懸浮微粒,12.4,3,7,0.25,1.51,4.1
木柵站,2025/09/05 23:00,13,臭氧8小時,13.8,1,7,0.23,1.23,2
木柵站,2025/09/06 00:00,14,懸浮微粒,14,6,12,0.3,1.3,1.5
木柵站,2025/09/06 01:00,14,細懸浮微粒,14.1,5,11,0.35,1.94,1.4
木柵站,2025/09/06 02:00,15,懸浮微粒,15.1,2,7,0.32,1.39,1.3
木柵站,2025/09/06 03:00,16,細懸浮微粒,13.4,5,10,0.29,1.53,1.1
木柵站,2025/09/06 04:00,15,細懸浮微粒,13.1,4,9,0.3,1.56,1.1
木柵站,2025/09/06 05:00,16,細懸浮微粒,10.4,5,7,0.29,1.3,2.6
木柵站,2025/09/06 06:00,16,細懸浮微粒,10.2,2,11,0.3,1.76,2.9
木柵站,2025/09/06 07:00,16,懸浮微粒,12.3,1,13,0.34,2.52,2.1
木柵站,2025/09/06 08:00,17,懸浮微粒,14.3,3,12,0.28,2.2,2.1
木柵站,2025/09/06 09:00,18,懸浮微粒,16,4,11,0.28,2.18,2.2
木柵站,2025/09/06 10:00,18,懸浮微粒,16.7,3,11,0.3,2.33,3.1
木柵站,2025/09/06 11:00,17,懸浮微粒,17.2,4,7,0.31,2.13,2.3
木柵站,2025/09/06 12:00,16,懸浮微粒,17,2,8,0.29,2.04,2.2
木柵站,2025/09/06 13:00,17,懸浮微粒,17,1,16,0.27,2.51,1
木柵站,2025/09/06 14:00,16,懸浮微粒,17,5,5,0.28,2.24,1.4
木柵站,2025/09/06 15:00,15,臭氧8小時,17.4,6,6,0.27,2.32,1.5
木柵站,2025/09/06 16:00,16,臭氧8小時,17.2,2,4,0.27,2.13,1.9
木柵站,2025/09/06 17:00,16,臭氧8小時,15.9,1,5,0.27,1.94,3.5
木柵站,2025/09/06 18:00,15,臭氧8小時,15,4,9,0.29,2.01,4.7
木柵站,2025/09/06 19:00,15,臭氧8小時,15.3,5,10,0.29,1.71,4.5
木柵站,2025/09/06 20:00,15,臭氧8小時,13.3,4,9,0.36,1.87,5.3
木柵站,2025/09/06 21:00,17,細懸浮微粒,12.2,6,9,0.35,1.98,5.4
木柵站,2025/09/06 22:00,16,細懸浮微粒,8.8,3,9,0.35,1.45,6.8
木柵站,2025/09/06 23:00,17,懸浮微粒,8.5,5,18,0.3,1.58,5.1
木柵站,2025/09/07 00:00,18,細懸浮微粒,8.1,6,9,0.33,1.71,4.4
木柵站,2025/09/07 01:00,19,細懸浮微粒,5.9,6,11,0.37,1.89,6.3
木柵站,2025/09/07 02:00,20,細懸浮微粒,7.7,5,15,0.32,1.82,5.6
木柵站,2025/09/07 03:00,18,懸浮微粒,6.2,1,13,0.29,1.57,5
木柵站,2025/09/07 04:00,20,懸浮微粒,7.1,1,13,0.32,1.79,3.9
木柵站,2025/09/07 05:00,20,懸浮微粒,6.9,6,11,0.32,1.85,4
木柵站,2025/09/07 06:00,22,懸浮微粒,7.1,7,19,0.37,2.2,4.8
木柵站,2025/09/07 07:00,25,懸浮微粒,10.2,13,22,0.41,2.3,5
木柵站,2025/09/07 08:00,33,細懸浮微粒,23.3,15,27,0.37,2.71,4.7
木柵站,2025/09/07 09:00,31,細懸浮微粒,31.4,3,18,0.36,3.07,4.6
木柵站,2025/09/07 10:00,33,細懸浮微粒,35.3,9,23,0.37,2.79,4.8
木柵站,2025/09/07 11:00,32,懸浮微粒,40.8,7,20,0.36,2.76,5.5
木柵站,2025/09/07 12:00,32,懸浮微粒,43.4,5,22,0.36,3.05,6.6
木柵站,2025/09/07 13:00,33,懸浮微粒,47.2,10,20,0.39,3.12,7.5
木柵站,2025/09/07 14:00,34,懸浮微粒,41.2,12,23,0.39,3.33,9.7
木柵站,2025/09/07 15:00,35,細懸浮微粒,34.9,10,17,0.33,2.6,8.4
木柵站,2025/09/07 16:00,40,細懸浮微粒,35,11,27,0.32,2.11,9.3
木柵站,2025/09/07 17:00,41,細懸浮微粒,34.6,11,-,0.26,1.82,7.1
木柵站,2025/09/07 18:00,38,細懸浮微粒,30.4,6,1,0.17,2.02,5.3
木柵站,2025/09/07 19:00,33,臭氧8小時,22.6,3,1,0.2,2.06,8.8
木柵站,2025/09/07 20:00,30,臭氧8小時,15.7,3,1,0.38,2.01,9.8
木柵站,2025/09/07 21:00,26,臭氧8小時,11.6,3,19,0.38,2.26,9
木柵站,2025/09/07 22:00,23,臭氧8小時,11.2,4,22,0.37,2.43,8.5
木柵站,2025/09/07 23:00,28,懸浮微粒,8.8,7,26,0.37,2.17,8.1
木柵站,2025/09/08 00:00,30,懸浮微粒,7.9,5,14,0.37,2.11,7.3
木柵站,2025/09/08 01:00,31,懸浮微粒,7,2,25,0.4,2.23,8.1
木柵站,2025/09/08 02:00,33,懸浮微粒,7.7,4,27,0.38,2.21,7
木柵站,2025/09/08 03:00,33,懸浮微粒,7,8,25,0.32,2.48,5.9
木柵站,2025/09/08 04:00,34,懸浮微粒,5.3,6,21,0.29,1.9,7.3
木柵站,2025/09/08 05:00,28,懸浮微粒,4.3,6,1,0.25,1.99,7.2
木柵站,2025/09/08 06:00,24,細懸浮微粒,6.6,8,1,0.24,2.3,4.9
木柵站,2025/09/08 07:00,22,細懸浮微粒,8.6,3,1,0.34,2.29,8
木柵站,2025/09/08 08:00,23,二氧化氮小時值,6.9,2,23,0.41,2.62,9.5
木柵站,2025/09/08 09:00,23,懸浮微粒,10.4,7,16,0.35,2.52,7.3
木柵站,2025/09/08 10:00,28,懸浮微粒,20.2,5,25,0.41,3.03,7.9
木柵站,2025/09/08 11:00,32,懸浮微粒,38.1,8,21,0.39,2.88,8.1
木柵站,2025/09/08 12:00,33,懸浮微粒,57.7,7,27,0.3,2.72,7.5
木柵站,2025/09/08 13:00,35,懸浮微粒,49.2,10,23,0.33,2.93,10.3
木柵站,2025/09/08 14:00,34,懸浮微粒,35.5,8,23,0.29,2.82,13
木柵站,2025/09/08 15:00,35,懸浮微粒,31.9,5,27,0.32,1.19,14.6
木柵站,2025/09/08 16:00,42,二氧化氮小時值,27.2,5,22,0.34,1,17.5
木柵站,2025/09/08 17:00,40,懸浮微粒,32.7,3,38,0.24,0.7,7.8
木柵站,2025/09/08 18:00,42,懸浮微粒,31.1,9,23,0.23,0.72,8.2
木柵站,2025/09/08 19:00,43,懸浮微粒,25.5,7,25,0.24,0.91,6.8
木柵站,2025/09/08 20:00,44,懸浮微粒,23.2,5,25,0.32,0.4,5.6
木柵站,2025/09/08 21:00,41,懸浮微粒,16.2,7,23,0.37,0.74,9.6
木柵站,2025/09/08 22:00,44,懸浮微粒,9.3,9,33,0.43,0.63,11.7
木柵站,2025/09/08 23:00,44,懸浮微粒,9.3,7,25,0.38,0.71,9.7
木柵站,2025/09/09 00:00,45,懸浮微粒,9.7,7,28,0.36,0.28,7.7
木柵站,2025/09/09 01:00,46,懸浮微粒,10.6,10,27,0.35,0.36,7.2
木柵站,2025/09/09 02:00,45,懸浮微粒,10,9,28,0.33,0.3,6
木柵站,2025/09/09 03:00,45,懸浮微粒,8,7,24,0.29,0.42,5.7
木柵站,2025/09/09 04:00,44,懸浮微粒,6.9,8,23,0.27,0.41,5.2
木柵站,2025/09/09 05:00,44,懸浮微粒,4.9,6,31,0.28,0.31,7.4
木柵站,2025/09/09 06:00,43,懸浮微粒,5.9,7,22,0.29,0.46,7.2
木柵站,2025/09/09 07:00,42,懸浮微粒,8,8,23,0.36,0.4,8.4
木柵站,2025/09/09 08:00,42,懸浮微粒,14.8,9,23,0.4,1.03,9.1
木柵站,2025/09/09 09:00,40,懸浮微粒,25.5,10,21,0.41,0.94,10
木柵站,2025/09/09 10:00,40,懸浮微粒,32.3,10,24,0.39,0.8,7.4
木柵站,2025/09/09 11:00,40,懸浮微粒,37.4,11,26,0.39,1.37,7.3
木柵站,2025/09/09 12:00,37,懸浮微粒,44.1,8,13,0.26,0.69,6
木柵站,2025/09/09 13:00,38,懸浮微粒,46.4,8,26,0.26,1.28,6
木柵站,2025/09/09 14:00,39,懸浮微粒,47.6,8,29,0.33,2.57,11.2
木柵站,2025/09/09 15:00,42,懸浮微粒,39.6,17,34,0.33,1.3,14.3
木柵站,2025/09/09 16:00,44,懸浮微粒,32.2,8,22,0.26,0.74,9.5
木柵站,2025/09/09 17:00,38,懸浮微粒,24.4,5,8,0.18,0.31,8.1
木柵站,2025/09/09 18:00,40,懸浮微粒,12.9,10,32,0.22,0.35,13.9
木柵站,2025/09/09 19:00,43,細懸浮微粒,9.7,21,41,0.26,0.31,13.1
木柵站,2025/09/09 20:00,54,細懸浮微粒,8.8,26,51,0.39,0.49,11.1
木柵站,2025/09/09 21:00,61,細懸浮微粒,8.2,22,41,0.36,0.53,9.2
木柵站,2025/09/09 22:00,62,細懸浮微粒,6.5,12,27,0.39,0.53,10.2
木柵站,2025/09/09 23:00,56,細懸浮微粒,4.7,7,32,0.38,0.38,10.4
木柵站,2025/09/10 00:00,53,懸浮微粒,4.9,5,36,0.3,0.15,8.1
木柵站,2025/09/10 01:00,53,懸浮微粒,5.1,6,35,0.31,0.14,6.7
木柵站,2025/09/10 02:00,54,懸浮微粒,7.2,7,37,0.28,0.13,6.2
木柵站,2025/09/10 03:00,54,懸浮微粒,4.4,8,32,0.28,0.16,6.3
木柵站,2025/09/10 04:00,54,懸浮微粒,4.2,8,30,0.25,0.12,6
木柵站,2025/09/10 05:00,56,懸浮微粒,3.4,6,37,0.24,0.14,7.1
木柵站,2025/09/10 06:00,54,懸浮微粒,4.7,5,27,0.28,0.15,6.5
木柵站,2025/09/10 07:00,54,懸浮微粒,7.6,10,33,0.34,0.15,6
木柵站,2025/09/10 08:00,52,懸浮微粒,16.2,10,27,0.28,0.34,6.3
木柵站,2025/09/10 09:00,49,懸浮微粒,25.4,7,24,0.38,0.56,9
木柵站,2025/09/10 10:00,49,懸浮微粒,36.8,10,25,0.38,0.46,9
木柵站,2025/09/10 11:00,46,懸浮微粒,46.4,9,24,0.39,0.56,8.6
木柵站,2025/09/10 12:00,47,懸浮微粒,55.4,5,32,0.37,1.7,14.9
木柵站,2025/09/10 13:00,47,懸浮微粒,60.4,12,26,0.33,2.56,9.8
木柵站,2025/09/10 14:00,39,懸浮微粒,46,13,1,0.28,3.38,14
木柵站,2025/09/10 15:00,38,細懸浮微粒,33.8,11,22,0.23,0.68,9.9
木柵站,2025/09/10 16:00,39,細懸浮微粒,25.1,6,16,0.34,0.13,13.4
木柵站,2025/09/10 17:00,49,二氧化氮小時值,19.3,10,23,0.41,0.16,20.5
木柵站,2025/09/10 18:00,39,懸浮微粒,10,8,30,0.33,0.13,14.3
木柵站,2025/09/10 19:00,39,懸浮微粒,8.8,9,27,0.38,0.18,14.7
木柵站,2025/09/10 20:00,40,懸浮微粒,11.1,10,22,0.3,0.21,6.8
木柵站,2025/09/10 21:00,42,懸浮微粒,8.2,11,29,0.31,0.18,8.4
木柵站,2025/09/10 22:00,41,懸浮微粒,6,11,26,0.34,0.16,8.7
木柵站,2025/09/10 23:00,41,懸浮微粒,5.7,7,25,0.32,0.18,7.9
木柵站,2025/09/11 00:00,39,細懸浮微粒,6.2,10,20,0.32,0.19,6.3
木柵站,2025/09/11 01:00,40,懸浮微粒,5.6,7,32,0.33,0.12,5.6
木柵站,2025/09/11 02:00,42,懸浮微粒,7.2,8,26,0.31,0.15,5.2
木柵站,2025/09/11 03:00,42,懸浮微粒,5.6,8,23,0.29,0.14,4.9
木柵站,2025/09/11 04:00,44,懸浮微粒,5.8,6,27,0.27,0.13,5
木柵站,2025/09/11 05:00,43,懸浮微粒,4.5,8,26,0.25,0.14,6.5
木柵站,2025/09/11 06:00,42,懸浮微粒,5.2,6,23,0.25,0.18,7.2
木柵站,2025/09/11 07:00,44,懸浮微粒,7.3,9,32,0.34,0.15,7.4
木柵站,2025/09/11 08:00,43,懸浮微粒,17.2,5,20,0.27,0.26,6.7
木柵站,2025/09/11 09:00,41,懸浮微粒,25.6,2,21,0.31,0.3,7.5
木柵站,2025/09/11 10:00,41,懸浮微粒,38.7,4,23,0.33,0.38,6.3
木柵站,2025/09/11 11:00,39,懸浮微粒,47.6,9,23,0.33,0.25,7.1
木柵站,2025/09/11 12:00,42,懸浮微粒,49.3,10,33,0.33,1.46,13
木柵站,2025/09/11 13:00,44,懸浮微粒,39.4,9,30,0.29,0.94,7.9
木柵站,2025/09/11 14:00,45,懸浮微粒,36.1,8,27,0.27,0.87,6.9
木柵站,2025/09/11 15:00,46,懸浮微粒,31.4,9,26,0.28,0.88,7.9
木柵站,2025/09/11 16:00,41,懸浮微粒,26.3,7,15,0.29,0.32,7.9
木柵站,2025/09/11 17:00,37,懸浮微粒,20.6,7,15,0.3,0.55,8.2
木柵站,2025/09/11 18:00,34,懸浮微粒,16.8,7,15,0.31,0.41,11.4
木柵站,2025/09/11 19:00,30,懸浮微粒,16.4,6,12,0.27,0.18,7.7
木柵站,2025/09/11 20:00,28,懸浮微粒,12.4,7,11,0.24,0.24,6.7
木柵站,2025/09/11 21:00,30,細懸浮微粒,8.3,9,18,0.29,0.2,10.4
木柵站,2025/09/11 22:00,30,細懸浮微粒,8,6,18,0.29,0.29,8.5
木柵站,2025/09/11 23:00,29,懸浮微粒,8.6,5,15,0.27,0.2,7.5
木柵站,2025/09/12 00:00,28,懸浮微粒,7.4,6,12,0.34,0.25,7.9
木柵站,2025/09/12 01:00,27,懸浮微粒,7.2,5,18,0.37,0.21,5.9
木柵站,2025/09/12 02:00,27,懸浮微粒,8.4,6,21,0.35,0.18,5.5
木柵站,2025/09/12 03:00,27,懸浮微粒,6.8,5,18,0.33,0.22,4.9
木柵站,2025/09/12 04:00,31,懸浮微粒,6.3,5,25,0.3,0.18,5.1
木柵站,2025/09/12 05:00,34,懸浮微粒,4.6,5,27,0.27,0.2,7.6
木柵站,2025/09/12 06:00,34,懸浮微粒,5.9,4,22,0.32,0.24,6.2
木柵站,2025/09/12 07:00,37,懸浮微粒,10.6,3,26,0.32,0.29,5.7
木柵站,2025/09/12 08:00,38,懸浮微粒,22.2,4,25,0.35,0.4,6.9
木柵站,2025/09/12 09:00,40,懸浮微粒,33.5,13,33,0.4,0.77,8.6
木柵站,2025/09/12 10:00,43,懸浮微粒,48.4,12,33,0.44,0.59,9.7
木柵站,2025/09/12 11:00,49,懸浮微粒,50.8,14,42,0.45,0.55,14.1
木柵站,2025/09/12 12:00,51,懸浮微粒,49.6,19,32,0.32,0.54,13.6
木柵站,2025/09/12 13:00,52,懸浮微粒,-,-,-,-,-,-
木柵站,2025/09/12 14:00,52,懸浮微粒,-,9,31,-,-,-
木柵站,2025/09/12 15:00,46,懸浮微粒,35.3,6,16,0.28,0.44,12.2
木柵站,2025/09/12 16:00,43,懸浮微粒,30.3,5,22,0.35,0.74,13.9
木柵站,2025/09/12 17:00,43,懸浮微粒,24.3,3,26,0.33,1.12,14.2
木柵站,2025/09/12 18:00,42,懸浮微粒,17.5,7,25,0.39,0.63,14.4
木柵站,2025/09/12 19:00,46,懸浮微粒,12.7,8,33,0.32,0.82,11.3
木柵站,2025/09/12 20:00,47,懸浮微粒,7.9,6,25,0.31,1.02,11.1
木柵站,2025/09/12 21:00,45,懸浮微粒,6.6,8,23,0.33,1.19,10.4
木柵站,2025/09/12 22:00,45,懸浮微粒,6.6,4,26,0.33,1.03,9.2
木柵站,2025/09/12 23:00,40,懸浮微粒,4.4,8,18,0.34,1.29,10
木柵站,2025/09/13 00:00,40,懸浮微粒,5.6,4,25,0.28,1.82,6.6
木柵站,2025/09/13 01:00,40,懸浮微粒,4.9,2,24,0.34,1.78,6.7
木柵站,2025/09/13 02:00,39,懸浮微粒,6,4,25,0.3,1.47,5.9
木柵站,2025/09/13 03:00,41,懸浮微粒,5,2,23,0.29,1.86,6
木柵站,2025/09/13 04:00,42,懸浮微粒,4.6,9,30,0.3,1.7,5
木柵站,2025/09/13 05:00,43,懸浮微粒,4.7,8,28,0.33,1.63,5.3
木柵站,2025/09/13 06:00,44,懸浮微粒,6,9,29,0.32,1.9,4.7
木柵站,2025/09/13 07:00,46,懸浮微粒,10.8,7,33,0.35,2.01,5
木柵站,2025/09/13 08:00,46,懸浮微粒,19.4,4,27,0.37,2.52,6
木柵站,2025/09/13 09:00,48,懸浮微粒,30.4,6,35,0.48,4.03,8.1
木柵站,2025/09/13 10:00,47,懸浮微粒,39.3,8,23,0.43,3.72,6.8
木柵站,2025/09/13 11:00,45,懸浮微粒,42.4,6,21,0.37,3.05,3.8
木柵站,2025/09/13 12:00,44,懸浮微粒,48.3,11,25,0.3,3.48,4.3
木柵站,2025/09/13 13:00,44,懸浮微粒,56.2,11,32,0.34,6.05,5.3
木柵站,2025/09/13 14:00,46,懸浮微粒,56.2,13,29,0.38,-,11.2
木柵站,2025/09/13 15:00,51,二氧化硫小時值,63.2,15,26,0.36,8.91,10.1
木柵站,2025/09/13 16:00,45,懸浮微粒,39.3,12,18,0.38,3.33,8.5
木柵站,2025/09/13 17:00,44,細懸浮微粒,26.9,10,21,0.37,2.78,12
木柵站,2025/09/13 18:00,41,細懸浮微粒,23.7,8,17,0.33,2.34,8.5
木柵站,2025/09/13 19:00,39,臭氧8小時,21.5,7,20,0.31,2.36,7.8
木柵站,2025/09/13 20:00,36,懸浮微粒,20,5,20,0.27,1.98,5.5
木柵站,2025/09/13 21:00,35,懸浮微粒,14.3,4,21,0.28,2.06,8.5
木柵站,2025/09/13 22:00,37,懸浮微粒,10.5,3,25,0.32,1.71,9.2
木柵站,2025/09/13 23:00,36,懸浮微粒,9.2,4,18,0.31,2.53,7.8
木柵站,2025/09/14 00:00,34,懸浮微粒,8.1,5,11,0.33,1.55,8.3
木柵站,2025/09/14 01:00,33,懸浮微粒,8.2,5,20,0.36,0.94,5.7
木柵站,2025/09/14 02:00,32,懸浮微粒,9.1,4,25,0.33,0.7,5.4
木柵站,2025/09/14 03:00,34,懸浮微粒,7.7,5,28,0.31,1.02,5.4
木柵站,2025/09/14 04:00,37,懸浮微粒,6.7,6,23,0.3,1.07,5.4
木柵站,2025/09/14 05:00,40,懸浮微粒,5.3,9,29,0.29,1.11,6.6
木柵站,2025/09/14 06:00,41,懸浮微粒,6.5,13,28,0.31,0.89,6
木柵站,2025/09/14 07:00,42,懸浮微粒,11.3,8,28,0.32,1.29,5.4
木柵站,2025/09/14 08:00,44,懸浮微粒,21.7,7,29,0.41,2.2,4.8
木柵站,2025/09/14 09:00,41,懸浮微粒,35,8,19,0.39,2.69,3.8
木柵站,2025/09/14 10:00,37,懸浮微粒,32.3,8,12,0.39,1.51,3.5
木柵站,2025/09/14 11:00,36,懸浮微粒,32.8,5,21,0.4,2.43,3.2
木柵站,2025/09/14 12:00,35,懸浮微粒,35.2,3,20,0.28,2.41,2.1
木柵站,2025/09/14 13:00,38,懸浮微粒,49.1,7,31,0.35,2.67,6.2
木柵站,2025/09/14 14:00,40,懸浮微粒,53.2,14,22,0.29,2.34,6.9
木柵站,2025/09/14 15:00,40,懸浮微粒,42.6,18,25,0.31,2.16,9.2
木柵站,2025/09/14 16:00,48,細懸浮微粒,32,17,27,0.33,1.69,7.3
木柵站,2025/09/14 17:00,51,細懸浮微粒,25.4,12,28,0.29,1.18,8.9
木柵站,2025/09/14 18:00,53,細懸浮微粒,20.7,19,33,0.26,1.13,9.3
木柵站,2025/09/14 19:00,52,細懸浮微粒,18.8,14,28,0.26,1.56,9.2
木柵站,2025/09/14 20:00,51,細懸浮微粒,16,12,35,0.38,1.49,10.8
木柵站,2025/09/14 21:00,50,細懸浮微粒,12.8,9,29,0.39,1.54,9
木柵站,2025/09/14 22:00,49,細懸浮微粒,9.4,14,32,0.38,1.29,9.7
木柵站,2025/09/14 23:00,50,細懸浮微粒,8.6,13,21,0.33,1.45,8.4
木柵站,2025/09/15 00:00,48,細懸浮微粒,7.9,7,17,0.36,1.6,7
木柵站,2025/09/15 01:00,50,細懸浮微粒,7.5,11,33,0.34,1.28,4.3
木柵站,2025/09/15 02:00,46,細懸浮微粒,7.4,8,21,0.34,1.39,5.4
木柵站,2025/09/15 03:00,43,懸浮微粒,5.3,10,25,0.29,1.42,5.1
木柵站,2025/09/15 04:00,45,懸浮微粒,4.4,7,29,0.27,1.68,6.1
木柵站,2025/09/15 05:00,43,懸浮微粒,4.1,11,22,0.24,1.53,6.4
木柵站,2025/09/15 06:00,45,懸浮微粒,4.7,6,31,0.28,2.04,5.7
木柵站,2025/09/15 07:00,46,懸浮微粒,7.4,8,29,0.32,1.89,5.9
木柵站,2025/09/15 08:00,46,懸浮微粒,20,10,31,0.38,2.49,6.2
木柵站,2025/09/15 09:00,47,懸浮微粒,34.6,12,29,0.39,3.33,6.1
木柵站,2025/09/15 10:00,45,懸浮微粒,26.8,9,23,0.36,2.47,5.6
木柵站,2025/09/15 11:00,42,懸浮微粒,20.5,6,17,0.33,2.76,4.5
木柵站,2025/09/15 12:00,38,懸浮微粒,18.2,4,11,0.22,2.51,2.2
木柵站,2025/09/15 13:00,32,懸浮微粒,17.5,1,11,0.22,2.84,1.8
木柵站,2025/09/15 14:00,30,懸浮微粒,17.9,1,13,0.22,3.34,2.4
木柵站,2025/09/15 15:00,29,懸浮微粒,19.3,4,18,0.24,2.68,2.7
木柵站,2025/09/15 16:00,27,懸浮微粒,14.8,6,7,0.3,2.3,4.8
木柵站,2025/09/15 17:00,25,懸浮微粒,12.2,7,7,0.31,2.3,5.9
木柵站,2025/09/15 18:00,23,細懸浮微粒,8.9,5,11,0.34,2.22,9.1
木柵站,2025/09/15 19:00,23,細懸浮微粒,9.4,4,17,0.3,2.47,8.1
木柵站,2025/09/15 20:00,22,懸浮微粒,7,4,13,0.22,1.81,8.5
木柵站,2025/09/15 21:00,24,懸浮微粒,8.2,8,18,0.18,1.8,5
木柵站,2025/09/15 22:00,25,懸浮微粒,10.5,6,19,0.2,2.54,4.6
木柵站,2025/09/15 23:00,25,懸浮微粒,10.7,3,15,0.17,2.12,3.6
木柵站,2025/09/16 00:00,24,懸浮微粒,9.7,4,9,0.2,1.77,3.7
木柵站,2025/09/16 01:00,25,懸浮微粒,8,4,20,0.27,1.91,7.1
木柵站,2025/09/16 02:00,24,懸浮微粒,5.7,3,15,0.27,1.87,9
木柵站,2025/09/16 03:00,25,懸浮微粒,8.3,5,19,0.21,1.94,4.6
木柵站,2025/09/16 04:00,27,懸浮微粒,8.2,3,16,0.28,1.96,4.2
木柵站,2025/09/16 05:00,29,懸浮微粒,6.9,6,23,0.29,1.82,4.7
木柵站,2025/09/16 06:00,32,懸浮微粒,4.3,7,26,0.36,2.01,8.5
木柵站,2025/09/16 07:00,33,懸浮微粒,7.6,5,22,0.33,1.92,5.2
木柵站,2025/09/16 08:00,34,懸浮微粒,10.6,2,20,0.28,2.8,3.4
木柵站,2025/09/16 09:00,34,懸浮微粒,12.3,4,19,0.28,2.53,3.3
木柵站,2025/09/16 10:00,34,懸浮微粒,14.7,7,25,0.34,2.84,3.9
木柵站,2025/09/16 11:00,31,懸浮微粒,15.7,4,11,0.33,2.61,3.3
木柵站,2025/09/16 12:00,31,懸浮微粒,14.6,1,17,0.29,2.19,3.1
木柵站,2025/09/16 13:00,30,懸浮微粒,16.5,4,16,0.27,2.65,2
木柵站,2025/09/16 14:00,28,懸浮微粒,15.1,5,15,0.28,2.69,3.5
木柵站,2025/09/16 15:00,28,懸浮微粒,13.5,3,12,0.29,2.86,4.8
木柵站,2025/09/16 16:00,29,懸浮微粒,11.5,7,19,0.3,2.89,7.5
木柵站,2025/09/16 17:00,28,懸浮微粒,11.2,5,16,0.3,2.72,8.2
木柵站,2025/09/16 18:00,27,懸浮微粒,10.7,7,13,0.29,2.28,7
木柵站,2025/09/16 19:00,28,懸浮微粒,11.6,4,19,0.24,2.43,4.6
木柵站,2025/09/16 20:00,24,懸浮微粒,11.2,4,4,0.29,2.21,4.1
木柵站,2025/09/16 21:00,24,懸浮微粒,11.8,4,16,0.29,2.09,3.3
木柵站,2025/09/16 22:00,22,懸浮微粒,11.8,2,10,0.27,2.67,2.8
木柵站,2025/09/16 23:00,21,懸浮微粒,11.9,1,15,0.26,2.82,2.4
木柵站,2025/09/17 00:00,20,懸浮微粒,11.3,4,1,0.27,1.66,2.6
木柵站,2025/09/17 01:00,17,懸浮微粒,12.1,4,6,0.25,1.15,1.6
木柵站,2025/09/17 02:00,17,懸浮微粒,12.8,1,11,0.27,1.49,1.4
木柵站,2025/09/17 03:00,16,懸浮微粒,10.5,1,13,0.22,0.86,2.4
木柵站,2025/09/17 04:00,19,懸浮微粒,7,3,14,0.3,1.24,6.1
木柵站,2025/09/17 05:00,21,懸浮微粒,6.9,2,18,0.29,1.09,7.4
木柵站,2025/09/17 06:00,22,懸浮微粒,6.1,1,15,0.32,1.14,8.4
木柵站,2025/09/17 07:00,23,懸浮微粒,9.3,1,16,0.36,1.33,5.8
木柵站,2025/09/17 08:00,25,懸浮微粒,12.7,1,18,0.3,1.6,4.3
木柵站,2025/09/17 09:00,24,懸浮微粒,14.9,1,15,0.31,2.36,3.9
木柵站,2025/09/17 10:00,24,懸浮微粒,17,3,13,0.31,2.33,3.7
木柵站,2025/09/17 11:00,24,懸浮微粒,15.3,1,16,0.34,1.71,3.7
木柵站,2025/09/17 12:00,23,懸浮微粒,15.9,1,11,0.25,2.08,1.9
木柵站,2025/09/17 13:00,23,懸浮微粒,16.2,4,12,0.27,2.81,2.6
木柵站,2025/09/17 14:00,25,懸浮微粒,15.5,3,19,0.28,3.02,3
木柵站,2025/09/17 15:00,23,懸浮微粒,15.6,1,11,0.26,2.8,1.6
木柵站,2025/09/17 16:00,23,懸浮微粒,15.2,4,11,0.29,2.26,2.5
木柵站,2025/09/17 17:00,24,懸浮微粒,12.7,3,15,0.33,1.69,6
木柵站,2025/09/17 18:00,22,懸浮微粒,11.8,3,11,0.33,1.37,6.4
木柵站,2025/09/17 19:00,22,懸浮微粒,12.7,4,12,0.28,1.25,4.4
木柵站,2025/09/17 20:00,23,懸浮微粒,11.7,3,19,0.27,1.41,4.4
木柵站,2025/09/17 21:00,22,懸浮微粒,12.7,1,11,0.27,1.41,3.8
木柵站,2025/09/17 22:00,21,懸浮微粒,14,2,8,0.24,1.36,3.1
木柵站,2025/09/17 23:00,22,懸浮微粒,13.8,3,16,0.24,2.09,2.9
木柵站,2025/09/18 00:00,18,懸浮微粒,15,4,4,0.26,1.33,1.6
木柵站,2025/09/18 01:00,17,懸浮微粒,15.1,5,5,0.27,1.13,1.5
木柵站,2025/09/18 02:00,16,懸浮微粒,14.8,1,9,0.25,1.65,1.7
木柵站,2025/09/18 03:00,14,懸浮微粒,11.1,1,8,0.27,1.3,4.1
木柵站,2025/09/18 04:00,18,懸浮微粒,12,5,17,0.31,1.77,2.6
木柵站,2025/09/18 05:00,19,懸浮微粒,12.2,7,13,0.34,1.85,3.3
木柵站,2025/09/18 06:00,22,懸浮微粒,9.9,6,19,0.37,1.56,6
木柵站,2025/09/18 07:00,25,懸浮微粒,10.6,4,22,0.4,2.25,7.2
木柵站,2025/09/18 08:00,26,懸浮微粒,12.2,3,21,0.32,2.67,5.7
木柵站,2025/09/18 09:00,27,懸浮微粒,13.9,6,15,0.31,2.4,4.9
木柵站,2025/09/18 10:00,29,懸浮微粒,15,5,22,0.31,2.26,4.3
木柵站,2025/09/18 11:00,27,懸浮微粒,16.2,3,15,0.34,1.95,4.4
木柵站,2025/09/18 12:00,26,懸浮微粒,17,2,13,0.24,2.27,3.6
木柵站,2025/09/18 13:00,26,懸浮微粒,16.4,1,12,0.24,2,3.2
木柵站,2025/09/18 14:00,25,懸浮微粒,15.3,1,16,0.23,2.36,5.7
木柵站,2025/09/18 15:00,25,懸浮微粒,17.1,1,12,0.23,2.18,3.1
木柵站,2025/09/18 16:00,25,懸浮微粒,14.5,1,15,0.31,2.4,6.5
木柵站,2025/09/18 17:00,24,懸浮微粒,14.8,3,8,0.29,1.69,5.9
木柵站,2025/09/18 18:00,24,懸浮微粒,14.9,6,16,0.27,1.62,5.7
木柵站,2025/09/18 19:00,23,懸浮微粒,15.2,5,11,0.24,1.64,4.5
木柵站,2025/09/18 20:00,21,懸浮微粒,15.2,3,11,0.26,2.11,3.2
木柵站,2025/09/18 21:00,21,懸浮微粒,14.5,1,10,0.29,2.07,3.2
木柵站,2025/09/18 22:00,19,懸浮微粒,14.7,6,11,0.23,1.7,2.5
木柵站,2025/09/18 23:00,20,懸浮微粒,15.1,4,14,0.23,2.14,1.9
木柵站,2025/09/19 00:00,19,懸浮微粒,14.2,5,9,0.3,1.8,1.4
木柵站,2025/09/19 01:00,21,懸浮微粒,12.8,4,18,0.3,1.27,2.2
木柵站,2025/09/19 02:00,23,懸浮微粒,12.9,2,17,0.26,1.34,1.9
木柵站,2025/09/19 03:00,21,懸浮微粒,13.5,2,8,0.25,1.28,1.3
木柵站,2025/09/19 04:00,20,懸浮微粒,14.9,3,8,0.2,1.01,1.1
木柵站,2025/09/19 05:00,22,懸浮微粒,15.2,2,20,0.22,1.29,1.2
木柵站,2025/09/19 06:00,21,懸浮微粒,14.7,1,13,0.24,1.32,2
木柵站,2025/09/19 07:00,24,懸浮微粒,13.7,1,20,0.26,1.26,3.1
木柵站,2025/09/19 08:00,28,懸浮微粒,13.4,1,25,0.27,1.48,3.4
木柵站,2025/09/19 09:00,28,懸浮微粒,12.9,1,17,0.32,1.96,4
木柵站,2025/09/19 10:00,30,懸浮微粒,12.7,1,20,0.33,2.18,5
木柵站,2025/09/19 11:00,29,懸浮微粒,15.2,4,14,0.32,1.91,3.3
木柵站,2025/09/19 12:00,27,懸浮微粒,17.1,1,13,0.27,2.23,3.7
木柵站,2025/09/19 13:00,27,懸浮微粒,18,6,19,0.3,3.97,5.1
木柵站,2025/09/19 14:00,28,懸浮微粒,15.3,5,22,-,-,-
木柵站,2025/09/19 15:00,29,懸浮微粒,15.3,4,16,-,-,-
木柵站,2025/09/19 16:00,30,懸浮微粒,15.5,2,15,0.27,2.33,5.1
木柵站,2025/09/19 17:00,29,懸浮微粒,15.9,1,15,0.21,1.71,4.9
木柵站,2025/09/19 18:00,31,懸浮微粒,29.9,10,28,0.26,1.23,8
木柵站,2025/09/19 19:00,40,二氧化氮小時值,23.8,9,17,0.34,1.33,16.9
木柵站,2025/09/19 20:00,32,懸浮微粒,18.8,10,22,0.35,1.32,12.4
木柵站,2025/09/19 21:00,34,懸浮微粒,10.3,6,23,0.33,1.09,12.2
木柵站,2025/09/19 22:00,33,懸浮微粒,6,6,23,0.31,1.71,11.4
木柵站,2025/09/19 23:00,34,懸浮微粒,4.9,7,18,0.28,1.45,10.1
木柵站,2025/09/20 00:00,33,懸浮微粒,5.1,5,17,0.29,1.65,7.9
木柵站,2025/09/20 01:00,32,懸浮微粒,5.8,7,19,0.35,1.48,6.8
木柵站,2025/09/20 02:00,32,懸浮微粒,8.5,9,20,0.29,1.34,4.8
木柵站,2025/09/20 03:00,32,懸浮微粒,7.5,10,19,0.25,1.75,4
木柵站,2025/09/20 04:00,31,懸浮微粒,6,6,12,0.3,1.63,4.9
木柵站,2025/09/20 05:00,30,細懸浮微粒,5.8,5,16,0.32,1.56,5.2
木柵站,2025/09/20 06:00,28,懸浮微粒,4.8,4,14,0.38,1.36,6.2
木柵站,2025/09/20 07:00,29,懸浮微粒,5.8,2,21,0.42,1.8,6.3
木柵站,2025/09/20 08:00,31,懸浮微粒,17.4,4,24,0.38,2.5,7.3
木柵站,2025/09/20 09:00,33,懸浮微粒,34.3,6,24,0.41,2.72,7.6
木柵站,2025/09/20 10:00,35,懸浮微粒,42.9,8,23,0.37,2.28,6.6
木柵站,2025/09/20 11:00,37,懸浮微粒,48,10,27,0.4,2.6,6
木柵站,2025/09/20 12:00,39,懸浮微粒,48.8,6,30,0.33,1.81,5.6
木柵站,2025/09/20 13:00,40,二氧化硫小時值,50.5,17,25,0.35,6.36,9.3
木柵站,2025/09/20 14:00,38,懸浮微粒,43.5,4,18,0.31,4.77,10.6
木柵站,2025/09/20 15:00,37,臭氧8小時,33.2,5,17,0.22,1.07,7.9
木柵站,2025/09/20 16:00,38,臭氧8小時,23.4,4,18,0.28,0.52,10.1
木柵站,2025/09/20 17:00,35,臭氧8小時,12.5,3,17,0.24,0.33,6.7
木柵站,2025/09/20 18:00,31,臭氧8小時,7.9,2,11,0.2,0.2,6.2
木柵站,2025/09/20 19:00,29,懸浮微粒,6.9,2,12,0.21,0.15,6.3
木柵站,2025/09/20 20:00,28,懸浮微粒,8.7,4,14,0.3,0.14,5.3
木柵站,2025/09/20 21:00,26,懸浮微粒,9.2,7,13,0.29,0.13,4.8
木柵站,2025/09/20 22:00,27,懸浮微粒,9.3,5,17,0.26,0.15,4.9
木柵站,2025/09/20 23:00,24,懸浮微粒,10.2,3,6,0.26,0.21,3.9
木柵站,2025/09/21 00:00,21,懸浮微粒,10.5,1,7,0.3,0.22,2.5
木柵站,2025/09/21 01:00,21,懸浮微粒,10.6,1,17,0.35,0.17,1.4
木柵站,2025/09/21 02:00,21,懸浮微粒,12.1,1,15,0.31,0.16,1.6
木柵站,2025/09/21 03:00,23,懸浮微粒,11,4,15,0.27,0.14,1.4
木柵站,2025/09/21 04:00,24,懸浮微粒,10.7,3,15,0.32,0.2,1.2
木柵站,2025/09/21 05:00,21,懸浮微粒,10,1,7,0.32,0.16,2.3
木柵站,2025/09/21 06:00,23,懸浮微粒,8.3,1,22,0.34,0.29,3.2
木柵站,2025/09/21 07:00,23,懸浮微粒,9.2,5,12,0.36,0.24,2.8
木柵站,2025/09/21 08:00,24,懸浮微粒,10.8,6,19,0.24,0.29,3
木柵站,2025/09/21 09:00,27,懸浮微粒,11.5,6,21,0.28,0.52,4
木柵站,2025/09/21 10:00,26,懸浮微粒,11.9,3,15,0.28,0.66,3.8
木柵站,2025/09/21 11:00,28,懸浮微粒,12.3,1,17,0.3,0.74,3.5
木柵站,2025/09/21 12:00,26,懸浮微粒,13.9,2,9,0.27,0.4,2.6
木柵站,2025/09/21 13:00,24,懸浮微粒,12.7,1,15,0.25,0.29,4.6
木柵站,2025/09/21 14:00,23,懸浮微粒,9.2,2,10,0.25,0.2,6.3
木柵站,2025/09/21 15:00,21,懸浮微粒,9.7,2,11,0.22,0.24,4.7
木柵站,2025/09/21 16:00,23,懸浮微粒,9.5,1,18,0.35,0.58,5.7
木柵站,2025/09/21 17:00,24,懸浮微粒,8.7,1,14,0.41,0.4,6.9
木柵站,2025/09/21 18:00,25,懸浮微粒,5.9,1,19,0.46,0.35,8
木柵站,2025/09/21 19:00,27,懸浮微粒,6.2,5,17,0.44,0.51,8.7
木柵站,2025/09/21 20:00,27,懸浮微粒,7.5,6,18,0.24,0.47,7
木柵站,2025/09/21 21:00,28,懸浮微粒,8.9,4,19,0.21,0.45,5.5
木柵站,2025/09/21 22:00,28,懸浮微粒,9,2,18,0.15,0.38,4.9
木柵站,2025/09/21 23:00,28,懸浮微粒,7.9,1,16,0.16,0.4,4.1
木柵站,2025/09/22 00:00,27,懸浮微粒,8.2,1,15,0.22,0.28,2.5
木柵站,2025/09/22 01:00,26,懸浮微粒,9.1,7,13,0.26,0.37,1.5
木柵站,2025/09/22 02:00,25,懸浮微粒,12.7,6,13,0.25,0.37,1.1
木柵站,2025/09/22 03:00,26,懸浮微粒,11.6,2,18,0.2,0.36,1.1
木柵站,2025/09/22 04:00,26,懸浮微粒,11.1,6,15,0.21,0.27,1.3
木柵站,2025/09/22 05:00,27,懸浮微粒,10.4,5,16,0.21,0.41,1.9
木柵站,2025/09/22 06:00,27,懸浮微粒,10,3,15,0.22,0.47,3.3
木柵站,2025/09/22 07:00,26,懸浮微粒,7.8,5,15,0.31,0.48,7.8
木柵站,2025/09/22 08:00,27,懸浮微粒,8.4,3,21,0.32,0.64,4.6
木柵站,2025/09/22 09:00,29,懸浮微粒,9.6,4,23,0.35,0.83,3.6
木柵站,2025/09/22 10:00,28,懸浮微粒,10.9,5,10,0.35,0.61,3.1
木柵站,2025/09/22 11:00,26,懸浮微粒,10.7,5,11,0.32,0.34,4.5
木柵站,2025/09/22 12:00,26,懸浮微粒,12.1,5,18,0.4,0.85,4.6
木柵站,2025/09/22 13:00,26,懸浮微粒,13.4,5,19,0.41,0.68,4.8
木柵站,2025/09/22 14:00,28,懸浮微粒,14.8,3,18,0.4,0.36,4.7
木柵站,2025/09/22 15:00,31,懸浮微粒,15.4,2,26,0.41,0.53,5.3
木柵站,2025/09/22 16:00,32,懸浮微粒,13.9,3,20,0.38,0.49,7.5
木柵站,2025/09/22 17:00,31,懸浮微粒,12.7,4,15,0.36,0.31,7.3
木柵站,2025/09/22 18:00,32,懸浮微粒,13.6,7,22,0.32,0.46,6.3
木柵站,2025/09/22 19:00,33,懸浮微粒,14.5,4,25,0.32,0.4,5.8
木柵站,2025/09/22 20:00,31,懸浮微粒,15.6,4,15,0.31,0.55,3.2
木柵站,2025/09/22 21:00,29,懸浮微粒,16.4,4,9,0.31,0.46,3.2
木柵站,2025/09/22 22:00,27,懸浮微粒,16.5,4,11,0.29,0.55,2.5
木柵站,2025/09/22 23:00,25,懸浮微粒,17.8,4,15,0.28,0.7,1.6
木柵站,2025/09/23 00:00,24,懸浮微粒,18.9,2,11,0.29,0.6,0.9
木柵站,2025/09/23 01:00,25,懸浮微粒,19.4,1,16,0.32,0.25,0.6
木柵站,2025/09/23 02:00,26,懸浮微粒,20.7,5,16,0.3,0.2,0.5
木柵站,2025/09/23 03:00,24,懸浮微粒,19.5,6,11,0.28,0.24,0.7
木柵站,2025/09/23 04:00,25,懸浮微粒,19,6,16,0.27,0.23,0.5
木柵站,2025/09/23 05:00,23,懸浮微粒,18.8,4,7,0.26,0.28,0.8
木柵站,2025/09/23 06:00,21,懸浮微粒,17.4,4,11,0.28,0.26,2.4
木柵站,2025/09/23 07:00,21,懸浮微粒,16.4,3,15,0.28,0.24,4.1
木柵站,2025/09/23 08:00,24,懸浮微粒,16.3,3,26,0.26,0.36,4.1
木柵站,2025/09/23 09:00,26,懸浮微粒,16.8,4,17,0.26,0.31,3.6
木柵站,2025/09/23 10:00,25,懸浮微粒,16.1,1,8,0.26,0.34,5.5
木柵站,2025/09/23 11:00,26,懸浮微粒,15,1,17,0.28,0.26,8.1
木柵站,2025/09/23 12:00,23,懸浮微粒,14.4,3,13,0.25,0.31,6.1
木柵站,2025/09/23 13:00,23,懸浮微粒,15.3,1,15,0.23,0.24,4.4
木柵站,2025/09/23 14:00,26,懸浮微粒,16.2,1,22,0.25,0.36,4.4
木柵站,2025/09/23 15:00,27,懸浮微粒,16.8,1,19,0.27,0.19,4.6
木柵站,2025/09/23 16:00,28,懸浮微粒,15.8,7,17,0.29,0.21,5.9
木柵站,2025/09/23 17:00,28,懸浮微粒,16.1,6,14,0.26,0.27,3.8
木柵站,2025/09/23 18:00,26,懸浮微粒,16.2,1,11,0.24,0.3,4
木柵站,2025/09/23 19:00,24,懸浮微粒,16.3,1,11,0.22,0.32,3.1
木柵站,2025/09/23 20:00,23,懸浮微粒,17,6,13,0.29,0.22,2.4
木柵站,2025/09/23 21:00,23,懸浮微粒,17.8,8,16,0.3,0.28,1.7
木柵站,2025/09/23 22:00,27,懸浮微粒,18,8,25,0.29,0.35,1.5
木柵站,2025/09/23 23:00,29,懸浮微粒,18.6,5,21,0.3,0.51,1.1
木柵站,2025/09/24 00:00,31,懸浮微粒,18.4,5,19,0.24,0.16,1
木柵站,2025/09/24 01:00,31,懸浮微粒,18.9,3,17,0.3,0.12,0.9
木柵站,2025/09/24 02:00,30,懸浮微粒,19,5,19,0.27,0.1,0.5
木柵站,2025/09/24 03:00,30,懸浮微粒,18.2,5,21,0.27,0.11,0.9
木柵站,2025/09/24 04:00,30,懸浮微粒,17.5,4,20,0.27,0.11,0.7
木柵站,2025/09/24 05:00,31,懸浮微粒,16.8,4,-,0.26,0.1,0.8
木柵站,2025/09/24 06:00,32,懸浮微粒,16.8,5,18,0.28,0.12,1.6
木柵站,2025/09/24 07:00,33,懸浮微粒,15.9,3,22,0.32,0.11,2.8
木柵站,2025/09/24 08:00,33,懸浮微粒,16,6,20,0.3,0.23,3.3
木柵站,2025/09/24 09:00,34,懸浮微粒,17.5,3,23,0.3,0.25,2.8
木柵站,2025/09/24 10:00,35,懸浮微粒,18.3,3,23,0.33,0.24,3.1
木柵站,2025/09/24 11:00,33,懸浮微粒,18.9,9,15,0.33,0.28,2.8
木柵站,2025/09/24 12:00,32,懸浮微粒,18.2,7,15,0.28,0.19,3
木柵站,2025/09/24 13:00,31,懸浮微粒,17.6,5,19,0.3,0.11,4.2
木柵站,2025/09/24 14:00,30,懸浮微粒,17.3,3,16,0.3,0.18,3.4
木柵站,2025/09/24 15:00,28,懸浮微粒,16.7,4,10,0.28,0.21,3.6
木柵站,2025/09/24 16:00,28,懸浮微粒,15.5,3,16,0.35,0.17,5
木柵站,2025/09/24 17:00,28,懸浮微粒,14.5,1,20,0.32,0.21,5
木柵站,2025/09/24 18:00,26,懸浮微粒,13.4,1,10,0.29,0.11,4.7
木柵站,2025/09/24 19:00,26,懸浮微粒,12.6,1,12,0.24,0.11,3.6
木柵站,2025/09/24 20:00,25,懸浮微粒,12.6,1,13,0.32,0.17,3.3
木柵站,2025/09/24 21:00,23,懸浮微粒,11.4,1,13,0.31,0.12,4.1
木柵站,2025/09/24 22:00,23,懸浮微粒,10.3,5,16,0.32,0.14,4.7
木柵站,2025/09/24 23:00,23,懸浮微粒,11.9,4,10,0.28,0.12,2.4
木柵站,2025/09/25 00:00,21,懸浮微粒,13,3,9,0.29,0.21,1.3
木柵站,2025/09/25 01:00,22,懸浮微粒,12.8,2,17,0.35,0.17,1.5
木柵站,2025/09/25 02:00,24,懸浮微粒,13.3,3,22,0.32,0.16,1.7
木柵站,2025/09/25 03:00,26,懸浮微粒,11.2,3,17,0.29,0.18,2.4
木柵站,2025/09/25 04:00,27,懸浮微粒,12.5,1,15,0.29,0.14,2.1
木柵站,2025/09/25 05:00,27,懸浮微粒,10.5,2,19,0.3,0.2,3.8
木柵站,2025/09/25 06:00,26,懸浮微粒,8,3,13,0.35,0.27,5.7
木柵站,2025/09/25 07:00,27,懸浮微粒,10.4,4,20,0.33,0.42,5.1
木柵站,2025/09/25 08:00,27,懸浮微粒,13.5,4,17,0.26,0.42,3.7
木柵站,2025/09/25 09:00,30,懸浮微粒,15.5,3,25,0.27,0.43,3.8
木柵站,2025/09/25 10:00,31,懸浮微粒,16.1,3,18,0.27,0.46,3.4
木柵站,2025/09/25 11:00,29,懸浮微粒,16.5,6,13,0.29,0.49,3.3
木柵站,2025/09/25 12:00,30,懸浮微粒,17.1,2,16,0.27,0.39,3.4
木柵站,2025/09/25 13:00,27,懸浮微粒,15.6,2,14,0.26,0.63,2.9
木柵站,2025/09/25 14:00,26,懸浮微粒,15.8,4,14,0.29,0.43,3.8
木柵站,2025/09/25 15:00,26,懸浮微粒,16.1,3,14,0.26,0.54,4
木柵站,2025/09/25 16:00,25,懸浮微粒,14.4,4,13,0.24,0.51,7.1
木柵站,2025/09/25 17:00,24,懸浮微粒,12.8,3,11,0.24,0.53,6
木柵站,2025/09/25 18:00,23,懸浮微粒,12.1,4,10,0.24,0.36,7.2
木柵站,2025/09/25 19:00,22,懸浮微粒,13.3,-,11,0.19,0.37,4.8
木柵站,2025/09/25 20:00,22,懸浮微粒,14.3,2,14,0.29,0.41,4.8
木柵站,2025/09/25 21:00,21,懸浮微粒,13.9,4,14,0.3,0.42,4.1
木柵站,2025/09/25 22:00,23,懸浮微粒,14.2,7,16,0.28,0.25,3.2
木柵站,2025/09/25 23:00,22,懸浮微粒,15,3,11,0.24,0.36,2.5
木柵站,2025/09/26 00:00,22,懸浮微粒,14.7,4,13,0.23,0.66,1.5
木柵站,2025/09/26 01:00,21,懸浮微粒,14.8,4,12,0.29,0.57,1.2
木柵站,2025/09/26 02:00,20,懸浮微粒,16.2,5,11,0.27,0.36,1.3
木柵站,2025/09/26 03:00,20,懸浮微粒,14.7,5,10,0.24,0.6,1.2
木柵站,2025/09/26 04:00,18,細懸浮微粒,14.1,5,6,0.23,0.64,1.2
木柵站,2025/09/26 05:00,18,細懸浮微粒,13.6,4,6,0.23,0.58,1.7
木柵站,2025/09/26 06:00,17,細懸浮微粒,13,3,11,0.25,0.53,3.5
木柵站,2025/09/26 07:00,18,細懸浮微粒,12.1,7,10,0.29,0.58,5.6
木柵站,2025/09/26 08:00,20,細懸浮微粒,13.6,6,8,0.33,0.7,8.1
木柵站,2025/09/26 09:00,21,二氧化氮小時值,13.9,5,10,0.32,0.79,8.9
木柵站,2025/09/26 10:00,20,細懸浮微粒,21,4,9,0.26,0.6,4.9
木柵站,2025/09/26 11:00,23,二氧化氮小時值,20.9,5,7,0.31,0.91,9.7
木柵站,2025/09/26 12:00,24,二氧化氮小時值,18.1,6,10,0.25,0.66,9.9
木柵站,2025/09/26 13:00,20,細懸浮微粒,-,-,-,-,-,-
木柵站,2025/09/26 14:00,21,細懸浮微粒,-,5,12,-,-,-
木柵站,2025/09/26 15:00,23,細懸浮微粒,18.8,8,13,0.32,0.86,6.9
木柵站,2025/09/26 16:00,24,細懸浮微粒,13.7,7,13,0.3,0.64,10.1
木柵站,2025/09/26 17:00,23,細懸浮微粒,15.1,4,14,0.27,0.46,8
木柵站,2025/09/26 18:00,25,細懸浮微粒,17.2,7,14,0.22,0.45,7.1
木柵站,2025/09/26 19:00,24,細懸浮微粒,19,7,20,0.22,0.61,7.2
木柵站,2025/09/26 20:00,24,懸浮微粒,21.8,4,18,0.3,0.4,5.2
木柵站,2025/09/26 21:00,27,細懸浮微粒,22,11,16,0.29,0.44,4.6
木柵站,2025/09/26 22:00,28,細懸浮微粒,20.7,7,16,0.31,0.34,5
木柵站,2025/09/26 23:00,27,細懸浮微粒,21.4,5,16,0.27,0.6,3.7
木柵站,2025/09/27 00:00,28,細懸浮微粒,22.9,6,9,0.28,0.26,2
木柵站,2025/09/27 01:00,24,細懸浮微粒,24.2,5,16,0.31,0.13,1.3
木柵站,2025/09/27 02:00,24,細懸浮微粒,24.5,6,14,0.29,0.12,1.5
木柵站,2025/09/27 03:00,24,懸浮微粒,23.7,4,16,0.27,0.1,1
木柵站,2025/09/27 04:00,26,懸浮微粒,23.3,1,16,0.27,0.11,1.2
木柵站,2025/09/27 05:00,25,懸浮微粒,22.8,1,14,0.29,0.11,2.2
木柵站,2025/09/27 06:00,27,懸浮微粒,21.7,4,19,0.31,0.14,3.7
木柵站,2025/09/27 07:00,27,懸浮微粒,20.5,3,18,0.35,0.12,4.6
木柵站,2025/09/27 08:00,27,懸浮微粒,21.5,4,17,0.31,0.25,5.6
木柵站,2025/09/27 09:00,28,懸浮微粒,23.3,3,19,0.32,0.17,3.9
木柵站,2025/09/27 10:00,28,懸浮微粒,24.1,6,17,0.33,0.25,3.2
木柵站,2025/09/27 11:00,28,懸浮微粒,25.6,5,19,0.34,0.13,2.8
木柵站,2025/09/27 12:00,29,懸浮微粒,25.5,2,16,0.3,0.16,3.2
木柵站,2025/09/27 13:00,29,懸浮微粒,25,2,19,0.3,0.24,4
木柵站,2025/09/27 14:00,29,懸浮微粒,25.9,4,16,0.31,0.35,4.4
木柵站,2025/09/27 15:00,27,懸浮微粒,25.6,5,13,0.32,0.31,4.9
木柵站,2025/09/27 16:00,28,懸浮微粒,25.6,6,18,0.28,0.25,4.7
木柵站,2025/09/27 17:00,27,懸浮微粒,25.8,6,15,0.28,0.4,4
木柵站,2025/09/27 18:00,26,懸浮微粒,24.1,5,13,0.25,0.19,4.9
木柵站,2025/09/27 19:00,25,懸浮微粒,19.1,3,11,0.26,0.16,7.5
木柵站,2025/09/27 20:00,25,懸浮微粒,17.4,5,18,0.4,0.18,6.7
木柵站,2025/09/27 21:00,25,懸浮微粒,16.2,6,16,0.36,0.12,7
木柵站,2025/09/27 22:00,27,懸浮微粒,14,2,19,0.34,0.14,7.5
木柵站,2025/09/27 23:00,27,懸浮微粒,16,1,15,0.28,0.12,3.7
木柵站,2025/09/28 00:00,27,懸浮微粒,15.7,1,17,0.28,0.13,3
木柵站,2025/09/28 01:00,26,懸浮微粒,15.6,1,13,0.31,0.14,3.2
木柵站,2025/09/28 02:00,27,懸浮微粒,13.2,1,21,0.3,0.12,3.8
木柵站,2025/09/28 03:00,28,懸浮微粒,8.5,1,19,0.3,0.12,5.7
木柵站,2025/09/28 04:00,28,懸浮微粒,7.6,6,18,0.35,0.12,5.6
木柵站,2025/09/28 05:00,31,懸浮微粒,6.9,6,22,0.36,0.1,6.3
木柵站,2025/09/28 06:00,30,懸浮微粒,7.4,5,18,0.36,0.14,6.7
木柵站,2025/09/28 07:00,32,懸浮微粒,11.8,4,23,0.41,0.22,5.2
木柵站,2025/09/28 08:00,32,懸浮微粒,17.8,3,18,0.35,0.1,4.3
木柵站,2025/09/28 09:00,32,懸浮微粒,26.3,4,19,0.38,0.57,4.3
木柵站,2025/09/28 10:00,31,懸浮微粒,35.2,3,17,0.39,1.02,2.9
木柵站,2025/09/28 11:00,29,懸浮微粒,38.3,1,11,0.41,0.57,3.3
木柵站,2025/09/28 12:00,26,懸浮微粒,32.1,1,10,0.28,0.52,1.6
木柵站,2025/09/28 13:00,25,懸浮微粒,31.8,3,11,0.26,1.17,1.8
木柵站,2025/09/28 14:00,26,臭氧8小時,30.7,3,12,0.27,0.98,1.9
木柵站,2025/09/28 15:00,28,臭氧8小時,27.3,1,10,0.22,0.38,3.1
木柵站,2025/09/28 16:00,28,臭氧8小時,24.1,5,10,0.35,0.23,4.9
木柵站,2025/09/28 17:00,28,臭氧8小時,22.1,5,13,0.33,0.27,5.1
木柵站,2025/09/28 18:00,26,臭氧8小時,15.9,3,14,0.37,0.16,9.8
木柵站,2025/09/28 19:00,23,二氧化氮小時值,12.1,4,15,0.39,0.11,9.6
木柵站,2025/09/28 20:00,23,懸浮微粒,10.5,5,14,0.35,0.14,9.1
木柵站,2025/09/28 21:00,27,懸浮微粒,10.8,7,32,0.39,0.16,8.8
木柵站,2025/09/28 22:00,31,懸浮微粒,10.2,14,27,0.36,0.13,8.3
木柵站,2025/09/28 23:00,35,懸浮微粒,10.3,11,28,0.34,0.21,7.1
木柵站,2025/09/29 00:00,36,懸浮微粒,10.5,8,19,0.26,0.29,5.2
木柵站,2025/09/29 01:00,36,懸浮微粒,12,10,24,0.31,0.26,4.6
木柵站,2025/09/29 02:00,36,懸浮微粒,12.9,12,25,0.29,0.11,5.5
木柵站,2025/09/29 03:00,38,懸浮微粒,11.4,11,32,0.26,0.1,4.5
木柵站,2025/09/29 04:00,40,懸浮微粒,11,12,23,0.35,0.12,4.3
木柵站,2025/09/29 05:00,41,細懸浮微粒,9.7,11,25,0.38,0.14,4.4
木柵站,2025/09/29 06:00,45,細懸浮微粒,8.9,15,24,0.37,0.14,5
木柵站,2025/09/29 07:00,47,細懸浮微粒,12.6,12,27,0.43,0.1,4.9
木柵站,2025/09/29 08:00,52,細懸浮微粒,24,19,36,0.33,0.22,4.8
木柵站,2025/09/29 09:00,55,細懸浮微粒,35.8,17,36,0.37,0.94,5.3
木柵站,2025/09/29 10:00,56,細懸浮微粒,40.9,16,22,0.4,0.84,4.5
木柵站,2025/09/29 11:00,56,細懸浮微粒,48.1,13,30,0.4,0.59,7.5
木柵站,2025/09/29 12:00,59,細懸浮微粒,70.7,23,46,0.4,1.34,8.9
木柵站,2025/09/29 13:00,64,細懸浮微粒,63.3,25,48,0.39,1.63,8.4
木柵站,2025/09/29 14:00,69,細懸浮微粒,58.2,26,50,0.31,0.9,6.7
木柵站,2025/09/29 15:00,71,細懸浮微粒,36.3,17,30,0.28,0.67,8.7
木柵站,2025/09/29 16:00,68,細懸浮微粒,27.7,14,22,0.34,0.32,8.3
木柵站,2025/09/29 17:00,62,細懸浮微粒,23.2,8,26,0.33,0.23,7.9
木柵站,2025/09/29 18:00,55,細懸浮微粒,16,9,14,0.31,0.16,8.8
木柵站,2025/09/29 19:00,53,細懸浮微粒,11.2,10,23,0.31,0.12,10.4
木柵站,2025/09/29 20:00,47,細懸浮微粒,12.2,5,17,0.38,0.21,7.6
木柵站,2025/09/29 21:00,41,細懸浮微粒,12.6,1,19,0.32,0.45,7.4
木柵站,2025/09/29 22:00,40,懸浮微粒,14.5,1,18,0.31,0.21,7
木柵站,2025/09/29 23:00,39,懸浮微粒,13.2,3,20,0.31,0.15,5.7
木柵站,2025/09/30 00:00,38,懸浮微粒,10,6,22,0.33,0.15,8
木柵站,2025/09/30 01:00,36,懸浮微粒,11.1,4,21,0.35,0.2,4.6
木柵站,2025/09/30 02:00,34,懸浮微粒,12.1,6,18,0.31,0.15,4
木柵站,2025/09/30 03:00,32,懸浮微粒,10.8,5,14,0.28,0.24,4.4
木柵站,2025/09/30 04:00,32,懸浮微粒,9.1,1,22,0.31,0.21,4.7
木柵站,2025/09/30 05:00,31,懸浮微粒,8.6,6,19,0.35,0.15,4.8
木柵站,2025/09/30 06:00,33,懸浮微粒,7.5,9,24,0.37,0.23,6.6
木柵站,2025/09/30 07:00,35,懸浮微粒,9.9,9,24,0.42,0.3,7
木柵站,2025/09/30 08:00,37,懸浮微粒,14,11,28,0.4,0.37,10.2
木柵站,2025/09/30 09:00,41,懸浮微粒,22.7,11,32,0.46,0.98,11.4
木柵站,2025/09/30 10:00,40,懸浮微粒,31.5,9,21,0.38,0.72,6.4
木柵站,2025/09/30 11:00,40,懸浮微粒,32.3,7,22,0.36,0.46,5.5
木柵站,2025/09/30 12:00,38,懸浮微粒,32.5,4,18,0.31,0.88,5.8
木柵站,2025/09/30 13:00,35,懸浮微粒,33.8,4,21,0.31,2.9,5
木柵站,2025/09/30 14:00,37,懸浮微粒,53.2,8,27,0.38,-,7.3
木柵站,2025/09/30 15:00,44,懸浮微粒,73.5,13,44,0.43,-,11.1
木柵站,2025/09/30 16:00,49,懸浮微粒,70.5,19,37,0.41,-,14.7
木柵站,2025/09/30 17:00,53,懸浮微粒,54,22,42,0.51,1.06,22.8
木柵站,2025/09/30 18:00,54,細懸浮微粒,20.7,13,25,0.34,0.55,13.9
木柵站,2025/09/30 19:00,53,細懸浮微粒,15.3,10,14,0.22,0.2,11.1
木柵站,2025/09/30 20:00,48,細懸浮微粒,14.4,8,13,0.28,0.13,10.4
木柵站,2025/09/30 21:00,38,細懸浮微粒,14.3,4,25,0.27,0.29,10.1
木柵站,2025/09/30 22:00,36,懸浮微粒,14.9,4,17,0.25,0.26,7.7
木柵站,2025/09/30 23:00,37,懸浮微粒,14.4,6,22,0.22,0.26,6.5
木柵站,2025/10/01 00:00,40,懸浮微粒,13.1,6,23,0.32,0.28,6.8
木柵站,2025/10/01 01:00,40,懸浮微粒,13.1,7,26,0.34,0.15,6.1
木柵站,2025/10/01 02:00,41,懸浮微粒,13.5,6,24,0.33,0.18,6.3
木柵站,2025/10/01 03:00,40,懸浮微粒,13.3,7,24,0.31,0.15,5.1
木柵站,2025/10/01 04:00,41,懸浮微粒,10.1,10,29,0.25,0.14,6.5
木柵站,2025/10/01 05:00,41,懸浮微粒,7.6,10,29,0.28,0.12,8.8
木柵站,2025/10/01 06:00,41,懸浮微粒,8.5,7,23,0.32,0.18,7.4
木柵站,2025/10/01 07:00,43,懸浮微粒,10,14,30,0.39,0.2,8.8
木柵站,2025/10/01 08:00,44,懸浮微粒,18.3,12,30,0.41,0.29,11.1
木柵站,2025/10/01 09:00,47,懸浮微粒,33.4,9,39,0.43,0.38,12.1
木柵站,2025/10/01 10:00,50,懸浮微粒,53.9,17,32,0.44,0.5,8.5
木柵站,2025/10/01 11:00,52,懸浮微粒,63.6,15,39,0.5,1.98,10
木柵站,2025/10/01 12:00,54,懸浮微粒,70.3,22,36,0.33,3.99,11.1
木柵站,2025/10/01 13:00,59,細懸浮微粒,64,21,43,0.32,7.33,13.9
木柵站,2025/10/01 14:00,59,細懸浮微粒,60.7,15,37,0.3,5.32,11.6
木柵站,2025/10/01 15:00,62,細懸浮微粒,54,19,36,0.27,5.11,13.9
木柵站,2025/10/01 16:00,60,細懸浮微粒,39.8,14,32,0.39,4.53,17.3
木柵站,2025/10/01 17:00,56,細懸浮微粒,27.5,10,15,0.34,0.75,15.4
木柵站,2025/10/01 18:00,54,細懸浮微粒,20.1,8,13,0.29,0.38,11.8
木柵站,2025/10/01 19:00,47,細懸浮微粒,18.8,5,11,0.25,0.27,8.1
木柵站,2025/10/01 20:00,39,細懸浮微粒,21,2,17,0.2,0.23,5.7
木柵站,2025/10/01 21:00,35,懸浮微粒,18.1,3,18,0.2,0.2,5.4
木柵站,2025/10/01 22:00,35,懸浮微粒,18.3,4,16,0.21,0.46,5.6
木柵站,2025/10/01 23:00,31,懸浮微粒,17.3,6,6,0.18,0.12,5.2
木柵站,2025/10/02 00:00,27,懸浮微粒,11.7,4,7,0.32,0.22,8.4
木柵站,2025/10/02 01:00,24,細懸浮微粒,18.6,2,9,0.33,0.32,2.3
木柵站,2025/10/02 02:00,22,懸浮微粒,13.8,1,18,0.33,0.28,4.5
木柵站,2025/10/02 03:00,23,懸浮微粒,9.4,2,18,0.3,0.26,7
木柵站,2025/10/02 04:00,23,懸浮微粒,7.9,5,12,0.27,0.27,7
木柵站,2025/10/02 05:00,25,懸浮微粒,5.1,5,17,0.3,0.27,9.8
木柵站,2025/10/02 06:00,26,懸浮微粒,5.2,5,20,0.31,0.46,9.8
木柵站,2025/10/02 07:00,27,懸浮微粒,9.2,4,21,0.33,0.52,7.9
木柵站,2025/10/02 08:00,29,懸浮微粒,13.7,8,19,0.45,0.5,11.7
木柵站,2025/10/02 09:00,27,懸浮微粒,20.4,6,13,0.37,0.82,6.4
木柵站,2025/10/02 10:00,26,懸浮微粒,22.3,3,13,0.37,0.84,5.6
木柵站,2025/10/02 11:00,25,懸浮微粒,22.8,3,13,0.39,0.67,6
木柵站,2025/10/02 12:00,24,懸浮微粒,25.8,2,13,0.29,0.94,2.7
木柵站,2025/10/02 13:00,25,懸浮微粒,27,3,18,0.3,0.6,2.8
木柵站,2025/10/02 14:00,26,懸浮微粒,24.6,5,18,0.32,1.67,3.3
木柵站,2025/10/02 15:00,26,懸浮微粒,23.7,4,14,0.28,0.87,3
木柵站,2025/10/02 16:00,27,懸浮微粒,21.6,3,16,0.37,0.7,4.6
木柵站,2025/10/02 17:00,26,懸浮微粒,20.3,3,12,0.33,0.7,5.8
木柵站,2025/10/02 18:00,24,懸浮微粒,21.2,5,13,0.28,0.48,5.4
木柵站,2025/10/02 19:00,23,懸浮微粒,21.7,7,13,0.25,0.78,5.7
木柵站,2025/10/02 20:00,21,臭氧8小時,21.2,6,8,0.23,0.25,3.4
木柵站,2025/10/02 21:00,20,懸浮微粒,18.1,5,10,0.23,0.3,6.1
木柵站,2025/10/02 22:00,21,懸浮微粒,15.9,3,14,0.23,0.33,6.7
木柵站,2025/10/02 23:00,23,懸浮微粒,11.9,4,22,0.23,0.37,7.5
木柵站,2025/10/03 00:00,23,懸浮微粒,12.5,3,9,0.26,0.1,5.2
木柵站,2025/10/03 01:00,22,懸浮微粒,13.3,3,9,0.31,0.12,4.8
木柵站,2025/10/03 02:00,21,懸浮微粒,11.8,9,11,0.29,0.1,4.9
木柵站,2025/10/03 03:00,24,細懸浮微粒,9.4,11,17,0.28,0.12,6
木柵站,2025/10/03 04:00,26,細懸浮微粒,8.3,6,17,0.35,0.12,7.4
木柵站,2025/10/03 05:00,29,細懸浮微粒,7.7,8,20,0.34,0.1,8.1
木柵站,2025/10/03 06:00,31,細懸浮微粒,6.1,11,17,0.4,0.11,10.7
木柵站,2025/10/03 07:00,30,細懸浮微粒,9.4,8,26,0.47,0.11,9.7
木柵站,2025/10/03 08:00,32,細懸浮微粒,13.3,10,21,0.39,0.11,11.1
木柵站,2025/10/03 09:00,31,細懸浮微粒,16.6,6,14,0.27,0.11,4.9
木柵站,2025/10/03 10:00,29,懸浮微粒,18.7,5,14,0.26,0.15,2.8
木柵站,2025/10/03 11:00,27,細懸浮微粒,18.9,4,12,0.28,0.17,3.3
木柵站,2025/10/03 12:00,24,懸浮微粒,18.7,2,11,0.32,0.11,3.7
木柵站,2025/10/03 13:00,24,懸浮微粒,17.7,3,-,0.29,1.27,2.9
木柵站,2025/10/03 14:00,26,懸浮微粒,11.5,6,20,0.31,-,4.3
木柵站,2025/10/03 15:00,27,懸浮微粒,13.5,4,14,0.31,-,4
木柵站,2025/10/03 16:00,28,懸浮微粒,15.2,2,15,0.28,0.49,4
木柵站,2025/10/03 17:00,28,懸浮微粒,14.3,1,20,0.26,0.11,4.2
木柵站,2025/10/03 18:00,29,懸浮微粒,11.9,2,21,0.28,0.1,5.4
木柵站,2025/10/03 19:00,28,懸浮微粒,11.1,4,14,0.27,0.15,6.7
木柵站,2025/10/03 20:00,30,懸浮微粒,9.3,7,25,0.34,0.1,5.9
木柵站,2025/10/03 21:00,29,懸浮微粒,12.1,5,13,0.3,0.12,5.7
木柵站,2025/10/03 22:00,27,懸浮微粒,11,2,13,0.33,0.15,4.9
木柵站,2025/10/03 23:00,27,懸浮微粒,10.6,5,13,0.28,0.11,4.1
木柵站,2025/10/04 00:00,25,懸浮微粒,10.4,3,16,0.22,0.13,3.5
木柵站,2025/10/04 01:00,27,懸浮微粒,10.4,1,18,0.26,0.43,2.8
木柵站,2025/10/04 02:00,27,懸浮微粒,7.2,1,15,0.27,0.33,3.4
木柵站,2025/10/04 03:00,26,懸浮微粒,6.2,4,11,0.26,0.31,4.1
木柵站,2025/10/04 04:00,25,懸浮微粒,5.5,6,13,0.29,0.17,4.5
木柵站,2025/10/04 05:00,23,懸浮微粒,3.7,3,11,0.31,0.16,4.4
木柵站,2025/10/04 06:00,21,懸浮微粒,4.3,2,9,0.3,0.22,4.9
木柵站,2025/10/04 07:00,24,懸浮微粒,7.3,3,23,0.35,0.22,5.2
木柵站,2025/10/04 08:00,34,懸浮微粒,11.6,5,50,0.44,0.45,7.6
木柵站,2025/10/04 09:00,35,懸浮微粒,16,3,18,0.4,0.74,7.3
木柵站,2025/10/04 10:00,37,懸浮微粒,20.2,1,17,0.4,0.43,6
木柵站,2025/10/04 11:00,38,懸浮微粒,24.2,6,21,0.41,0.44,5
木柵站,2025/10/04 12:00,32,懸浮微粒,24.1,6,21,0.29,-,4.1
木柵站,2025/10/04 13:00,33,懸浮微粒,27.8,7,21,0.3,-,3.6
木柵站,2025/10/04 14:00,39,懸浮微粒,61.8,14,40,0.42,-,5.5
木柵站,2025/10/04 15:00,43,懸浮微粒,72.2,18,33,0.44,-,7.1
木柵站,2025/10/04 16:00,46,懸浮微粒,57.1,16,29,0.33,-,7.8
木柵站,2025/10/04 17:00,51,懸浮微粒,43.3,19,38,0.39,0.49,9.8
木柵站,2025/10/04 18:00,53,細懸浮微粒,35.3,16,32,0.34,0.41,11.8
木柵站,2025/10/04 19:00,54,細懸浮微粒,25.4,18,38,0.35,0.19,10
木柵站,2025/10/04 20:00,56,細懸浮微粒,15.6,17,28,0.36,0.14,10
木柵站,2025/10/04 21:00,53,細懸浮微粒,13.7,9,24,0.3,0.12,8.3
木柵站,2025/10/04 22:00,52,細懸浮微粒,11.2,9,23,0.27,0.13,7.6
木柵站,2025/10/04 23:00,49,細懸浮微粒,9,9,28,0.27,0.19,7
木柵站,2025/10/05 00:00,44,懸浮微粒,8.4,6,20,0.27,0.24,6.3
木柵站,2025/10/05 01:00,42,懸浮微粒,8.3,7,16,0.32,0.25,5.9
木柵站,2025/10/05 02:00,43,細懸浮微粒,7.8,11,19,0.28,0.16,5.4
木柵站,2025/10/05 03:00,39,細懸浮微粒,6.4,6,22,0.25,0.16,5
木柵站,2025/10/05 04:00,39,細懸浮微粒,8.3,8,1,0.3,0.16,4.4
木柵站,2025/10/05 05:00,37,細懸浮微粒,8.4,7,19,0.32,0.22,4.5
木柵站,2025/10/05 06:00,35,細懸浮微粒,7.6,9,18,0.31,0.29,4.8
木柵站,2025/10/05 07:00,34,細懸浮微粒,12.2,8,28,0.36,0.41,5.2
木柵站,2025/10/05 08:00,46,懸浮微粒,21.5,8,61,0.36,0.26,5
木柵站,2025/10/05 09:00,47,懸浮微粒,31,12,26,0.42,0.84,6.1
木柵站,2025/10/05 10:00,48,懸浮微粒,35.7,10,23,0.43,1.32,6.4
木柵站,2025/10/05 11:00,45,懸浮微粒,51.6,14,18,0.49,0.94,4.8
木柵站,2025/10/05 12:00,42,細懸浮微粒,73.8,11,32,0.37,-,5.3
木柵站,2025/10/05 13:00,48,細懸浮微粒,77.8,19,38,0.38,-,6
木柵站,2025/10/05 14:00,53,細懸浮微粒,70.6,20,34,0.38,-,6.9
木柵站,2025/10/05 15:00,55,細懸浮微粒,59.2,16,28,0.36,-,7.9
木柵站,2025/10/05 16:00,58,細懸浮微粒,50.8,16,36,0.34,3.22,9.9
木柵站,2025/10/05 17:00,62,臭氧8小時,42.4,14,34,0.31,2.23,12.6
木柵站,2025/10/05 18:00,63,臭氧8小時,40.1,21,34,0.34,1.59,11.3
木柵站,2025/10/05 19:00,61,細懸浮微粒,28.5,20,35,0.28,0.55,9.6
木柵站,2025/10/05 20:00,63,細懸浮微粒,23.7,17,34,0.35,0.26,8.1
木柵站,2025/10/05 21:00,63,細懸浮微粒,15.8,14,28,0.39,0.24,8.2
木柵站,2025/10/05 22:00,62,細懸浮微粒,10.5,17,31,0.39,0.24,8.5
木柵站,2025/10/05 23:00,63,細懸浮微粒,8.4,20,34,0.35,0.16,8.3
木柵站,2025/10/06 00:00,59,細懸浮微粒,7.1,8,28,0.32,0.11,7.6
木柵站,2025/10/06 01:00,57,細懸浮微粒,6,9,24,0.36,0.14,6.8
木柵站,2025/10/06 02:00,54,細懸浮微粒,7,13,26,0.34,0.12,6
木柵站,2025/10/06 03:00,52,細懸浮微粒,5.7,13,27,0.28,0.14,5.5
木柵站,2025/10/06 04:00,52,細懸浮微粒,5,12,26,0.32,0.11,5.3
木柵站,2025/10/06 05:00,53,細懸浮微粒,5.1,11,27,0.34,0.11,5
木柵站,2025/10/06 06:00,51,細懸浮微粒,5.3,12,24,0.33,0.15,4.8
木柵站,2025/10/06 07:00,48,細懸浮微粒,8.3,8,35,0.34,0.17,4.8
木柵站,2025/10/06 08:00,48,懸浮微粒,16.3,9,30,0.34,0.15,5.8
木柵站,2025/10/06 09:00,47,懸浮微粒,27.4,11,23,0.33,0.51,5.9
木柵站,2025/10/06 10:00,44,懸浮微粒,32.8,9,18,0.34,0.8,5.6
木柵站,2025/10/06 11:00,41,細懸浮微粒,37.6,11,20,0.36,0.43,5.6
木柵站,2025/10/06 12:00,43,細懸浮微粒,40.8,11,30,0.32,0.86,5.6
木柵站,2025/10/06 13:00,43,細懸浮微粒,39.8,11,24,0.32,0.86,5.5
木柵站,2025/10/06 14:00,43,細懸浮微粒,33.7,9,20,0.31,0.6,4.9
木柵站,2025/10/06 15:00,39,細懸浮微粒,30.8,7,16,0.31,0.32,5.4
木柵站,2025/10/06 16:00,37,懸浮微粒,29.9,7,22,0.3,0.28,6
木柵站,2025/10/06 17:00,37,懸浮微粒,28.7,11,23,0.29,0.22,6.8
木柵站,2025/10/06 18:00,35,細懸浮微粒,22.3,8,5,0.25,0.26,6.3
木柵站,2025/10/06 19:00,34,細懸浮微粒,16.7,5,7,0.17,0.11,6.6
木柵站,2025/10/06 20:00,30,細懸浮微粒,17.8,2,11,0.26,0.12,6.6
木柵站,2025/10/06 21:00,26,細懸浮微粒,14.9,4,11,0.25,0.13,6.1
木柵站,2025/10/06 22:00,24,細懸浮微粒,12.7,6,10,0.23,0.13,6.3
木柵站,2025/10/06 23:00,22,細懸浮微粒,13.2,4,10,0.2,0.23,5.3
木柵站,2025/10/07 00:00,22,細懸浮微粒,13,4,9,0.25,0.14,4.3
木柵站,2025/10/07 01:00,20,細懸浮微粒,13.3,3,6,0.27,0.18,3.1
木柵站,2025/10/07 02:00,17,細懸浮微粒,13.2,2,5,0.26,0.14,2.8
木柵站,2025/10/07 03:00,17,細懸浮微粒,12.4,5,10,0.24,0.14,2.9
木柵站,2025/10/07 04:00,17,細懸浮微粒,11.1,4,15,0.24,0.11,2.9
木柵站,2025/10/07 05:00,16,懸浮微粒,9.9,2,11,0.25,0.12,3
木柵站,2025/10/07 06:00,18,懸浮微粒,8.4,1,12,0.27,0.17,3.4
木柵站,2025/10/07 07:00,20,懸浮微粒,8.2,3,15,0.35,0.11,4.6
木柵站,2025/10/07 08:00,19,懸浮微粒,10,4,12,0.33,0.13,6.5
木柵站,2025/10/07 09:00,21,懸浮微粒,15.8,6,18,0.36,0.47,7.6
木柵站,2025/10/07 10:00,22,懸浮微粒,20.6,5,15,0.35,0.74,8.2
木柵站,2025/10/07 11:00,22,懸浮微粒,23,2,15,0.35,0.48,7.6
木柵站,2025/10/07 12:00,23,懸浮微粒,24.1,1,14,0.28,0.4,6.9
木柵站,2025/10/07 13:00,22,懸浮微粒,23.5,4,12,0.27,0.28,6.1
木柵站,2025/10/07 14:00,24,懸浮微粒,24.3,4,18,0.26,0.3,6.6
木柵站,2025/10/07 15:00,25,懸浮微粒,27.7,10,19,0.28,0.58,6
木柵站,2025/10/07 16:00,25,懸浮微粒,25.1,7,14,0.31,0.37,6.9
木柵站,2025/10/07 17:00,26,懸浮微粒,25.7,4,13,0.34,0.22,8.5
木柵站,2025/10/07 18:00,25,懸浮微粒,24.4,3,15,0.32,0.22,9.2
木柵站,2025/10/07 19:00,25,懸浮微粒,23,12,17,0.32,0.23,10.3
木柵站,2025/10/07 20:00,25,細懸浮微粒,22.7,8,11,0.3,0.15,10.3
木柵站,2025/10/07 21:00,26,懸浮微粒,19.8,3,20,0.35,0.23,9.2
木柵站,2025/10/07 22:00,27,懸浮微粒,20.6,8,20,0.34,0.25,9.1
木柵站,2025/10/07 23:00,30,細懸浮微粒,21.4,14,20,0.28,0.26,7.8
木柵站,2025/10/08 00:00,32,細懸浮微粒,26.9,9,21,0.3,0.13,6
木柵站,2025/10/08 01:00,32,細懸浮微粒,23,4,17,0.31,0.14,4.6
木柵站,2025/10/08 02:00,31,細懸浮微粒,19.3,6,20,0.3,0.2,4.6
木柵站,2025/10/08 03:00,31,懸浮微粒,19.6,8,21,0.27,0.13,4.3
木柵站,2025/10/08 04:00,31,懸浮微粒,22,7,19,0.37,0.15,4.1
木柵站,2025/10/08 05:00,33,懸浮微粒,20.5,11,23,0.33,0.16,4.1
木柵站,2025/10/08 06:00,36,細懸浮微粒,17.4,11,21,0.36,0.29,5.2
木柵站,2025/10/08 07:00,37,細懸浮微粒,17.5,11,28,0.45,0.32,8.4
木柵站,2025/10/08 08:00,39,懸浮微粒,24.9,9,30,0.31,0.31,9.9
木柵站,2025/10/08 09:00,43,懸浮微粒,27.7,6,35,0.35,0.75,9.5
木柵站,2025/10/08 10:00,43,懸浮微粒,30.9,13,23,0.37,0.68,9.1
木柵站,2025/10/08 11:00,45,懸浮微粒,32.9,11,30,0.37,0.53,8.1
木柵站,2025/10/08 12:00,46,懸浮微粒,35,14,32,0.28,0.29,9
木柵站,2025/10/08 13:00,48,細懸浮微粒,34.2,16,24,0.26,0.21,8
木柵站,2025/10/08 14:00,45,細懸浮微粒,-,7,21,-,-,-
木柵站,2025/10/08 15:00,46,細懸浮微粒,31.2,12,33,0.43,0.35,5.6
木柵站,2025/10/08 16:00,45,懸浮微粒,30.7,7,29,0.52,0.42,5.4
木柵站,2025/10/08 17:00,44,懸浮微粒,31.2,10,21,0.52,0.31,6.5
木柵站,2025/10/08 18:00,47,懸浮微粒,29.6,18,30,0.52,0.2,8.2
木柵站,2025/10/08 19:00,48,懸浮微粒,30.9,10,35,0.48,0.4,8.1
木柵站,2025/10/08 20:00,47,懸浮微粒,32.9,9,26,0.39,0.51,7.5
木柵站,2025/10/08 21:00,47,懸浮微粒,26.4,10,24,0.41,0.38,5.7
木柵站,2025/10/08 22:00,45,懸浮微粒,21.9,13,21,0.39,0.4,6.6
木柵站,2025/10/08 23:00,43,細懸浮微粒,23.1,9,19,0.35,0.29,5.7
木柵站,2025/10/09 00:00,42,細懸浮微粒,23.2,8,17,0.42,0.25,4.3
木柵站,2025/10/09 01:00,39,細懸浮微粒,21.9,8,19,0.43,0.22,3.4
木柵站,2025/10/09 02:00,36,懸浮微粒,21,6,20,0.43,0.32,2.7
木柵站,2025/10/09 03:00,35,細懸浮微粒,21.3,8,15,0.38,0.26,2.3
木柵站,2025/10/09 04:00,35,細懸浮微粒,22.3,9,19,0.49,0.27,1.9
木柵站,2025/10/09 05:00,33,懸浮微粒,20.8,4,18,0.47,0.27,2.3
木柵站,2025/10/09 06:00,34,懸浮微粒,19,7,26,0.55,0.37,3.9
木柵站,2025/10/09 07:00,35,懸浮微粒,21.7,7,21,0.6,0.38,6.1
木柵站,2025/10/09 08:00,35,懸浮微粒,28.1,12,22,0.46,0.44,7.1
木柵站,2025/10/09 09:00,35,懸浮微粒,30.7,8,21,0.47,0.41,7.4
木柵站,2025/10/09 10:00,35,懸浮微粒,34,9,23,0.47,0.51,6.4
木柵站,2025/10/09 11:00,35,懸浮微粒,35.8,7,21,0.48,0.68,5.3
木柵站,2025/10/09 12:00,35,懸浮微粒,37,6,20,0.38,0.84,5.9
木柵站,2025/10/09 13:00,36,懸浮微粒,38.5,8,26,0.39,1.07,5.2
木柵站,2025/10/09 14:00,37,懸浮微粒,38.9,10,26,0.38,0.79,5.5
木柵站,2025/10/09 15:00,40,懸浮微粒,37.8,8,30,0.38,1,4.9
木柵站,2025/10/09 16:00,40,懸浮微粒,35.8,5,20,0.46,0.68,5.5
木柵站,2025/10/09 17:00,38,懸浮微粒,33.9,7,16,0.43,0.18,7.7
木柵站,2025/10/09 18:00,38,懸浮微粒,29.4,10,24,0.44,0.36,9.2
木柵站,2025/10/09 19:00,35,懸浮微粒,28.4,7,19,0.46,0.43,10.9
木柵站,2025/10/09 20:00,36,懸浮微粒,27.8,8,24,0.43,0.4,9.6
木柵站,2025/10/09 21:00,38,懸浮微粒,31.3,6,23,0.43,0.67,8.1
木柵站,2025/10/09 22:00,37,懸浮微粒,31.7,5,22,0.4,0.48,7.8
木柵站,2025/10/09 23:00,38,懸浮微粒,30.2,7,21,0.38,0.36,5.8
木柵站,2025/10/10 00:00,37,懸浮微粒,29.5,4,20,0.4,0.1,4.1
木柵站,2025/10/10 01:00,36,懸浮微粒,27.7,1,22,0.41,0.13,3.1
木柵站,2025/10/10 02:00,33,懸浮微粒,28,2,12,0.41,0.14,2.6
木柵站,2025/10/10 03:00,31,懸浮微粒,27.2,2,16,0.35,0.1,2.4
木柵站,2025/10/10 04:00,30,懸浮微粒,22.8,4,15,0.39,0.1,2.6
木柵站,2025/10/10 05:00,28,懸浮微粒,18.2,5,15,0.4,0.12,3.4
木柵站,2025/10/10 06:00,28,懸浮微粒,19.9,7,13,0.44,0.12,4.1
木柵站,2025/10/10 07:00,29,懸浮微粒,21.7,7,20,0.46,0.11,4.2
木柵站,2025/10/10 08:00,30,懸浮微粒,28.6,7,22,0.5,0.14,4.5
木柵站,2025/10/10 09:00,31,懸浮微粒,31.1,4,21,0.52,0.41,3.9
木柵站,2025/10/10 10:00,32,懸浮微粒,32,3,20,0.54,0.52,3.8
木柵站,2025/10/10 11:00,30,懸浮微粒,33.2,4,13,0.53,0.32,3
木柵站,2025/10/10 12:00,29,懸浮微粒,33.8,4,18,0.4,0.37,3.4
木柵站,2025/10/10 13:00,29,懸浮微粒,36,3,19,0.42,0.18,4.1
木柵站,2025/10/10 14:00,29,臭氧8小時,38,6,18,0.43,0.28,4.7
木柵站,2025/10/10 15:00,31,臭氧8小時,31.3,2,14,0.4,0.32,3.7
木柵站,2025/10/10 16:00,31,臭氧8小時,30.6,3,18,0.44,0.26,5.3
木柵站,2025/10/10 17:00,31,臭氧8小時,29.3,7,20,0.42,0.16,6.5
木柵站,2025/10/10 18:00,30,臭氧8小時,27.6,5,15,0.4,0.11,6.6
木柵站,2025/10/10 19:00,30,懸浮微粒,27.5,5,18,0.38,0.12,5.9
木柵站,2025/10/10 20:00,30,懸浮微粒,24.7,4,19,0.44,0.13,6.1
木柵站,2025/10/10 21:00,28,懸浮微粒,21.8,7,13,0.42,0.18,5.3
木柵站,2025/10/10 22:00,29,懸浮微粒,21.5,8,21,0.39,0.11,4.8
木柵站,2025/10/10 23:00,28,懸浮微粒,20.4,9,11,0.37,0.12,3.7
木柵站,2025/10/11 00:00,27,懸浮微粒,22.7,6,16,0.39,0.37,3.4
木柵站,2025/10/11 01:00,27,細懸浮微粒,23,8,10,0.41,0.26,2.6
木柵站,2025/10/11 02:00,25,懸浮微粒,24.9,4,19,0.44,0.45,2.2
木柵站,2025/10/11 03:00,28,懸浮微粒,23.7,9,22,0.36,0.37,1.9
木柵站,2025/10/11 04:00,27,懸浮微粒,21.1,6,13,0.38,0.39,1.8
木柵站,2025/10/11 05:00,27,懸浮微粒,14.5,4,14,0.42,0.39,2.1
木柵站,2025/10/11 06:00,26,懸浮微粒,10.2,6,13,0.45,0.36,4
木柵站,2025/10/11 07:00,25,懸浮微粒,15.9,4,16,0.44,0.25,5.4
木柵站,2025/10/11 08:00,24,懸浮微粒,20.6,5,13,0.52,0.62,4.7
木柵站,2025/10/11 09:00,25,懸浮微粒,28.6,7,17,0.57,0.97,5.4
木柵站,2025/10/11 10:00,27,懸浮微粒,35.9,5,20,0.57,2.25,5.3
木柵站,2025/10/11 11:00,25,懸浮微粒,41.3,5,11,0.58,1.01,3.9
木柵站,2025/10/11 12:00,26,懸浮微粒,46.4,4,17,0.41,1.11,2.9
木柵站,2025/10/11 13:00,29,臭氧8小時,50.6,10,24,0.46,3.44,4.1
木柵站,2025/10/11 14:00,33,臭氧8小時,42.9,12,26,0.44,1.87,5.6
木柵站,2025/10/11 15:00,35,臭氧8小時,32.2,12,28,0.39,1.2,4.7
木柵站,2025/10/11 16:00,36,細懸浮微粒,24.2,9,17,0.43,1.18,4.3
木柵站,2025/10/11 17:00,37,細懸浮微粒,24.5,11,18,0.43,0.93,5.2
木柵站,2025/10/11 18:00,36,細懸浮微粒,22.5,9,14,0.44,0.61,6.2
木柵站,2025/10/11 19:00,35,細懸浮微粒,20.6,8,19,0.39,0.55,5.2
木柵站,2025/10/11 20:00,34,細懸浮微粒,18.8,7,24,0.47,0.72,4.3
木柵站,2025/10/11 21:00,33,懸浮微粒,16.9,6,20,0.45,0.59,5.1
木柵站,2025/10/11 22:00,34,懸浮微粒,14.5,4,21,0.48,0.56,5.8
木柵站,2025/10/11 23:00,35,懸浮微粒,14.2,9,22,0.46,0.6,5.5
木柵站,2025/10/12 00:00,32,懸浮微粒,12.7,6,11,0.45,0.32,5.1
木柵站,2025/10/12 01:00,31,懸浮微粒,12.4,5,16,0.45,0.27,4.7
木柵站,2025/10/12 02:00,29,細懸浮微粒,11.7,7,14,0.43,0.38,4.3
木柵站,2025/10/12 03:00,27,懸浮微粒,11.5,7,19,0.39,0.18,4.3
木柵站,2025/10/12 04:00,28,懸浮微粒,11.5,5,16,0.37,0.28,3.6
木柵站,2025/10/12 05:00,28,懸浮微粒,12.1,8,15,0.38,0.43,3.4
木柵站,2025/10/12 06:00,29,懸浮微粒,9.8,6,17,0.39,0.33,3.8
木柵站,2025/10/12 07:00,29,懸浮微粒,14.1,8,19,0.42,0.29,4
木柵站,2025/10/12 08:00,30,細懸浮微粒,19.5,10,21,0.4,0.5,4.2
木柵站,2025/10/12 09:00,31,懸浮微粒,29.7,7,21,0.46,0.81,4.1
木柵站,2025/10/12 10:00,33,懸浮微粒,43.3,6,25,0.49,1.93,5
木柵站,2025/10/12 11:00,33,懸浮微粒,56.4,10,20,0.54,2.61,5.3
木柵站,2025/10/12 12:00,33,懸浮微粒,65.3,10,20,0.39,2.48,4.7
木柵站,2025/10/12 13:00,40,懸浮微粒,79.5,12,42,0.47,-,5.8
木柵站,2025/10/12 14:00,45,懸浮微粒,68.4,17,40,0.45,-,6
木柵站,2025/10/12 15:00,48,臭氧8小時,53,7,26,0.44,-,6.7
木柵站,2025/10/12 16:00,56,臭氧8小時,52.2,11,30,0.47,1.95,7.3
木柵站,2025/10/12 17:00,61,臭氧8小時,43.3,15,28,0.47,1.35,9.1
木柵站,2025/10/12 18:00,58,臭氧8小時,34.7,19,38,0.45,0.49,7.9
木柵站,2025/10/12 19:00,52,細懸浮微粒,27.7,13,32,0.41,0.61,7.6
木柵站,2025/10/12 20:00,51,細懸浮微粒,17.4,9,22,0.46,0.84,7.1
木柵站,2025/10/12 21:00,49,細懸浮微粒,15.4,10,21,0.39,0.45,7.3
木柵站,2025/10/12 22:00,46,細懸浮微粒,14.3,11,23,0.41,0.51,6.5
木柵站,2025/10/12 23:00,46,細懸浮微粒,14.6,12,20,0.34,0.4,5.6
木柵站,2025/10/13 00:00,44,細懸浮微粒,13.5,7,13,0.4,0.19,4.5
木柵站,2025/10/13 01:00,42,細懸浮微粒,13.2,7,17,0.42,0.23,4
木柵站,2025/10/13 02:00,37,細懸浮微粒,10.8,6,22,0.41,0.18,3.1
木柵站,2025/10/13 03:00,35,細懸浮微粒,9.3,7,17,0.38,0.15,3.4
木柵站,2025/10/13 04:00,37,懸浮微粒,8.4,10,28,0.42,0.23,3.8
木柵站,2025/10/13 05:00,38,懸浮微粒,7.2,11,23,0.43,0.31,4.8
木柵站,2025/10/13 06:00,44,細懸浮微粒,8.8,19,21,0.43,0.33,5.3
木柵站,2025/10/13 07:00,46,細懸浮微粒,12.4,11,23,0.51,0.41,5.9
木柵站,2025/10/13 08:00,46,細懸浮微粒,22.5,10,27,0.49,0.42,6.5
木柵站,2025/10/13 09:00,46,細懸浮微粒,33.9,11,29,0.55,1.07,6.7
木柵站,2025/10/13 10:00,43,細懸浮微粒,44.8,12,26,0.6,0.97,8.6
木柵站,2025/10/13 11:00,45,細懸浮微粒,54.5,14,27,0.6,1.31,7.8
木柵站,2025/10/13 12:00,50,細懸浮微粒,63.9,17,30,0.45,2.56,6.6
木柵站,2025/10/13 13:00,52,細懸浮微粒,80,-,41,0.53,4.53,7.9
木柵站,2025/10/13 14:00,54,細懸浮微粒,66.8,-,40,0.48,3.71,7.9
木柵站,2025/10/13 15:00,50,懸浮微粒,38.2,7,20,0.39,2.68,7.9
木柵站,2025/10/13 16:00,48,懸浮微粒,32.6,15,21,0.54,2.07,9.4
木柵站,2025/10/13 17:00,46,臭氧8小時,17.4,5,11,0.4,0.66,8.7
木柵站,2025/10/13 18:00,43,臭氧8小時,17.9,7,9,0.4,0.48,5.9
木柵站,2025/10/13 19:00,38,臭氧8小時,15.5,5,21,0.49,0.7,6.4
木柵站,2025/10/13 20:00,36,細懸浮微粒,12.8,12,12,0.37,0.19,8
木柵站,2025/10/13 21:00,37,細懸浮微粒,12.4,9,12,0.34,0.4,7.1
木柵站,2025/10/13 22:00,35,細懸浮微粒,8.9,5,20,0.36,0.46,6.8
木柵站,2025/10/13 23:00,37,細懸浮微粒,8.3,10,19,0.36,0.43,6.8
木柵站,2025/10/14 00:00,32,細懸浮微粒,8.6,7,10,0.39,0.13,6.1
木柵站,2025/10/14 01:00,30,細懸浮微粒,7.5,6,17,0.44,0.27,4.9
木柵站,2025/10/14 02:00,32,細懸浮微粒,8.8,8,22,0.43,0.3,4.6
木柵站,2025/10/14 03:00,31,細懸浮微粒,7.8,8,17,0.36,0.16,3.9
木柵站,2025/10/14 04:00,32,細懸浮微粒,7.8,11,22,0.45,0.2,4.1
木柵站,2025/10/14 05:00,34,細懸浮微粒,6.8,8,21,0.44,0.24,4.5
木柵站,2025/10/14 06:00,33,細懸浮微粒,6.7,7,23,0.47,0.25,4.4
木柵站,2025/10/14 07:00,34,細懸浮微粒,10.4,9,25,0.52,0.33,5.1
木柵站,2025/10/14 08:00,40,細懸浮微粒,21.7,20,34,0.59,0.44,7.2
木柵站,2025/10/14 09:00,49,細懸浮微粒,38.9,21,38,0.59,0.87,8.4
木柵站,2025/10/14 10:00,52,細懸浮微粒,50.8,13,35,0.57,1.09,8
木柵站,2025/10/14 11:00,52,細懸浮微粒,45.5,9,25,0.58,1.9,7.3
木柵站,2025/10/14 12:00,45,細懸浮微粒,26,5,17,0.34,0.94,7.7
木柵站,2025/10/14 13:00,40,懸浮微粒,25.1,6,16,0.31,0.71,7
木柵站,2025/10/14 14:00,37,懸浮微粒,25.2,8,21,0.33,1.08,7
木柵站,2025/10/14 15:00,38,細懸浮微粒,25.6,13,21,0.32,0.56,6.5
木柵站,2025/10/14 16:00,40,細懸浮微粒,21,9,23,0.39,0.34,8.4
木柵站,2025/10/14 17:00,43,細懸浮微粒,19.7,12,13,0.37,0.33,9.6
木柵站,2025/10/14 18:00,44,細懸浮微粒,20.9,8,23,0.35,0.24,8.6
木柵站,2025/10/14 19:00,42,細懸浮微粒,18.5,9,21,0.3,0.16,8.2
木柵站,2025/10/14 20:00,39,細懸浮微粒,18.6,8,14,0.4,0.26,7.3
木柵站,2025/10/14 21:00,34,細懸浮微粒,18.3,7,17,0.4,0.21,6
木柵站,2025/10/14 22:00,35,細懸浮微粒,21.7,11,13,0.39,0.32,5.3
木柵站,2025/10/14 23:00,35,細懸浮微粒,24.6,8,13,0.37,0.27,3.1
木柵站,2025/10/15 00:00,33,細懸浮微粒,25.6,5,12,0.39,0.27,1.9
木柵站,2025/10/15 01:00,33,細懸浮微粒,27.1,7,17,0.44,0.3,1.7
木柵站,2025/10/15 02:00,32,細懸浮微粒,28.8,8,11,0.43,0.34,1.4
木柵站,2025/10/15 03:00,28,細懸浮微粒,28.1,4,18,0.41,0.23,1.6
木柵站,2025/10/15 04:00,32,細懸浮微粒,26,11,16,0.44,0.18,1.8
木柵站,2025/10/15 05:00,33,細懸浮微粒,23.5,10,23,0.4,0.22,2.3
木柵站,2025/10/15 06:00,31,細懸浮微粒,20.8,6,20,0.4,0.44,3
木柵站,2025/10/15 07:00,36,細懸浮微粒,19.4,12,15,0.48,0.39,4.9
木柵站,2025/10/15 08:00,35,細懸浮微粒,23.9,9,24,0.43,0.65,6.1
木柵站,2025/10/15 09:00,34,細懸浮微粒,26.2,7,22,0.46,0.98,4.8
木柵站,2025/10/15 10:00,33,細懸浮微粒,27.9,6,20,0.46,0.93,4.6
木柵站,2025/10/15 11:00,32,懸浮微粒,28.2,5,16,0.47,0.82,5.1
木柵站,2025/10/15 12:00,31,懸浮微粒,28.6,7,19,0.39,0.88,4.4
木柵站,2025/10/15 13:00,30,懸浮微粒,28,8,15,0.37,0.42,5
木柵站,2025/10/15 14:00,32,懸浮微粒,21.9,5,24,0.35,1.28,3.6
木柵站,2025/10/15 15:00,32,懸浮微粒,23.2,2,18,0.38,2.61,2.8
木柵站,2025/10/15 16:00,30,懸浮微粒,22.2,8,13,0.38,0.7,5.2
木柵站,2025/10/15 17:00,29,懸浮微粒,20.8,8,13,0.37,0.6,8
木柵站,2025/10/15 18:00,27,細懸浮微粒,20.4,7,13,0.34,0.32,7.2
木柵站,2025/10/15 19:00,29,細懸浮微粒,20.1,8,17,0.33,0.33,6.3
木柵站,2025/10/15 20:00,30,細懸浮微粒,20.1,10,15,0.42,0.51,5
木柵站,2025/10/15 21:00,30,細懸浮微粒,21.7,8,19,0.39,0.45,3.7
木柵站,2025/10/15 22:00,30,細懸浮微粒,22.9,6,20,0.36,0.42,1.6
木柵站,2025/10/15 23:00,29,細懸浮微粒,22.5,6,16,0.36,0.72,2.1
木柵站,2025/10/16 00:00,29,懸浮微粒,22.4,7,17,0.39,0.53,0.8
木柵站,2025/10/16 01:00,28,懸浮微粒,21.7,4,16,0.39,0.26,0.4
木柵站,2025/10/16 02:00,27,懸浮微粒,19.5,3,16,0.37,0.12,1.6
木柵站,2025/10/16 03:00,28,懸浮微粒,18.3,7,21,0.34,0.14,1.7
木柵站,2025/10/16 04:00,28,懸浮微粒,12.7,8,14,0.3,0.11,5.9
木柵站,2025/10/16 05:00,28,懸浮微粒,9.8,6,15,0.3,0.16,8.8
木柵站,2025/10/16 06:00,29,細懸浮微粒,14.5,9,16,0.33,0.2,5.5
木柵站,2025/10/16 07:00,32,細懸浮微粒,16.5,12,25,0.4,0.23,5.5
木柵站,2025/10/16 08:00,34,細懸浮微粒,18,12,21,0.45,0.22,5.7
木柵站,2025/10/16 09:00,37,細懸浮微粒,20.4,11,25,0.46,0.54,4.4
木柵站,2025/10/16 10:00,44,細懸浮微粒,20.6,18,22,0.47,0.4,2.6
木柵站,2025/10/16 11:00,42,細懸浮微粒,19.7,8,19,0.5,0.32,2.1
木柵站,2025/10/16 12:00,43,細懸浮微粒,20.9,12,18,0.35,0.51,1.1
木柵站,2025/10/16 13:00,43,細懸浮微粒,20.2,9,16,0.32,0.35,0.4
木柵站,2025/10/16 14:00,39,細懸浮微粒,19.8,8,18,0.31,0.2,0.9
木柵站,2025/10/16 15:00,38,細懸浮微粒,18.7,7,28,0.34,0.41,2.9
木柵站,2025/10/16 16:00,39,細懸浮微粒,18.2,12,20,0.42,0.38,3.4
木柵站,2025/10/16 17:00,41,細懸浮微粒,15.5,11,19,0.41,0.16,5.6
木柵站,2025/10/16 18:00,42,細懸浮微粒,15,10,19,0.43,0.11,6.2
木柵站,2025/10/16 19:00,42,細懸浮微粒,14.8,8,20,0.37,0.17,5.8
木柵站,2025/10/16 20:00,45,細懸浮微粒,14.9,16,19,0.35,0.31,3.7
木柵站,2025/10/16 21:00,38,細懸浮微粒,16,2,26,0.33,0.24,2
木柵站,2025/10/16 22:00,35,懸浮微粒,15.5,3,21,0.33,0.41,2.5
木柵站,2025/10/16 23:00,34,懸浮微粒,15,6,17,0.33,0.26,1.7
木柵站,2025/10/17 00:00,33,懸浮微粒,14.1,8,16,0.42,0.34,-
木柵站,2025/10/17 01:00,30,懸浮微粒,12.6,5,11,0.44,0.22,-
木柵站,2025/10/17 02:00,28,懸浮微粒,13.2,2,12,0.41,0.33,-
木柵站,2025/10/17 03:00,26,細懸浮微粒,12.8,6,12,0.37,0.2,-
木柵站,2025/10/17 04:00,26,懸浮微粒,12.1,7,18,0.36,0.24,0.1
木柵站,2025/10/17 05:00,25,細懸浮微粒,11.4,8,6,0.37,0.22,1
木柵站,2025/10/17 06:00,26,細懸浮微粒,9.9,5,10,0.38,0.32,3.2
木柵站,2025/10/17 07:00,26,細懸浮微粒,9.5,6,14,0.42,0.37,4.2
木柵站,2025/10/17 08:00,22,懸浮微粒,9.4,3,15,0.44,0.4,4.8
木柵站,2025/10/17 09:00,24,懸浮微粒,11.8,3,20,0.46,0.54,4.6
木柵站,2025/10/17 10:00,26,懸浮微粒,14.3,6,19,0.49,0.92,3.5
木柵站,2025/10/17 11:00,27,懸浮微粒,15.8,8,18,0.52,0.69,3.7
木柵站,2025/10/17 12:00,27,懸浮微粒,16,4,17,0.49,0.69,3.1
木柵站,2025/10/17 13:00,28,懸浮微粒,16.6,2,19,0.47,0.83,2.3
木柵站,2025/10/17 14:00,27,懸浮微粒,16.7,3,15,0.48,0.45,1.3
木柵站,2025/10/17 15:00,28,懸浮微粒,16.5,6,20,0.46,0.61,1.2
木柵站,2025/10/17 16:00,29,懸浮微粒,15.6,5,19,0.4,0.87,3.9
木柵站,2025/10/17 17:00,28,懸浮微粒,14.3,6,15,0.38,0.64,6.1
木柵站,2025/10/17 18:00,29,懸浮微粒,12.6,6,15,0.39,0.33,7.7
木柵站,2025/10/17 19:00,27,懸浮微粒,13.4,8,13,0.33,0.3,6.8
木柵站,2025/10/17 20:00,28,懸浮微粒,13.6,8,22,0.44,0.39,5.6
木柵站,2025/10/17 21:00,28,懸浮微粒,14.7,8,16,0.41,0.42,4.3
木柵站,2025/10/17 22:00,29,懸浮微粒,16.9,4,18,0.4,0.41,2.9
木柵站,2025/10/17 23:00,30,懸浮微粒,18.2,8,18,0.38,0.44,2
木柵站,2025/10/18 00:00,28,懸浮微粒,18.5,6,13,0.41,0.29,1.6
木柵站,2025/10/18 01:00,28,懸浮微粒,19.9,6,17,0.44,0.12,0.4
木柵站,2025/10/18 02:00,27,細懸浮微粒,21.1,8,14,0.42,0.11,0.2
木柵站,2025/10/18 03:00,26,懸浮微粒,19.3,5,16,0.41,0.15,0.2
木柵站,2025/10/18 04:00,27,懸浮微粒,18.1,7,18,0.38,0.11,0.5
木柵站,2025/10/18 05:00,28,懸浮微粒,18,4,19,0.39,0.12,1.1
木柵站,2025/10/18 06:00,29,懸浮微粒,16.1,6,19,0.41,0.16,3.2
木柵站,2025/10/18 07:00,30,懸浮微粒,15.9,5,18,0.46,0.16,3.2
木柵站,2025/10/18 08:00,30,懸浮微粒,17.6,6,21,0.46,0.11,2.5
木柵站,2025/10/18 09:00,32,懸浮微粒,19.4,4,24,0.48,0.39,2.2
木柵站,2025/10/18 10:00,33,懸浮微粒,20.1,4,21,0.48,0.91,1.7
木柵站,2025/10/18 11:00,32,懸浮微粒,20.9,4,16,0.48,0.32,1.2
木柵站,2025/10/18 12:00,30,懸浮微粒,20.7,6,10,0.4,0.35,1.7
木柵站,2025/10/18 13:00,28,懸浮微粒,20.4,5,18,0.37,0.4,2.6
木柵站,2025/10/18 14:00,27,懸浮微粒,20.4,2,15,0.38,0.44,1
木柵站,2025/10/18 15:00,27,懸浮微粒,20.5,1,16,0.4,0.5,1.1
木柵站,2025/10/18 16:00,27,懸浮微粒,20.5,5,12,0.41,0.41,3.2
木柵站,2025/10/18 17:00,25,懸浮微粒,18.1,4,11,0.39,0.16,4.4
木柵站,2025/10/18 18:00,24,懸浮微粒,16.9,1,11,0.37,0.11,4.1
木柵站,2025/10/18 19:00,23,懸浮微粒,16.4,6,12,0.34,0.12,3.7
木柵站,2025/10/18 20:00,23,懸浮微粒,16.7,4,17,0.44,0.22,3.7
木柵站,2025/10/18 21:00,23,懸浮微粒,17.5,2,14,0.41,0.18,2.1
木柵站,2025/10/18 22:00,24,懸浮微粒,18.2,3,16,0.41,0.18,2.1
木柵站,2025/10/18 23:00,25,懸浮微粒,19.8,2,18,0.38,0.17,1
木柵站,2025/10/19 00:00,25,懸浮微粒,21.3,2,14,0.43,0.18,0.1
木柵站,2025/10/19 01:00,25,懸浮微粒,21.5,4,14,0.47,0.23,0.1
木柵站,2025/10/19 02:00,24,懸浮微粒,22.4,4,12,0.45,0.23,-
木柵站,2025/10/19 03:00,21,懸浮微粒,17.6,2,9,0.41,0.16,0.3
木柵站,2025/10/19 04:00,20,懸浮微粒,16.8,3,8,0.37,0.21,0.3
木柵站,2025/10/19 05:00,22,懸浮微粒,15.1,5,22,0.42,0.22,1.5
木柵站,2025/10/19 06:00,22,懸浮微粒,12.6,5,10,0.4,0.31,2.8
木柵站,2025/10/19 07:00,23,懸浮微粒,14.8,5,16,0.42,0.31,3.1
木柵站,2025/10/19 08:00,25,懸浮微粒,16.7,2,16,0.39,0.28,2.3
木柵站,2025/10/19 09:00,23,懸浮微粒,19.1,1,11,0.34,0.25,2.2
木柵站,2025/10/19 10:00,22,懸浮微粒,19.4,1,8,0.35,0.32,2.4
木柵站,2025/10/19 11:00,19,懸浮微粒,21,1,7,0.36,0.43,1.8
木柵站,2025/10/19 12:00,17,懸浮微粒,21.5,1,7,0.39,0.38,3.3
木柵站,2025/10/19 13:00,17,臭氧8小時,21.4,1,9,0.41,0.23,2.8
木柵站,2025/10/19 14:00,18,臭氧8小時,20.6,1,11,0.45,0.36,2.3
木柵站,2025/10/19 15:00,18,臭氧8小時,19.3,2,9,0.43,0.25,2
木柵站,2025/10/19 16:00,19,臭氧8小時,21,1,12,0.37,0.4,3.6
木柵站,2025/10/19 17:00,19,懸浮微粒,19.2,1,16,0.39,0.28,6.7
木柵站,2025/10/19 18:00,19,二氧化氮小時值,16,1,8,0.4,0.45,8.1
木柵站,2025/10/19 19:00,19,二氧化氮小時值,12,4,11,0.4,0.35,7.9
木柵站,2025/10/19 20:00,18,懸浮微粒,12.5,5,10,0.36,0.29,6.7
木柵站,2025/10/19 21:00,16,懸浮微粒,13.9,4,10,0.31,0.3,5.4
木柵站,2025/10/19 22:00,16,懸浮微粒,24.6,1,7,0.28,0.22,1.6
木柵站,2025/10/19 23:00,17,臭氧8小時,25,1,3,0.27,0.24,3.3
木柵站,2025/10/20 00:00,18,臭氧8小時,33,3,2,0.41,0.37,1.1
木柵站,2025/10/20 01:00,19,臭氧8小時,30.7,5,3,0.44,0.64,1.9
木柵站,2025/10/20 02:00,21,臭氧8小時,28.6,3,1,0.4,1.08,0.1
木柵站,2025/10/20 03:00,22,臭氧8小時,21,2,37,0.38,0.61,3.9
木柵站,2025/10/20 04:00,23,臭氧8小時,22.6,5,11,0.41,0.5,0.1
木柵站,2025/10/20 05:00,24,臭氧8小時,18.8,4,19,0.37,0.64,1.4
木柵站,2025/10/20 06:00,25,懸浮微粒,15.6,2,12,0.38,0.47,4.6
木柵站,2025/10/20 07:00,22,二氧化氮小時值,13.4,1,6,0.46,0.96,9.3
木柵站,2025/10/20 08:00,25,二氧化氮小時值,13.4,5,4,0.44,0.44,10.3
木柵站,2025/10/20 09:00,25,二氧化氮小時值,22,5,6,0.43,0.91,10.3
木柵站,2025/10/20 10:00,18,臭氧8小時,31.5,5,3,0.43,1.28,5.3
木柵站,2025/10/20 11:00,20,臭氧8小時,32,3,2,0.43,1.04,4.7
木柵站,2025/10/20 12:00,21,臭氧8小時,32.4,1,18,0.38,1.11,4
木柵站,2025/10/20 13:00,23,懸浮微粒,33.4,2,36,0.39,1.14,3.1
木柵站,2025/10/20 14:00,27,懸浮微粒,30.6,2,16,0.37,1.09,3.5
木柵站,2025/10/20 15:00,25,臭氧8小時,23.1,2,4,0.34,1.11,3.1
木柵站,2025/10/20 16:00,28,臭氧8小時,33.1,7,6,0.44,1,4.5
木柵站,2025/10/20 17:00,29,臭氧8小時,35.6,8,19,0.44,0.91,3.3
木柵站,2025/10/20 18:00,30,臭氧8小時,36.5,13,20,0.44,0.99,3.3
木柵站,2025/10/20 19:00,30,細懸浮微粒,36.4,11,29,0.42,0.9,3.3
木柵站,2025/10/20 20:00,31,臭氧8小時,38.5,7,13,0.33,1.13,2.2
木柵站,2025/10/20 21:00,31,臭氧8小時,37.8,5,14,0.32,1.53,2.3
木柵站,2025/10/20 22:00,32,臭氧8小時,38.7,4,18,0.3,1.53,1
木柵站,2025/10/20 23:00,34,臭氧8小時,39.5,4,15,0.32,2.78,0.5
木柵站,2025/10/21 00:00,35,臭氧8小時,40.5,4,13,0.35,0.74,-
木柵站,2025/10/21 01:00,36,臭氧8小時,40.5,3,10,0.38,0.79,-
木柵站,2025/10/21 02:00,36,臭氧8小時,40.8,5,19,0.36,0.62,-
木柵站,2025/10/21 03:00,37,臭氧8小時,39.5,4,9,0.36,0.5,-
木柵站,2025/10/21 04:00,37,臭氧8小時,39.1,3,20,0.39,0.5,-
木柵站,2025/10/21 05:00,37,臭氧8小時,38.9,4,10,0.43,0.44,-
木柵站,2025/10/21 06:00,37,臭氧8小時,36.7,3,20,0.4,0.73,3.4
木柵站,2025/10/21 07:00,36,臭氧8小時,33.8,10,18,0.47,0.36,6.7
木柵站,2025/10/21 08:00,35,臭氧8小時,29.8,6,12,0.37,0.63,10.8
木柵站,2025/10/21 09:00,34,臭氧8小時,33.2,4,14,0.32,0.82,7
木柵站,2025/10/21 10:00,33,臭氧8小時,32.7,5,15,0.35,0.29,8.3
木柵站,2025/10/21 11:00,32,臭氧8小時,32.3,4,13,0.32,0.79,8.2
木柵站,2025/10/21 12:00,31,臭氧8小時,32.6,5,13,0.29,1.05,8.3
木柵站,2025/10/21 13:00,30,臭氧8小時,31.2,7,14,0.3,0.31,9.3
木柵站,2025/10/21 14:00,30,臭氧8小時,30.2,4,18,0.27,1.22,8.3
木柵站,2025/10/21 15:00,29,臭氧8小時,28.4,5,8,0.33,1.34,10.3
木柵站,2025/10/21 16:00,36,二氧化氮小時值,24.9,6,11,0.39,0.47,15.3
木柵站,2025/10/21 17:00,36,二氧化氮小時值,25.2,6,16,0.4,1.19,15.1
木柵站,2025/10/21 18:00,46,二氧化氮小時值,21.3,6,10,0.46,0.6,19.5
木柵站,2025/10/21 19:00,26,臭氧8小時,32,4,10,0.35,0.91,8.5
木柵站,2025/10/21 20:00,26,臭氧8小時,35,5,10,0.3,0.37,6.3
木柵站,2025/10/21 21:00,27,臭氧8小時,36.8,8,6,0.32,0.82,4.3
木柵站,2025/10/21 22:00,28,臭氧8小時,37.9,3,16,0.28,1.07,3.3
木柵站,2025/10/21 23:00,29,臭氧8小時,39.5,2,11,0.29,0.31,1.5
木柵站,2025/10/22 00:00,31,臭氧8小時,41.3,7,10,0.29,0.92,-
木柵站,2025/10/22 01:00,33,臭氧8小時,41.4,3,10,0.34,1.18,-
木柵站,2025/10/22 02:00,35,臭氧8小時,42.4,1,11,0.33,0.8,-
木柵站,2025/10/22 03:00,37,臭氧8小時,41.8,1,12,0.31,0.84,-
木柵站,2025/10/22 04:00,37,臭氧8小時,40.8,1,9,0.33,0.66,-
木柵站,2025/10/22 05:00,38,臭氧8小時,40,1,8,0.33,0.72,-
木柵站,2025/10/22 06:00,38,臭氧8小時,37.8,1,8,0.33,0.58,-
木柵站,2025/10/22 07:00,37,臭氧8小時,34.8,3,11,0.35,0.64,4.3
木柵站,2025/10/22 08:00,36,臭氧8小時,33,2,6,0.31,0.4,5.6
木柵站,2025/10/22 09:00,35,臭氧8小時,33.5,4,5,0.29,0.53,5.6
木柵站,2025/10/22 10:00,34,臭氧8小時,34.7,7,12,0.31,0.74,4.5
木柵站,2025/10/22 11:00,34,臭氧8小時,35.3,4,11,0.31,0.45,4.6
木柵站,2025/10/22 12:00,33,臭氧8小時,35.3,3,23,0.34,1.04,4.5
木柵站,2025/10/22 13:00,32,臭氧8小時,36.2,2,16,0.35,0.35,4.7
木柵站,2025/10/22 14:00,32,臭氧8小時,36.1,2,23,0.33,0.92,4.6
木柵站,2025/10/22 15:00,32,臭氧8小時,36.1,11,22,0.34,0.27,5
木柵站,2025/10/22 16:00,33,臭氧8小時,36,7,18,0.32,0.83,5.6
木柵站,2025/10/22 17:00,33,臭氧8小時,36.8,8,28,0.29,0.48,5.5
木柵站,2025/10/22 18:00,34,臭氧8小時,38.3,10,21,0.31,1.15,4.4
木柵站,2025/10/22 19:00,34,臭氧8小時,36.9,7,2,0.34,0.87,5.3
木柵站,2025/10/22 20:00,34,臭氧8小時,39,2,20,0.31,0.48,3.1
木柵站,2025/10/22 21:00,35,臭氧8小時,39.8,1,18,0.32,0.83,2.4
木柵站,2025/10/22 22:00,35,臭氧8小時,39.9,1,14,0.33,0.35,2.1
木柵站,2025/10/22 23:00,36,臭氧8小時,40.5,3,15,0.33,0.55,1.1
木柵站,2025/10/23 00:00,36,臭氧8小時,41.1,4,26,0.36,0.96,-
木柵站,2025/10/23 01:00,37,臭氧8小時,41.2,3,16,0.4,1.29,-
木柵站,2025/10/23 02:00,37,臭氧8小時,40.7,4,4,0.4,1.17,-
木柵站,2025/10/23 03:00,37,臭氧8小時,36,3,6,0.4,2.09,-
木柵站,2025/10/23 04:00,36,臭氧8小時,32.2,2,16,0.28,1,-
木柵站,2025/10/23 05:00,36,臭氧8小時,35.1,1,9,0.3,1.78,-
木柵站,2025/10/23 06:00,35,臭氧8小時,38.8,4,19,0.31,0.86,2.1
木柵站,2025/10/23 07:00,35,臭氧8小時,35.2,4,13,0.36,1.41,5.5
木柵站,2025/10/23 08:00,34,臭氧8小時,33.3,7,18,0.32,0.38,6.5
木柵站,2025/10/23 09:00,33,臭氧8小時,33.9,7,24,0.37,1.24,6.4
木柵站,2025/10/23 10:00,32,臭氧8小時,31.6,9,24,0.38,0.17,7.9
木柵站,2025/10/23 11:00,35,懸浮微粒,31.6,8,32,0.38,0.16,7
木柵站,2025/10/23 12:00,38,懸浮微粒,31.8,7,31,0.4,0.16,5.7
木柵站,2025/10/23 13:00,38,懸浮微粒,33.2,7,24,0.38,0.11,4.5
木柵站,2025/10/23 14:00,43,懸浮微粒,-,8,34,-,-,-
木柵站,2025/10/23 15:00,42,懸浮微粒,-,8,23,-,-,-
木柵站,2025/10/23 16:00,42,懸浮微粒,22.3,6,29,0.11,2.25,16.1
木柵站,2025/10/23 17:00,40,懸浮微粒,30,4,13,0.13,2.11,10.4
木柵站,2025/10/23 18:00,38,懸浮微粒,32.9,5,22,0.06,1.13,9.4
木柵站,2025/10/23 19:00,40,懸浮微粒,34.8,7,29,0.04,0.99,7.8
木柵站,2025/10/23 20:00,42,懸浮微粒,35.2,9,32,0.15,0.89,6.9
木柵站,2025/10/23 21:00,47,懸浮微粒,36.6,8,34,0.13,1.19,5.7
木柵站,2025/10/23 22:00,50,懸浮微粒,36.5,9,33,0.14,1.24,5.1
木柵站,2025/10/23 23:00,50,懸浮微粒,37.1,10,30,0.11,2.44,4.5
木柵站,2025/10/24 00:00,45,懸浮微粒,39.1,8,15,0.16,1.82,2.9
木柵站,2025/10/24 01:00,40,懸浮微粒,40.8,8,12,0.18,1.75,1.7
木柵站,2025/10/24 02:00,37,懸浮微粒,39.8,7,21,0.17,1.84,2
木柵站,2025/10/24 03:00,35,臭氧8小時,37.7,3,17,0.16,1.3,2.1
木柵站,2025/10/24 04:00,36,臭氧8小時,40.5,5,13,0.17,1.56,1.4
木柵站,2025/10/24 05:00,36,臭氧8小時,39.9,6,22,0.19,1.68,1.7
木柵站,2025/10/24 06:00,36,臭氧8小時,39,3,7,0.22,1.28,2.8
木柵站,2025/10/24 07:00,36,臭氧8小時,38.2,6,15,0.17,0.15,4.6
木柵站,2025/10/24 08:00,36,臭氧8小時,35.9,5,21,0.22,0.17,5.4
木柵站,2025/10/24 09:00,35,臭氧8小時,33.9,5,14,0.25,0.19,7.8
木柵站,2025/10/24 10:00,35,臭氧8小時,35.1,4,18,0.22,0.25,6.1
木柵站,2025/10/24 11:00,34,臭氧8小時,34.7,5,18,0.24,0.26,6.2
木柵站,2025/10/24 12:00,34,臭氧8小時,33.6,6,16,0.2,0.27,6.9
木柵站,2025/10/24 13:00,33,臭氧8小時,34.8,5,20,0.19,0.18,5.1
木柵站,2025/10/24 14:00,32,臭氧8小時,31,4,21,0.24,0.24,9.3
木柵站,2025/10/24 15:00,31,臭氧8小時,32.5,2,16,0.21,0.32,6.6
木柵站,2025/10/24 16:00,32,懸浮微粒,35.7,13,24,0.19,0.32,6.7
木柵站,2025/10/24 17:00,35,懸浮微粒,32.7,7,31,0.23,1.15,9.6
木柵站,2025/10/24 18:00,36,懸浮微粒,28.5,7,24,0.28,2.16,9.4
木柵站,2025/10/24 19:00,38,懸浮微粒,32.1,9,20,0.24,3.09,9
木柵站,2025/10/24 20:00,34,懸浮微粒,32.4,6,9,0.09,2.09,7.2
木柵站,2025/10/24 21:00,30,臭氧8小時,37.5,3,11,0.06,2.57,4.1
木柵站,2025/10/24 22:00,31,臭氧8小時,38.1,3,12,0.07,2.14,4.2
木柵站,2025/10/24 23:00,32,臭氧8小時,36.3,8,13,0.05,2.38,4
木柵站,2025/10/25 00:00,32,臭氧8小時,38.5,6,14,0.11,1.23,3
木柵站,2025/10/25 01:00,33,臭氧8小時,40,11,23,0.13,1.63,2.2
木柵站,2025/10/25 02:00,34,臭氧8小時,40.8,10,22,0.13,1,2.2
木柵站,2025/10/25 03:00,35,臭氧8小時,41.3,7,17,0.09,1.35,1.5
木柵站,2025/10/25 04:00,36,臭氧8小時,40.9,4,18,0.12,2.17,1.3
木柵站,2025/10/25 05:00,36,臭氧8小時,36,5,21,0.13,2.67,2
木柵站,2025/10/25 06:00,35,臭氧8小時,31.1,3,6,0.18,1.74,6
木柵站,2025/10/25 07:00,34,臭氧8小時,27.9,3,10,0.16,0.12,7.6
木柵站,2025/10/25 08:00,33,臭氧8小時,30.6,3,11,0.32,0.23,10.8
木柵站,2025/10/25 09:00,33,臭氧8小時,32.4,4,8,0.3,0.2,8.1
木柵站,2025/10/25 10:00,31,臭氧8小時,31.3,8,10,0.29,0.18,8.7
木柵站,2025/10/25 11:00,30,臭氧8小時,31.8,6,15,0.3,0.21,7.4
木柵站,2025/10/25 12:00,29,臭氧8小時,32.6,8,-,0.2,0.23,6.5
木柵站,2025/10/25 13:00,29,臭氧8小時,32.4,6,1,0.21,0.14,5.8
木柵站,2025/10/25 14:00,28,臭氧8小時,26.9,9,19,0.22,0.19,11.5
木柵站,2025/10/25 15:00,28,臭氧8小時,26.7,8,23,0.23,0.12,9.8
木柵站,2025/10/25 16:00,29,臭氧8小時,33.2,9,21,0.16,0.14,6.3
木柵站,2025/10/25 17:00,29,懸浮微粒,28.6,5,23,0.18,0.14,11
木柵站,2025/10/25 18:00,31,懸浮微粒,29.6,7,24,0.23,0.23,8.4
木柵站,2025/10/25 19:00,31,懸浮微粒,29.5,6,18,0.18,0.27,9
木柵站,2025/10/25 20:00,32,懸浮微粒,34.5,6,23,0.13,0.22,5
木柵站,2025/10/25 21:00,32,懸浮微粒,30.4,8,18,0.13,0.14,6.2
木柵站,2025/10/25 22:00,33,懸浮微粒,26.9,8,24,0.17,0.22,8.4
木柵站,2025/10/25 23:00,31,懸浮微粒,31.5,8,10,0.16,0.63,6.1
木柵站,2025/10/26 00:00,30,懸浮微粒,38.1,4,17,0.14,1.39,2.8
木柵站,2025/10/26 01:00,31,懸浮微粒,39,6,19,0.23,1.8,1.9
木柵站,2025/10/26 02:00,31,臭氧8小時,38.1,4,22,0.2,2.38,2.1
木柵站,2025/10/26 03:00,37,懸浮微粒,37.8,2,34,0.17,1.78,2.6
木柵站,2025/10/26 04:00,38,懸浮微粒,38.4,8,22,0.12,1.91,2
木柵站,2025/10/26 05:00,39,懸浮微粒,38.2,10,24,0.11,1.99,2.8
木柵站,2025/10/26 06:00,39,懸浮微粒,35.2,6,21,0.15,1.87,5.7
木柵站,2025/10/26 07:00,36,懸浮微粒,30.5,14,20,0.17,2.16,8.3
木柵站,2025/10/26 08:00,34,細懸浮微粒,36.2,9,13,0.22,1.91,5.8
木柵站,2025/10/26 09:00,34,臭氧8小時,39.1,8,20,0.23,2.01,4.6
木柵站,2025/10/26 10:00,38,細懸浮微粒,38.4,13,19,0.23,2.52,5.6
木柵站,2025/10/26 11:00,35,細懸浮微粒,36.4,9,27,0.25,2.26,6.7
木柵站,2025/10/26 12:00,38,懸浮微粒,33.7,7,26,0.22,2.13,7.9
木柵站,2025/10/26 13:00,40,懸浮微粒,35.9,9,28,0.18,2.55,7
木柵站,2025/10/26 14:00,45,懸浮微粒,36.3,7,37,0.21,2.12,7.8
木柵站,2025/10/26 15:00,46,懸浮微粒,35.2,7,33,0.26,2.1,10
木柵站,2025/10/26 16:00,48,懸浮微粒,32.6,16,32,0.21,2.12,11.7
木柵站,2025/10/26 17:00,50,懸浮微粒,41.5,15,34,0.16,2.21,7.8
木柵站,2025/10/26 18:00,50,懸浮微粒,40.3,11,33,0.19,4.22,8.5
木柵站,2025/10/26 19:00,50,懸浮微粒,38.7,14,32,0.21,5.3,7.9
木柵站,2025/10/26 20:00,51,懸浮微粒,38.3,11,30,0.15,5.32,8.3
木柵站,2025/10/26 21:00,49,懸浮微粒,31.6,11,21,0.16,4.57,10.8
木柵站,2025/10/26 22:00,47,懸浮微粒,25.7,9,23,0.11,3.6,9.3
木柵站,2025/10/26 23:00,44,懸浮微粒,30.9,5,21,0.11,4.13,6.1
木柵站,2025/10/27 00:00,41,懸浮微粒,48.1,10,17,0.2,2.64,2
木柵站,2025/10/27 01:00,40,懸浮微粒,45,6,20,0.24,1.89,1.5
木柵站,2025/10/27 02:00,40,懸浮微粒,43.9,6,27,0.24,3.21,1.7
木柵站,2025/10/27 03:00,40,懸浮微粒,43,12,25,0.22,2.56,1.5
木柵站,2025/10/27 04:00,41,懸浮微粒,37.8,10,23,0.12,3.7,2
木柵站,2025/10/27 05:00,44,細懸浮微粒,33.7,18,12,0.13,2.28,3.4
木柵站,2025/10/27 06:00,45,細懸浮微粒,31.6,9,18,0.15,3.37,5.9
木柵站,2025/10/27 07:00,42,細懸浮微粒,36,8,11,0.21,3.41,8.5
木柵站,2025/10/27 08:00,39,細懸浮微粒,32.2,6,11,0.2,3,14.8
木柵站,2025/10/27 09:00,35,細懸浮微粒,30.4,10,24,0.17,2.73,14.6
木柵站,2025/10/27 10:00,37,二氧化氮小時值,27.5,6,8,0.21,3.4,15.6
木柵站,2025/10/27 11:00,31,細懸浮微粒,31.2,5,6,0.19,1.55,11.8
木柵站,2025/10/27 12:00,31,細懸浮微粒,36,6,7,0.15,0.99,9.2
木柵站,2025/10/27 13:00,30,細懸浮微粒,33.4,8,22,0.13,0.76,12.3
木柵站,2025/10/27 14:00,33,細懸浮微粒,32.6,10,25,0.13,0.93,13
木柵站,2025/10/27 15:00,34,細懸浮微粒,36.3,8,22,0.15,1.97,12
木柵站,2025/10/27 16:00,39,二氧化氮小時值,34.1,8,17,0.15,1.44,16.3
木柵站,2025/10/27 17:00,37,二氧化氮小時值,35,10,21,0.22,1.35,15.5
木柵站,2025/10/27 18:00,47,二氧化氮小時值,27,9,18,0.25,1.7,19.8
木柵站,2025/10/27 19:00,44,二氧化氮小時值,23.9,8,26,0.19,1.44,18.6
木柵站,2025/10/27 20:00,33,二氧化氮小時值,26.2,6,13,0.12,0.85,13.8
木柵站,2025/10/27 21:00,30,懸浮微粒,26.2,4,20,0.06,1.36,10.9
木柵站,2025/10/27 22:00,30,懸浮微粒,24.6,2,13,0.05,2.39,11.3
木柵站,2025/10/27 23:00,27,懸浮微粒,29.3,3,12,0.04,0.93,8.3
木柵站,2025/10/28 00:00,26,懸浮微粒,32.1,4,9,0.25,0.63,4.1
木柵站,2025/10/28 01:00,26,臭氧8小時,35.1,3,10,0.25,0.45,2
木柵站,2025/10/28 02:00,27,臭氧8小時,37.1,2,13,0.25,0.67,2.1
木柵站,2025/10/28 03:00,28,臭氧8小時,31.6,5,8,0.23,0.91,2.6
木柵站,2025/10/28 04:00,30,臭氧8小時,39.3,5,3,0.08,0.52,1.5
木柵站,2025/10/28 05:00,31,臭氧8小時,39.3,4,23,0.08,0.38,4
木柵站,2025/10/28 06:00,32,臭氧8小時,32.4,5,11,0.12,1.22,10.8
木柵站,2025/10/28 07:00,51,二氧化氮小時值,22,11,15,0.25,0.58,22.6
木柵站,2025/10/28 08:00,46,二氧化氮小時值,25.3,9,21,0.23,1.29,19.2
木柵站,2025/10/28 09:00,51,二氧化氮小時值,23.6,9,20,0.22,0.52,23.3
木柵站,2025/10/28 10:00,51,二氧化氮小時值,22.2,6,14,0.21,1.16,22.8
木柵站,2025/10/28 11:00,45,二氧化氮小時值,24.4,5,15,0.18,1.36,18.8
木柵站,2025/10/28 12:00,38,二氧化氮小時值,26.2,8,19,0.19,1.06,15.8
木柵站,2025/10/28 13:00,39,二氧化氮小時值,27.2,7,16,0.19,0.22,16.3
木柵站,2025/10/28 14:00,26,懸浮微粒,28.4,3,16,0.14,0.1,9.6
木柵站,2025/10/28 15:00,24,臭氧8小時,31.9,1,5,0.16,-,7.8
木柵站,2025/10/28 16:00,25,臭氧8小時,31.7,4,8,0.06,1.35,10.2
木柵站,2025/10/28 17:00,32,二氧化氮小時值,28.5,6,10,0.06,4.97,13.3
木柵站,2025/10/28 18:00,41,二氧化硫小時值,28.8,9,7,0.08,6.59,12.6
木柵站,2025/10/28 19:00,28,細懸浮微粒,30.6,10,9,0.06,1.98,11.5
木柵站,2025/10/28 20:00,28,細懸浮微粒,30,6,23,0.1,0.78,9.8
木柵站,2025/10/28 21:00,28,臭氧8小時,28.8,5,7,0.13,0.56,9.9
木柵站,2025/10/28 22:00,28,臭氧8小時,32.8,1,9,0.11,0.21,5.5
木柵站,2025/10/28 23:00,28,臭氧8小時,33.3,1,11,0.07,0.1,5.4
木柵站,2025/10/29 00:00,29,臭氧8小時,35.4,1,9,0.18,2.25,2
木柵站,2025/10/29 01:00,30,臭氧8小時,38.2,1,9,0.2,1.8,0.8
木柵站,2025/10/29 02:00,31,臭氧8小時,36.9,3,8,0.19,1.64,1.1
木柵站,2025/10/29 03:00,31,臭氧8小時,36,1,8,0.18,0.36,0.9
木柵站,2025/10/29 04:00,32,臭氧8小時,36,1,10,0.13,0.78,1.6
木柵站,2025/10/29 05:00,33,臭氧8小時,35.3,3,4,0.15,0.24,2.5
木柵站,2025/10/29 06:00,33,臭氧8小時,34.1,4,20,0.16,0.14,6.4
木柵站,2025/10/29 07:00,33,臭氧8小時,31.7,8,19,0.21,0.11,10.8
木柵站,2025/10/29 08:00,32,臭氧8小時,27.4,7,21,0.12,0.1,12.6
木柵站,2025/10/29 09:00,31,臭氧8小時,32.7,6,20,0.09,0.1,7.7
木柵站,2025/10/29 10:00,31,臭氧8小時,32.8,7,17,0.11,0.1,8.2
木柵站,2025/10/29 11:00,30,臭氧8小時,32.7,6,26,0.11,2.21,5.1
木柵站,2025/10/29 12:00,31,懸浮微粒,29.7,8,23,0.11,0.49,6.4
木柵站,2025/10/29 13:00,33,懸浮微粒,31,6,25,0.1,0.27,8
木柵站,2025/10/29 14:00,36,懸浮微粒,31.8,4,27,0.08,0.24,7.1
木柵站,2025/10/29 15:00,37,懸浮微粒,30.1,5,23,0.13,0.13,8.3
木柵站,2025/10/29 16:00,38,懸浮微粒,26.5,7,24,0.25,0.15,12.6
木柵站,2025/10/29 17:00,38,懸浮微粒,30.6,7,20,0.19,0.1,10.5
木柵站,2025/10/29 18:00,38,懸浮微粒,31.1,7,26,0.18,0.1,10.2
木柵站,2025/10/29 19:00,40,懸浮微粒,33,6,28,0.17,2,8.3
木柵站,2025/10/29 20:00,43,懸浮微粒,31.1,11,35,0.16,2.35,10.5
木柵站,2025/10/29 21:00,46,懸浮微粒,28.2,9,31,0.17,1.98,11.2
木柵站,2025/10/29 22:00,50,懸浮微粒,27.5,6,38,0.19,1.39,9.1
木柵站,2025/10/29 23:00,51,懸浮微粒,28,6,30,0.13,1.91,6.2
木柵站,2025/10/30 00:00,50,懸浮微粒,28.5,8,29,0.07,1.14,3.7
木柵站,2025/10/30 01:00,49,懸浮微粒,29,5,25,0.18,0.41,2.1
木柵站,2025/10/30 02:00,46,懸浮微粒,28.2,9,26,0.07,0.74,1.8
木柵站,2025/10/30 03:00,45,懸浮微粒,27.1,7,24,0.06,0.56,1.5
木柵站,2025/10/30 04:00,42,懸浮微粒,26.6,6,16,0.12,0.16,1.4
木柵站,2025/10/30 05:00,41,懸浮微粒,25.8,4,21,0.12,0.11,3.1
木柵站,2025/10/30 06:00,39,懸浮微粒,22.4,6,19,0.19,0.11,6.4
木柵站,2025/10/30 07:00,36,懸浮微粒,23.9,8,15,0.19,0.11,9.1
木柵站,2025/10/30 08:00,34,懸浮微粒,25.6,12,14,0.22,1.91,9.9
木柵站,2025/10/30 09:00,31,懸浮微粒,27.6,6,12,0.22,4.13,7.9
木柵站,2025/10/30 10:00,29,細懸浮微粒,33.6,4,9,0.24,3.72,5.2
木柵站,2025/10/30 11:00,29,細懸浮微粒,35,8,18,0.26,1.28,5.1
木柵站,2025/10/30 12:00,26,細懸浮微粒,33.4,7,10,0.22,0.21,6.7
木柵站,2025/10/30 13:00,27,臭氧8小時,31.8,4,12,0.23,0.33,7.2
木柵站,2025/10/30 14:00,28,臭氧8小時,32.3,3,17,0.18,0.39,5.4
木柵站,2025/10/30 15:00,29,臭氧8小時,34.6,2,12,0.18,0.36,3
木柵站,2025/10/30 16:00,30,臭氧8小時,31.7,7,11,0.26,0.15,5.5
木柵站,2025/10/30 17:00,31,臭氧8小時,31.4,6,16,0.22,0.14,6.2
木柵站,2025/10/30 18:00,30,臭氧8小時,26.7,9,20,0.25,0.14,9.4
木柵站,2025/10/30 19:00,34,二氧化氮小時值,16.9,6,20,0.33,0.1,14.1
木柵站,2025/10/30 20:00,27,懸浮微粒,17.1,7,16,0.2,0.1,7
木柵站,2025/10/30 21:00,37,二氧化氮小時值,7.6,5,23,0.32,1.99,15.4
木柵站,2025/10/30 22:00,33,懸浮微粒,8.1,10,32,0.32,3.11,13.4
木柵站,2025/10/30 23:00,36,懸浮微粒,7.1,12,30,0.32,1.99,14.8
木柵站,2025/10/31 00:00,41,懸浮微粒,6.1,14,31,0.26,2.62,12.4
木柵站,2025/10/31 01:00,44,懸浮微粒,5.4,10,33,0.26,1.95,10.5
木柵站,2025/10/31 02:00,45,懸浮微粒,28.3,12,29,0.12,2.04,5
木柵站,2025/10/31 03:00,43,懸浮微粒,32.1,9,18,0.05,1.4,2.5
木柵站,2025/10/31 04:00,44,懸浮微粒,31.4,9,31,0.12,1.22,2.5
木柵站,2025/10/31 05:00,42,懸浮微粒,30.9,7,21,0.13,0.76,2.7
木柵站,2025/10/31 06:00,40,懸浮微粒,29.8,9,20,0.15,0.42,4.2
木柵站,2025/10/31 07:00,41,懸浮微粒,22.4,11,24,0.26,0.34,13.6
木柵站,2025/10/31 08:00,40,懸浮微粒,21.7,9,24,0.22,0.21,12.1
木柵站,2025/10/31 09:00,40,懸浮微粒,25.7,6,20,0.14,0.22,6.7
木柵站,2025/10/31 10:00,40,懸浮微粒,28.3,7,21,0.18,0.12,10.1
木柵站,2025/10/31 11:00,39,懸浮微粒,28.8,9,25,0.22,0.11,10.5
木柵站,2025/10/31 12:00,38,懸浮微粒,34.1,12,21,0.14,0.1,7.7
木柵站,2025/10/31 13:00,37,懸浮微粒,31.8,9,21,0.15,0.1,11.4
木柵站,2025/10/31 14:00,39,細懸浮微粒,33.6,11,24,0.14,1.71,9.5
木柵站,2025/10/31 15:00,39,懸浮微粒,32.6,9,28,0.16,2.8,11.6
木柵站,2025/10/31 16:00,39,細懸浮微粒,31.9,12,22,0.22,1.87,14.4
木柵站,2025/10/31 17:00,42,細懸浮微粒,34,13,23,0.19,3.43,11.1
木柵站,2025/10/31 18:00,45,細懸浮微粒,34.3,14,26,0.2,2.22,14
木柵站,2025/10/31 19:00,46,細懸浮微粒,31.2,11,27,0.16,1.75,11.3
木柵站,2025/10/31 20:00,44,懸浮微粒,26.6,8,36,0.1,3.45,10.7
木柵站,2025/10/31 21:00,47,懸浮微粒,22,15,35,0.16,5.65,10.9
木柵站,2025/10/31 22:00,48,懸浮微粒,29.5,1,28,0.17,3.58,11.8
木柵站,2025/10/31 23:00,48,懸浮微粒,39,6,27,0.11,1.56,7.1
木柵站,2025/11/01 00:00,46,懸浮微粒,40.2,12,25,0.12,2.17,4.8
木柵站,2025/11/01 01:00,45,懸浮微粒,40.2,8,25,0.18,2.54,2.6
木柵站,2025/11/01 02:00,45,懸浮微粒,37.9,16,30,0.15,5.36,2.5
木柵站,2025/11/01 03:00,45,懸浮微粒,37.2,1,25,0.15,4.01,2.5
木柵站,2025/11/01 04:00,45,懸浮微粒,31.4,1,26,0.12,5.56,4.1
木柵站,2025/11/01 05:00,47,懸浮微粒,26.3,5,31,0.1,3.66,5.8
木柵站,2025/11/01 06:00,46,懸浮微粒,18.9,5,25,0.15,-,10.8
木柵站,2025/11/01 07:00,48,二氧化氮小時值,14.7,10,31,0.22,4.1,20.1
木柵站,2025/11/01 08:00,47,懸浮微粒,17.3,6,27,0.14,3.07,13.8
木柵站,2025/11/01 09:00,44,懸浮微粒,23.9,8,20,0.13,0.17,11.8
木柵站,2025/11/01 10:00,45,懸浮微粒,27.3,9,29,0.16,1.12,12
木柵站,2025/11/01 11:00,44,懸浮微粒,24.7,13,29,0.17,1.2,16
木柵站,2025/11/01 12:00,46,懸浮微粒,19.8,15,32,0.21,4.32,16.1
木柵站,2025/11/01 13:00,48,懸浮微粒,22.5,13,30,0.22,7.7,17.2
木柵站,2025/11/01 14:00,48,懸浮微粒,21.9,14,30,0.27,5.59,14.2
木柵站,2025/11/01 15:00,49,懸浮微粒,27.6,14,31,0.19,3.14,13.3
木柵站,2025/11/01 16:00,51,細懸浮微粒,30.7,17,28,0.14,2.87,16.5
木柵站,2025/11/01 17:00,53,細懸浮微粒,23.6,17,32,0.23,4.15,15.8
木柵站,2025/11/01 18:00,55,細懸浮微粒,24.1,15,34,0.23,2.42,14.3
木柵站,2025/11/01 19:00,55,細懸浮微粒,24.9,14,37,0.14,3.55,13.5
木柵站,2025/11/01 20:00,54,細懸浮微粒,29.4,11,32,0.09,2.85,10.2
木柵站,2025/11/01 21:00,54,細懸浮微粒,28.3,15,27,0.1,3.15,9.9
木柵站,2025/11/01 22:00,53,細懸浮微粒,28.9,12,28,0.15,0.92,8.8
木柵站,2025/11/01 23:00,52,細懸浮微粒,31.5,11,26,0.18,3.97,6.9
木柵站,2025/11/02 00:00,52,細懸浮微粒,33.8,13,24,0.22,1.04,4.1
木柵站,2025/11/02 01:00,50,細懸浮微粒,38.3,9,19,0.25,2.65,2.2
木柵站,2025/11/02 02:00,46,細懸浮微粒,41.6,6,20,0.25,4.57,1.9
木柵站,2025/11/02 03:00,46,細懸浮微粒,40.6,12,16,0.2,0.85,2
木柵站,2025/11/02 04:00,44,細懸浮微粒,41.5,11,16,0.28,1.7,1.7
木柵站,2025/11/02 05:00,42,細懸浮微粒,40.7,9,9,0.31,5.1,2.4
木柵站,2025/11/02 06:00,43,二氧化硫小時值,41.9,8,9,0.31,6.8,3.9
木柵站,2025/11/02 07:00,40,細懸浮微粒,34.6,9,21,0.34,4.02,16.5
木柵站,2025/11/02 08:00,41,細懸浮微粒,34.2,13,22,0.29,3.29,17.2
木柵站,2025/11/02 09:00,45,細懸浮微粒,35.5,16,21,0.25,2.85,13.4
木柵站,2025/11/02 10:00,50,細懸浮微粒,43.3,16,19,0.21,1.63,8.9
木柵站,2025/11/02 11:00,56,細懸浮微粒,32.7,23,28,0.27,0.11,15.8
木柵站,2025/11/02 12:00,58,細懸浮微粒,28.9,18,29,0.24,1.59,14.2
木柵站,2025/11/02 13:00,59,細懸浮微粒,35.3,15,31,0.21,0.13,8.1
木柵站,2025/11/02 14:00,61,細懸浮微粒,21,18,40,0.35,0.25,17.5
木柵站,2025/11/02 15:00,64,細懸浮微粒,35.5,27,36,0.25,0.17,13
木柵站,2025/11/02 16:00,67,細懸浮微粒,36.9,24,45,0.32,0.24,13
木柵站,2025/11/02 17:00,72,細懸浮微粒,33.6,24,42,0.37,0.6,15.5
木柵站,2025/11/02 18:00,81,細懸浮微粒,36,34,56,0.42,0.1,15.5
木柵站,2025/11/02 19:00,84,細懸浮微粒,46.7,29,50,0.34,0.1,6
木柵站,2025/11/02 20:00,88,細懸浮微粒,-,30,51,-,-,-
木柵站,2025/11/02 21:00,90,細懸浮微粒,38.2,27,63,0.41,1.64,8.6
木柵站,2025/11/02 22:00,89,細懸浮微粒,37.5,26,52,0.34,0.34,9.3
木柵站,2025/11/02 23:00,87,細懸浮微粒,37.4,23,54,0.33,0.98,6.2
木柵站,2025/11/03 00:00,86,細懸浮微粒,33.8,26,42,0.32,0.89,5.9
木柵站,2025/11/03 01:00,86,細懸浮微粒,37.8,23,41,0.28,1.07,3.5
木柵站,2025/11/03 02:00,82,細懸浮微粒,43.9,17,35,0.21,1.21,1.6
木柵站,2025/11/03 03:00,78,細懸浮微粒,50,15,24,0.16,1.58,1.2
木柵站,2025/11/03 04:00,74,細懸浮微粒,48.9,16,28,0.23,1.18,1.6
木柵站,2025/11/03 05:00,70,細懸浮微粒,46.1,15,35,0.27,0.99,3.2
木柵站,2025/11/03 06:00,69,細懸浮微粒,42.6,19,36,0.37,1.54,12.1
木柵站,2025/11/03 07:00,70,細懸浮微粒,40.9,21,41,0.39,1.48,16.7
木柵站,2025/11/03 08:00,74,細懸浮微粒,42.4,28,45,0.35,1.96,16.5
木柵站,2025/11/03 09:00,77,細懸浮微粒,41.8,25,39,0.32,1,14.5
木柵站,2025/11/03 10:00,78,細懸浮微粒,38,23,36,0.32,1.37,19
木柵站,2025/11/03 11:00,80,細懸浮微粒,36.7,25,41,0.3,1.64,15.3
木柵站,2025/11/03 12:00,81,細懸浮微粒,35.8,29,36,0.25,1.88,13.8
木柵站,2025/11/03 13:00,76,細懸浮微粒,33.8,14,20,0.18,1.83,13
木柵站,2025/11/03 14:00,71,細懸浮微粒,30.1,11,20,0.16,1.88,15.9
木柵站,2025/11/03 15:00,66,細懸浮微粒,32.3,11,15,0.13,2.2,13.5
木柵站,2025/11/03 16:00,57,細懸浮微粒,29.6,8,26,0.32,1.98,14.6
木柵站,2025/11/03 17:00,56,細懸浮微粒,28.5,11,18,0.35,1.49,13.9
木柵站,2025/11/03 18:00,53,細懸浮微粒,28.3,7,25,0.36,1.82,13.4
木柵站,2025/11/03 19:00,51,細懸浮微粒,27.8,9,12,0.33,1.89,13.5
木柵站,2025/11/03 20:00,48,細懸浮微粒,31,8,15,0.24,1.86,9.7
木柵站,2025/11/03 21:00,43,細懸浮微粒,33.1,7,10,0.25,1.88,7.6
木柵站,2025/11/03 22:00,40,細懸浮微粒,33.1,7,12,0.25,1.92,6.7
木柵站,2025/11/03 23:00,35,細懸浮微粒,35.9,5,14,0.23,1.83,4.3
木柵站,2025/11/04 00:00,29,臭氧8小時,35.8,3,15,0.27,2.1,2.6
木柵站,2025/11/04 01:00,30,臭氧8小時,36.2,5,11,0.24,2.12,1.6
木柵站,2025/11/04 02:00,31,臭氧8小時,36.3,4,12,0.22,2.17,1.2
木柵站,2025/11/04 03:00,32,臭氧8小時,35.4,2,12,0.22,1.82,1.3
木柵站,2025/11/04 04:00,33,臭氧8小時,35.9,1,11,0.18,1.94,1.2
木柵站,2025/11/04 05:00,33,臭氧8小時,32.5,5,10,0.25,2.25,2.9
木柵站,2025/11/04 06:00,32,臭氧8小時,29.7,3,16,0.21,1.87,6.1
木柵站,2025/11/04 07:00,34,二氧化氮小時值,23.4,1,13,0.34,1.63,14.3
木柵站,2025/11/04 08:00,38,二氧化氮小時值,20.1,5,14,0.32,1.52,15.9
木柵站,2025/11/04 09:00,29,二氧化氮小時值,24.2,5,8,0.26,1.79,12.3
木柵站,2025/11/04 10:00,27,臭氧8小時,31,2,4,0.21,2.31,8.8
木柵站,2025/11/04 11:00,26,臭氧8小時,31.3,4,8,0.2,2.13,9.3
木柵站,2025/11/04 12:00,26,臭氧8小時,31.2,3,-,0.17,2.01,9
木柵站,2025/11/04 13:00,26,臭氧8小時,30.9,6,33,0.15,2.25,8.4
木柵站,2025/11/04 14:00,26,臭氧8小時,32.3,5,8,0.19,2.27,8.3
木柵站,2025/11/04 15:00,34,懸浮微粒,30.8,2,37,0.21,1.71,10.3
木柵站,2025/11/04 16:00,35,二氧化氮小時值,28.5,6,13,0.28,-,14.8
木柵站,2025/11/04 17:00,29,臭氧8小時,33.5,1,11,0.25,0.11,8.2
木柵站,2025/11/04 18:00,29,臭氧8小時,32.7,1,8,0.26,0.37,10.2
木柵站,2025/11/04 19:00,29,臭氧8小時,34.6,2,6,0.25,1.03,7.7
木柵站,2025/11/04 20:00,30,臭氧8小時,35,5,7,0.33,0.52,5.8
木柵站,2025/11/04 21:00,30,臭氧8小時,35.3,3,10,0.34,0.18,6.4
木柵站,2025/11/04 22:00,31,臭氧8小時,34.8,1,7,0.33,0.12,5.3
木柵站,2025/11/04 23:00,31,臭氧8小時,30.9,2,3,0.33,0.1,4.9
木柵站,2025/11/05 00:00,34,二氧化硫小時值,29,3,5,0.22,5.5,3.8
木柵站,2025/11/05 01:00,30,臭氧8小時,31.1,4,10,0.15,0.41,2.1
木柵站,2025/11/05 02:00,30,臭氧8小時,31.4,2,8,0.21,0.24,1.2
木柵站,2025/11/05 03:00,30,臭氧8小時,27.9,2,16,0.16,0.15,1.5
木柵站,2025/11/05 04:00,29,臭氧8小時,26.4,3,7,0.21,0.11,2.2
木柵站,2025/11/05 05:00,27,臭氧8小時,22.7,1,17,0.22,0.33,4.3
木柵站,2025/11/05 06:00,25,臭氧8小時,17.9,4,16,0.24,0.73,8.4
木柵站,2025/11/05 07:00,23,臭氧8小時,14,4,11,-,-,-
木柵站,2025/11/05 08:00,31,二氧化氮小時值,16.7,1,10,0.38,0.45,12.9
木柵站,2025/11/05 09:00,23,二氧化氮小時值,27.7,1,6,0.34,0.22,9.8
木柵站,2025/11/05 10:00,24,二氧化氮小時值,28,1,7,0.3,0.14,9.9
木柵站,2025/11/05 11:00,22,臭氧8小時,32.9,1,11,0.34,0.11,5.8
木柵站,2025/11/05 12:00,22,臭氧8小時,33.4,2,10,0.29,0.1,6.7
木柵站,2025/11/05 13:00,24,臭氧8小時,34.5,1,13,0.27,0.1,6.7
木柵站,2025/11/05 14:00,25,臭氧8小時,33,2,11,0.26,0.1,7.1
木柵站,2025/11/05 15:00,28,臭氧8小時,33.5,4,18,0.25,0.1,5.6
木柵站,2025/11/05 16:00,29,臭氧8小時,27.4,6,18,0.34,0.1,12
木柵站,2025/11/05 17:00,31,二氧化氮小時值,27.2,5,14,0.35,0.33,12.9
木柵站,2025/11/05 18:00,29,臭氧8小時,28.3,2,10,0.31,0.97,11
木柵站,2025/11/05 19:00,29,臭氧8小時,28.9,2,18,0.31,0.89,11
木柵站,2025/11/05 20:00,28,臭氧8小時,32.8,5,13,0.26,0.9,7.2
木柵站,2025/11/05 21:00,28,臭氧8小時,31.9,7,19,0.29,0.81,8.7
木柵站,2025/11/05 22:00,28,臭氧8小時,33.3,5,13,0.26,1,4.8
木柵站,2025/11/05 23:00,28,臭氧8小時,30.8,7,14,0.23,1.08,5.6
木柵站,2025/11/06 00:00,28,臭氧8小時,31.7,3,15,0.32,1.11,3.6
木柵站,2025/11/06 01:00,29,臭氧8小時,36,2,13,0.33,0.89,1.3
木柵站,2025/11/06 02:00,30,臭氧8小時,34.5,3,12,0.31,0.92,1.1
木柵站,2025/11/06 03:00,30,臭氧8小時,31.8,4,21,0.3,0.8,1.4
木柵站,2025/11/06 04:00,30,臭氧8小時,31.8,4,12,0.3,0.77,1.8
木柵站,2025/11/06 05:00,31,臭氧8小時,35.1,5,13,0.32,0.74,1.6
木柵站,2025/11/06 06:00,31,臭氧8小時,32.4,9,17,0.33,0.84,5.9
木柵站,2025/11/06 07:00,30,臭氧8小時,29.6,5,11,0.39,0.92,8.2
木柵站,2025/11/06 08:00,30,臭氧8小時,31,2,17,0.34,1.23,7.7
木柵站,2025/11/06 09:00,30,臭氧8小時,32.5,7,13,0.38,1.05,6.3
木柵站,2025/11/06 10:00,30,臭氧8小時,32.8,5,18,0.38,1,6.9
木柵站,2025/11/06 11:00,30,臭氧8小時,34.1,1,17,0.38,0.87,5.2
木柵站,2025/11/06 12:00,30,臭氧8小時,35.3,1,12,0.33,0.95,5.4
木柵站,2025/11/06 13:00,30,臭氧8小時,34.6,3,12,0.3,0.86,5.3
木柵站,2025/11/06 14:00,31,臭氧8小時,34,3,15,0.28,0.78,5.4
木柵站,2025/11/06 15:00,31,臭氧8小時,34.2,5,16,0.31,0.79,4.9
木柵站,2025/11/06 16:00,31,臭氧8小時,29.3,10,19,0.32,0.77,12.4
木柵站,2025/11/06 17:00,32,二氧化氮小時值,25,7,17,0.35,0.75,13.5
木柵站,2025/11/06 18:00,32,二氧化氮小時值,27.2,7,21,0.33,1.01,13.6
木柵站,2025/11/06 19:00,29,臭氧8小時,29.1,4,13,0.27,0.91,10.6
木柵站,2025/11/06 20:00,28,懸浮微粒,28.9,11,20,0.32,0.94,10
木柵站,2025/11/06 21:00,28,懸浮微粒,28.1,7,16,0.31,0.94,10.2
木柵站,2025/11/06 22:00,28,懸浮微粒,29.3,7,18,0.28,0.89,6.6
木柵站,2025/11/06 23:00,29,懸浮微粒,26.9,6,18,0.28,0.82,6.7
木柵站,2025/11/07 00:00,28,懸浮微粒,27.9,5,16,0.28,0.86,3.6
木柵站,2025/11/07 01:00,30,懸浮微粒,28.9,10,23,0.32,0.88,2.1
木柵站,2025/11/07 02:00,34,懸浮微粒,30.7,7,29,0.26,1.15,1.4
木柵站,2025/11/07 03:00,32,懸浮微粒,35.5,7,10,0.24,1.03,0.6
木柵站,2025/11/07 04:00,31,懸浮微粒,35.2,6,15,0.26,1.12,0.7
木柵站,2025/11/07 05:00,29,懸浮微粒,32.7,6,13,0.27,1.15,2.1
木柵站,2025/11/07 06:00,29,細懸浮微粒,25.3,10,22,0.35,0.88,7.2
木柵站,2025/11/07 07:00,30,細懸浮微粒,20.1,8,15,0.42,0.87,10.6
木柵站,2025/11/07 08:00,29,細懸浮微粒,24.4,5,15,0.42,1.15,8.2
木柵站,2025/11/07 09:00,28,懸浮微粒,29,4,13,0.44,1.29,7.2
木柵站,2025/11/07 10:00,27,臭氧8小時,32.1,4,14,0.45,0.99,6.5
木柵站,2025/11/07 11:00,27,臭氧8小時,32.4,2,16,0.45,0.71,5.9
木柵站,2025/11/07 12:00,27,懸浮微粒,32.7,2,20,0.38,0.92,6
木柵站,2025/11/07 13:00,28,懸浮微粒,35,2,17,0.37,0.95,6.2
木柵站,2025/11/07 14:00,30,懸浮微粒,33.3,3,26,0.36,0.97,7.2
木柵站,2025/11/07 15:00,29,臭氧8小時,34.2,3,9,0.34,0.92,4.6
木柵站,2025/11/07 16:00,30,臭氧8小時,30.2,7,23,0.29,1.14,9.9
木柵站,2025/11/07 17:00,31,懸浮微粒,26.6,10,19,0.3,1.01,10.5
木柵站,2025/11/07 18:00,31,懸浮微粒,23.5,18,27,0.31,1,12.2
木柵站,2025/11/07 19:00,36,細懸浮微粒,24.8,13,27,0.26,0.96,10
木柵站,2025/11/07 20:00,41,細懸浮微粒,26.8,13,30,0.28,0.95,8.6
木柵站,2025/11/07 21:00,43,細懸浮微粒,26.9,12,25,0.28,0.83,8.5
木柵站,2025/11/07 22:00,43,懸浮微粒,27.6,7,32,0.25,1.08,6.2
木柵站,2025/11/07 23:00,43,懸浮微粒,28.8,7,24,0.22,1.08,4.3
木柵站,2025/11/08 00:00,40,懸浮微粒,30.7,8,18,0.29,1.01,1.9
木柵站,2025/11/08 01:00,39,懸浮微粒,30.7,11,21,0.33,0.9,0.8
木柵站,2025/11/08 02:00,39,細懸浮微粒,30.4,12,24,0.31,1.22,1.3
木柵站,2025/11/08 03:00,44,細懸浮微粒,31.6,13,31,0.27,1.23,1.1
木柵站,2025/11/08 04:00,45,細懸浮微粒,31.1,9,28,0.3,1.16,1.3
木柵站,2025/11/08 05:00,47,懸浮微粒,30,12,34,0.29,1.13,2.2
木柵站,2025/11/08 06:00,49,懸浮微粒,29.8,15,32,0.32,0.86,3.8
木柵站,2025/11/08 07:00,49,懸浮微粒,29.4,13,31,0.33,0.83,5.1
木柵站,2025/11/08 08:00,51,細懸浮微粒,30.4,16,31,0.32,1.03,5
木柵站,2025/11/08 09:00,51,細懸浮微粒,31.2,12,33,0.38,1.12,3.9
木柵站,2025/11/08 10:00,48,細懸浮微粒,31.8,9,24,0.38,1.06,4.5
木柵站,2025/11/08 11:00,49,懸浮微粒,33.1,9,34,0.37,1.04,3.5
木柵站,2025/11/08 12:00,49,懸浮微粒,33.6,11,29,0.37,0.94,2.8
木柵站,2025/11/08 13:00,48,懸浮微粒,32.2,10,26,0.36,0.93,3.5
木柵站,2025/11/08 14:00,49,懸浮微粒,31.2,11,28,0.39,0.96,3.9
木柵站,2025/11/08 15:00,50,懸浮微粒,31.2,11,34,0.37,0.79,4.8
木柵站,2025/11/08 16:00,50,懸浮微粒,28.1,10,31,0.3,0.85,8
木柵站,2025/11/08 17:00,51,懸浮微粒,25.1,15,30,0.29,1.06,8.2
木柵站,2025/11/08 18:00,51,懸浮微粒,25.4,16,30,0.26,0.96,7.1
木柵站,2025/11/08 19:00,51,細懸浮微粒,24.7,13,31,0.26,0.98,6.7
木柵站,2025/11/08 20:00,53,細懸浮微粒,26.8,16,32,0.28,1.37,4.7
木柵站,2025/11/08 21:00,51,細懸浮微粒,24.5,9,29,0.32,1.25,6.6
木柵站,2025/11/08 22:00,50,懸浮微粒,24.4,13,29,0.25,0.88,5.8
木柵站,2025/11/08 23:00,48,細懸浮微粒,25.6,9,14,0.27,0.75,3.9
木柵站,2025/11/09 00:00,44,細懸浮微粒,25.9,9,19,0.24,0.78,2.5
木柵站,2025/11/09 01:00,41,細懸浮微粒,26,5,16,0.3,0.56,2
木柵站,2025/11/09 02:00,35,細懸浮微粒,29.1,4,8,0.22,0.72,1.5
木柵站,2025/11/09 03:00,33,細懸浮微粒,30,6,16,0.2,0.81,1
木柵站,2025/11/09 04:00,32,細懸浮微粒,29,7,14,0.32,0.71,0.8
木柵站,2025/11/09 05:00,31,細懸浮微粒,27.3,6,20,0.36,0.91,2
木柵站,2025/11/09 06:00,30,懸浮微粒,25.4,4,15,0.38,1.25,4.8
木柵站,2025/11/09 07:00,31,懸浮微粒,28.5,4,23,0.38,1.21,4.6
木柵站,2025/11/09 08:00,33,懸浮微粒,30.2,2,25,0.36,0.87,3.5
木柵站,2025/11/09 09:00,32,懸浮微粒,31.4,1,18,0.38,0.82,3.8
木柵站,2025/11/09 10:00,33,懸浮微粒,32.4,1,24,0.38,1.04,3.2
木柵站,2025/11/09 11:00,34,懸浮微粒,31,4,23,0.4,0.95,3.1
木柵站,2025/11/09 12:00,33,懸浮微粒,33,2,18,0.24,1.2,2.5
木柵站,2025/11/09 13:00,33,懸浮微粒,32,1,20,0.23,1.31,3.2
木柵站,2025/11/09 14:00,35,懸浮微粒,31.4,7,25,0.23,1.24,2.8
木柵站,2025/11/09 15:00,35,懸浮微粒,32.8,5,22,0.22,1.02,3.2
木柵站,2025/11/09 16:00,34,懸浮微粒,33.2,4,15,0.27,0.91,4
木柵站,2025/11/09 17:00,34,懸浮微粒,30.8,7,18,0.29,0.9,6.4
木柵站,2025/11/09 18:00,34,懸浮微粒,32.7,5,23,0.3,1.12,5.6
木柵站,2025/11/09 19:00,34,懸浮微粒,34.3,8,22,0.28,1.27,3.9
木柵站,2025/11/09 20:00,36,懸浮微粒,36.3,9,26,0.31,1.32,3.3
木柵站,2025/11/09 21:00,38,懸浮微粒,37.5,7,25,0.33,1.22,3.4
木柵站,2025/11/09 22:00,38,懸浮微粒,37.8,6,22,0.32,1.1,2.5
木柵站,2025/11/09 23:00,39,懸浮微粒,37.9,10,26,0.35,0.89,2.4
木柵站,2025/11/10 00:00,39,懸浮微粒,38.6,9,23,0.37,0.87,2
木柵站,2025/11/10 01:00,37,懸浮微粒,38.4,6,19,0.42,0.99,1.2
木柵站,2025/11/10 02:00,36,懸浮微粒,38.3,6,17,0.39,1.01,1.1
木柵站,2025/11/10 03:00,35,臭氧8小時,37.5,8,12,0.31,0.82,1.2
木柵站,2025/11/10 04:00,35,臭氧8小時,35.8,6,16,0.42,0.82,1.1
木柵站,2025/11/10 05:00,35,臭氧8小時,34.2,4,9,0.44,0.77,2.1
木柵站,2025/11/10 06:00,34,臭氧8小時,29.8,4,11,0.39,0.93,6.9
木柵站,2025/11/10 07:00,32,臭氧8小時,27.8,4,13,0.43,0.9,9.2
木柵站,2025/11/10 08:00,31,臭氧8小時,27.2,3,11,0.35,0.96,13
木柵站,2025/11/10 09:00,30,臭氧8小時,29.5,4,7,0.35,0.94,10.9
木柵站,2025/11/10 10:00,29,臭氧8小時,30.3,2,3,0.33,1.22,10.7
木柵站,2025/11/10 11:00,28,臭氧8小時,29,7,5,0.3,1.13,10.9
木柵站,2025/11/10 12:00,28,臭氧8小時,34.4,5,7,0.41,0.83,6.5
木柵站,2025/11/10 13:00,28,臭氧8小時,32.8,5,11,0.39,0.66,8.1
木柵站,2025/11/10 14:00,28,臭氧8小時,32.6,3,10,0.42,0.96,10.1
木柵站,2025/11/10 15:00,29,臭氧8小時,31.7,5,22,0.37,1.16,11.1
木柵站,2025/11/10 16:00,48,二氧化氮小時值,24.2,4,10,0.34,1.07,20.1
木柵站,2025/11/10 17:00,32,二氧化氮小時值,27.1,6,9,0.3,0.96,13.6
木柵站,2025/11/10 18:00,29,臭氧8小時,38.2,5,9,0.31,1.14,7
木柵站,2025/11/10 19:00,30,臭氧8小時,40.4,8,10,0.24,1.13,4.9
木柵站,2025/11/10 20:00,31,臭氧8小時,41.3,9,12,0.26,1.07,3.4
木柵站,2025/11/10 21:00,32,臭氧8小時,40.2,9,14,0.25,0.98,3
木柵站,2025/11/10 22:00,33,臭氧8小時,40.5,6,11,0.27,1.21,2.2
木柵站,2025/11/10 23:00,34,臭氧8小時,40.6,3,16,0.22,1.24,1
木柵站,2025/11/11 00:00,36,臭氧8小時,40.2,2,24,0.22,1.15,0.9
木柵站,2025/11/11 01:00,37,臭氧8小時,39.4,2,18,0.23,1.05,0.7
木柵站,2025/11/11 02:00,37,臭氧8小時,38.7,10,13,0.24,0.94,0.4
木柵站,2025/11/11 03:00,37,臭氧8小時,36.6,7,11,0.22,0.97,0.3
木柵站,2025/11/11 04:00,36,臭氧8小時,34.2,2,17,0.31,0.98,0.3
木柵站,2025/11/11 05:00,35,臭氧8小時,30.5,3,8,0.3,0.82,1.3
木柵站,2025/11/11 06:00,33,臭氧8小時,25.3,4,9,0.32,0.76,6.4
木柵站,2025/11/11 07:00,32,二氧化氮小時值,16.1,3,10,0.4,0.91,13.3
木柵站,2025/11/11 08:00,28,二氧化氮小時值,18.4,3,7,0.38,1.36,11.9
木柵站,2025/11/11 09:00,26,臭氧8小時,23.6,2,2,0.33,1.3,10.1
木柵站,2025/11/11 10:00,24,臭氧8小時,26.8,1,4,0.35,1.45,8.8
木柵站,2025/11/11 11:00,28,二氧化氮小時值,23.9,2,10,0.32,1.4,11.9
木柵站,2025/11/11 12:00,25,二氧化氮小時值,27.2,1,9,0.45,1.14,10.4
木柵站,2025/11/11 13:00,22,臭氧8小時,30.5,1,7,0.38,1.22,8.1
木柵站,2025/11/11 14:00,22,臭氧8小時,-,8,10,-,-,-
木柵站,2025/11/11 15:00,23,臭氧8小時,-,7,12,0.38,0.24,6.5
木柵站,2025/11/11 16:00,25,臭氧8小時,32.5,6,13,0.28,0.18,8.8
木柵站,2025/11/11 17:00,27,臭氧8小時,34,4,14,0.26,0.27,7.5
木柵站,2025/11/11 18:00,28,臭氧8小時,34.1,1,6,0.29,0.18,7.7
木柵站,2025/11/11 19:00,30,臭氧8小時,35.3,1,1,0.27,0.17,5.2
木柵站,2025/11/11 20:00,31,臭氧8小時,35.5,1,1,0.2,0.22,5
木柵站,2025/11/11 21:00,32,臭氧8小時,36.1,1,2,0.22,0.29,4.1
木柵站,2025/11/11 22:00,32,臭氧8小時,36.4,2,2,0.23,0.25,2.4
木柵站,2025/11/11 23:00,32,臭氧8小時,32.2,2,5,0.23,0.23,4.4
木柵站,2025/11/12 00:00,32,臭氧8小時,29.7,1,9,0.32,0.14,4.2
木柵站,2025/11/12 01:00,32,臭氧8小時,36,1,7,0.38,0.17,0.7
木柵站,2025/11/12 02:00,32,臭氧8小時,34.7,4,6,0.33,0.25,0.9
木柵站,2025/11/12 03:00,32,臭氧8小時,36.4,5,7,0.3,0.18,0.4
木柵站,2025/11/12 04:00,32,臭氧8小時,35.8,4,8,0.32,0.23,0.6
木柵站,2025/11/12 05:00,32,臭氧8小時,34.3,1,9,0.34,0.27,1.3
木柵站,2025/11/12 06:00,31,臭氧8小時,29.1,1,10,0.38,0.19,4.4
木柵站,2025/11/12 07:00,30,臭氧8小時,24.8,6,12,0.43,0.29,7.4
木柵站,2025/11/12 08:00,29,臭氧8小時,20.5,7,13,0.37,0.37,10.8
木柵站,2025/11/12 09:00,28,臭氧8小時,23.4,5,13,0.37,0.29,8.9
木柵站,2025/11/12 10:00,27,臭氧8小時,25.6,5,18,0.38,0.34,8
木柵站,2025/11/12 11:00,26,臭氧8小時,27.2,5,25,0.41,0.41,7.4
木柵站,2025/11/12 12:00,26,懸浮微粒,28.3,5,21,0.43,0.27,6.8
木柵站,2025/11/12 13:00,28,懸浮微粒,28.1,4,17,0.4,0.18,7.2
木柵站,2025/11/12 14:00,30,懸浮微粒,25.6,8,21,0.45,0.54,9.7
木柵站,2025/11/12 15:00,30,懸浮微粒,27.6,11,22,0.35,0.75,8.1
木柵站,2025/11/12 16:00,31,懸浮微粒,29.2,11,21,0.33,0.32,9
木柵站,2025/11/13 00:00,7,二氧化氮小時值,29.1,3,14,0.29,0.63,2.8
木柵站,2025/11/13 01:00,6,二氧化硫小時值,30,5,12,0.3,0.88,1.7
木柵站,2025/11/13 02:00,5,二氧化硫小時值,37,2,12,0.25,0.8,1.5
木柵站,2025/11/13 03:00,4,二氧化氮小時值,37.3,1,10,0.23,0.44,1.6
木柵站,2025/11/13 04:00,2,二氧化硫小時值,39.4,1,10,0.27,0.36,0.9
木柵站,2025/11/13 05:00,33,臭氧8小時,38.7,4,7,0.3,0.38,1.8
木柵站,2025/11/13 06:00,33,臭氧8小時,37.7,2,9,0.31,0.34,3.9
木柵站,2025/11/13 07:00,33,臭氧8小時,35.3,2,8,0.35,0.18,7.5
木柵站,2025/11/13 08:00,33,臭氧8小時,30.4,2,16,0.31,0.45,11.7
木柵站,2025/11/13 10:00,33,臭氧8小時,28.4,2,8,0.31,0.42,11
木柵站,2025/11/13 11:00,32,臭氧8小時,31.3,1,11,0.31,0.2,10
木柵站,2025/11/13 12:00,31,臭氧8小時,35.3,1,10,0.24,0.58,7
木柵站,2025/11/13 13:00,31,臭氧8小時,33.4,8,11,0.21,1.16,9.6
木柵站,2025/11/13 14:00,30,臭氧8小時,32.7,6,12,0.22,0.21,8.9
木柵站,2025/11/13 15:00,30,臭氧8小時,36.2,2,9,0.23,0.11,5.4
木柵站,2025/11/13 16:00,30,臭氧8小時,31.6,1,17,0.22,0.13,9.9
木柵站,2025/11/13 17:00,29,臭氧8小時,25.7,5,10,0.29,0.11,11.9
木柵站,2025/11/13 18:00,31,二氧化氮小時值,27.8,4,11,0.3,0.1,13.2
木柵站,2025/11/13 19:00,29,臭氧8小時,28.4,3,11,0.28,0.1,10.2
木柵站,2025/11/13 20:00,29,二氧化氮小時值,30.4,4,21,0.27,0.11,12.3
木柵站,2025/11/13 21:00,29,臭氧8小時,35.7,9,21,0.22,0.1,7.8
木柵站,2025/11/13 22:00,29,臭氧8小時,37.4,8,15,0.23,0.1,6.2
木柵站,2025/11/13 23:00,30,臭氧8小時,40.2,6,21,0.23,0.1,3.5
木柵站,2025/11/14 00:00,31,臭氧8小時,41.4,10,26,0.25,0.15,2
木柵站,2025/11/14 01:00,33,臭氧8小時,42.2,7,25,0.26,0.27,1.2
木柵站,2025/11/14 02:00,37,懸浮微粒,41.7,12,32,0.23,0.35,1.1
木柵站,2025/11/14 03:00,41,懸浮微粒,39.4,8,32,0.23,0.4,1.5
木柵站,2025/11/14 04:00,41,懸浮微粒,38.6,12,23,0.3,0.36,2.6
木柵站,2025/11/14 05:00,43,懸浮微粒,34.7,9,30,0.33,0.39,3
木柵站,2025/11/14 06:00,44,懸浮微粒,16.3,7,32,0.42,0.16,15.5
木柵站,2025/11/14 07:00,47,懸浮微粒,14.8,9,35,0.47,0.13,16.1
木柵站,2025/11/14 08:00,50,懸浮微粒,31,11,33,0.22,0.38,11.3
木柵站,2025/11/14 09:00,52,懸浮微粒,35.4,20,38,0.23,0.25,10.2
木柵站,2025/11/14 10:00,53,懸浮微粒,37.5,15,35,0.24,0.24,10.1
木柵站,2025/11/14 11:00,55,懸浮微粒,35.8,12,40,0.25,0.3,10.6
木柵站,2025/11/14 12:00,56,懸浮微粒,36.4,17,40,0.26,0.21,9.8
木柵站,2025/11/14 13:00,58,懸浮微粒,38.3,16,47,0.23,0.12,11
木柵站,2025/11/14 14:00,60,懸浮微粒,42.2,16,44,0.27,0.22,9.4
木柵站,2025/11/14 15:00,62,懸浮微粒,41.9,19,49,0.26,0.24,9.3
木柵站,2025/11/14 16:00,66,懸浮微粒,33.9,16,56,0.33,0.21,19.5
木柵站,2025/11/14 17:00,68,懸浮微粒,27.9,15,55,0.4,0.13,21
木柵站,2025/11/14 18:00,70,懸浮微粒,27.6,21,51,0.46,0.27,19.7
木柵站,2025/11/14 19:00,70,懸浮微粒,29.6,20,45,0.43,0.28,17.7
木柵站,2025/11/14 20:00,71,懸浮微粒,36.8,18,54,0.31,0.43,14
木柵站,2025/11/14 21:00,71,懸浮微粒,38.8,23,52,0.3,0.31,11.5
木柵站,2025/11/14 22:00,70,懸浮微粒,36,23,44,0.31,0.3,12.4
木柵站,2025/11/14 23:00,71,懸浮微粒,38.2,18,47,0.26,0.28,6.3
木柵站,2025/11/15 00:00,70,懸浮微粒,37.3,17,44,0.24,0.18,4.2
木柵站,2025/11/15 01:00,68,懸浮微粒,37.2,15,43,0.22,0.13,2.2
木柵站,2025/11/15 02:00,68,懸浮微粒,43,12,40,0.16,0.46,1.2
木柵站,2025/11/15 03:00,65,懸浮微粒,40.8,12,31,0.16,0.56,1.3
木柵站,2025/11/15 04:00,63,懸浮微粒,35.1,11,36,0.29,0.61,1.8
木柵站,2025/11/15 05:00,61,懸浮微粒,34,11,39,0.27,0.46,2.8
木柵站,2025/11/15 06:00,59,懸浮微粒,25.9,8,32,0.34,0.42,8.6
木柵站,2025/11/15 07:00,59,懸浮微粒,27.7,10,32,0.34,0.35,10.8
木柵站,2025/11/15 08:00,57,懸浮微粒,31,7,29,0.23,0.47,11.8
木柵站,2025/11/15 09:00,56,懸浮微粒,-,9,37,0.21,0.29,7.2
木柵站,2025/11/15 10:00,54,懸浮微粒,37.4,10,28,0.2,0.32,5.5
木柵站,2025/11/15 11:00,53,懸浮微粒,34.8,7,29,0.23,0.34,9.4
木柵站,2025/11/15 12:00,53,懸浮微粒,39.4,6,29,0.24,0.25,4.6
木柵站,2025/11/15 13:00,50,懸浮微粒,40,9,27,0.26,0.18,5.6
木柵站,2025/11/15 14:00,50,懸浮微粒,38.7,7,28,0.27,0.34,6.3
木柵站,2025/11/15 15:00,51,懸浮微粒,37.8,9,37,0.22,0.42,7.4
木柵站,2025/11/15 16:00,50,懸浮微粒,35.3,8,26,0.28,0.24,9
木柵站,2025/11/15 17:00,51,懸浮微粒,35,8,31,0.3,0.15,8.8
木柵站,2025/11/15 18:00,50,懸浮微粒,29,7,25,0.28,0.24,15.3
木柵站,2025/11/15 19:00,48,懸浮微粒,29.2,7,31,0.33,0.22,12.3
木柵站,2025/11/15 20:00,49,懸浮微粒,31.6,6,29,0.26,0.34,7.3
木柵站,2025/11/15 21:00,47,懸浮微粒,31.1,6,27,0.25,0.29,7.1
木柵站,2025/11/15 22:00,48,懸浮微粒,28.2,9,26,0.25,0.5,7.7
木柵站,2025/11/15 23:00,46,懸浮微粒,27.5,14,25,0.29,0.62,5.8
木柵站,2025/11/16 00:00,46,懸浮微粒,27.3,8,28,0.24,0.34,5.2
木柵站,2025/11/16 01:00,45,懸浮微粒,28.7,7,23,0.24,0.2,2.6
木柵站,2025/11/16 02:00,45,懸浮微粒,27.1,5,29,0.28,0.29,2.3
木柵站,2025/11/16 03:00,45,懸浮微粒,24,7,27,0.21,0.29,2.6
木柵站,2025/11/16 04:00,45,懸浮微粒,23.4,6,29,0.26,0.18,1.8
木柵站,2025/11/16 05:00,45,懸浮微粒,24.1,12,22,0.26,0.2,2.1
木柵站,2025/11/16 06:00,45,懸浮微粒,22.3,9,30,0.31,0.37,3.5
木柵站,2025/11/16 07:00,45,懸浮微粒,20.1,7,29,0.36,0.31,10.4
木柵站,2025/11/16 08:00,43,懸浮微粒,28.5,10,21,0.25,0.27,8.6
木柵站,2025/11/16 09:00,44,懸浮微粒,33.9,13,25,0.27,0.2,8.3
木柵站,2025/11/16 10:00,43,懸浮微粒,37.6,8,26,0.31,0.26,6.5
木柵站,2025/11/16 11:00,42,懸浮微粒,38.1,5,26,0.33,0.27,5.4
木柵站,2025/11/16 12:00,42,懸浮微粒,38.2,8,22,0.3,0.13,6.1
木柵站,2025/11/16 13:00,41,懸浮微粒,38.6,13,20,0.29,0.2,6.6
木柵站,2025/11/16 14:00,41,懸浮微粒,35.7,9,27,0.27,0.37,7.3
木柵站,2025/11/16 15:00,40,細懸浮微粒,34.4,12,21,0.26,0.29,8.1
木柵站,2025/11/16 16:00,44,細懸浮微粒,31.2,14,29,0.3,0.36,9.4
木柵站,2025/11/16 17:00,44,細懸浮微粒,31.1,12,25,0.31,0.41,8.8
木柵站,2025/11/16 18:00,51,細懸浮微粒,28.4,21,29,0.3,0.18,10.1
木柵站,2025/11/16 19:00,53,細懸浮微粒,24.9,14,30,0.26,0.23,10.8
木柵站,2025/11/16 20:00,54,細懸浮微粒,25.8,16,33,0.32,0.42,8.1
木柵站,2025/11/16 21:00,54,細懸浮微粒,21.7,12,31,0.33,0.34,9.3
木柵站,2025/11/16 22:00,52,細懸浮微粒,22.6,13,27,0.28,0.27,6.3
木柵站,2025/11/16 23:00,53,細懸浮微粒,23.3,14,22,0.26,0.21,5.1
木柵站,2025/11/17 00:00,52,細懸浮微粒,20.7,13,29,0.28,0.23,4
木柵站,2025/11/17 01:00,51,細懸浮微粒,19.9,8,30,0.34,0.28,4
木柵站,2025/11/17 02:00,48,懸浮微粒,22.5,6,37,0.28,0.42,2.3
木柵站,2025/11/17 03:00,51,懸浮微粒,20.9,5,34,0.22,0.48,2.1
木柵站,2025/11/17 04:00,51,懸浮微粒,16.5,8,28,0.26,0.51,4.1
木柵站,2025/11/17 05:00,49,懸浮微粒,18.4,10,20,0.25,0.29,2.8
木柵站,2025/11/17 06:00,47,懸浮微粒,17.8,7,26,0.33,0.29,6.1
木柵站,2025/11/17 07:00,43,懸浮微粒,17.9,6,20,0.31,0.31,8.9
木柵站,2025/11/17 08:00,42,懸浮微粒,22.4,7,24,0.33,0.18,9.2
木柵站,2025/11/17 09:00,43,懸浮微粒,22.6,6,28,0.41,0.22,11.9
木柵站,2025/11/17 10:00,39,懸浮微粒,26.4,4,13,0.4,0.2,8.8
木柵站,2025/11/17 11:00,37,懸浮微粒,30.8,5,13,0.4,0.19,8.1
木柵站,2025/11/17 12:00,35,懸浮微粒,32.9,10,16,0.33,0.23,6.7
木柵站,2025/11/17 13:00,32,懸浮微粒,26.7,11,18,0.26,0.38,12.1
木柵站,2025/11/17 14:00,38,細懸浮微粒,29.7,18,30,0.22,0.44,12
木柵站,2025/11/17 15:00,45,細懸浮微粒,33.5,15,23,0.24,0.3,9.3
木柵站,2025/11/17 16:00,46,細懸浮微粒,34.4,11,23,0.37,0.41,10.1
木柵站,2025/11/17 17:00,44,細懸浮微粒,34.4,8,14,0.37,0.36,9.9
木柵站,2025/11/17 18:00,40,細懸浮微粒,38.7,9,20,0.37,0.28,6.4
木柵站,2025/11/17 19:00,39,細懸浮微粒,40.7,11,19,0.32,0.17,5.5
木柵站,2025/11/17 20:00,38,細懸浮微粒,42.9,8,8,0.25,0.13,5.7
木柵站,2025/11/17 21:00,37,細懸浮微粒,45.8,7,10,0.24,0.13,3.9
木柵站,2025/11/17 22:00,38,細懸浮微粒,46.5,9,13,0.25,0.15,3.3
木柵站,2025/11/17 23:00,38,臭氧8小時,45.6,7,14,0.26,0.16,2.5
木柵站,2025/11/18 00:00,39,臭氧8小時,45.3,5,13,0.23,0.51,1.5
木柵站,2025/11/18 01:00,40,臭氧8小時,41.7,5,11,0.23,0.55,0.9
木柵站,2025/11/18 02:00,40,臭氧8小時,40,3,10,0.21,0.24,0.9
木柵站,2025/11/18 03:00,40,臭氧8小時,37.9,6,11,0.18,0.16,1.3
木柵站,2025/11/18 04:00,39,臭氧8小時,36.5,5,15,0.29,0.28,1.1
木柵站,2025/11/18 05:00,38,臭氧8小時,35.3,1,8,0.3,0.26,1.9
木柵站,2025/11/18 06:00,36,臭氧8小時,30.2,3,3,0.32,0.15,4.4
木柵站,2025/11/18 07:00,34,臭氧8小時,25.4,5,2,0.35,0.18,7.6
木柵站,2025/11/18 08:00,31,臭氧8小時,23,4,5,0.33,0.48,11.1
木柵站,2025/11/18 09:00,29,臭氧8小時,25.4,9,10,0.31,0.38,9.6
木柵站,2025/11/18 10:00,28,二氧化氮小時值,24.4,5,10,0.37,0.46,11.9
木柵站,2025/11/18 11:00,26,臭氧8小時,25.2,4,7,0.35,0.51,10.7
木柵站,2025/11/18 12:00,25,臭氧8小時,29,6,9,0.28,0.27,7.3
木柵站,2025/11/18 13:00,25,二氧化氮小時值,27.4,11,16,0.3,0.18,10.7
木柵站,2025/11/18 14:00,29,細懸浮微粒,27.3,13,21,0.33,-,11.1
木柵站,2025/11/18 15:00,32,細懸浮微粒,28.1,9,16,0.33,0.52,10.2
木柵站,2025/11/18 16:00,36,細懸浮微粒,24.9,12,21,0.27,0.59,13.4
木柵站,2025/11/18 17:00,37,細懸浮微粒,25.5,10,27,0.29,0.48,11.7
木柵站,2025/11/18 18:00,41,細懸浮微粒,26.4,16,20,0.3,0.31,9.3
木柵站,2025/11/18 19:00,43,細懸浮微粒,26.8,11,10,0.29,0.15,7.8
木柵站,2025/11/18 20:00,42,細懸浮微粒,24.7,8,25,0.33,0.38,8.7
木柵站,2025/11/18 21:00,41,細懸浮微粒,23.7,8,10,0.36,0.44,9.5
木柵站,2025/11/18 22:00,38,細懸浮微粒,26.9,9,21,0.31,0.39,6.9
木柵站,2025/11/18 23:00,40,細懸浮微粒,29.8,12,20,0.33,0.68,4.9
木柵站,2025/11/19 00:00,43,細懸浮微粒,33.2,13,18,0.31,0.56,3.2
木柵站,2025/11/19 01:00,49,細懸浮微粒,35.5,17,24,0.31,0.57,2.7
木柵站,2025/11/19 02:00,51,細懸浮微粒,34,14,24,0.28,0.28,2.9
木柵站,2025/11/19 03:00,52,細懸浮微粒,31.8,13,33,0.31,0.19,3
木柵站,2025/11/19 04:00,56,細懸浮微粒,29.5,21,27,0.29,0.38,3.5
木柵站,2025/11/19 05:00,56,細懸浮微粒,28,16,27,0.29,0.52,4.3
木柵站,2025/11/19 06:00,58,細懸浮微粒,25.5,18,27,0.33,0.48,6.9
木柵站,2025/11/19 07:00,58,細懸浮微粒,20.1,14,32,0.36,0.36,13.7
木柵站,2025/11/19 08:00,59,細懸浮微粒,12.3,18,39,0.46,0.37,21.4
木柵站,2025/11/19 09:00,59,細懸浮微粒,13.1,15,37,0.45,0.32,20.3
木柵站,2025/11/19 10:00,61,細懸浮微粒,16.3,20,35,0.41,0.57,17.9
木柵站,2025/11/19 11:00,60,細懸浮微粒,21,12,28,0.43,0.83,13.7
木柵站,2025/11/19 12:00,60,細懸浮微粒,21.5,17,38,0.35,0.71,13.5
木柵站,2025/11/19 13:00,60,細懸浮微粒,21.9,15,31,0.37,0.85,12.8
木柵站,2025/11/19 14:00,60,細懸浮微粒,21.1,19,32,0.38,0.69,14.4
木柵站,2025/11/19 15:00,61,細懸浮微粒,22.4,14,36,0.38,0.67,14.7
木柵站,2025/11/19 16:00,63,細懸浮微粒,21.2,22,38,0.36,0.75,19.2
木柵站,2025/11/19 17:00,65,細懸浮微粒,18.5,20,41,0.42,0.85,19.2
木柵站,2025/11/19 18:00,64,細懸浮微粒,17.3,16,42,0.42,0.72,19.9
木柵站,2025/11/19 19:00,67,細懸浮微粒,21.8,21,41,0.43,0.69,17.8
木柵站,2025/11/19 20:00,67,細懸浮微粒,26.6,21,41,0.29,0.47,12.5
木柵站,2025/11/19 21:00,66,細懸浮微粒,27.1,17,43,0.28,0.41,11.1
木柵站,2025/11/19 22:00,70,細懸浮微粒,30.1,24,32,0.22,0.54,9.3
木柵站,2025/11/19 23:00,66,細懸浮微粒,34,12,38,0.2,0.46,5.5
木柵站,2025/11/20 00:00,62,細懸浮微粒,35.3,11,34,0.23,0.6,3.6
木柵站,2025/11/20 01:00,61,細懸浮微粒,35.5,14,37,0.25,0.53,2.7
木柵站,2025/11/20 02:00,59,懸浮微粒,35.7,15,39,0.25,0.55,2.3
木柵站,2025/11/20 03:00,59,細懸浮微粒,35.7,15,38,0.26,0.63,2.5
木柵站,2025/11/20 04:00,59,細懸浮微粒,35,15,33,0.27,0.26,2.7
木柵站,2025/11/20 05:00,59,細懸浮微粒,34.2,14,37,0.26,0.24,3.2
木柵站,2025/11/20 06:00,57,懸浮微粒,30.7,12,36,0.3,0.56,6.9
木柵站,2025/11/20 07:00,58,懸浮微粒,24.9,15,41,0.33,0.63,13.7
木柵站,2025/11/20 08:00,60,懸浮微粒,25.1,14,44,0.39,0.75,12.7
木柵站,2025/11/20 09:00,59,懸浮微粒,25.3,16,37,0.4,0.74,11.9
木柵站,2025/11/20 10:00,61,懸浮微粒,27.3,20,46,0.4,0.79,11.2
木柵站,2025/11/20 11:00,60,懸浮微粒,31.7,14,35,0.34,0.58,7.8
木柵站,2025/11/20 12:00,58,細懸浮微粒,32.4,14,29,0.31,0.68,8.2
木柵站,2025/11/20 13:00,58,懸浮微粒,33.2,10,36,0.28,0.63,8.5
木柵站,2025/11/20 14:00,56,懸浮微粒,31.3,17,32,0.3,0.77,9.4
木柵站,2025/11/20 15:00,55,懸浮微粒,28.1,13,35,0.3,0.88,13.5
木柵站,2025/11/20 16:00,57,細懸浮微粒,25.6,19,33,0.46,1.07,16
木柵站,2025/11/20 17:00,58,細懸浮微粒,20,14,37,0.48,1.11,20
木柵站,2025/11/20 18:00,58,細懸浮微粒,20.1,15,28,0.41,1.03,17.2
木柵站,2025/11/20 19:00,57,細懸浮微粒,23.4,13,31,0.38,0.78,13.1
木柵站,2025/11/20 20:00,56,細懸浮微粒,25.7,15,28,0.33,0.23,12.7
木柵站,2025/11/20 21:00,57,細懸浮微粒,28.9,16,33,0.3,0.13,12.7
木柵站,2025/11/20 22:00,56,細懸浮微粒,35.7,15,32,0.24,0.23,6.6
木柵站,2025/11/20 23:00,59,細懸浮微粒,37.8,19,31,0.23,0.28,4.3
木柵站,2025/11/21 00:00,58,細懸浮微粒,35.5,12,31,0.26,0.28,4.5
木柵站,2025/11/21 01:00,57,細懸浮微粒,37,12,31,0.29,0.47,2.1
木柵站,2025/11/21 02:00,55,細懸浮微粒,38.4,13,32,0.27,0.41,2.1
木柵站,2025/11/21 03:00,53,細懸浮微粒,40.2,13,38,0.25,0.29,1.7
木柵站,2025/11/21 04:00,52,細懸浮微粒,39.2,12,23,0.29,0.36,1.8
木柵站,2025/11/21 05:00,53,細懸浮微粒,37,13,31,0.34,0.6,3.2
木柵站,2025/11/21 06:00,52,細懸浮微粒,35.2,13,31,0.32,0.49,4.8
木柵站,2025/11/21 07:00,54,細懸浮微粒,28.1,17,29,0.36,0.37,13.4
木柵站,2025/11/21 08:00,59,細懸浮微粒,24.1,22,35,0.35,0.25,14.7
木柵站,2025/11/21 09:00,59,細懸浮微粒,22.2,14,29,0.35,0.23,15.7
木柵站,2025/11/21 10:00,59,細懸浮微粒,14.9,13,30,0.39,0.72,22.7
木柵站,2025/11/21 11:00,58,細懸浮微粒,19,17,28,0.36,0.67,18.2
木柵站,2025/11/21 12:00,56,細懸浮微粒,24.6,15,23,0.34,0.64,14
木柵站,2025/11/21 13:00,57,細懸浮微粒,29.2,15,33,0.31,0.62,10.3
木柵站,2025/11/21 14:00,56,細懸浮微粒,28.4,11,30,0.31,0.78,10.6
木柵站,2025/11/21 15:00,55,細懸浮微粒,25,15,31,0.38,-,13.7
木柵站,2025/11/21 16:00,54,細懸浮微粒,21.2,12,34,0.38,-,20.9
木柵站,2025/11/21 17:00,55,細懸浮微粒,26.6,16,30,0.36,-,16.8
木柵站,2025/11/21 18:00,55,細懸浮微粒,31.3,12,21,0.31,-,13.3
木柵站,2025/11/21 19:00,53,細懸浮微粒,30.7,11,37,0.33,-,14.4
木柵站,2025/11/21 20:00,52,細懸浮微粒,33.9,12,30,0.31,-,9.2
木柵站,2025/11/21 21:00,51,細懸浮微粒,35.4,13,25,0.27,-,8.4
木柵站,2025/11/21 22:00,51,細懸浮微粒,37.8,12,27,0.28,-,5.7
木柵站,2025/11/21 23:00,52,細懸浮微粒,39.6,15,21,0.25,-,4.2
木柵站,2025/11/22 00:00,53,細懸浮微粒,40.5,14,33,0.28,-,3.3
木柵站,2025/11/22 01:00,51,細懸浮微粒,41.9,10,25,0.27,-,2
木柵站,2025/11/22 02:00,50,細懸浮微粒,42.4,10,23,0.28,-,1.7
木柵站,2025/11/22 03:00,48,細懸浮微粒,42.9,12,26,0.29,-,1.2
木柵站,2025/11/22 04:00,47,細懸浮微粒,43.9,11,32,0.31,-,1.7
木柵站,2025/11/22 05:00,46,細懸浮微粒,43,11,25,0.29,-,2.4
木柵站,2025/11/22 06:00,50,細懸浮微粒,41,16,27,0.31,-,3.7
木柵站,2025/11/22 07:00,51,細懸浮微粒,40.3,15,31,0.31,-,4.5
木柵站,2025/11/22 08:00,52,細懸浮微粒,37.4,12,25,0.32,-,7.4
木柵站,2025/11/22 09:00,52,細懸浮微粒,39.2,12,37,0.34,-,4.6
木柵站,2025/11/22 10:00,50,細懸浮微粒,38.9,11,24,0.29,1.1,4.1
木柵站,2025/11/22 11:00,49,細懸浮微粒,37.5,13,30,0.2,1.48,6.2
木柵站,2025/11/22 12:00,49,懸浮微粒,38.1,12,31,0.33,1.22,4.9
木柵站,2025/11/22 13:00,51,細懸浮微粒,38.1,16,27,0.31,0.5,5.4
木柵站,2025/11/22 14:00,52,細懸浮微粒,38.2,13,27,0.38,1.03,6.2
木柵站,2025/11/22 15:00,52,細懸浮微粒,36.3,12,34,0.39,0.87,7.1
木柵站,2025/11/22 16:00,54,細懸浮微粒,36.5,17,23,0.28,-,6.8
木柵站,2025/11/22 17:00,52,細懸浮微粒,34.5,9,25,0.35,1.71,9.6
木柵站,2025/11/22 18:00,50,細懸浮微粒,33.6,10,30,0.33,1.86,9.6
木柵站,2025/11/22 19:00,47,細懸浮微粒,30.7,8,26,0.34,3.15,11.4
木柵站,2025/11/22 20:00,45,懸浮微粒,30.5,11,24,0.35,2.14,9.5
木柵站,2025/11/22 21:00,44,細懸浮微粒,34.3,10,21,0.3,0.7,5.5
木柵站,2025/11/22 22:00,43,細懸浮微粒,33.7,10,23,0.28,0.57,4.8
木柵站,2025/11/22 23:00,45,細懸浮微粒,33.9,12,15,0.28,0.94,4.1
木柵站,2025/11/23 00:00,42,細懸浮微粒,36.6,7,21,0.27,0.63,1.4
木柵站,2025/11/23 01:00,40,細懸浮微粒,35,8,21,0.29,0.08,1.4
木柵站,2025/11/23 02:00,39,細懸浮微粒,36.4,10,20,0.28,0.03,1.1
木柵站,2025/11/23 03:00,37,細懸浮微粒,33.2,8,21,0.25,0.37,1.5
木柵站,2025/11/23 04:00,38,細懸浮微粒,33.5,11,25,0.34,0.17,1
木柵站,2025/11/23 05:00,39,細懸浮微粒,30.8,10,20,0.29,0.52,2.4
木柵站,2025/11/23 06:00,43,細懸浮微粒,23.8,16,21,0.37,0.58,4.6
木柵站,2025/11/23 07:00,42,細懸浮微粒,17,6,23,0.43,5.4,9.4
木柵站,2025/11/23 08:00,38,細懸浮微粒,26.6,5,21,0.24,1.34,5.9
木柵站,2025/11/23 09:00,36,懸浮微粒,37,7,22,0.14,0.51,3.5
木柵站,2025/11/23 10:00,39,懸浮微粒,36.7,6,32,0.16,0.62,2.9
木柵站,2025/11/23 11:00,41,懸浮微粒,35.2,6,28,0.2,0.95,3.7
木柵站,2025/11/23 12:00,42,懸浮微粒,35.2,9,25,0.32,0.64,3.4
木柵站,2025/11/23 13:00,43,懸浮微粒,37.7,10,26,0.35,1.13,5.2
木柵站,2025/11/23 14:00,42,懸浮微粒,35.8,8,26,0.34,1.79,8.5
木柵站,2025/11/23 15:00,44,懸浮微粒,35.6,7,35,0.32,1.64,6.6
木柵站,2025/11/23 16:00,46,懸浮微粒,33.1,10,29,0.32,1.69,8.1
木柵站,2025/11/23 17:00,47,懸浮微粒,25.3,9,29,0.33,4.96,13.1
木柵站,2025/11/23 18:00,49,懸浮微粒,22.7,17,34,0.32,2.15,11.7
木柵站,2025/11/23 19:00,50,懸浮微粒,21.8,10,35,0.28,0.32,8.5
木柵站,2025/11/23 20:00,51,懸浮微粒,20.9,14,31,0.26,1.3,8.1
木柵站,2025/11/23 21:00,51,懸浮微粒,20.6,17,27,0.25,1.53,7.4
木柵站,2025/11/23 22:00,48,細懸浮微粒,22.2,12,23,0.22,1.05,6
木柵站,2025/11/23 23:00,52,細懸浮微粒,22.5,15,23,0.26,0.26,3.7
木柵站,2025/11/24 00:00,53,細懸浮微粒,24.9,16,23,0.22,-,2.6
木柵站,2025/11/24 01:00,49,細懸浮微粒,28.3,7,19,0.22,-,1.5
木柵站,2025/11/24 02:00,46,細懸浮微粒,22.8,7,22,0.2,-,3.8
木柵站,2025/11/24 03:00,42,細懸浮微粒,19.6,6,20,0.23,-,5.3
木柵站,2025/11/24 04:00,38,懸浮微粒,13.8,8,18,0.3,-,8.2
木柵站,2025/11/24 05:00,42,細懸浮微粒,13.5,14,19,0.33,-,6.9
木柵站,2025/11/24 06:00,42,細懸浮微粒,8.8,10,21,0.42,-,11.3
木柵站,2025/11/24 07:00,43,細懸浮微粒,5.8,9,25,0.51,-,16.4
木柵站,2025/11/24 08:00,44,細懸浮微粒,14.1,11,22,0.36,-,9.5
木柵站,2025/11/24 09:00,40,細懸浮微粒,17,9,26,0.4,-,13
木柵站,2025/11/24 10:00,40,細懸浮微粒,-,-,-,-,-,-
木柵站,2025/11/24 11:00,40,細懸浮微粒,-,10,25,-,-,-
木柵站,2025/11/24 12:00,37,懸浮微粒,31.1,7,19,0.26,0.35,4.8
木柵站,2025/11/24 13:00,38,懸浮微粒,30.9,7,26,0.29,1.22,11.8
木柵站,2025/11/24 14:00,39,懸浮微粒,30.1,14,28,0.21,1.66,9.9
木柵站,2025/11/24 15:00,41,懸浮微粒,27.6,9,30,0.23,1.1,10.6
木柵站,2025/11/24 16:00,44,懸浮微粒,23,9,28,0.4,1.18,15.9
木柵站,2025/11/24 17:00,44,懸浮微粒,20,10,25,0.39,1.1,15.1
木柵站,2025/11/24 18:00,44,懸浮微粒,19.3,10,26,0.33,0.59,13.1
木柵站,2025/11/24 19:00,43,懸浮微粒,22.2,10,25,0.28,0.5,10.5
木柵站,2025/11/24 20:00,44,懸浮微粒,18.3,10,30,0.35,0.47,11.2
木柵站,2025/11/24 21:00,45,懸浮微粒,15.4,7,30,0.33,0.55,10.7
木柵站,2025/11/24 22:00,42,懸浮微粒,10.8,7,16,0.33,0.54,13.9
木柵站,2025/11/24 23:00,43,懸浮微粒,10.5,10,27,0.29,0.53,12.3
木柵站,2025/11/25 00:00,41,懸浮微粒,9.1,11,19,0.24,0.57,12.2
木柵站,2025/11/25 01:00,42,細懸浮微粒,31.7,14,30,0.24,0.65,4.4
木柵站,2025/11/25 02:00,48,細懸浮微粒,50.8,18,33,0.23,0.49,2.5
木柵站,2025/11/25 03:00,53,細懸浮微粒,51.5,20,38,0.25,0.58,2.6
木柵站,2025/11/25 04:00,57,細懸浮微粒,56.5,19,42,0.32,0.71,3.4
木柵站,2025/11/25 05:00,63,細懸浮微粒,56.6,25,53,0.41,0.82,4.9
木柵站,2025/11/25 06:00,66,細懸浮微粒,44.9,23,45,0.42,0.86,7.7
木柵站,2025/11/25 07:00,68,細懸浮微粒,32.9,23,48,0.49,0.95,16.9
木柵站,2025/11/25 08:00,71,細懸浮微粒,32.8,23,43,0.31,1.02,15.5
木柵站,2025/11/25 09:00,73,細懸浮微粒,34.3,23,51,0.31,1.49,14.7
木柵站,2025/11/25 10:00,75,細懸浮微粒,39.6,25,62,0.33,1.37,13.9
木柵站,2025/11/25 11:00,78,細懸浮微粒,45.3,26,72,0.37,1.42,10.1
木柵站,2025/11/25 12:00,83,細懸浮微粒,50.6,31,78,0.31,1.18,8.6
木柵站,2025/11/25 13:00,92,懸浮微粒,48.6,34,105,0.34,1.84,12.1
木柵站,2025/11/25 14:00,101,懸浮微粒,46.4,39,116,0.35,1.66,14
木柵站,2025/11/25 15:00,106,懸浮微粒,45.4,38,124,0.35,1.3,13.5
木柵站,2025/11/25 16:00,111,懸浮微粒,41.9,37,141,0.3,1.27,15.6
木柵站,2025/11/25 17:00,114,懸浮微粒,41.5,32,130,0.33,1.12,17.1
木柵站,2025/11/25 18:00,116,懸浮微粒,45.5,35,127,0.34,0.74,11.6
木柵站,2025/11/25 19:00,117,懸浮微粒,41.6,34,117,0.33,0.68,12.2
木柵站,2025/11/25 20:00,117,懸浮微粒,41,30,128,0.25,0.27,9.1
木柵站,2025/11/25 21:00,118,懸浮微粒,41.6,30,119,0.3,0.37,8.6
木柵站,2025/11/25 22:00,119,懸浮微粒,41.6,29,118,0.25,0.61,7.1
木柵站,2025/11/25 23:00,119,懸浮微粒,40.1,25,111,0.26,0.58,5
木柵站,2025/11/26 00:00,119,懸浮微粒,38.9,27,111,0.29,0.82,3.7
木柵站,2025/11/26 01:00,118,懸浮微粒,40.4,24,102,0.29,0.81,2.3
木柵站,2025/11/26 02:00,116,懸浮微粒,40.1,24,97,0.28,0.69,2.4
木柵站,2025/11/26 03:00,114,懸浮微粒,40.3,13,79,0.26,0.65,2.1
木柵站,2025/11/26 04:00,110,懸浮微粒,39.4,18,64,0.27,0.61,2.3
木柵站,2025/11/26 05:00,106,懸浮微粒,37.5,17,57,0.3,0.55,3.1
木柵站,2025/11/26 06:00,102,懸浮微粒,29.6,13,53,0.33,0.62,10.4
木柵站,2025/11/26 07:00,98,懸浮微粒,23.5,17,49,0.33,0.65,17.3
木柵站,2025/11/26 08:00,94,懸浮微粒,30.9,14,56,0.33,0.48,8.9
木柵站,2025/11/26 09:00,89,懸浮微粒,29.6,13,47,0.32,0.61,10.1
木柵站,2025/11/26 10:00,85,懸浮微粒,32.9,16,46,0.31,0.76,8.8
木柵站,2025/11/26 11:00,80,懸浮微粒,33.4,14,41,0.34,0.66,8.9
木柵站,2025/11/26 12:00,75,懸浮微粒,35.5,11,44,0.31,0.4,7.3
木柵站,2025/11/26 13:00,71,懸浮微粒,36.4,10,39,0.29,0.34,7
木柵站,2025/11/26 14:00,68,懸浮微粒,35.7,9,40,0.28,0.55,7.8
木柵站,2025/11/26 15:00,66,懸浮微粒,34.2,12,40,0.29,0.52,10.2
木柵站,2025/11/26 16:00,65,懸浮微粒,31.3,12,44,0.33,0.44,12.7
木柵站,2025/11/26 17:00,64,懸浮微粒,30.5,9,37,0.35,0.58,13.2
木柵站,2025/11/26 18:00,60,懸浮微粒,28.4,17,25,0.34,0.51,13.5
木柵站,2025/11/26 19:00,58,懸浮微粒,30.7,9,30,0.33,0.43,11.1
木柵站,2025/11/26 20:00,53,懸浮微粒,31.5,9,21,0.31,0.57,9.9
木柵站,2025/11/26 21:00,51,懸浮微粒,29.7,8,25,0.31,0.51,10.3
木柵站,2025/11/26 22:00,48,懸浮微粒,28.5,8,19,0.31,0.73,9.3
木柵站,2025/11/26 23:00,48,懸浮微粒,31.1,12,32,0.28,0.87,6.8
木柵站,2025/11/27 00:00,46,懸浮微粒,31.8,9,22,0.32,0.43,3.6
木柵站,2025/11/27 01:00,46,懸浮微粒,30.1,12,26,0.32,0.43,2.8
木柵站,2025/11/27 02:00,45,懸浮微粒,32.7,7,20,0.36,0.45,2.4
木柵站,2025/11/27 03:00,42,懸浮微粒,34.2,9,24,0.31,0.44,2
木柵站,2025/11/27 04:00,41,細懸浮微粒,28.4,13,20,0.24,0.34,3.3
木柵站,2025/11/27 05:00,40,細懸浮微粒,21.6,10,24,0.23,0.3,4.9
木柵站,2025/11/27 06:00,42,細懸浮微粒,19.1,12,25,0.27,0.6,9.8
木柵站,2025/11/27 07:00,45,細懸浮微粒,28.1,14,38,0.32,0.74,13.7
木柵站,2025/11/27 08:00,48,懸浮微粒,30,11,37,0.36,0.95,10.5
木柵站,2025/11/27 09:00,48,細懸浮微粒,33.9,15,26,0.3,0.8,9.2
木柵站,2025/11/27 10:00,49,懸浮微粒,36.3,9,28,0.3,1.29,9
木柵站,2025/11/27 11:00,47,細懸浮微粒,38,14,26,0.29,0.94,7.5
木柵站,2025/11/27 12:00,50,細懸浮微粒,38.5,14,23,0.3,0.62,7.5
木柵站,2025/11/27 13:00,47,細懸浮微粒,40.2,10,20,0.32,1.36,8.1
木柵站,2025/11/27 14:00,45,細懸浮微粒,41.1,6,24,0.34,0.78,7.5
木柵站,2025/11/27 15:00,43,細懸浮微粒,39.8,9,30,0.36,0.62,9.7
木柵站,2025/11/27 16:00,46,懸浮微粒,38.7,15,34,0.33,0.7,12.8
木柵站,2025/11/27 17:00,50,懸浮微粒,38,14,35,0.36,0.64,14.9
木柵站,2025/11/27 18:00,54,懸浮微粒,43.1,15,47,0.4,0.86,14.3
木柵站,2025/11/27 19:00,62,懸浮微粒,42.5,25,77,0.38,1,15.8
木柵站,2025/11/27 20:00,75,懸浮微粒,44,25,102,0.34,0.99,12.1
木柵站,2025/11/27 21:00,90,懸浮微粒,39.1,28,115,0.39,0.9,14.9
木柵站,2025/11/27 22:00,103,懸浮微粒,43.7,29,133,0.32,0.7,8.7
木柵站,2025/11/27 23:00,108,懸浮微粒,42.9,33,143,0.27,0.62,5.8
木柵站,2025/11/28 00:00,113,懸浮微粒,42.7,26,150,0.36,0.5,4.3
木柵站,2025/11/28 01:00,118,懸浮微粒,43.3,24,151,0.38,0.62,2.8
木柵站,2025/11/28 02:00,120,懸浮微粒,42.5,31,139,0.34,0.38,2.1
木柵站,2025/11/28 03:00,122,懸浮微粒,41.3,23,136,0.38,0.25,2.8
木柵站,2025/11/28 04:00,124,懸浮微粒,40.7,31,158,0.29,0.39,2.5
木柵站,2025/11/28 05:00,127,懸浮微粒,39.7,32,158,0.32,0.5,3.3
木柵站,2025/11/28 06:00,130,懸浮微粒,36.9,34,157,0.31,0.51,6.1
木柵站,2025/11/28 07:00,133,懸浮微粒,30.6,33,163,0.38,0.53,12.1
木柵站,2025/11/28 08:00,134,懸浮微粒,30.2,33,162,0.34,0.6,10.8
木柵站,2025/11/28 09:00,135,懸浮微粒,32.9,32,161,0.32,0.75,9.8
木柵站,2025/11/28 10:00,137,懸浮微粒,33.8,28,170,0.35,0.45,10.1
木柵站,2025/11/28 11:00,138,懸浮微粒,36.6,29,180,0.33,0.57,8.4
木柵站,2025/11/28 12:00,140,懸浮微粒,39,30,179,0.32,0.45,6.9
木柵站,2025/11/28 13:00,141,懸浮微粒,39.6,24,173,0.31,0.31,8.4
木柵站,2025/11/28 14:00,141,懸浮微粒,37.6,29,174,0.31,0.47,9.9
木柵站,2025/11/28 15:00,141,懸浮微粒,37.7,30,161,0.31,0.43,8.2
木柵站,2025/11/28 16:00,139,懸浮微粒,30.9,25,148,0.39,0.49,15.2
木柵站,2025/11/28 17:00,137,懸浮微粒,26.8,25,135,0.44,0.58,17
木柵站,2025/11/28 18:00,134,懸浮微粒,21.5,29,129,0.53,0.76,19.6
木柵站,2025/11/28 19:00,130,懸浮微粒,17.7,26,116,0.49,0.8,19.6
木柵站,2025/11/28 20:00,128,懸浮微粒,21.4,28,114,0.46,0.16,14.5
木柵站,2025/11/28 21:00,125,懸浮微粒,20.9,21,111,0.36,0.18,13.9
木柵站,2025/11/28 22:00,122,懸浮微粒,20.7,21,99,0.33,0.31,10.5
木柵站,2025/11/28 23:00,119,懸浮微粒,22.8,24,91,0.28,0.32,8.8
木柵站,2025/11/29 00:00,116,懸浮微粒,24.8,18,80,0.36,0.19,5.6
木柵站,2025/11/29 01:00,112,懸浮微粒,27,20,78,0.31,0.18,3.6
木柵站,2025/11/29 02:00,109,懸浮微粒,27.4,19,75,0.29,0.31,2.4
木柵站,2025/11/29 03:00,107,懸浮微粒,24.2,14,72,0.29,0.41,3.7
木柵站,2025/11/29 04:00,104,懸浮微粒,22.9,13,68,0.29,0.41,4
木柵站,2025/11/29 05:00,102,懸浮微粒,17.1,13,58,0.34,0.5,7.1
木柵站,2025/11/29 06:00,99,懸浮微粒,14.3,12,53,0.36,0.51,11
木柵站,2025/11/29 07:00,94,懸浮微粒,13.9,13,58,0.41,0.53,11.1
木柵站,2025/11/29 08:00,91,懸浮微粒,22.4,19,63,0.34,0.76,7
木柵站,2025/11/29 09:00,90,懸浮微粒,28.2,16,68,0.27,0.75,6.1
木柵站,2025/11/29 10:00,90,懸浮微粒,34,17,62,0.18,0.5,5.1
木柵站,2025/11/29 11:00,87,懸浮微粒,34.7,8,53,0.19,0.43,7.1
木柵站,2025/11/29 12:00,83,懸浮微粒,37,18,44,0.26,0.26,3.8
木柵站,2025/11/29 13:00,80,懸浮微粒,35,17,52,0.28,0.32,6.2
木柵站,2025/11/29 14:00,75,懸浮微粒,36.2,13,43,0.27,0.58,4.1
木柵站,2025/11/29 15:00,73,懸浮微粒,36.5,11,47,0.28,0.47,3.9
木柵站,2025/11/29 16:00,75,懸浮微粒,33.2,17,59,0.32,0.38,8.4
木柵站,2025/11/29 17:00,76,懸浮微粒,30.8,15,56,0.32,0.39,10.8
木柵站,2025/11/29 18:00,78,懸浮微粒,25.5,15,58,0.42,0.58,14.2
木柵站,2025/11/29 19:00,79,懸浮微粒,27.8,14,53,0.38,0.61,11
木柵站,2025/11/29 20:00,76,懸浮微粒,27.2,13,44,0.33,0.75,6.9
木柵站,2025/11/29 21:00,72,懸浮微粒,24.1,10,42,0.31,0.7,7.4
木柵站,2025/11/29 22:00,68,懸浮微粒,18.6,11,37,0.35,0.54,10.2
木柵站,2025/11/29 23:00,64,懸浮微粒,10.2,7,31,0.41,0.47,15.1
木柵站,2025/11/30 00:00,61,懸浮微粒,10.7,4,28,0.34,0.41,12.1
木柵站,2025/11/30 01:00,57,懸浮微粒,12.6,7,21,0.33,0.37,7.4
木柵站,2025/11/30 02:00,54,懸浮微粒,12.3,6,24,0.31,0.32,6.9
木柵站,2025/11/30 03:00,51,懸浮微粒,12.2,6,18,0.32,0.41,4.7
木柵站,2025/11/30 04:00,48,懸浮微粒,10,16,21,0.28,0.44,5.3
木柵站,2025/11/30 05:00,45,懸浮微粒,7.6,9,21,0.35,0.41,5.2
木柵站,2025/11/30 06:00,40,懸浮微粒,4.8,9,13,0.33,0.45,7.6
木柵站,2025/11/30 07:00,39,細懸浮微粒,4.9,8,19,0.37,0.59,7.8
木柵站,2025/11/30 08:00,36,懸浮微粒,10.9,6,20,0.33,0.84,8.1
木柵站,2025/11/30 09:00,35,懸浮微粒,18.4,9,22,0.33,0.95,9.4
木柵站,2025/11/30 10:00,37,懸浮微粒,24.6,11,27,0.31,0.84,10.6
木柵站,2025/11/30 11:00,39,懸浮微粒,30.4,11,31,0.19,0.68,5.5
木柵站,2025/11/30 12:00,40,懸浮微粒,34.1,8,23,0.21,0.45,1.7
木柵站,2025/11/30 13:00,41,懸浮微粒,34.4,5,26,0.25,0.39,2.4
木柵站,2025/11/30 14:00,43,懸浮微粒,38.1,10,36,0.4,0.68,14.1
木柵站,2025/11/30 15:00,48,懸浮微粒,36.1,21,45,0.39,0.87,19.7
木柵站,2025/11/30 16:00,54,懸浮微粒,33.1,20,48,0.38,0.65,18.5
木柵站,2025/11/30 17:00,55,細懸浮微粒,27,17,30,0.32,0.51,17.4
木柵站,2025/11/30 18:00,55,懸浮微粒,16.3,11,35,0.42,0.7,21.4
木柵站,2025/11/30 19:00,55,細懸浮微粒,12.7,18,39,0.35,0.62,17.8
木柵站,2025/11/30 20:00,55,細懸浮微粒,9.8,15,26,0.39,0.25,18.9
木柵站,2025/11/30 21:00,57,細懸浮微粒,8.5,19,30,0.41,0.33,18
木柵站,2025/11/30 22:00,56,細懸浮微粒,7.8,10,33,0.39,0.39,16
木柵站,2025/11/30 23:00,56,細懸浮微粒,8.6,15,26,0.37,0.62,14.4
木柵站,2025/12/01 00:00,53,細懸浮微粒,9.2,8,24,0.28,0.56,11.4
木柵站,2025/12/01 01:00,54,細懸浮微粒,7,18,25,0.36,0.45,12.4
木柵站,2025/12/01 02:00,56,細懸浮微粒,4.6,13,28,0.38,0.38,13.1
木柵站,2025/12/01 03:00,57,細懸浮微粒,3.9,20,32,0.37,0.44,12
木柵站,2025/12/01 04:00,60,細懸浮微粒,9,16,33,0.27,0.45,11
木柵站,2025/12/01 05:00,62,細懸浮微粒,8,22,32,0.26,0.43,11
木柵站,2025/12/01 06:00,63,細懸浮微粒,7.8,15,33,0.26,0.77,15.1
木柵站,2025/12/01 07:00,61,細懸浮微粒,4.2,15,28,0.38,0.95,16.6
木柵站,2025/12/01 08:00,62,細懸浮微粒,6.7,18,31,0.38,0.63,17.1
木柵站,2025/12/01 09:00,58,細懸浮微粒,14.5,14,27,0.25,0.55,14.3
木柵站,2025/12/01 10:00,61,細懸浮微粒,15.1,20,37,0.44,0.65,20.3
木柵站,2025/12/01 11:00,61,細懸浮微粒,24.9,15,25,0.45,0.66,18.3
木柵站,2025/12/01 12:00,62,細懸浮微粒,33.1,18,30,0.43,0.43,20.2
木柵站,2025/12/01 13:00,64,細懸浮微粒,38.6,19,27,0.39,0.53,22.5
木柵站,2025/12/01 14:00,60,細懸浮微粒,31.7,10,18,0.22,0.58,14
木柵站,2025/12/01 15:00,57,細懸浮微粒,30,9,20,0.17,0.49,10.1
木柵站,2025/12/01 16:00,55,細懸浮微粒,21.1,12,18,0.33,0.75,17.8
木柵站,2025/12/01 17:00,51,細懸浮微粒,10.3,11,23,0.25,0.73,17.8
木柵站,2025/12/01 18:00,50,細懸浮微粒,9.7,11,22,0.28,0.57,16
木柵站,2025/12/01 19:00,51,細懸浮微粒,8.3,11,19,0.32,0.54,16.1
木柵站,2025/12/01 20:00,49,細懸浮微粒,12.9,11,15,0.29,0.25,11.1
木柵站,2025/12/01 21:00,47,細懸浮微粒,14.5,8,15,0.31,0.19,11
木柵站,2025/12/01 22:00,40,細懸浮微粒,15.9,4,12,0.26,0.36,11.4
木柵站,2025/12/01 23:00,33,細懸浮微粒,17.8,1,9,0.17,0.37,8.4
木柵站,2025/12/02 00:00,25,細懸浮微粒,12.2,1,9,0.17,0.41,6.4
木柵站,2025/12/02 01:00,21,懸浮微粒,10.9,1,8,0.18,0.65,5
木柵站,2025/12/02 02:00,20,懸浮微粒,11.8,5,11,0.18,0.61,5.6
木柵站,2025/12/02 03:00,21,懸浮微粒,22.9,5,13,0.16,0.43,3.3
木柵站,2025/12/02 04:00,21,細懸浮微粒,32.5,6,12,0.19,0.3,2.2
木柵站,2025/12/02 05:00,26,細懸浮微粒,34.2,10,15,0.17,0.44,3
木柵站,2025/12/02 06:00,27,細懸浮微粒,28.4,8,16,0.25,0.52,9.2
木柵站,2025/12/02 07:00,28,二氧化氮小時值,24.6,6,20,0.27,0.45,11.7
木柵站,2025/12/02 08:00,34,二氧化氮小時值,21,4,22,0.33,0.53,14.4
木柵站,2025/12/02 09:00,26,懸浮微粒,24.5,5,12,0.28,0.55,10.3
木柵站,2025/12/02 10:00,28,懸浮微粒,29.1,11,25,0.28,0.49,8
木柵站,2025/12/02 11:00,29,懸浮微粒,32.3,8,21,0.32,0.62,8.9
木柵站,2025/12/02 12:00,30,細懸浮微粒,35.1,9,18,0.28,0.59,8.6
木柵站,2025/12/02 13:00,33,懸浮微粒,36,8,24,0.25,0.55,7
木柵站,2025/12/02 14:00,33,懸浮微粒,36.2,5,23,0.24,0.55,7.2
木柵站,2025/12/02 15:00,36,懸浮微粒,38.4,9,30,0.23,0.56,7.7
木柵站,2025/12/02 16:00,40,懸浮微粒,35.9,9,28,0.33,0.39,11.3
木柵站,2025/12/02 17:00,43,懸浮微粒,33,10,35,0.38,0.32,13.2
木柵站,2025/12/02 18:00,51,二氧化氮小時值,24.2,8,31,0.41,0.6,22
木柵站,2025/12/02 19:00,51,二氧化氮小時值,20.7,12,28,0.45,0.63,23.2
木柵站,2025/12/02 20:00,47,懸浮微粒,28.7,14,29,0.41,0.5,12.9
木柵站,2025/12/02 21:00,48,懸浮微粒,27.6,15,35,0.44,0.45,13.5
木柵站,2025/12/02 22:00,49,細懸浮微粒,26.1,16,32,0.42,0.39,11.4
木柵站,2025/12/02 23:00,52,懸浮微粒,31.5,11,38,0.34,0.4,5.9
木柵站,2025/12/03 00:00,52,懸浮微粒,33.5,9,31,0.24,0.65,4.3
木柵站,2025/12/03 01:00,55,懸浮微粒,41.1,21,46,0.22,0.73,3.5
木柵站,2025/12/03 02:00,58,懸浮微粒,48.5,19,45,0.24,0.33,2.7
木柵站,2025/12/03 03:00,61,懸浮微粒,47.3,19,51,0.23,0.33,2.6
木柵站,2025/12/03 04:00,65,懸浮微粒,47,17,53,0.26,0.56,2.1
木柵站,2025/12/03 05:00,63,懸浮微粒,43.5,18,31,0.28,0.57,3.1
木柵站,2025/12/03 06:00,62,細懸浮微粒,40.7,18,39,0.31,0.68,5.9
木柵站,2025/12/03 07:00,61,細懸浮微粒,38.1,15,40,0.34,0.69,8.7
木柵站,2025/12/03 08:00,63,細懸浮微粒,35.1,19,49,0.36,0.34,13.3
木柵站,2025/12/03 09:00,68,細懸浮微粒,37.1,29,52,0.39,0.4,12.7
木柵站,2025/12/03 10:00,72,細懸浮微粒,35.6,25,58,0.41,0.58,13.1
木柵站,2025/12/03 11:00,78,細懸浮微粒,32,27,59,0.45,0.67,16
木柵站,2025/12/03 12:00,83,細懸浮微粒,35,29,65,0.37,0.56,15.7
木柵站,2025/12/03 13:00,87,細懸浮微粒,38.7,34,63,0.37,0.53,13.6
木柵站,2025/12/03 14:00,88,細懸浮微粒,42.2,26,69,0.38,0.51,12.6
木柵站,2025/12/03 15:00,87,細懸浮微粒,44,23,65,0.36,0.6,9.8
木柵站,2025/12/03 16:00,85,細懸浮微粒,39.1,22,55,0.3,0.74,14.5
木柵站,2025/12/03 17:00,82,細懸浮微粒,39.1,24,58,0.34,0.79,14.5
木柵站,2025/12/03 18:00,82,細懸浮微粒,35.1,23,53,0.32,0.5,12
木柵站,2025/12/03 19:00,84,細懸浮微粒,32.8,25,46,0.33,0.31,11.8
木柵站,2025/12/03 20:00,85,細懸浮微粒,30.6,25,40,0.31,0.45,13.6
木柵站,2025/12/03 21:00,83,細懸浮微粒,24.1,21,37,0.38,0.53,13.4
木柵站,2025/12/03 22:00,79,細懸浮微粒,29.3,14,41,0.3,0.44,9.6
木柵站,2025/12/03 23:00,76,細懸浮微粒,36.2,18,50,0.3,0.6,5.2
木柵站,2025/12/04 00:00,72,細懸浮微粒,39.8,19,54,0.28,0.6,3.4
木柵站,2025/12/04 01:00,72,懸浮微粒,40.4,17,49,0.3,0.38,3.1
木柵站,2025/12/04 02:00,72,懸浮微粒,40.2,17,45,0.28,0.28,2.5
木柵站,2025/12/04 03:00,68,細懸浮微粒,39.9,17,31,0.27,0.25,2.2
木柵站,2025/12/04 04:00,63,懸浮微粒,39.2,10,33,0.26,0.43,2
木柵站,2025/12/04 05:00,62,細懸浮微粒,37.1,15,38,0.28,0.45,2.6
木柵站,2025/12/04 06:00,58,懸浮微粒,30.1,9,32,0.3,0.49,10.2
木柵站,2025/12/04 07:00,58,懸浮微粒,29.5,9,36,0.32,0.57,10.5
木柵站,2025/12/04 08:00,59,懸浮微粒,24.2,15,39,0.33,0.66,14.5
木柵站,2025/12/04 09:00,57,懸浮微粒,26,13,28,0.27,0.5,12.8
木柵站,2025/12/04 10:00,57,懸浮微粒,28.2,9,33,0.22,0.63,9.7
木柵站,2025/12/04 11:00,57,懸浮微粒,31.1,7,37,0.21,0.75,7.4
木柵站,2025/12/04 12:00,53,懸浮微粒,33.3,6,22,0.27,0.65,6.1
木柵站,2025/12/04 13:00,53,懸浮微粒,34.7,5,-,0.24,0.56,5.8
木柵站,2025/12/04 14:00,66,懸浮微粒,32.3,5,93,-,-,-
木柵站,2025/12/04 15:00,64,懸浮微粒,32.4,9,25,0.33,0.42,7
木柵站,2025/12/04 16:00,64,懸浮微粒,26.7,7,25,0.34,0.57,12.5
木柵站,2025/12/04 17:00,61,懸浮微粒,29.3,6,31,0.37,0.71,11.2
木柵站,2025/12/04 18:00,50,懸浮微粒,25.4,8,20,0.42,0.58,15.3
木柵站,2025/12/04 19:00,50,懸浮微粒,26.5,9,26,0.38,0.6,14.7
木柵站,2025/12/04 20:00,46,懸浮微粒,30.9,10,16,0.3,0.4,8.6
木柵站,2025/12/04 21:00,41,懸浮微粒,31.3,8,11,0.35,0.5,8.2
木柵站,2025/12/04 22:00,40,懸浮微粒,33,6,20,0.29,0.47,5.7
木柵站,2025/12/04 23:00,37,懸浮微粒,34.3,6,17,0.28,0.38,4.6
木柵站,2025/12/05 00:00,36,懸浮微粒,35.8,12,16,0.22,0.26,3
木柵站,2025/12/05 01:00,37,懸浮微粒,34.6,9,19,0.23,0.28,3.5
木柵站,2025/12/05 02:00,33,細懸浮微粒,31.3,6,16,0.27,0.4,2.5
木柵站,2025/12/05 03:00,34,細懸浮微粒,29.9,8,20,0.26,0.47,2.5
木柵站,2025/12/05 04:00,33,懸浮微粒,30.2,5,23,0.25,0.5,2.2
木柵站,2025/12/05 05:00,30,懸浮微粒,30.2,7,14,0.31,0.65,3.8
木柵站,2025/12/05 06:00,33,細懸浮微粒,29.9,13,27,0.3,0.66,7.5
木柵站,2025/12/05 07:00,35,細懸浮微粒,29.8,11,19,0.31,0.48,9.9
木柵站,2025/12/05 08:00,36,細懸浮微粒,29.6,8,20,0.29,0.44,10.9
木柵站,2025/12/05 09:00,38,細懸浮微粒,28.3,10,20,0.27,0.5,12.2
木柵站,2025/12/05 10:00,37,細懸浮微粒,28.8,9,20,0.27,0.2,10.9
木柵站,2025/12/05 11:00,37,細懸浮微粒,29.1,11,20,0.26,0.18,10.6
木柵站,2025/12/05 12:00,38,細懸浮微粒,30.8,10,13,0.3,0.41,8.4
木柵站,2025/12/05 13:00,38,細懸浮微粒,31.7,10,12,0.27,0.4,7.6
木柵站,2025/12/05 14:00,38,細懸浮微粒,30.5,8,15,0.26,0.63,8.6
木柵站,2025/12/05 15:00,35,細懸浮微粒,31.6,5,13,0.27,0.49,8.2
木柵站,2025/12/05 16:00,32,二氧化氮小時值,27.6,4,16,0.37,0.49,13.5
木柵站,2025/12/05 17:00,29,細懸浮微粒,28.6,5,9,0.37,0.6,11.5
木柵站,2025/12/05 18:00,28,臭氧8小時,30.4,6,10,0.39,0.46,8.4
木柵站,2025/12/05 19:00,30,二氧化氮小時值,27.5,5,15,0.36,0.53,12.5
木柵站,2025/12/05 20:00,28,二氧化氮小時值,26.5,4,11,0.33,0.44,11.8
木柵站,2025/12/05 21:00,34,二氧化氮小時值,20.2,6,11,0.33,0.59,14.1
木柵站,2025/12/05 22:00,31,二氧化氮小時值,17.8,11,11,0.33,0.51,12.9
木柵站,2025/12/05 23:00,29,細懸浮微粒,20,9,16,0.32,0.45,8.5
木柵站,2025/12/06 00:00,31,細懸浮微粒,18,8,14,0.34,0.35,7.4
木柵站,2025/12/06 01:00,30,細懸浮微粒,14.9,6,14,0.33,0.33,6.8
木柵站,2025/12/06 02:00,27,細懸浮微粒,17.8,6,17,0.32,0.39,6.6
木柵站,2025/12/06 03:00,27,細懸浮微粒,18.6,8,7,0.27,0.42,3.9
木柵站,2025/12/06 04:00,27,細懸浮微粒,15.4,6,8,0.21,0.3,4.9
木柵站,2025/12/06 05:00,28,細懸浮微粒,18.4,8,22,0.25,0.3,4.6
木柵站,2025/12/06 06:00,27,細懸浮微粒,16.3,5,9,0.23,0.4,8.1
木柵站,2025/12/06 07:00,29,細懸浮微粒,23.3,10,11,0.28,0.36,11
木柵站,2025/12/06 08:00,32,細懸浮微粒,26.1,10,21,0.33,0.38,11.6
木柵站,2025/12/06 09:00,33,細懸浮微粒,28.5,9,23,0.32,0.62,9.8
木柵站,2025/12/06 10:00,33,細懸浮微粒,32.6,6,20,0.25,0.52,6.5
木柵站,2025/12/06 11:00,32,懸浮微粒,33.4,7,24,0.27,0.93,5.8
木柵站,2025/12/06 12:00,32,懸浮微粒,34.3,6,20,0.27,0.4,5.8
木柵站,2025/12/06 13:00,33,懸浮微粒,35.1,7,25,0.27,0.53,5.9
木柵站,2025/12/06 14:00,34,懸浮微粒,36.1,8,22,0.27,0.4,5.3
木柵站,2025/12/06 15:00,33,懸浮微粒,34.3,6,16,0.3,0.55,6.7
木柵站,2025/12/06 16:00,34,懸浮微粒,30.5,6,21,0.36,0.52,10.8
木柵站,2025/12/06 17:00,33,懸浮微粒,27.3,6,20,0.41,0.63,13.3
木柵站,2025/12/06 18:00,32,懸浮微粒,27.5,13,18,0.39,0.46,11.6
木柵站,2025/12/06 19:00,34,細懸浮微粒,25.9,11,18,0.4,0.46,11.7
木柵站,2025/12/06 20:00,35,細懸浮微粒,27.4,9,20,0.3,0.57,10.3
木柵站,2025/12/06 21:00,36,細懸浮微粒,27.8,8,14,0.26,0.43,9.6
木柵站,2025/12/06 22:00,34,懸浮微粒,28.1,7,28,0.27,0.4,7.6
木柵站,2025/12/06 23:00,34,懸浮微粒,28.8,7,21,0.27,0.37,6.4
木柵站,2025/12/07 00:00,34,懸浮微粒,31.8,8,19,0.27,0.47,3.8
木柵站,2025/12/07 01:00,34,懸浮微粒,30.3,10,16,0.3,0.42,3.3
木柵站,2025/12/07 02:00,34,細懸浮微粒,31.5,9,19,0.27,0.25,2.7
木柵站,2025/12/07 03:00,35,細懸浮微粒,32.8,8,25,0.24,0.25,2.3
木柵站,2025/12/07 04:00,34,細懸浮微粒,36.3,6,19,0.26,0.46,1.7
木柵站,2025/12/07 05:00,35,細懸浮微粒,35.1,11,23,0.29,0.51,3.4
木柵站,2025/12/07 06:00,38,細懸浮微粒,29.4,14,22,0.33,0.64,7.5
木柵站,2025/12/07 07:00,40,細懸浮微粒,30.1,12,24,0.38,0.71,7
木柵站,2025/12/07 08:00,44,細懸浮微粒,29.3,13,21,0.31,0.48,8.5
木柵站,2025/12/07 09:00,43,細懸浮微粒,30.7,9,25,0.27,0.44,8.9
木柵站,2025/12/07 10:00,40,細懸浮微粒,35.1,7,23,0.19,0.57,6.4
木柵站,2025/12/07 11:00,39,細懸浮微粒,36.7,10,21,0.17,0.59,3.2
木柵站,2025/12/07 12:00,38,懸浮微粒,40.1,9,24,0.26,0.49,2.6
木柵站,2025/12/07 13:00,38,細懸浮微粒,40.6,10,22,0.29,0.67,2.9
木柵站,2025/12/07 14:00,41,細懸浮微粒,39.6,12,14,0.31,0.73,5.3
木柵站,2025/12/07 15:00,43,細懸浮微粒,38.5,12,24,0.31,0.64,6.9
木柵站,2025/12/07 16:00,43,細懸浮微粒,35.4,9,21,0.35,0.32,9.6
木柵站,2025/12/07 17:00,44,細懸浮微粒,32.4,11,24,0.43,0.38,12.6
木柵站,2025/12/07 18:00,45,細懸浮微粒,31.3,15,22,0.44,0.43,11.8
木柵站,2025/12/07 19:00,48,細懸浮微粒,29.2,16,17,0.43,0.46,7.9
木柵站,2025/12/07 20:00,51,細懸浮微粒,27.8,15,20,0.3,0.36,6.7
木柵站,2025/12/07 21:00,49,細懸浮微粒,19.3,7,19,0.32,0.28,12.8
木柵站,2025/12/07 22:00,46,細懸浮微粒,13,8,20,0.4,0.45,18.3
木柵站,2025/12/07 23:00,42,細懸浮微粒,15.6,9,13,0.32,0.5,13.5
木柵站,2025/12/08 00:00,40,細懸浮微粒,14,10,13,0.3,0.34,13.1
木柵站,2025/12/08 01:00,39,細懸浮微粒,14.4,7,22,0.26,0.32,9.2
木柵站,2025/12/08 02:00,38,細懸浮微粒,13,7,15,0.25,0.55,8.3
木柵站,2025/12/08 03:00,37,細懸浮微粒,13,9,17,0.25,0.53,7.2
木柵站,2025/12/08 04:00,44,細懸浮微粒,8.5,19,15,0.34,0.48,9.8
木柵站,2025/12/08 05:00,39,細懸浮微粒,8,1,20,0.34,0.44,9.7
木柵站,2025/12/08 06:00,39,細懸浮微粒,5.5,9,14,0.38,0.48,12.2
木柵站,2025/12/08 07:00,37,二氧化氮小時值,4.3,6,25,0.44,0.58,15.4
木柵站,2025/12/08 08:00,32,二氧化氮小時值,25.9,4,19,0.32,0.71,13.4
木柵站,2025/12/08 09:00,34,二氧化氮小時值,28,12,21,0.3,0.68,14.2
木柵站,2025/12/08 10:00,33,細懸浮微粒,31.7,9,19,0.25,0.3,11
木柵站,2025/12/08 11:00,35,細懸浮微粒,35.8,10,27,0.28,0.31,8.2
木柵站,2025/12/08 12:00,41,細懸浮微粒,36.6,15,34,0.31,0.38,8.9
木柵站,2025/12/08 13:00,42,細懸浮微粒,35.2,11,22,0.29,0.52,10.3
木柵站,2025/12/08 14:00,44,細懸浮微粒,34.3,12,18,0.28,0.55,10.5
木柵站,2025/12/08 15:00,44,細懸浮微粒,30.8,10,30,0.32,0.49,15.5
木柵站,2025/12/08 16:00,40,二氧化氮小時值,33,9,19,0.33,0.52,16.7
木柵站,2025/12/08 17:00,42,細懸浮微粒,37.2,13,25,0.35,0.62,14.1
木柵站,2025/12/08 18:00,44,細懸浮微粒,41.5,14,28,0.37,0.66,11.3
木柵站,2025/12/08 19:00,49,細懸浮微粒,37.7,16,25,0.34,0.69,16.4
木柵站,2025/12/08 20:00,51,細懸浮微粒,39.3,12,23,0.33,0.58,10.1
木柵站,2025/12/08 21:00,50,細懸浮微粒,39.6,10,12,0.32,0.43,7.8
木柵站,2025/12/08 22:00,49,細懸浮微粒,35.6,11,16,0.34,0.3,10.1
木柵站,2025/12/08 23:00,44,細懸浮微粒,42.4,7,13,0.27,0.27,4.8
木柵站,2025/12/09 00:00,38,細懸浮微粒,35.9,5,15,0.28,0.49,5.6
木柵站,2025/12/09 01:00,38,細懸浮微粒,33.5,9,17,0.3,0.45,2.4
木柵站,2025/12/09 02:00,37,細懸浮微粒,35.3,11,15,0.26,0.42,2.5
木柵站,2025/12/09 03:00,38,細懸浮微粒,30.2,8,17,0.24,0.39,3.1
木柵站,2025/12/09 04:00,38,細懸浮微粒,32.3,7,17,0.27,0.22,2.5
木柵站,2025/12/09 05:00,37,細懸浮微粒,33.5,8,16,0.31,0.19,4
木柵站,2025/12/09 06:00,33,細懸浮微粒,35.6,6,16,0.34,0.4,10
木柵站,2025/12/09 07:00,34,二氧化氮小時值,31.1,5,23,0.36,0.54,14.2
木柵站,2025/12/09 08:00,37,二氧化氮小時值,30.5,13,27,0.27,0.54,15.7
木柵站,2025/12/09 09:00,35,懸浮微粒,30.6,11,30,0.25,0.54,13.3
木柵站,2025/12/09 10:00,38,懸浮微粒,33.2,8,25,0.24,0.57,10.7
木柵站,2025/12/09 11:00,41,細懸浮微粒,35.2,14,20,0.21,0.49,9
木柵站,2025/12/09 12:00,40,懸浮微粒,35.3,10,33,0.31,0.63,8.6
木柵站,2025/12/09 13:00,41,細懸浮微粒,36.4,12,22,0.28,0.5,8.6
木柵站,2025/12/09 14:00,43,細懸浮微粒,35.7,11,26,0.28,0.46,8.5
木柵站,2025/12/09 15:00,41,細懸浮微粒,30.4,10,13,0.3,0.51,14.4
木柵站,2025/12/09 16:00,41,二氧化氮小時值,25.8,9,11,0.37,0.44,17.3
木柵站,2025/12/09 17:00,37,細懸浮微粒,26.6,5,20,0.38,0.35,14.8
木柵站,2025/12/09 18:00,40,二氧化氮小時值,25.4,2,16,0.41,0.63,16.7
木柵站,2025/12/09 19:00,34,細懸浮微粒,29.5,12,13,0.34,0.53,12.4
木柵站,2025/12/09 20:00,32,細懸浮微粒,32.9,8,12,0.31,0.25,7.8
木柵站,2025/12/09 21:00,31,細懸浮微粒,34.8,4,9,0.29,0.35,7.1
木柵站,2025/12/09 22:00,32,細懸浮微粒,34.6,5,8,0.29,0.45,6.2
木柵站,2025/12/09 23:00,29,細懸浮微粒,34.2,9,15,0.29,0.44,5.3
木柵站,2025/12/10 00:00,29,臭氧8小時,33.5,6,8,0.31,0.59,3.6
木柵站,2025/12/10 01:00,29,臭氧8小時,22.2,7,11,0.28,0.76,4.7
木柵站,2025/12/10 02:00,28,臭氧8小時,23.2,5,13,0.23,0.46,3.9
木柵站,2025/12/10 03:00,27,臭氧8小時,13.6,3,17,0.25,0.44,5.3
木柵站,2025/12/10 04:00,24,臭氧8小時,8,6,16,0.3,0.3,6.9
木柵站,2025/12/10 05:00,24,懸浮微粒,5.6,7,17,0.35,0.42,9
木柵站,2025/12/10 06:00,26,二氧化氮小時值,3.6,8,18,0.38,0.47,10.9
木柵站,2025/12/10 07:00,29,細懸浮微粒,5.4,10,15,0.42,0.47,11.1
木柵站,2025/12/10 08:00,36,二氧化氮小時值,8.2,9,20,0.47,0.37,15.3
木柵站,2025/12/10 09:00,45,二氧化氮小時值,11.7,11,30,0.51,0.43,18.8
木柵站,2025/12/10 10:00,40,二氧化氮小時值,21.6,9,28,0.46,0.58,17
木柵站,2025/12/10 11:00,38,細懸浮微粒,33.3,15,16,0.37,0.65,12
木柵站,2025/12/10 12:00,39,細懸浮微粒,38,10,24,0.28,0.71,12.4
木柵站,2025/12/10 13:00,44,細懸浮微粒,42.7,17,29,0.26,0.67,13
木柵站,2025/12/10 14:00,50,二氧化氮小時值,37.7,11,36,0.35,0.84,21.6
木柵站,2025/12/10 15:00,48,細懸浮微粒,30.9,14,32,0.25,0.67,19.2
木柵站,2025/12/10 16:00,48,細懸浮微粒,31.3,10,25,0.23,0.64,17.3
木柵站,2025/12/10 17:00,50,二氧化氮小時值,25.3,16,29,0.3,0.77,21.1
木柵站,2025/12/10 18:00,50,細懸浮微粒,26.7,11,29,0.3,0.64,16.7
木柵站,2025/12/10 19:00,48,細懸浮微粒,24.6,11,29,0.31,0.66,17.3
木柵站,2025/12/10 20:00,49,細懸浮微粒,27.4,10,31,0.32,0.52,13.3
木柵站,2025/12/10 21:00,50,細懸浮微粒,24.8,17,33,0.37,0.42,15.4
木柵站,2025/12/10 22:00,52,細懸浮微粒,21,14,31,0.44,0.43,17
木柵站,2025/12/10 23:00,53,細懸浮微粒,19.7,14,36,0.42,0.38,16.4
木柵站,2025/12/11 00:00,55,細懸浮微粒,22.4,15,31,0.26,0.52,13
木柵站,2025/12/11 01:00,54,細懸浮微粒,26.2,16,31,0.2,0.55,9.1
木柵站,2025/12/11 02:00,56,細懸浮微粒,25.6,16,34,0.22,0.73,8.8
木柵站,2025/12/11 03:00,54,細懸浮微粒,25,11,27,0.19,0.64,9
木柵站,2025/12/11 04:00,55,細懸浮微粒,25.6,16,24,0.25,0.55,7.3
木柵站,2025/12/11 05:00,52,細懸浮微粒,25.9,9,18,0.25,0.42,6.1
木柵站,2025/12/11 06:00,50,細懸浮微粒,25,11,23,0.28,0.76,7.2
木柵站,2025/12/11 07:00,50,細懸浮微粒,20.1,11,14,0.29,0.61,13
木柵站,2025/12/11 08:00,48,細懸浮微粒,27.6,11,18,0.27,0.39,8.2
木柵站,2025/12/11 09:00,47,細懸浮微粒,32.3,9,18,0.3,0.62,7.8
木柵站,2025/12/11 10:00,46,細懸浮微粒,30.6,11,27,0.46,0.86,17.8
木柵站,2025/12/11 11:00,45,細懸浮微粒,35.4,9,24,0.41,0.96,15
木柵站,2025/12/11 12:00,45,細懸浮微粒,37.4,13,21,0.29,0.53,10.9
木柵站,2025/12/11 13:00,47,細懸浮微粒,41.6,13,22,0.23,0.24,7.5
木柵站,2025/12/11 14:00,46,細懸浮微粒,-,11,26,-,-,-
木柵站,2025/12/11 15:00,51,細懸浮微粒,-,17,30,0.31,0.57,8.6
木柵站,2025/12/11 16:00,52,細懸浮微粒,41.1,16,30,0.37,0.61,12
木柵站,2025/12/11 17:00,58,細懸浮微粒,39.8,25,39,0.44,0.75,17.1
木柵站,2025/12/11 18:00,63,細懸浮微粒,35,22,35,0.49,0.97,18.7
木柵站,2025/12/11 19:00,64,細懸浮微粒,40.8,18,30,0.4,0.79,12
木柵站,2025/12/11 20:00,63,細懸浮微粒,40.3,12,25,0.27,0.59,10.2
木柵站,2025/12/11 21:00,59,細懸浮微粒,36.3,12,33,0.34,0.62,12.5
木柵站,2025/12/11 22:00,59,細懸浮微粒,40.2,20,35,0.31,0.59,8.8
木柵站,2025/12/11 23:00,62,細懸浮微粒,43.9,22,43,0.33,0.66,6.9
木柵站,2025/12/12 00:00,67,細懸浮微粒,47.9,24,40,0.38,0.6,4.6
木柵站,2025/12/12 01:00,72,細懸浮微粒,45.3,22,38,0.37,0.55,4.1
木柵站,2025/12/12 02:00,74,細懸浮微粒,48.7,23,48,0.36,0.27,3.6
木柵站,2025/12/12 03:00,77,細懸浮微粒,49.7,27,53,0.34,0.15,3.4
木柵站,2025/12/12 04:00,77,細懸浮微粒,50.9,21,47,0.31,0.36,3.2
木柵站,2025/12/12 05:00,77,細懸浮微粒,51.7,24,54,0.34,0.38,3.6
木柵站,2025/12/12 06:00,80,細懸浮微粒,48,28,46,0.36,0.39,6.9
木柵站,2025/12/12 07:00,78,細懸浮微粒,32.3,21,43,0.4,0.51,22.1
木柵站,2025/12/12 08:00,78,細懸浮微粒,27.4,19,42,0.4,0.54,23.2
木柵站,2025/12/12 09:00,77,細懸浮微粒,29.7,20,38,0.37,0.59,18.3
木柵站,2025/12/12 10:00,74,細懸浮微粒,30.2,18,30,0.3,0.69,17.8
木柵站,2025/12/12 11:00,71,細懸浮微粒,28.1,15,24,0.32,0.7,18.8
木柵站,2025/12/12 12:00,70,細懸浮微粒,33.6,18,31,0.28,0.53,13
木柵站,2025/12/12 13:00,70,細懸浮微粒,30.5,21,37,0.29,0.65,17.2
木柵站,2025/12/12 14:00,70,細懸浮微粒,25.3,20,33,0.31,0.69,20
木柵站,2025/12/12 15:00,69,細懸浮微粒,23.7,16,26,0.25,0.67,16.8
木柵站,2025/12/12 16:00,69,細懸浮微粒,15.3,17,32,0.36,0.57,21.2
木柵站,2025/12/12 17:00,63,細懸浮微粒,18.8,10,30,0.34,0.4,17
木柵站,2025/12/12 18:00,61,細懸浮微粒,17.6,17,28,0.36,0.59,19.6
木柵站,2025/12/12 19:00,60,細懸浮微粒,14.8,16,26,0.4,0.7,17.8
木柵站,2025/12/12 20:00,58,細懸浮微粒,15.2,12,24,0.36,0.6,15.9
木柵站,2025/12/12 21:00,59,細懸浮微粒,16.2,14,23,0.4,0.65,15.4
木柵站,2025/12/12 22:00,55,細懸浮微粒,23.2,9,30,0.36,0.76,12.6
木柵站,2025/12/12 23:00,54,細懸浮微粒,30.9,15,34,0.27,0.7,7.3
木柵站,2025/12/13 00:00,55,細懸浮微粒,31,14,34,0.28,0.62,5.6
木柵站,2025/12/13 01:00,51,細懸浮微粒,26.4,9,29,0.26,0.57,5.2
木柵站,2025/12/13 02:00,52,細懸浮微粒,38.1,14,36,0.21,0.41,3.7
木柵站,2025/12/13 03:00,53,懸浮微粒,39.8,11,38,0.17,0.47,3
木柵站,2025/12/13 04:00,52,懸浮微粒,39,13,32,0.36,0.44,2.5
木柵站,2025/12/13 05:00,51,懸浮微粒,36.9,11,23,0.34,0.43,2.8
木柵站,2025/12/13 06:00,50,懸浮微粒,35.6,13,29,0.37,0.39,5.8
木柵站,2025/12/13 07:00,47,細懸浮微粒,28.2,8,18,0.41,0.37,12.5
木柵站,2025/12/13 08:00,44,細懸浮微粒,27.9,9,22,0.4,0.66,12.5
木柵站,2025/12/13 09:00,42,細懸浮微粒,28.9,9,14,0.63,0.74,11.6
木柵站,2025/12/13 10:00,40,懸浮微粒,29.7,8,25,0.53,0.46,11.1
木柵站,2025/12/13 11:00,40,細懸浮微粒,31.9,10,9,0.38,0.45,10
木柵站,2025/12/13 12:00,38,細懸浮微粒,33.4,7,10,0.24,0.43,8
木柵站,2025/12/13 13:00,38,細懸浮微粒,34.2,10,9,0.2,0.26,7.1
木柵站,2025/12/13 14:00,39,細懸浮微粒,33.1,10,11,0.23,0.36,9.1
木柵站,2025/12/13 15:00,38,細懸浮微粒,31.7,9,24,0.24,0.52,9.7
木柵站,2025/12/13 16:00,42,細懸浮微粒,32.5,15,19,0.26,0.44,9.6
木柵站,2025/12/13 17:00,43,細懸浮微粒,30.9,12,13,0.29,0.33,10.4
木柵站,2025/12/13 18:00,42,細懸浮微粒,33.9,8,9,0.25,0.27,8
木柵站,2025/12/13 19:00,45,細懸浮微粒,34.3,14,24,0.29,0.36,8.1
木柵站,2025/12/13 20:00,47,細懸浮微粒,34,16,25,0.33,0.46,7
木柵站,2025/12/13 21:00,51,細懸浮微粒,33.6,19,29,0.36,0.29,6.8
木柵站,2025/12/13 22:00,55,細懸浮微粒,35.5,15,14,0.37,0.34,5.3
木柵站,2025/12/13 23:00,55,細懸浮微粒,33.4,15,18,0.38,0.41,5.4
木柵站,2025/12/14 00:00,55,細懸浮微粒,32.2,13,16,0.35,0.3,4
木柵站,2025/12/14 01:00,54,細懸浮微粒,30.7,15,20,0.37,0.33,4.4
木柵站,2025/12/14 02:00,54,細懸浮微粒,30.4,13,24,0.4,0.52,4.3
木柵站,2025/12/14 03:00,53,細懸浮微粒,28.3,12,46,0.41,0.44,4.5
木柵站,2025/12/14 04:00,54,細懸浮微粒,27.8,16,53,0.32,0.4,4.1
木柵站,2025/12/14 05:00,56,懸浮微粒,27.5,17,51,0.29,0.36,4.5
木柵站,2025/12/14 06:00,62,懸浮微粒,26.3,16,52,0.34,0.5,5.3
木柵站,2025/12/14 07:00,63,懸浮微粒,24.2,17,44,0.33,0.53,8.7
木柵站,2025/12/14 08:00,63,懸浮微粒,27,20,47,0.32,0.44,8.5
木柵站,2025/12/14 09:00,62,細懸浮微粒,29.9,19,40,0.31,0.57,7.7
木柵站,2025/12/14 10:00,64,懸浮微粒,32.7,18,57,0.31,1.03,8.5
木柵站,2025/12/14 11:00,67,懸浮微粒,33.8,18,50,0.31,0.65,8.1
木柵站,2025/12/14 12:00,69,懸浮微粒,34.4,27,49,0.29,0.51,7.1
木柵站,2025/12/14 13:00,73,懸浮微粒,33.2,23,61,0.29,0.64,9.6
木柵站,2025/12/14 14:00,74,細懸浮微粒,33.8,25,50,0.33,1.15,10.1
木柵站,2025/12/14 15:00,77,細懸浮微粒,39,22,45,0.3,0.8,7.2
木柵站,2025/12/14 16:00,73,細懸浮微粒,36.4,17,42,0.33,0.55,8.7
木柵站,2025/12/14 17:00,72,細懸浮微粒,36.7,18,40,0.31,0.47,6.2
木柵站,2025/12/14 18:00,70,細懸浮微粒,36.5,18,45,0.29,0.71,5.3
木柵站,2025/12/14 19:00,72,細懸浮微粒,35.8,25,37,0.29,0.84,4.9
木柵站,2025/12/14 20:00,71,細懸浮微粒,36.2,17,38,0.33,0.75,4.7
木柵站,2025/12/14 21:00,73,細懸浮微粒,35.1,22,35,0.34,0.69,5
木柵站,2025/12/14 22:00,73,細懸浮微粒,30.1,19,32,0.36,0.56,7.7
木柵站,2025/12/14 23:00,71,細懸浮微粒,31.5,18,37,0.33,0.4,6
木柵站,2025/12/15 00:00,70,細懸浮微粒,29,18,31,0.35,0.54,4.6
木柵站,2025/12/15 01:00,70,細懸浮微粒,28.5,21,35,0.31,0.62,3.1
木柵站,2025/12/15 02:00,69,細懸浮微粒,30,19,31,0.29,0.57,2.8
木柵站,2025/12/15 03:00,68,細懸浮微粒,29.2,16,29,0.3,0.47,3.2
木柵站,2025/12/15 04:00,69,細懸浮微粒,26.1,21,26,0.35,0.38,3.7
木柵站,2025/12/15 05:00,69,細懸浮微粒,25.9,19,30,0.34,0.43,4.1
木柵站,2025/12/15 08:00,66,細懸浮微粒,-,16,34,-,-,-
木柵站,2025/12/15 09:00,61,細懸浮微粒,30.5,13,35,0.26,0.58,8.4
木柵站,2025/12/15 10:00,59,細懸浮微粒,31.8,12,35,0.23,0.49,8.5
木柵站,2025/12/15 11:00,55,細懸浮微粒,33.1,8,28,0.22,0.51,9
木柵站,2025/12/15 12:00,52,細懸浮微粒,38,10,29,0.29,0.31,4.1
木柵站,2025/12/15 13:00,51,懸浮微粒,37.3,9,31,0.32,0.51,5.8
木柵站,2025/12/15 14:00,50,懸浮微粒,36.6,13,30,0.33,0.62,7.1
木柵站,2025/12/15 15:00,50,懸浮微粒,34.4,12,28,0.34,0.58,9
木柵站,2025/12/15 16:00,50,懸浮微粒,29.2,14,27,0.36,0.67,14.5
木柵站,2025/12/15 17:00,51,細懸浮微粒,31.5,15,30,0.36,0.66,12
木柵站,2025/12/15 18:00,51,細懸浮微粒,32.3,13,32,0.37,0.68,11.8
木柵站,2025/12/15 19:00,51,細懸浮微粒,33.8,11,27,0.33,0.65,9.1
木柵站,2025/12/15 20:00,49,細懸浮微粒,27.4,11,24,0.32,0.55,12.5
木柵站,2025/12/15 21:00,46,懸浮微粒,21.1,10,24,0.29,0.58,12.2
木柵站,2025/12/15 22:00,48,細懸浮微粒,22.3,16,21,0.26,0.5,8.9
木柵站,2025/12/15 23:00,49,細懸浮微粒,24.2,12,21,0.24,0.44,6.3
木柵站,2025/12/16 00:00,49,細懸浮微粒,17.9,10,23,0.33,0.52,6.8
木柵站,2025/12/16 01:00,52,細懸浮微粒,16.4,15,16,0.33,0.67,8
木柵站,2025/12/16 02:00,49,細懸浮微粒,15,11,24,0.41,0.53,7.1
木柵站,2025/12/16 03:00,49,細懸浮微粒,12.8,12,21,0.3,0.49,6.7
木柵站,2025/12/16 04:00,51,細懸浮微粒,11.5,13,18,0.31,0.44,6.5
木柵站,2025/12/16 05:00,49,細懸浮微粒,8.4,13,14,0.33,0.49,7.5
木柵站,2025/12/16 06:00,50,細懸浮微粒,3.9,13,17,0.4,0.94,12.3
木柵站,2025/12/16 07:00,50,細懸浮微粒,3.4,11,21,0.49,1.01,13.1
木柵站,2025/12/16 08:00,48,細懸浮微粒,6.5,10,22,0.47,-,16.8
木柵站,2025/12/16 09:00,46,細懸浮微粒,10.9,9,28,0.41,0.6,17.7
木柵站,2025/12/16 10:00,47,細懸浮微粒,23.5,15,37,0.4,0.81,18.2
木柵站,2025/12/16 11:00,49,細懸浮微粒,40.5,15,47,0.36,0.86,11.5
木柵站,2025/12/16 12:00,53,細懸浮微粒,47.1,17,41,0.36,0.77,14.4
木柵站,2025/12/16 13:00,57,細懸浮微粒,52.8,20,45,0.34,0.73,13
木柵站,2025/12/16 14:00,59,細懸浮微粒,48.4,18,39,0.35,0.87,18.8
木柵站,2025/12/16 15:00,62,細懸浮微粒,34.2,21,36,0.26,2.31,21.8
木柵站,2025/12/16 16:00,63,細懸浮微粒,34,17,32,0.34,1.9,21.5
木柵站,2025/12/16 17:00,63,細懸浮微粒,24,20,26,0.4,1.07,23.7
木柵站,2025/12/16 18:00,65,細懸浮微粒,10.9,19,22,0.45,0.51,24.4
木柵站,2025/12/16 19:00,62,細懸浮微粒,6.6,13,25,0.49,0.52,24.7
木柵站,2025/12/16 20:00,59,細懸浮微粒,9.7,8,21,0.32,0.21,16.5
木柵站,2025/12/16 21:00,54,細懸浮微粒,6.3,7,16,0.39,0.23,18
木柵站,2025/12/16 22:00,51,細懸浮微粒,7,12,19,0.32,0.27,14.4
木柵站,2025/12/16 23:00,50,細懸浮微粒,4.5,11,20,0.35,0.39,15.2
木柵站,2025/12/17 00:00,51,細懸浮微粒,4.6,13,20,0.32,0.47,14.1
木柵站,2025/12/17 01:00,51,細懸浮微粒,4.3,10,20,0.33,0.46,14
木柵站,2025/12/17 02:00,50,細懸浮微粒,3.1,12,15,0.32,0.62,15
木柵站,2025/12/17 03:00,52,細懸浮微粒,2.8,16,16,0.27,0.6,12.5
木柵站,2025/12/17 04:00,52,細懸浮微粒,2.7,14,21,0.28,0.48,11.1
木柵站,2025/12/17 05:00,49,細懸浮微粒,2.3,8,18,0.31,0.41,10.3
木柵站,2025/12/17 06:00,45,細懸浮微粒,2.3,7,15,0.36,0.23,10.4
木柵站,2025/12/17 07:00,43,細懸浮微粒,2.7,12,21,0.5,0.54,10.9
木柵站,2025/12/17 08:00,41,二氧化氮小時值,3.9,9,22,0.42,-,17.2
木柵站,2025/12/17 09:00,40,細懸浮微粒,22.8,8,18,0.13,0.42,12.1
木柵站,2025/12/17 10:00,39,細懸浮微粒,31.8,7,13,0.07,0.42,8.1
木柵站,2025/12/17 11:00,37,細懸浮微粒,34.4,8,19,0.05,0.45,7.8
木柵站,2025/12/17 12:00,35,細懸浮微粒,35.1,7,21,0.29,0.44,8.4
木柵站,2025/12/17 13:00,35,細懸浮微粒,37.3,9,15,0.28,1.18,9.8
木柵站,2025/12/17 14:00,34,細懸浮微粒,37.1,6,20,0.24,2.7,9.7
木柵站,2025/12/17 15:00,34,細懸浮微粒,39.1,10,19,0.26,2.02,10.8
木柵站,2025/12/17 16:00,35,細懸浮微粒,38.4,10,18,0.39,1.16,10.4
木柵站,2025/12/17 17:00,44,二氧化氮小時值,32,11,20,0.48,1.21,18.5
木柵站,2025/12/17 18:00,42,二氧化氮小時值,28.6,10,19,0.51,0.87,17.7
木柵站,2025/12/17 19:00,38,細懸浮微粒,30.6,9,28,0.46,0.73,14.8
木柵站,2025/12/17 20:00,37,細懸浮微粒,39.9,9,30,0.23,0.6,8.7
木柵站,2025/12/17 21:00,43,懸浮微粒,47,16,43,0.26,0.59,7.9
木柵站,2025/12/17 22:00,50,懸浮微粒,44.3,18,41,0.29,0.87,8.9
木柵站,2025/12/17 23:00,55,細懸浮微粒,42.1,24,41,0.3,0.79,7.9
木柵站,2025/12/18 00:00,59,細懸浮微粒,48.1,17,47,0.36,0.65,5.2
木柵站,2025/12/18 01:00,62,細懸浮微粒,48.4,21,45,0.37,0.79,3.9
木柵站,2025/12/18 02:00,64,細懸浮微粒,48,20,42,0.34,0.54,3.5
木柵站,2025/12/18 03:00,64,細懸浮微粒,46.4,20,42,0.35,0.47,3.3
木柵站,2025/12/18 04:00,68,細懸浮微粒,46.1,24,53,0.3,0.94,3.9
木柵站,2025/12/18 05:00,71,細懸浮微粒,39.8,24,54,0.32,1.11,6
木柵站,2025/12/18 06:00,72,細懸浮微粒,32,21,51,0.39,0.87,14
木柵站,2025/12/18 07:00,74,細懸浮微粒,33.9,21,51,0.38,0.68,15
木柵站,2025/12/18 08:00,74,細懸浮微粒,34.3,21,33,0.36,0.56,13.3
木柵站,2025/12/18 09:00,72,細懸浮微粒,35.2,16,35,0.31,0.55,12
木柵站,2025/12/18 10:00,70,細懸浮微粒,34.9,16,34,0.32,0.85,11.8
木柵站,2025/12/18 11:00,66,細懸浮微粒,35.3,15,36,0.32,0.97,11.3
木柵站,2025/12/18 12:00,63,細懸浮微粒,35.7,13,31,0.29,0.83,10.5
木柵站,2025/12/18 13:00,61,細懸浮微粒,36.7,12,22,0.27,0.66,8.7
木柵站,2025/12/18 14:00,57,細懸浮微粒,35.9,9,8,0.27,-,8.7
木柵站,2025/12/18 15:00,55,細懸浮微粒,37.2,12,15,0.24,0.89,9.9
木柵站,2025/12/18 16:00,53,細懸浮微粒,32.8,12,20,0.38,0.65,15.8
木柵站,2025/12/18 17:00,52,細懸浮微粒,33.2,12,16,0.38,0.69,14.1
木柵站,2025/12/18 18:00,51,細懸浮微粒,27.8,9,21,0.45,1.08,16.3
木柵站,2025/12/18 19:00,49,細懸浮微粒,30.4,12,17,0.34,0.85,14.2
木柵站,2025/12/18 20:00,49,細懸浮微粒,30.8,14,12,0.34,0.67,12
木柵站,2025/12/18 21:00,46,細懸浮微粒,28.8,8,10,0.31,0.65,9.4
木柵站,2025/12/18 22:00,43,細懸浮微粒,28.1,6,10,0.27,0.73,10.3
木柵站,2025/12/18 23:00,37,細懸浮微粒,31,5,11,0.26,0.69,6.4
木柵站,2025/12/19 00:00,30,細懸浮微粒,32.2,3,6,0.28,0.76,3.5
木柵站,2025/12/19 01:00,28,細懸浮微粒,27.2,6,8,0.33,0.75,5.3
木柵站,2025/12/19 02:00,26,臭氧8小時,16.9,3,12,0.3,0.56,5.9
木柵站,2025/12/19 03:00,25,細懸浮微粒,11.9,6,9,0.3,0.52,7
木柵站,2025/12/19 04:00,24,細懸浮微粒,9.8,4,11,0.28,0.39,7.1
木柵站,2025/12/19 05:00,23,細懸浮微粒,8.2,5,10,0.3,0.24,7.7
木柵站,2025/12/19 06:00,29,二氧化氮小時值,3.9,7,16,0.43,1.03,12
木柵站,2025/12/19 07:00,39,二氧化氮小時值,3.2,8,13,0.5,1.26,16.2
木柵站,2025/12/19 08:00,29,二氧化氮小時值,6.1,9,21,0.4,0.99,12.1
木柵站,2025/12/19 09:00,35,二氧化氮小時值,8.4,14,23,0.4,0.74,14.6
木柵站,2025/12/19 10:00,50,二氧化氮小時值,7.8,17,40,0.47,1.2,21.4
木柵站,2025/12/19 11:00,44,細懸浮微粒,17.3,15,21,0.36,1.25,16
木柵站,2025/12/19 12:00,48,細懸浮微粒,23.9,13,24,0.31,1.1,11.3
木柵站,2025/12/19 13:00,46,細懸浮微粒,30.7,9,26,0.41,1.01,15.9
木柵站,2025/12/19 14:00,59,二氧化氮小時值,27.2,23,55,0.6,1.16,34.7
木柵站,2025/12/19 15:00,57,細懸浮微粒,22.3,25,53,0.43,1.07,30.6
木柵站,2025/12/19 16:00,62,細懸浮微粒,16.3,21,60,0.42,1.39,35.7
木柵站,2025/12/19 17:00,68,細懸浮微粒,23.3,22,36,0.27,1.22,21.4
木柵站,2025/12/19 18:00,65,細懸浮微粒,20.4,12,29,0.36,0.64,24.6
木柵站,2025/12/19 19:00,63,細懸浮微粒,16.3,17,35,0.4,0.64,26.3
木柵站,2025/12/19 20:00,63,細懸浮微粒,10.9,17,28,0.39,0.62,26.1
木柵站,2025/12/19 21:00,62,細懸浮微粒,4.6,17,30,0.38,0.64,24.1
木柵站,2025/12/19 22:00,63,細懸浮微粒,4.4,17,35,0.44,0.7,25.8
木柵站,2025/12/19 23:00,65,細懸浮微粒,7.5,20,34,0.34,0.75,21.9
木柵站,2025/12/20 00:00,64,細懸浮微粒,5.7,15,27,0.38,0.72,19.7
木柵站,2025/12/20 01:00,64,細懸浮微粒,9.5,14,31,0.28,0.83,12.4
木柵站,2025/12/20 02:00,64,細懸浮微粒,5.3,18,21,0.26,0.42,11.8
木柵站,2025/12/20 03:00,58,細懸浮微粒,4.2,9,22,0.23,0.41,9.3
木柵站,2025/12/20 04:00,57,細懸浮微粒,4.5,14,17,0.28,0.56,8.7
木柵站,2025/12/20 05:00,55,細懸浮微粒,3.2,12,23,0.31,0.56,9.7
木柵站,2025/12/20 06:00,52,細懸浮微粒,2.6,11,22,0.34,1.02,10.8
木柵站,2025/12/20 07:00,52,細懸浮微粒,4.1,9,23,0.37,1.04,10.3
木柵站,2025/12/20 08:00,48,細懸浮微粒,5.9,8,21,0.36,0.86,8.7
木柵站,2025/12/20 09:00,45,細懸浮微粒,12.8,9,24,0.36,0.83,10.9
木柵站,2025/12/20 10:00,43,細懸浮微粒,19.5,10,29,0.27,0.59,11
木柵站,2025/12/20 11:00,42,細懸浮微粒,21.5,10,24,0.28,0.7,10.2
木柵站,2025/12/20 12:00,42,細懸浮微粒,22.9,10,23,0.32,0.93,11.2
木柵站,2025/12/20 13:00,43,細懸浮微粒,24.7,11,16,0.34,1.12,9.5
木柵站,2025/12/20 14:00,43,細懸浮微粒,23.5,12,26,0.34,1.26,12.4
木柵站,2025/12/20 15:00,44,細懸浮微粒,22.3,12,26,0.35,1.93,13
木柵站,2025/12/20 16:00,46,細懸浮微粒,17.5,13,15,0.33,3.36,18.6
木柵站,2025/12/20 17:00,47,細懸浮微粒,8.9,13,29,0.33,3.54,18.7
木柵站,2025/12/20 18:00,46,細懸浮微粒,3.8,11,20,0.36,1.11,15.7
木柵站,2025/12/20 19:00,44,細懸浮微粒,5.6,8,16,0.33,0.88,13.8
木柵站,2025/12/20 20:00,42,細懸浮微粒,5.2,8,20,0.32,0.71,13.1
木柵站,2025/12/20 21:00,39,細懸浮微粒,4,8,17,0.34,0.82,13.3
木柵站,2025/12/20 22:00,38,細懸浮微粒,4.8,9,14,0.34,0.59,10.2
木柵站,2025/12/20 23:00,38,細懸浮微粒,5.5,9,11,0.29,0.43,8.9
木柵站,2025/12/21 00:00,37,細懸浮微粒,4.9,7,11,0.27,0.56,9.5
木柵站,2025/12/21 01:00,38,細懸浮微粒,5.1,10,13,0.27,0.59,8.6
木柵站,2025/12/21 02:00,37,細懸浮微粒,4.9,8,13,0.25,0.4,7.9
木柵站,2025/12/21 03:00,33,細懸浮微粒,6.8,5,18,0.28,0.45,8.1
木柵站,2025/12/21 04:00,47,細懸浮微粒,40,28,66,0.37,0.52,4.6
木柵站,2025/12/21 05:00,57,細懸浮微粒,41.9,30,67,0.4,0.51,3.8
木柵站,2025/12/21 06:00,69,細懸浮微粒,39.8,36,67,0.45,0.71,5.3
木柵站,2025/12/21 07:00,84,細懸浮微粒,36.6,38,65,0.49,0.68,7.3
木柵站,2025/12/21 08:00,93,細懸浮微粒,35,43,75,0.47,0.33,8.2
木柵站,2025/12/21 09:00,103,細懸浮微粒,34.7,45,75,0.56,0.47,8.9
木柵站,2025/12/21 10:00,106,細懸浮微粒,34.6,37,70,0.57,0.74,8.1
木柵站,2025/12/21 11:00,105,細懸浮微粒,36.6,28,57,0.52,0.91,7
木柵站,2025/12/21 12:00,100,細懸浮微粒,36.1,24,46,0.38,0.95,8.3
木柵站,2025/12/21 13:00,95,細懸浮微粒,36.1,24,54,0.31,0.8,6.7
木柵站,2025/12/21 14:00,90,細懸浮微粒,35.2,20,50,0.26,0.53,6.2
木柵站,2025/12/21 15:00,88,細懸浮微粒,37.1,18,48,0.24,0.49,4.6
木柵站,2025/12/21 16:00,85,細懸浮微粒,36.6,18,40,0.28,0.79,5.3
木柵站,2025/12/21 17:00,81,細懸浮微粒,34.8,16,35,0.31,1.38,6.6
木柵站,2025/12/21 18:00,77,細懸浮微粒,33.3,17,39,0.33,1.31,7.4
木柵站,2025/12/21 19:00,75,細懸浮微粒,34.4,18,40,0.32,0.58,5.9
木柵站,2025/12/21 20:00,72,細懸浮微粒,33.1,18,32,0.3,0.89,5.8
木柵站,2025/12/21 21:00,68,細懸浮微粒,32.1,15,25,0.3,0.91,5.7
木柵站,2025/12/21 22:00,66,細懸浮微粒,32.2,17,32,0.28,0.96,5.1
木柵站,2025/12/21 23:00,61,細懸浮微粒,33.9,9,32,0.29,0.86,3.1
木柵站,2025/12/22 00:00,56,細懸浮微粒,35.8,10,19,0.28,0.46,2.7
木柵站,2025/12/22 01:00,56,細懸浮微粒,36.8,16,25,0.29,0.42,2.6
木柵站,2025/12/22 02:00,53,細懸浮微粒,36.4,12,26,0.27,0.55,2.5
木柵站,2025/12/22 03:00,53,細懸浮微粒,35.8,10,24,0.28,0.58,2.2
木柵站,2025/12/22 04:00,54,細懸浮微粒,36.2,14,22,0.3,0.42,2.2
木柵站,2025/12/22 05:00,52,細懸浮微粒,36.1,12,26,0.33,0.52,2.9
木柵站,2025/12/22 06:00,52,細懸浮微粒,33.1,15,31,0.34,0.62,5.8
木柵站,2025/12/22 07:00,52,細懸浮微粒,28.1,11,31,0.41,0.62,13
木柵站,2025/12/22 08:00,54,細懸浮微粒,24.1,20,25,0.35,0.74,15.1
木柵站,2025/12/22 09:00,54,細懸浮微粒,28.9,12,26,0.34,0.6,10.5
木柵站,2025/12/22 10:00,53,細懸浮微粒,31.6,14,28,0.31,0.64,8.5
木柵站,2025/12/22 11:00,56,細懸浮微粒,32.1,16,27,0.32,0.72,7.1
木柵站,2025/12/22 12:00,53,細懸浮微粒,32.3,11,23,0.28,0.67,7.5
木柵站,2025/12/22 13:00,53,細懸浮微粒,33.3,13,32,0.28,0.53,6.2
木柵站,2025/12/22 14:00,52,細懸浮微粒,32.1,11,30,0.28,0.65,7.2
木柵站,2025/12/22 15:00,49,細懸浮微粒,32,10,29,0.28,0.82,7
木柵站,2025/12/22 16:00,48,細懸浮微粒,30.3,10,24,0.36,0.74,9
木柵站,2025/12/22 17:00,46,細懸浮微粒,29.4,9,19,0.38,0.74,11.3
木柵站,2025/12/22 18:00,45,細懸浮微粒,32.1,11,26,0.36,0.83,8.7
木柵站,2025/12/22 19:00,50,細懸浮微粒,32.7,18,20,0.35,0.97,7.6
木柵站,2025/12/22 20:00,49,細懸浮微粒,32.6,10,18,0.32,0.73,6.3
木柵站,2025/12/22 21:00,50,細懸浮微粒,30.4,12,26,0.33,0.74,7.1
木柵站,2025/12/22 22:00,52,細懸浮微粒,31.2,15,25,0.29,0.63,6.3
木柵站,2025/12/22 23:00,47,細懸浮微粒,32.8,10,23,0.28,0.56,3.4
木柵站,2025/12/23 00:00,46,細懸浮微粒,33.2,8,15,0.33,0.7,3
木柵站,2025/12/23 01:00,42,細懸浮微粒,32.2,6,11,0.33,0.74,2.8
木柵站,2025/12/23 02:00,35,細懸浮微粒,29.7,5,17,0.29,0.67,2.2
木柵站,2025/12/23 03:00,35,細懸浮微粒,29.8,9,20,0.34,0.78,2.8
木柵站,2025/12/23 04:00,34,細懸浮微粒,28.2,8,18,0.28,0.64,2.6
木柵站,2025/12/23 05:00,37,細懸浮微粒,25.5,10,17,0.32,0.79,4.4
木柵站,2025/12/23 06:00,39,細懸浮微粒,21.8,10,20,0.39,0.49,9.1
木柵站,2025/12/23 07:00,42,二氧化氮小時值,14.5,8,25,0.39,0.65,17.8
木柵站,2025/12/23 08:00,34,懸浮微粒,22.5,4,23,0.33,0.63,11
木柵站,2025/12/23 09:00,33,懸浮微粒,26.6,3,14,0.26,0.75,9.2
木柵站,2025/12/23 10:00,33,懸浮微粒,29.7,7,23,0.22,0.62,7.6
木柵站,2025/12/23 11:00,34,懸浮微粒,31.2,7,25,0.27,0.43,8.8
木柵站,2025/12/23 12:00,33,懸浮微粒,33.7,6,19,0.34,0.69,7.6
木柵站,2025/12/23 13:00,33,懸浮微粒,35,3,13,0.34,0.61,7.7
木柵站,2025/12/23 14:00,32,懸浮微粒,32.6,7,19,0.36,0.96,10.2
木柵站,2025/12/23 15:00,31,懸浮微粒,32.6,13,18,0.28,0.88,6.8
木柵站,2025/12/23 16:00,41,二氧化氮小時值,20,8,18,0.35,0.66,17.2
木柵站,2025/12/23 17:00,52,二氧化氮小時值,7.5,8,27,0.47,0.65,23.6
木柵站,2025/12/23 18:00,50,二氧化氮小時值,8.4,7,20,0.44,0.65,20.8
木柵站,2025/12/23 19:00,35,二氧化氮小時值,12.7,7,21,0.33,0.76,14.9
木柵站,2025/12/23 20:00,35,懸浮微粒,11.2,5,21,0.3,0.68,14
木柵站,2025/12/23 21:00,34,懸浮微粒,12.1,9,19,0.26,0.66,11.9
木柵站,2025/12/23 22:00,31,懸浮微粒,10.2,8,12,0.28,0.49,11.8
木柵站,2025/12/23 23:00,30,懸浮微粒,8,6,16,0.29,0.52,11.8
木柵站,2025/12/24 00:00,32,二氧化氮小時值,4.8,5,20,0.34,0.44,13.4
木柵站,2025/12/24 01:00,29,懸浮微粒,6.7,3,16,0.29,0.53,10.7
木柵站,2025/12/24 02:00,29,懸浮微粒,7.5,8,14,0.27,0.79,8.7
木柵站,2025/12/24 03:00,29,懸浮微粒,7.7,10,17,0.22,0.79,8.2
木柵站,2025/12/24 04:00,29,細懸浮微粒,5.9,8,14,0.33,0.61,8
木柵站,2025/12/24 05:00,31,細懸浮微粒,6.1,8,13,0.32,0.7,7.7
木柵站,2025/12/24 06:00,31,細懸浮微粒,5.4,7,13,0.38,0.85,9.7
木柵站,2025/12/24 07:00,31,二氧化氮小時值,10.8,6,18,0.44,0.85,13.2
木柵站,2025/12/24 08:00,30,懸浮微粒,20.7,7,32,0.24,0.71,10.3
木柵站,2025/12/24 09:00,33,懸浮微粒,26.7,9,26,0.18,0.84,10.1
木柵站,2025/12/24 10:00,38,懸浮微粒,28.4,11,30,0.14,0.77,12
木柵站,2025/12/24 11:00,43,懸浮微粒,34.3,9,35,0.13,0.69,8
木柵站,2025/12/24 12:00,45,懸浮微粒,35.4,14,36,0.32,1.04,7.9
木柵站,2025/12/24 13:00,45,懸浮微粒,35.4,11,25,0.33,0.92,7.7
木柵站,2025/12/24 14:00,46,懸浮微粒,-,-,-,-,-,-
木柵站,2025/12/24 15:00,48,懸浮微粒,-,8,36,0.37,0.52,6.8
木柵站,2025/12/24 16:00,50,懸浮微粒,35.3,8,38,0.26,0.36,8
木柵站,2025/12/24 17:00,54,懸浮微粒,32.8,12,39,0.32,0.33,14.1
木柵站,2025/12/24 18:00,56,懸浮微粒,41.4,20,42,0.32,0.72,10.3
木柵站,2025/12/24 19:00,59,懸浮微粒,42.7,21,47,0.33,0.77,10.1
木柵站,2025/12/24 20:00,62,懸浮微粒,41.4,20,53,0.3,0.59,9.5
木柵站,2025/12/24 21:00,66,懸浮微粒,40.3,24,53,0.31,0.53,9.1
木柵站,2025/12/24 22:00,68,懸浮微粒,40.5,20,50,0.33,0.82,8.3
木柵站,2025/12/24 23:00,69,細懸浮微粒,38.4,24,42,0.33,0.85,7.3
木柵站,2025/12/25 00:00,73,細懸浮微粒,34.7,26,43,0.28,0.78,7.4
木柵站,2025/12/25 08:00,0,臭氧8小時,-,12,15,-,-,-
木柵站,2025/12/25 09:00,21,二氧化氮小時值,-,8,14,0.39,0.84,8.7
木柵站,2025/12/25 10:00,25,二氧化氮小時值,19.9,12,10,0.44,0.86,10.6
木柵站,2025/12/25 11:00,26,二氧化氮小時值,19.1,7,7,0.45,0.81,11.1
木柵站,2025/12/25 12:00,23,二氧化氮小時值,22.9,4,9,0.33,0.78,9.8
木柵站,2025/12/25 13:00,32,細懸浮微粒,24.8,7,9,0.31,0.72,9.6
木柵站,2025/12/25 14:00,34,細懸浮微粒,24,13,10,0.33,0.82,10.9
木柵站,2025/12/25 15:00,37,細懸浮微粒,22.7,12,16,0.36,0.82,11.1
木柵站,2025/12/25 16:00,42,細懸浮微粒,24.8,12,13,0.28,0.63,9.7
木柵站,2025/12/25 17:00,44,細懸浮微粒,29.4,11,18,0.23,0.58,8
木柵站,2025/12/25 18:00,46,細懸浮微粒,31,15,24,0.21,0.82,7.4
木柵站,2025/12/25 19:00,50,細懸浮微粒,30.9,18,25,0.21,1.01,7.4
木柵站,2025/12/25 20:00,50,細懸浮微粒,32.3,12,29,0.3,0.86,7.2
木柵站,2025/12/25 21:00,52,細懸浮微粒,31,15,27,0.3,0.64,7.4
木柵站,2025/12/25 22:00,53,細懸浮微粒,33,16,36,0.3,0.6,6.7
木柵站,2025/12/25 23:00,54,細懸浮微粒,31.6,17,29,0.3,0.66,6.1
木柵站,2025/12/26 00:00,56,細懸浮微粒,33.1,15,32,0.29,0.4,4.6
木柵站,2025/12/26 01:00,58,細懸浮微粒,31.6,17,35,0.32,0.46,4.2
木柵站,2025/12/26 02:00,59,細懸浮微粒,27.6,16,41,0.31,0.71,4.2
木柵站,2025/12/26 03:00,59,細懸浮微粒,31.2,17,32,0.31,0.71,3.5
木柵站,2025/12/26 04:00,58,細懸浮微粒,31.8,11,36,0.29,0.67,3
木柵站,2025/12/26 05:00,55,細懸浮微粒,31.8,10,32,0.27,0.66,3.6
木柵站,2025/12/26 06:00,54,細懸浮微粒,29.4,13,30,0.31,0.92,6.5
木柵站,2025/12/26 07:00,52,懸浮微粒,18.5,14,29,0.37,1.02,18.5
木柵站,2025/12/26 09:00,54,細懸浮微粒,24.8,12,26,0.28,0.89,13.3
木柵站,2025/12/26 10:00,54,細懸浮微粒,22.6,14,25,0.29,0.6,14.3
木柵站,2025/12/26 11:00,53,細懸浮微粒,27.1,14,24,0.26,0.57,10.5
木柵站,2025/12/26 12:00,52,細懸浮微粒,26.2,10,18,0.31,0.42,11.7
木柵站,2025/12/26 13:00,51,細懸浮微粒,21.5,12,17,0.31,0.6,15.7
木柵站,2025/12/26 14:00,48,細懸浮微粒,20.2,10,15,0.31,0.48,15.8
木柵站,2025/12/26 15:00,45,二氧化氮小時值,16.2,9,14,0.31,0.59,18.7
木柵站,2025/12/26 16:00,42,二氧化氮小時值,17.7,5,16,0.32,0.75,17.6
木柵站,2025/12/26 17:00,42,二氧化氮小時值,16.4,5,15,0.34,0.73,17.7
木柵站,2025/12/26 18:00,40,二氧化氮小時值,21,8,7,0.32,0.48,16.7
木柵站,2025/12/26 19:00,37,二氧化氮小時值,22.5,9,6,0.34,0.5,15.5
木柵站,2025/12/26 20:00,34,細懸浮微粒,24.4,7,10,0.27,0.66,13
木柵站,2025/12/26 21:00,34,細懸浮微粒,27.9,7,9,0.25,0.79,10
木柵站,2025/12/26 22:00,36,細懸浮微粒,26.9,12,8,0.27,0.74,9.7
木柵站,2025/12/26 23:00,35,細懸浮微粒,29.7,9,11,0.24,0.52,6.6
木柵站,2025/12/27 00:00,34,細懸浮微粒,31.7,6,11,0.31,0.59,4.5
木柵站,2025/12/27 01:00,34,細懸浮微粒,31.5,8,10,0.27,0.5,3.3
木柵站,2025/12/27 02:00,31,細懸浮微粒,34.0,8,10,0.25,0.66,2.4
木柵站,2025/12/27 03:00,29,細懸浮微粒,32.4,6,8,0.26,0.57,2.5
木柵站,2025/12/27 04:00,29,細懸浮微粒,29.0,5,11,0.29,0.55,3.1
木柵站,2025/12/27 05:00,29,細懸浮微粒,24.5,7,11,0.3,0.56,4.3
木柵站,2025/12/27 06:00,27,臭氧8小時,23.4,6,10,0.3,0.68,5.8
木柵站,2025/12/27 07:00,26,臭氧8小時,19.4,3,10,0.32,0.61,9.3
木柵站,2025/12/27 08:00,31,二氧化氮小時值,16.9,4,9,0.38,0.84,13.2
木柵站,2025/12/27 09:00,32,二氧化氮小時值,20.1,4,15,0.34,0.75,13.6
木柵站,2025/12/27 10:00,26,二氧化氮小時值,25.9,5,12,0.29,0.48,10.8
木柵站,2025/12/27 11:00,23,細懸浮微粒,29.8,9,16,0.28,0.4,8
木柵站,2025/12/27 12:00,25,細懸浮微粒,31.0,8,10,0.28,0.5,6.5
木柵站,2025/12/27 13:00,25,細懸浮微粒,30.3,5,11,0.3,0.42,6.8
木柵站,2025/12/27 14:00,27,細懸浮微粒,28.5,8,16,0.32,0.74,7.5
木柵站,2025/12/27 15:00,25,細懸浮微粒,30.1,5,9,0.26,0.76,6.8
木柵站,2025/12/27 16:00,26,臭氧8小時,30.8,5,8,0.27,0.68,6.9
木柵站,2025/12/27 17:00,27,臭氧8小時,30.4,7,9,0.3,0.63,8.9
木柵站,2025/12/27 18:00,27,臭氧8小時,25.4,6,10,0.33,0.56,11.2
木柵站,2025/12/27 19:00,27,臭氧8小時,25.1,7,12,0.35,0.68,9
木柵站,2025/12/27 20:00,26,細懸浮微粒,23.5,7,12,0.32,0.68,9.4
木柵站,2025/12/27 21:00,28,細懸浮微粒,28.5,9,8,0.28,0.63,8.7
木柵站,2025/12/27 22:00,31,細懸浮微粒,24.4,10,6,0.29,0.79,9.3
木柵站,2025/12/27 23:00,31,細懸浮微粒,25.3,7,9,0.25,0.78,7.4
木柵站,2025/12/28 00:00,32,細懸浮微粒,29.1,9,7,0.31,0.31,4.7
木柵站,2025/12/28 01:00,31,細懸浮微粒,31.1,7,7,0.38,0.14,3.7
木柵站,2025/12/28 02:00,30,細懸浮微粒,27.5,8,11,0.42,0.39,3.3
木柵站,2025/12/28 03:00,29,細懸浮微粒,29.3,4,9,0.37,0.51,3.2
木柵站,2025/12/28 04:00,26,臭氧8小時,27.8,3,7,0.31,0.66,3
木柵站,2025/12/28 05:00,26,臭氧8小時,25.8,3,11,0.3,0.6,4.2
木柵站,2025/12/28 06:00,26,臭氧8小時,26.8,4,9,0.31,0.63,5.9
木柵站,2025/12/28 07:00,26,臭氧8小時,25.5,3,5,0.27,0.59,8.2
木柵站,2025/12/28 08:00,25,臭氧8小時,22.6,2,8,0.4,0.68,10.1
木柵站,2025/12/28 09:00,26,二氧化氮小時值,23.7,3,9,0.35,0.65,10.8
木柵站,2025/12/28 10:00,24,臭氧8小時,26.3,4,7,0.32,0.81,9.4
木柵站,2025/12/28 11:00,24,臭氧8小時,28.5,5,10,0.29,0.82,7.4
木柵站,2025/12/28 12:00,25,臭氧8小時,32.5,4,7,0.24,0.61,6.4
木柵站,2025/12/28 13:00,25,臭氧8小時,32.9,3,7,0.25,0.53,7.2
木柵站,2025/12/28 14:00,26,臭氧8小時,32.2,8,8,0.27,0.67,6.7
木柵站,2025/12/28 15:00,27,臭氧8小時,31.6,7,16,0.24,1.16,8.2
木柵站,2025/12/28 16:00,28,臭氧8小時,31.9,6,12,0.3,0.99,8.7
木柵站,2025/12/28 17:00,29,臭氧8小時,30.3,6,13,0.35,0.95,10.1
木柵站,2025/12/28 18:00,29,臭氧8小時,29.1,9,15,0.39,1.01,10.9
木柵站,2025/12/28 19:00,29,臭氧8小時,30.1,5,11,0.34,0.75,9.3
木柵站,2025/12/28 20:00,28,臭氧8小時,27.5,7,11,0.28,0.54,9.9
木柵站,2025/12/28 21:00,28,臭氧8小時,25.7,6,9,0.32,0.37,9
木柵站,2025/12/28 22:00,27,臭氧8小時,24.8,5,10,0.27,0.4,8.5
木柵站,2025/12/28 23:00,26,臭氧8小時,26.8,3,11,0.24,0.42,7.2
木柵站,2025/12/29 00:00,25,臭氧8小時,22.7,4,10,0.25,0.57,6.3
木柵站,2025/12/29 01:00,24,臭氧8小時,20.8,5,18,0.26,0.71,4.8
木柵站,2025/12/29 02:00,23,臭氧8小時,20.0,3,3,0.22,0.73,3.4
木柵站,2025/12/29 03:00,21,臭氧8小時,16.5,4,7,0.22,0.64,3.7
木柵站,2025/12/29 04:00,20,臭氧8小時,14.2,2,8,0.27,0.51,3.9
木柵站,2025/12/29 05:00,19,臭氧8小時,15.7,1,8,0.25,0.67,4.8
木柵站,2025/12/29 06:00,20,二氧化氮小時值,23.0,4,9,0.26,0.8,8.6
木柵站,2025/12/29 07:00,37,二氧化氮小時值,18.8,6,20,0.44,0.67,15.7
木柵站,2025/12/29 08:00,46,二氧化氮小時值,18.4,7,19,0.4,0.63,19.2
木柵站,2025/12/29 09:00,35,二氧化氮小時值,23.5,7,25,0.3,0.74,14.8
木柵站,2025/12/29 10:00,29,懸浮微粒,31.8,4,23,0.24,0.86,8.4
木柵站,2025/12/29 11:00,28,懸浮微粒,32.3,4,14,0.23,0.82,7.4
木柵站,2025/12/29 12:00,29,懸浮微粒,35.1,8,18,0.28,0.8,6.9
木柵站,2025/12/29 13:00,27,懸浮微粒,38.1,6,17,0.25,0.95,6.6
木柵站,2025/12/29 14:00,27,臭氧8小時,35.2,8,17,0.27,0.46,8.2
木柵站,2025/12/29 15:00,29,臭氧8小時,34.5,6,20,0.29,0.21,7.9
木柵站,2025/12/29 16:00,38,二氧化氮小時值,27.1,7,19,0.34,0.67,15.8
木柵站,2025/12/29 17:00,34,二氧化氮小時值,25.8,8,20,0.4,0.89,14.3
木柵站,2025/12/29 18:00,41,二氧化氮小時值,14.5,11,20,0.38,0.55,17.4
木柵站,2025/12/29 19:00,38,二氧化氮小時值,21.3,7,19,0.39,0.68,16.1
木柵站,2025/12/29 20:00,30,懸浮微粒,22.0,6,11,0.35,0.79,12.1
木柵站,2025/12/29 21:00,29,二氧化氮小時值,20.1,5,9,0.37,0.81,12.3
木柵站,2025/12/29 22:00,26,二氧化氮小時值,19.9,5,9,0.32,0.66,10.8
木柵站,2025/12/29 23:00,26,細懸浮微粒,24.0,7,10,0.38,0.7,7.3
木柵站,2025/12/30 00:00,24,細懸浮微粒,28.3,4,10,0.24,0.59,4.4
木柵站,2025/12/30 01:00,23,細懸浮微粒,27.3,4,9,0.29,0.58,3.8
木柵站,2025/12/30 02:00,22,細懸浮微粒,17.9,4,8,0.2,0.51,4.6
木柵站,2025/12/30 03:00,20,臭氧8小時,10.6,2,10,0.23,0.51,6.5
木柵站,2025/12/30 04:00,19,懸浮微粒,7.3,2,16,0.32,0.65,7.2
木柵站,2025/12/30 05:00,20,二氧化氮小時值,6.2,4,3,0.31,0.78,8.4
木柵站,2025/12/30 06:00,26,二氧化氮小時值,3.4,4,19,0.39,0.85,10.8
木柵站,2025/12/30 07:00,31,二氧化氮小時值,2.7,8,15,0.44,1.02,13.1
木柵站,2025/12/30 08:00,37,二氧化氮小時值,4.0,7,14,0.48,1.02,15.7
木柵站,2025/12/30 09:00,39,二氧化氮小時值,12.0,6,19,0.36,0.84,16.2
木柵站,2025/12/30 10:00,29,二氧化氮小時值,23.8,4,13,0.29,0.8,12
木柵站,2025/12/30 11:00,23,二氧化氮小時值,31.4,5,12,0.23,0.69,9.7
木柵站,2025/12/30 12:00,24,懸浮微粒,29.1,10,18,0.3,0.75,8.9
木柵站,2025/12/30 13:00,24,細懸浮微粒,33.7,8,15,0.28,0.8,8.6
木柵站,2025/12/30 14:00,26,細懸浮微粒,33.4,6,-,-,-,-
木柵站,2025/12/30 15:00,28,細懸浮微粒,34.8,7,21,0.3,0.71,8.8
木柵站,2025/12/30 16:00,31,懸浮微粒,34.3,9,27,0.35,0.75,9.8
木柵站,2025/12/30 17:00,36,懸浮微粒,35.8,8,27,0.35,0.65,8.7
木柵站,2025/12/30 18:00,35,懸浮微粒,36.1,10,21,0.35,0.74,7.9
木柵站,2025/12/30 19:00,34,細懸浮微粒,35.3,11,15,0.35,0.74,8.1
木柵站,2025/12/30 20:00,34,細懸浮微粒,33.4,8,11,0.33,0.81,8.7
木柵站,2025/12/30 21:00,36,細懸浮微粒,32.8,10,18,0.32,0.97,8.4
木柵站,2025/12/30 22:00,35,細懸浮微粒,36.7,7,18,0.28,0.64,5.9
木柵站,2025/12/30 23:00,34,細懸浮微粒,37.5,8,13,0.26,0.57,5.4
木柵站,2025/12/31 00:00,33,細懸浮微粒,31.8,7,16,0.28,0.53,4.2
木柵站,2025/12/31 01:00,32,細懸浮微粒,30.3,8,21,0.31,0.62,5
木柵站,2025/12/31 02:00,32,細懸浮微粒,36.8,7,15,0.3,0.55,3.5
木柵站,2025/12/31 03:00,32,臭氧8小時,37.2,5,18,0.29,0.66,3
木柵站,2025/12/31 04:00,33,臭氧8小時,38.6,6,12,0.32,0.46,2.9
木柵站,2025/12/31 05:00,33,臭氧8小時,38.6,10,17,0.35,0.47,3.4
木柵站,2025/12/31 06:00,33,臭氧8小時,36.4,6,10,0.38,0.5,5.7
木柵站,2025/12/31 07:00,33,臭氧8小時,34.5,5,18,0.42,0.55,8.7
木柵站,2025/12/31 08:00,33,臭氧8小時,30.2,10,7,0.35,0.65,11.8
木柵站,2025/12/31 09:00,33,臭氧8小時,31.0,9,10,0.29,0.57,10.6
木柵站,2025/12/31 10:00,32,臭氧8小時,29.1,6,13,0.34,0.45,12.4
木柵站,2025/12/31 11:00,39,二氧化氮小時值,24.4,12,13,0.35,0.39,16.4
木柵站,2025/12/31 12:00,40,二氧化氮小時值,24.1,7,20,0.29,0.42,17
木柵站,2025/12/31 13:00,41,二氧化氮小時值,23.4,2,10,0.28,0.47,17.3
木柵站,2025/12/31 14:00,34,二氧化氮小時值,27.8,5,10,0.22,0.52,14.1
木柵站,2025/12/31 15:00,26,二氧化氮小時值,32.1,5,9,0.2,0.65,10.8
木柵站,2025/12/31 16:00,29,二氧化氮小時值,30.0,4,10,0.25,0.53,12.1
木柵站,2025/12/31 17:00,33,二氧化氮小時值,30.0,6,11,0.26,0.4,13.7
木柵站,2025/12/31 18:00,26,臭氧8小時,31.2,4,11,0.24,0.48,10.7
木柵站,2025/12/31 19:00,27,臭氧8小時,30.7,7,9,0.25,0.56,9.8
木柵站,2025/12/31 20:00,27,臭氧8小時,30.9,6,7,0.23,0.21,8.7
木柵站,2025/12/31 21:00,28,臭氧8小時,32.0,9,8,0.24,0.32,7.1
木柵站,2025/12/31 22:00,29,臭氧8小時,32.4,6,4,0.19,0.7,7.4
木柵站,2025/12/31 23:00,29,臭氧8小時,33.0,5,6,0.18,0.78,6.4
