測站,日期,AQI,空氣品質指標,O3,PM2.5,PM10,CO,SO2,NO2
木柵站,2025/08/12 00:00,41,懸浮微粒,5.9,8,26,0.29,1.92,6.2
木柵站,2025/08/12 01:00,41,懸浮微粒,5.8,7,24,0.29,1.86,4.9
木柵站,2025/08/12 02:00,40,懸浮微粒,8.3,7,23,0.26,1.71,4.1
木柵站,2025/08/12 03:00,42,懸浮微粒,6.5,5,31,0.23,1.78,3.2
木柵站,2025/08/12 04:00,44,懸浮微粒,5.2,6,33,0.26,1.96,3.8
木柵站,2025/08/12 05:00,45,懸浮微粒,5.3,3,27,0.24,2.08,3.8
木柵站,2025/08/12 06:00,47,懸浮微粒,5.5,9,29,0.27,2.03,4.8
木柵站,2025/08/12 07:00,46,懸浮微粒,9.2,6,26,0.33,2.01,3.4
木柵站,2025/08/12 08:00,44,懸浮微粒,14,5,25,0.37,2.48,5.3
木柵站,2025/08/12 09:00,43,懸浮微粒,25.7,7,20,0.41,2.51,6.9
木柵站,2025/08/12 10:00,42,懸浮微粒,36.6,7,25,0.39,2.69,8.4
木柵站,2025/08/12 11:00,40,懸浮微粒,39.4,10,19,0.39,2.66,8.5
木柵站,2025/08/12 12:00,38,懸浮微粒,43.2,9,20,0.4,3.24,10.2
木柵站,2025/08/12 13:00,41,懸浮微粒,56,9,31,0.41,3.04,10.4
木柵站,2025/08/12 14:00,40,懸浮微粒,54.3,12,20,0.4,2.96,7.7
木柵站,2025/08/12 15:00,41,懸浮微粒,52.3,-,-,0.29,3.57,9.5
木柵站,2025/08/12 16:00,41,臭氧8小時,42.6,13,22,0.38,3.59,11.2
木柵站,2025/08/12 17:00,46,細懸浮微粒,36.8,15,30,0.38,2.82,11.9
木柵站,2025/08/12 18:00,43,細懸浮微粒,10.5,8,26,0.33,3.34,10.2
木柵站,2025/08/12 19:00,39,細懸浮微粒,10.5,5,11,0.31,2.78,7
木柵站,2025/08/12 20:00,36,懸浮微粒,8.3,5,18,0.27,2.57,7.7
木柵站,2025/08/12 21:00,32,懸浮微粒,8.8,3,13,0.27,2.45,6.1
木柵站,2025/08/12 22:00,29,懸浮微粒,7.7,3,16,0.26,2.45,5.4
木柵站,2025/08/12 23:00,31,懸浮微粒,8.6,5,21,0.18,2.22,4.3
木柵站,2025/08/13 00:00,30,懸浮微粒,8.6,5,13,0.24,1.6,3.2
木柵站,2025/08/13 01:00,30,懸浮微粒,8.1,4,17,0.26,1.41,1.8
木柵站,2025/08/13 02:00,30,懸浮微粒,9.7,2,19,0.29,1.43,1.7
木柵站,2025/08/13 03:00,29,懸浮微粒,9.8,3,16,0.21,1.37,1.5
木柵站,2025/08/13 04:00,29,懸浮微粒,10.5,5,17,0.28,1.12,1.4
木柵站,2025/08/13 05:00,27,懸浮微粒,9.8,2,13,0.28,1.21,2.8
木柵站,2025/08/13 06:00,25,懸浮微粒,10.6,5,13,0.28,1.33,3.9
木柵站,2025/08/13 07:00,25,懸浮微粒,12.7,4,12,0.29,1.4,3.4
木柵站,2025/08/13 08:00,24,懸浮微粒,13.3,2,16,0.25,1.62,4.4
木柵站,2025/08/13 09:00,24,懸浮微粒,18.9,-,-,0.22,2.27,3.7
木柵站,2025/08/13 10:00,25,懸浮微粒,-,-,-,-,-,-
木柵站,2025/08/13 11:00,12,臭氧8小時,-,-,-,-,-,-
木柵站,2025/08/13 12:00,13,臭氧8小時,19.5,6,-,0.37,1.27,2.2
木柵站,2025/08/13 13:00,19,細懸浮微粒,19.1,5,-,0.39,0.85,2.5
木柵站,2025/08/13 14:00,19,細懸浮微粒,20.7,5,25,0.31,0.57,2.4
木柵站,2025/08/13 15:00,35,懸浮微粒,21.2,5,25,0.26,0.65,2.2
木柵站,2025/08/13 16:00,36,懸浮微粒,21.4,5,24,0.29,0.65,2.3
木柵站,2025/08/13 17:00,35,懸浮微粒,22.1,7,19,0.28,0.35,1.8
木柵站,2025/08/13 18:00,36,懸浮微粒,22.4,6,22,0.29,0.59,1.8
木柵站,2025/08/13 19:00,34,懸浮微粒,22.3,4,16,0.28,0.69,2
木柵站,2025/08/13 20:00,33,懸浮微粒,23.2,1,17,0.21,0.46,1.8
木柵站,2025/08/13 21:00,32,懸浮微粒,23.3,3,16,0.21,0.66,1.2
木柵站,2025/08/13 22:00,32,懸浮微粒,22.9,7,22,0.22,0.57,1.4
木柵站,2025/08/13 23:00,33,懸浮微粒,22.7,5,21,0.22,0.53,1.1
木柵站,2025/08/14 00:00,32,懸浮微粒,22.1,1,15,0.24,1.19,1.1
木柵站,2025/08/14 01:00,34,懸浮微粒,21.3,1,23,0.29,1.4,1.1
木柵站,2025/08/14 02:00,32,懸浮微粒,22.9,1,17,0.26,1.46,0.9
木柵站,2025/08/14 03:00,31,懸浮微粒,21.8,4,18,0.24,1.39,1.4
木柵站,2025/08/14 04:00,32,懸浮微粒,14.3,6,19,0.32,1.64,4.9
木柵站,2025/08/14 05:00,32,懸浮微粒,10.1,4,22,0.33,1.71,5.8
木柵站,2025/08/14 06:00,33,懸浮微粒,8.5,6,22,0.37,1.63,7.6
木柵站,2025/08/14 07:00,32,懸浮微粒,16.6,5,14,0.37,1.47,4.3
木柵站,2025/08/14 08:00,31,懸浮微粒,19.6,5,16,0.29,1.65,2.9
木柵站,2025/08/14 09:00,29,懸浮微粒,20.9,5,14,0.32,1.97,2.6
木柵站,2025/08/14 10:00,27,懸浮微粒,20.8,6,15,0.31,2.05,3.4
木柵站,2025/08/14 11:00,26,懸浮微粒,20.4,3,10,0.3,1.72,1.6
木柵站,2025/08/14 12:00,24,懸浮微粒,19.3,1,9,0.3,1.83,1.4
木柵站,2025/08/14 13:00,22,懸浮微粒,17.8,1,10,0.3,2.67,2.1
木柵站,2025/08/14 14:00,21,懸浮微粒,17.3,1,11,0.29,1.34,1.5
木柵站,2025/08/14 15:00,20,懸浮微粒,16.2,1,8,0.28,2.34,1.6
木柵站,2025/08/14 16:00,19,懸浮微粒,16.9,1,8,0.29,2.31,1.7
木柵站,2025/08/14 17:00,18,懸浮微粒,14.9,1,11,0.29,2.11,3.3
木柵站,2025/08/14 18:00,17,懸浮微粒,12.4,2,8,0.32,1.55,5.3
木柵站,2025/08/14 19:00,16,懸浮微粒,11.5,2,6,0.26,1.65,3.8
木柵站,2025/08/14 20:00,15,懸浮微粒,10,1,6,0.3,1.76,3.2
木柵站,2025/08/14 21:00,13,二氧化硫小時值,10.5,3,5,0.28,2.14,2.9
木柵站,2025/08/14 22:00,12,臭氧8小時,10.3,2,5,0.26,1.51,2.5
木柵站,2025/08/14 23:00,13,二氧化硫小時值,10.5,3,9,0.25,2.04,1.8
木柵站,2025/08/15 00:00,13,懸浮微粒,11.2,4,10,0.21,1.45,0.9
木柵站,2025/08/15 01:00,13,懸浮微粒,11.3,2,6,0.28,1.11,0.8
木柵站,2025/08/15 02:00,12,懸浮微粒,12.2,1,4,0.22,1.23,0.8
木柵站,2025/08/15 03:00,11,懸浮微粒,11.4,1,4,0.22,0.85,0.9
木柵站,2025/08/15 04:00,10,懸浮微粒,11.3,1,8,0.27,0.62,0.8
木柵站,2025/08/15 05:00,11,懸浮微粒,10.9,1,11,0.28,1.03,1.4
木柵站,2025/08/15 06:00,15,二氧化硫小時值,10.9,1,12,0.29,2.33,1.8
木柵站,2025/08/15 07:00,17,二氧化硫小時值,10.5,1,12,0.34,2.7,2.5
木柵站,2025/08/15 08:00,17,懸浮微粒,-,1,14,0.29,2.38,2.7
木柵站,2025/08/15 09:00,18,懸浮微粒,12.3,2,12,0.3,2.27,2.5
木柵站,2025/08/15 10:00,18,懸浮微粒,13.6,3,11,0.28,2.66,1.8
木柵站,2025/08/15 11:00,19,懸浮微粒,12.7,7,15,0.28,2.33,2.3
木柵站,2025/08/15 12:00,17,懸浮微粒,13.3,8,7,0.27,2.34,1.5
木柵站,2025/08/15 13:00,20,懸浮微粒,13.5,7,20,0.28,2.72,2.5
木柵站,2025/08/15 14:00,25,細懸浮微粒,13.9,12,18,0.35,2.69,3.2
木柵站,2025/08/15 15:00,26,細懸浮微粒,14.1,7,13,0.29,2.43,3.3
木柵站,2025/08/15 16:00,25,懸浮微粒,13.3,3,14,0.23,2.57,3.1
木柵站,2025/08/15 17:00,24,懸浮微粒,12.4,4,15,0.23,3.08,4.4
木柵站,2025/08/15 18:00,23,懸浮微粒,11.4,4,12,0.21,2.31,4.2
木柵站,2025/08/15 19:00,22,懸浮微粒,10.5,2,12,0.18,3.43,3.9
木柵站,2025/08/15 20:00,23,懸浮微粒,10.6,3,16,0.3,3.3,2.9
木柵站,2025/08/15 21:00,21,懸浮微粒,11.4,4,9,0.27,2.5,3.4
木柵站,2025/08/15 22:00,23,懸浮微粒,11.7,4,18,0.26,2.22,2.3
木柵站,2025/08/15 23:00,23,懸浮微粒,11.6,4,13,0.23,2.64,2.4
木柵站,2025/08/16 00:00,22,懸浮微粒,11.9,2,8,0.22,1.82,1.5
木柵站,2025/08/16 01:00,20,懸浮微粒,12.2,5,4,0.26,1.27,1
木柵站,2025/08/16 02:00,16,懸浮微粒,11.9,5,7,0.26,1.38,1.8
木柵站,2025/08/16 03:00,15,細懸浮微粒,11.2,4,9,0.21,1.67,1.5
木柵站,2025/08/16 04:00,17,細懸浮微粒,10,4,11,0.2,1.83,1.7
木柵站,2025/08/16 05:00,18,懸浮微粒,9.3,3,13,0.2,1.29,2.4
木柵站,2025/08/16 06:00,18,懸浮微粒,8.5,3,11,0.23,1.56,3.4
木柵站,2025/08/16 07:00,18,懸浮微粒,8.4,9,10,0.26,1.54,3.4
木柵站,2025/08/16 08:00,19,細懸浮微粒,10.2,5,-,0.34,2.18,2.9
木柵站,2025/08/16 09:00,20,細懸浮微粒,12.3,5,-,0.38,2.05,3.4
木柵站,2025/08/16 10:00,21,細懸浮微粒,12.9,4,-,0.37,2.16,2.6
木柵站,2025/08/16 11:00,17,細懸浮微粒,12.3,2,9,0.39,2,2.5
木柵站,2025/08/16 12:00,16,細懸浮微粒,13.2,3,10,0.26,1.83,2.7
木柵站,2025/08/16 13:00,20,懸浮微粒,12.4,3,19,0.25,2.02,3.3
木柵站,2025/08/16 14:00,25,懸浮微粒,12.3,1,27,0.26,2.09,3
木柵站,2025/08/16 15:00,25,懸浮微粒,13.3,4,10,0.27,2.25,2.8
木柵站,2025/08/16 16:00,24,懸浮微粒,12.3,2,9,0.32,2.19,4.3
木柵站,2025/08/16 17:00,26,懸浮微粒,10.9,1,21,0.31,2.2,4.6
木柵站,2025/08/16 18:00,21,懸浮微粒,10.6,1,8,0.31,2.13,4.3
木柵站,2025/08/16 19:00,21,懸浮微粒,10.8,1,10,0.27,2.12,3.5
木柵站,2025/08/16 20:00,22,懸浮微粒,11.7,4,11,0.29,1.91,2.7
木柵站,2025/08/16 21:00,19,懸浮微粒,11.1,4,11,0.28,1.36,2.8
木柵站,2025/08/16 22:00,20,懸浮微粒,10.8,1,11,0.26,1.28,2.2
木柵站,2025/08/16 23:00,22,懸浮微粒,11.1,1,16,0.27,1.17,1.8
木柵站,2025/08/17 00:00,21,懸浮微粒,12.4,1,9,0.24,0.47,1.4
木柵站,2025/08/17 01:00,20,懸浮微粒,14.5,1,11,0.3,0.45,0.9
木柵站,2025/08/17 02:00,20,懸浮微粒,16,3,12,0.25,0.38,0.8
木柵站,2025/08/17 03:00,19,懸浮微粒,13.3,4,12,0.25,0.54,1.3
木柵站,2025/08/17 04:00,21,懸浮微粒,12.2,2,16,0.22,0.38,1.5
木柵站,2025/08/17 05:00,20,懸浮微粒,7.7,2,12,0.27,0.92,4.4
木柵站,2025/08/17 06:00,22,懸浮微粒,7.6,2,17,0.29,0.91,4.2
木柵站,2025/08/17 07:00,25,懸浮微粒,10.1,5,20,0.32,0.84,3.2
木柵站,2025/08/17 08:00,24,懸浮微粒,12.2,2,13,0.27,1.28,2.9
木柵站,2025/08/17 09:00,24,懸浮微粒,13.7,1,12,0.26,1.3,2.1
木柵站,2025/08/17 10:00,23,懸浮微粒,14.6,4,12,0.26,1.61,1.6
木柵站,2025/08/17 11:00,21,懸浮微粒,14.6,5,13,0.28,1.56,1.8
木柵站,2025/08/17 12:00,22,懸浮微粒,15.1,3,15,0.28,1.29,2
木柵站,2025/08/17 13:00,23,懸浮微粒,16.1,1,16,0.28,1.71,2.2
木柵站,2025/08/17 14:00,24,懸浮微粒,15.6,1,14,0.3,1.96,2.2
木柵站,2025/08/17 15:00,24,懸浮微粒,15.2,1,13,0.31,2,2.2
木柵站,2025/08/17 16:00,23,懸浮微粒,15.6,2,11,0.31,1.32,3
木柵站,2025/08/17 17:00,22,懸浮微粒,13.4,6,11,0.3,1.31,3.5
木柵站,2025/08/17 18:00,21,懸浮微粒,14.4,6,11,0.28,1.1,3.5
木柵站,2025/08/17 19:00,20,懸浮微粒,13.7,3,12,0.26,1.08,4.2
木柵站,2025/08/17 20:00,20,懸浮微粒,11.3,4,11,0.3,0.81,3.3
木柵站,2025/08/17 21:00,19,懸浮微粒,10.7,6,7,0.29,0.65,4
木柵站,2025/08/17 22:00,18,懸浮微粒,9.4,5,9,0.31,0.54,5.2
木柵站,2025/08/17 23:00,19,懸浮微粒,6.4,7,16,0.3,0.92,5.3
木柵站,2025/08/18 00:00,19,懸浮微粒,8.2,4,11,0.22,1.03,3.2
木柵站,2025/08/18 01:00,18,懸浮微粒,9.3,1,8,0.23,0.92,2.2
木柵站,2025/08/18 02:00,17,懸浮微粒,7.5,1,4,0.23,1.15,3.8
木柵站,2025/08/18 03:00,14,懸浮微粒,6.3,1,7,0.21,1.28,3.5
木柵站,2025/08/18 04:00,16,懸浮微粒,5.4,2,16,0.32,1.43,4.5
木柵站,2025/08/18 05:00,20,懸浮微粒,4.9,3,24,0.31,1.31,6.2
木柵站,2025/08/18 06:00,22,懸浮微粒,6.2,4,14,0.33,1.74,4.7
木柵站,2025/08/18 07:00,25,懸浮微粒,7.5,4,19,0.4,1.45,5.4
木柵站,2025/08/18 08:00,27,懸浮微粒,15.3,9,22,0.37,2.23,5.5
木柵站,2025/08/18 09:00,29,懸浮微粒,32.1,8,25,0.42,2.53,7.1
木柵站,2025/08/18 10:00,30,懸浮微粒,47.7,9,18,0.44,2.58,6.3
木柵站,2025/08/18 11:00,34,懸浮微粒,65.9,13,30,0.5,1.84,10
木柵站,2025/08/18 12:00,36,懸浮微粒,67.8,11,27,0.31,3.59,10.3
木柵站,2025/08/18 13:00,38,懸浮微粒,58.3,12,30,0.29,3.39,9.3
木柵站,2025/08/18 14:00,40,臭氧8小時,48.8,9,11,0.24,2,8.6
木柵站,2025/08/18 15:00,45,臭氧8小時,49.9,14,34,0.24,2.27,7.7
木柵站,2025/08/18 16:00,47,臭氧8小時,38.3,14,29,0.43,3.56,13.3
木柵站,2025/08/18 17:00,47,臭氧8小時,29.8,9,28,0.42,4.62,16.7
木柵站,2025/08/18 18:00,45,懸浮微粒,25.9,11,27,0.4,2.49,11.2
木柵站,2025/08/18 19:00,43,細懸浮微粒,18.3,8,16,0.33,1.63,7.9
木柵站,2025/08/18 20:00,41,細懸浮微粒,16.3,11,24,0.45,2.17,8.9
木柵站,2025/08/18 21:00,40,細懸浮微粒,9.8,7,24,0.37,1.72,10.1
木柵站,2025/08/18 22:00,39,細懸浮微粒,8.9,9,19,0.36,1.65,9.1
木柵站,2025/08/18 23:00,38,細懸浮微粒,10.4,8,19,0.3,2.18,6
木柵站,2025/08/19 00:00,37,懸浮微粒,11.8,4,23,0.28,1.28,6
木柵站,2025/08/19 01:00,37,懸浮微粒,9.6,2,24,0.33,1.02,4.8
木柵站,2025/08/19 02:00,36,懸浮微粒,9.5,1,15,0.3,0.97,4.7
木柵站,2025/08/19 03:00,37,懸浮微粒,7,2,24,0.28,0.91,5.2
木柵站,2025/08/19 04:00,37,懸浮微粒,7.4,8,25,0.23,1.15,5.5
木柵站,2025/08/19 05:00,36,懸浮微粒,9.1,7,22,0.21,1.08,5.7
木柵站,2025/08/19 06:00,38,懸浮微粒,6,15,26,0.27,1.41,9.2
木柵站,2025/08/19 07:00,38,懸浮微粒,13.9,3,21,0.28,1.18,5.5
木柵站,2025/08/19 08:00,40,懸浮微粒,22.3,7,32,0.42,1.58,6.5
木柵站,2025/08/19 09:00,42,懸浮微粒,34.2,9,28,0.41,1.75,7.5
木柵站,2025/08/19 10:00,44,懸浮微粒,54.4,10,34,0.42,1.69,7.6
木柵站,2025/08/19 11:00,48,懸浮微粒,61.7,14,34,0.49,2.34,12.6
木柵站,2025/08/19 12:00,52,懸浮微粒,61.1,13,47,0.31,2.06,10.2
木柵站,2025/08/19 13:00,51,懸浮微粒,44.5,17,24,0.28,1.78,12.1
木柵站,2025/08/19 14:00,50,懸浮微粒,37.7,11,23,0.24,1.55,10.2
木柵站,2025/08/19 15:00,49,懸浮微粒,44,8,27,0.25,2.27,8.6
木柵站,2025/08/19 16:00,47,細懸浮微粒,38.1,14,33,0.32,2.13,9.6
木柵站,2025/08/19 17:00,49,懸浮微粒,28.2,15,31,0.31,1.78,8.5
木柵站,2025/08/19 18:00,51,懸浮微粒,24.9,10,35,0.3,1.49,9.9
木柵站,2025/08/19 19:00,52,懸浮微粒,24.3,11,28,0.26,0.87,8.9
木柵站,2025/08/19 20:00,51,細懸浮微粒,22.2,16,27,0.35,1.6,9.6
木柵站,2025/08/19 21:00,52,懸浮微粒,22.2,10,36,0.33,1.43,6.3
木柵站,2025/08/19 22:00,51,懸浮微粒,14.1,13,32,0.39,1.37,12.4
木柵站,2025/08/19 23:00,52,懸浮微粒,13.1,9,32,0.34,1.63,10.4
木柵站,2025/08/20 00:00,49,懸浮微粒,13.9,7,20,0.24,1.47,7.5
木柵站,2025/08/20 01:00,47,懸浮微粒,11.3,8,24,0.27,1.18,7.6
木柵站,2025/08/20 02:00,45,懸浮微粒,12,9,23,0.22,1.33,6.4
木柵站,2025/08/20 03:00,42,懸浮微粒,9.4,7,22,0.19,1.34,5.9
木柵站,2025/08/20 04:00,44,懸浮微粒,6.9,6,28,0.25,1.1,6.6
木柵站,2025/08/20 05:00,43,懸浮微粒,7.1,10,24,0.24,1.34,6.8
木柵站,2025/08/20 06:00,42,懸浮微粒,5.9,11,20,0.29,1.71,8.3
木柵站,2025/08/20 07:00,41,懸浮微粒,12.9,12,21,0.34,1.71,6.4
木柵站,2025/08/20 08:00,39,細懸浮微粒,26.8,8,18,0.37,2.18,4.5
木柵站,2025/08/20 09:00,37,細懸浮微粒,33.9,7,19,0.41,2.67,5.7
木柵站,2025/08/20 10:00,35,懸浮微粒,36.5,5,-,0.4,2.38,5
木柵站,2025/08/20 11:00,34,懸浮微粒,33.8,9,-,0.39,2.92,4.3
木柵站,2025/08/20 12:00,31,細懸浮微粒,58.4,7,-,0.31,3.87,7.3
木柵站,2025/08/20 13:00,37,細懸浮微粒,51.1,16,-,0.39,4.24,13.4
木柵站,2025/08/20 14:00,35,細懸浮微粒,27.3,4,-,0.24,1.93,12.2
木柵站,2025/08/20 15:00,33,臭氧8小時,19.1,3,-,0.14,1.79,13.7
木柵站,2025/08/20 16:00,32,臭氧8小時,17.6,6,20,0.3,1.82,12.6
木柵站,2025/08/20 17:00,36,懸浮微粒,12.2,6,26,0.34,1.79,14.2
木柵站,2025/08/20 18:00,32,懸浮微粒,10.7,4,12,0.31,1.76,11.7
木柵站,2025/08/20 19:00,32,懸浮微粒,8,6,18,0.34,1.74,12.3
木柵站,2025/08/20 20:00,35,懸浮微粒,7.3,7,30,0.29,1.55,10.7
木柵站,2025/08/20 21:00,36,懸浮微粒,7.3,8,26,0.3,1.68,9.9
木柵站,2025/08/20 22:00,39,懸浮微粒,4.9,5,24,0.31,1.83,10.1
木柵站,2025/08/20 23:00,40,懸浮微粒,5.9,4,24,0.25,2,7.3
木柵站,2025/08/21 00:00,39,懸浮微粒,5.5,6,23,0.26,1.47,6.5
木柵站,2025/08/21 01:00,38,懸浮微粒,5.6,4,22,0.28,0.88,5.7
木柵站,2025/08/21 02:00,39,懸浮微粒,7.6,3,28,0.25,0.89,5.2
木柵站,2025/08/21 03:00,40,懸浮微粒,7.6,1,27,0.18,0.9,5.1
木柵站,2025/08/21 04:00,40,懸浮微粒,6.8,2,22,0.22,1.18,5.1
木柵站,2025/08/21 05:00,38,懸浮微粒,5.5,4,16,0.23,1.28,7.5
木柵站,2025/08/21 06:00,39,懸浮微粒,5,4,25,0.29,1.32,8.7
木柵站,2025/08/21 07:00,37,懸浮微粒,8.5,1,19,0.33,0.91,6.2
木柵站,2025/08/21 08:00,35,懸浮微粒,14.8,2,17,0.27,0.92,5.9
木柵站,2025/08/21 09:00,34,懸浮微粒,23.8,4,16,0.28,1.33,6.3
木柵站,2025/08/21 10:00,33,懸浮微粒,34.5,5,21,0.33,1.62,9.1
木柵站,2025/08/21 11:00,33,懸浮微粒,43.1,5,19,0.33,1.58,7.5
木柵站,2025/08/21 12:00,33,懸浮微粒,52.5,9,17,0.28,1.94,8.4
木柵站,2025/08/21 13:00,37,懸浮微粒,71.1,11,35,0.38,2.39,11.4
木柵站,2025/08/21 14:00,38,懸浮微粒,54.5,8,24,0.36,2.38,14.2
木柵站,2025/08/21 15:00,49,二氧化氮小時值,36.6,10,31,0.33,2.24,20.7
木柵站,2025/08/21 16:00,42,二氧化氮小時值,33.4,9,17,0.33,1.68,17.5
木柵站,2025/08/21 17:00,42,二氧化氮小時值,33,9,23,0.37,2.36,17.7
木柵站,2025/08/21 18:00,41,臭氧8小時,26.2,15,19,0.34,1.49,13.5
木柵站,2025/08/21 19:00,38,臭氧8小時,24.7,10,28,0.26,1.44,11.9
木柵站,2025/08/21 20:00,40,細懸浮微粒,19.1,11,26,0.35,1.3,12.4
木柵站,2025/08/21 21:00,40,細懸浮微粒,13.5,7,20,0.34,1.41,12.4
木柵站,2025/08/21 22:00,41,懸浮微粒,11.8,5,26,0.31,1,9.2
木柵站,2025/08/21 23:00,40,懸浮微粒,16.6,4,22,0.24,0.89,5.4
木柵站,2025/08/22 00:00,39,懸浮微粒,11.8,5,21,0.26,0.85,5.3
木柵站,2025/08/22 01:00,38,懸浮微粒,11.9,5,22,0.31,0.72,4.4
木柵站,2025/08/22 02:00,38,懸浮微粒,11.5,7,24,0.28,0.58,3.5
木柵站,2025/08/22 03:00,36,懸浮微粒,9.2,7,19,0.23,0.64,4.3
木柵站,2025/08/22 04:00,37,懸浮微粒,8.2,10,21,0.26,0.95,5
木柵站,2025/08/22 05:00,38,懸浮微粒,5.4,6,25,0.3,0.97,7.3
木柵站,2025/08/22 06:00,38,懸浮微粒,7.4,6,24,0.33,1,5.7
木柵站,2025/08/22 07:00,38,懸浮微粒,12.8,8,22,0.37,0.7,5.8
木柵站,2025/08/22 08:00,39,懸浮微粒,21.8,6,26,0.34,1.32,5.6
木柵站,2025/08/22 09:00,39,懸浮微粒,31.6,7,22,0.39,1.97,10
木柵站,2025/08/22 10:00,37,懸浮微粒,39.8,8,18,0.38,1.89,10
木柵站,2025/08/22 11:00,33,懸浮微粒,46.2,5,8,0.36,1.27,6
木柵站,2025/08/22 12:00,29,懸浮微粒,51.8,8,10,0.32,1.63,5.7
木柵站,2025/08/22 13:00,36,細懸浮微粒,66,18,29,0.38,3.95,9.6
木柵站,2025/08/22 14:00,37,臭氧8小時,50.1,7,24,0.38,4.3,10.6
木柵站,2025/08/22 15:00,39,臭氧8小時,27.2,6,16,0.28,4.56,3.6
木柵站,2025/08/22 16:00,39,臭氧8小時,23.7,5,5,0.28,3.56,4.7
木柵站,2025/08/22 17:00,39,臭氧8小時,28.6,7,8,0.28,2.28,3.8
木柵站,2025/08/22 18:00,37,臭氧8小時,30,6,16,0.24,1.85,5.3
木柵站,2025/08/22 19:00,35,臭氧8小時,20.8,6,11,0.22,1.71,5.5
木柵站,2025/08/22 20:00,30,臭氧8小時,14.1,5,18,0.3,1.42,7.9
木柵站,2025/08/22 21:00,27,二氧化氮小時值,8.7,4,15,0.29,1.29,11.3
木柵站,2025/08/22 22:00,25,懸浮微粒,7.9,2,16,0.25,0.74,8.6
木柵站,2025/08/22 23:00,26,懸浮微粒,6.9,3,14,0.25,1.31,7.5
木柵站,2025/08/23 00:00,26,懸浮微粒,6.6,5,17,0.27,0.84,6.7
木柵站,2025/08/23 01:00,26,懸浮微粒,6.4,2,18,0.32,1.16,5.7
木柵站,2025/08/23 02:00,27,懸浮微粒,6.8,3,21,0.28,1.17,5.8
木柵站,2025/08/23 03:00,29,懸浮微粒,5.1,6,23,0.25,1.2,6.3
木柵站,2025/08/23 04:00,30,懸浮微粒,4.2,7,17,0.29,1.31,7.2
木柵站,2025/08/23 05:00,30,懸浮微粒,4.4,7,17,0.3,1.11,7.2
木柵站,2025/08/23 06:00,30,懸浮微粒,5.7,5,17,0.33,1.38,5.3
木柵站,2025/08/23 07:00,30,懸浮微粒,8.6,7,21,0.42,1.38,5.2
木柵站,2025/08/23 08:00,30,懸浮微粒,16,6,18,0.41,1.83,6
木柵站,2025/08/23 09:00,32,懸浮微粒,37.1,11,24,0.4,2.26,6.8
木柵站,2025/08/23 10:00,33,懸浮微粒,52,11,18,0.42,2.05,5.1
木柵站,2025/08/23 11:00,37,細懸浮微粒,71.3,16,28,0.47,2.04,7.3
木柵站,2025/08/23 12:00,44,細懸浮微粒,81.5,16,27,0.34,2.79,6.1
木柵站,2025/08/23 13:00,49,細懸浮微粒,76.3,17,36,0.36,5.88,10.9
木柵站,2025/08/23 14:00,50,細懸浮微粒,63.5,10,31,0.32,5.27,9.3
木柵站,2025/08/23 15:00,57,臭氧8小時,51,9,29,0.31,4.62,9.8
木柵站,2025/08/23 16:00,64,臭氧8小時,34.6,9,11,0.27,3.37,8.7
木柵站,2025/08/23 17:00,56,臭氧8小時,18.3,6,20,0.21,2.27,7.4
木柵站,2025/08/23 18:00,48,臭氧8小時,20.4,3,17,0.2,1.77,4.7
木柵站,2025/08/23 19:00,42,臭氧8小時,18,4,13,0.17,1.47,5.6
木柵站,2025/08/23 20:00,35,臭氧8小時,16.2,5,19,0.27,1.82,3.9
木柵站,2025/08/23 21:00,31,懸浮微粒,12.5,6,11,0.29,1.66,5.3
木柵站,2025/08/23 22:00,30,懸浮微粒,10.5,5,16,0.26,1.55,5.3
木柵站,2025/08/23 23:00,29,懸浮微粒,8.7,2,13,0.26,1.14,5
木柵站,2025/08/24 00:00,29,懸浮微粒,6.7,7,20,0.34,1.64,6.4
木柵站,2025/08/24 01:00,28,懸浮微粒,6.3,7,15,0.35,1.72,6.1
木柵站,2025/08/24 02:00,29,懸浮微粒,7.9,6,23,0.35,1.64,5.4
木柵站,2025/08/24 03:00,29,懸浮微粒,5.3,5,16,0.32,1.51,4.9
木柵站,2025/08/24 04:00,30,懸浮微粒,5.2,4,20,0.27,1.53,4.5
木柵站,2025/08/24 05:00,31,懸浮微粒,4.2,4,20,0.27,1.77,5.4
木柵站,2025/08/24 06:00,31,懸浮微粒,5.5,8,22,0.3,1.75,3.6
木柵站,2025/08/24 07:00,33,懸浮微粒,8.8,5,22,0.33,2.23,4.5
木柵站,2025/08/24 08:00,33,懸浮微粒,26.6,4,21,0.32,2.68,4.9
木柵站,2025/08/24 09:00,33,懸浮微粒,30.1,6,17,0.33,2.56,4.6
木柵站,2025/08/24 10:00,31,懸浮微粒,25.8,5,16,0.32,2.61,4.1
木柵站,2025/08/24 11:00,30,懸浮微粒,21.8,3,15,0.29,2.59,2.3
木柵站,2025/08/24 12:00,27,懸浮微粒,16.4,1,9,0.28,2.89,2.2
木柵站,2025/08/24 13:00,25,懸浮微粒,16,1,10,0.3,3.13,2.2
木柵站,2025/08/24 14:00,24,二氧化硫小時值,15.3,1,8,0.31,3.78,2.2
木柵站,2025/08/24 15:00,23,二氧化硫小時值,15.4,1,6,0.31,3.69,1.8
木柵站,2025/08/24 16:00,19,二氧化硫小時值,14.1,1,6,0.27,3.05,2.7
木柵站,2025/08/24 17:00,17,懸浮微粒,13.7,1,7,0.23,2.57,3
木柵站,2025/08/24 18:00,16,二氧化硫小時值,12.5,1,8,0.22,2.58,4.2
木柵站,2025/08/24 19:00,15,二氧化硫小時值,11.4,4,8,0.19,2.47,3.7
木柵站,2025/08/24 20:00,14,懸浮微粒,9.3,5,6,0.26,2.1,3.5
木柵站,2025/08/24 21:00,14,懸浮微粒,9.2,5,8,0.25,1.93,3.4
木柵站,2025/08/24 22:00,14,懸浮微粒,8.4,3,10,0.23,1.85,3.2
木柵站,2025/08/24 23:00,15,二氧化硫小時值,7.7,1,8,0.24,2.32,3.6
木柵站,2025/08/25 00:00,14,懸浮微粒,7.5,2,10,0.26,1.98,3.6
木柵站,2025/08/25 01:00,15,懸浮微粒,7.1,2,12,0.33,1.26,3.6
木柵站,2025/08/25 02:00,15,懸浮微粒,7,1,10,0.3,1.57,3.9
木柵站,2025/08/25 03:00,16,懸浮微粒,5.6,3,11,0.28,1.73,3.8
木柵站,2025/08/25 04:00,17,懸浮微粒,4.7,4,13,0.33,1.53,4.7
木柵站,2025/08/25 05:00,19,懸浮微粒,3.7,5,17,0.35,1.4,5.9
木柵站,2025/08/25 06:00,21,懸浮微粒,4.7,2,16,0.38,1.99,5.6
木柵站,2025/08/25 07:00,22,懸浮微粒,7,2,16,0.41,1.99,4.4
木柵站,2025/08/25 08:00,25,懸浮微粒,9.9,3,19,0.34,2.72,4.6
木柵站,2025/08/25 09:00,22,懸浮微粒,12.1,1,4,0.32,2.27,3.8
木柵站,2025/08/25 10:00,19,懸浮微粒,12.9,1,6,0.3,2.5,4
木柵站,2025/08/25 11:00,17,懸浮微粒,13.6,2,5,0.31,2.02,2.6
木柵站,2025/08/25 12:00,14,二氧化硫小時值,14.8,4,6,0.26,2.21,2.3
木柵站,2025/08/25 13:00,17,二氧化硫小時值,14.5,4,17,0.27,2.71,2.6
木柵站,2025/08/25 14:00,18,懸浮微粒,13.4,1,13,0.29,2.85,2.9
木柵站,2025/08/25 15:00,20,懸浮微粒,13.3,3,12,0.27,2.42,2.7
木柵站,2025/08/25 16:00,21,懸浮微粒,11.8,3,11,0.26,2.26,2.9
木柵站,2025/08/25 17:00,20,懸浮微粒,10.7,1,12,0.26,2.13,3.7
木柵站,2025/08/25 18:00,18,懸浮微粒,12,4,8,0.25,1.83,3.9
木柵站,2025/08/25 19:00,16,懸浮微粒,10.5,3,6,0.22,1.94,3.8
木柵站,2025/08/25 20:00,14,懸浮微粒,9.2,2,7,0.27,2.06,3.7
木柵站,2025/08/25 21:00,13,懸浮微粒,9.4,1,5,0.25,1.99,3.8
木柵站,2025/08/25 22:00,13,懸浮微粒,9.3,1,7,0.21,1.83,3.4
木柵站,2025/08/25 23:00,14,懸浮微粒,9,4,9,0.22,2.1,2.7
木柵站,2025/08/26 00:00,14,懸浮微粒,9.7,5,8,0.27,1.86,2
木柵站,2025/08/26 01:00,13,懸浮微粒,8.4,3,4,0.32,1.65,2.8
木柵站,2025/08/26 02:00,12,細懸浮微粒,6.4,2,3,0.29,1.52,4.3
木柵站,2025/08/26 03:00,13,懸浮微粒,4.4,2,15,0.28,1.86,5.1
木柵站,2025/08/26 04:00,13,懸浮微粒,4.5,2,10,0.22,2.08,4.6
木柵站,2025/08/26 05:00,15,懸浮微粒,3.8,3,11,0.24,1.77,5.5
木柵站,2025/08/26 06:00,17,懸浮微粒,4.7,3,12,0.27,1.84,4.4
木柵站,2025/08/26 07:00,16,懸浮微粒,6.3,1,11,0.31,2.2,3.1
木柵站,2025/08/26 08:00,18,二氧化硫小時值,8.8,1,11,0.35,2.87,4
木柵站,2025/08/26 09:00,17,二氧化硫小時值,14.4,1,7,0.33,2.69,6
木柵站,2025/08/26 10:00,25,二氧化硫小時值,20.4,1,9,0.33,4,9.6
木柵站,2025/08/26 11:00,22,二氧化硫小時值,21.6,1,12,0.34,3.59,7.1
木柵站,2025/08/26 12:00,16,懸浮微粒,16.2,4,10,0.23,2.44,2.5
木柵站,2025/08/26 13:00,17,二氧化硫小時值,17.6,3,9,0.23,2.69,2.4
木柵站,2025/08/26 14:00,19,二氧化硫小時值,18.4,2,9,0.26,3.03,2.2
木柵站,2025/08/26 15:00,16,懸浮微粒,16.3,1,8,0.24,2.4,2.6
木柵站,2025/08/26 16:00,16,臭氧8小時,14.4,1,7,0.27,2.23,3.3
木柵站,2025/08/26 17:00,16,臭氧8小時,12.9,1,9,0.28,2.5,5.6
木柵站,2025/08/26 18:00,15,臭氧8小時,12.7,4,9,0.24,2.13,3.3
木柵站,2025/08/26 19:00,14,懸浮微粒,12,3,8,0.23,1.85,3.7
木柵站,2025/08/26 20:00,14,二氧化硫小時值,11.1,3,7,0.3,2.29,2.8
木柵站,2025/08/26 21:00,16,二氧化硫小時值,10.4,3,8,0.31,2.57,3.5
木柵站,2025/08/26 22:00,13,懸浮微粒,10.4,3,6,0.31,1.78,3.6
木柵站,2025/08/26 23:00,13,二氧化硫小時值,11.1,1,7,0.28,2.14,3.3
木柵站,2025/08/27 00:00,13,懸浮微粒,10.5,1,10,0.25,1.7,3.1
木柵站,2025/08/27 01:00,14,懸浮微粒,11.2,1,10,0.26,1.58,1.5
木柵站,2025/08/27 02:00,15,懸浮微粒,13.1,1,10,0.24,1.5,0.8
木柵站,2025/08/27 03:00,15,懸浮微粒,11.8,2,7,0.23,1.41,1.4
木柵站,2025/08/27 04:00,14,懸浮微粒,11.2,2,7,0.29,1.3,2.9
木柵站,2025/08/27 05:00,13,懸浮微粒,11.9,2,8,0.28,1.64,2.8
木柵站,2025/08/27 06:00,12,懸浮微粒,11.7,4,5,0.27,1.72,3.1
木柵站,2025/08/27 07:00,13,二氧化硫小時值,11.2,4,6,0.31,2.07,2.9
木柵站,2025/08/27 08:00,14,二氧化硫小時值,11,3,13,0.29,2.24,3.7
木柵站,2025/08/27 09:00,15,懸浮微粒,11.2,2,14,0.31,1.7,5
木柵站,2025/08/27 10:00,19,懸浮微粒,12.2,1,19,0.29,2.09,3.9
木柵站,2025/08/27 11:00,20,懸浮微粒,13,1,9,0.31,2.49,5.1
木柵站,2025/08/27 12:00,19,懸浮微粒,14.3,1,10,0.23,2.25,3.9
木柵站,2025/08/27 13:00,18,懸浮微粒,14,1,9,0.25,1.97,3.4
木柵站,2025/08/27 14:00,16,懸浮微粒,12.8,1,10,0.24,2.17,3.6
木柵站,2025/08/27 15:00,23,二氧化氮小時值,26.8,4,17,0.29,2.15,9.5
木柵站,2025/08/27 16:00,23,二氧化氮小時值,28.5,5,12,0.28,1.93,9.7
木柵站,2025/08/27 17:00,34,二氧化氮小時值,23,4,13,0.35,1.94,14.4
木柵站,2025/08/27 18:00,21,懸浮微粒,13,2,10,0.24,1.59,5.8
木柵站,2025/08/27 19:00,19,懸浮微粒,11.4,1,7,0.19,1.44,5.5
木柵站,2025/08/27 20:00,18,懸浮微粒,13,1,10,0.26,1.87,3.2
木柵站,2025/08/27 21:00,19,懸浮微粒,13.7,1,16,0.25,1.82,2.5
木柵站,2025/08/27 22:00,19,懸浮微粒,13.9,1,12,0.24,1.61,2.1
木柵站,2025/08/27 23:00,21,懸浮微粒,15.2,3,15,0.24,1.92,1.9
木柵站,2025/08/28 00:00,20,懸浮微粒,15.5,1,6,0.25,1.59,1.5
木柵站,2025/08/28 01:00,18,懸浮微粒,14.6,5,8,0.29,1.3,1.7
木柵站,2025/08/28 02:00,18,懸浮微粒,15.5,3,10,0.26,1.35,1.5
木柵站,2025/08/28 03:00,15,懸浮微粒,15.5,1,7,0.24,1.34,1.2
木柵站,2025/08/28 04:00,14,懸浮微粒,14.3,1,3,0.28,1.48,1.5
木柵站,2025/08/28 05:00,14,二氧化氮小時值,9.2,1,7,0.3,0.91,5.9
木柵站,2025/08/28 06:00,24,二氧化氮小時值,5.8,1,13,0.38,1.43,10
木柵站,2025/08/28 07:00,15,懸浮微粒,10.3,3,11,0.38,1.81,6
木柵站,2025/08/28 08:00,16,懸浮微粒,15.8,2,9,0.23,2.01,4.1
木柵站,2025/08/28 09:00,17,懸浮微粒,17.9,1,12,0.18,1.77,3.6
木柵站,2025/08/28 10:00,17,懸浮微粒,18.8,1,13,0.21,1.72,2.6
木柵站,2025/08/28 11:00,18,懸浮微粒,21.9,1,13,0.24,1.81,2.7
木柵站,2025/08/28 12:00,18,懸浮微粒,20.9,2,10,0.28,1.81,2.8
木柵站,2025/08/28 13:00,18,懸浮微粒,18.7,3,10,0.3,2.29,2.5
木柵站,2025/08/28 14:00,19,懸浮微粒,18.3,1,17,0.29,2.46,2.8
木柵站,2025/08/28 15:00,19,懸浮微粒,18.4,2,11,0.28,1.88,3.2
木柵站,2025/08/28 16:00,21,懸浮微粒,19.4,4,17,0.26,1.93,4.1
木柵站,2025/08/28 17:00,22,懸浮微粒,17.7,2,11,0.3,1.32,6.3
木柵站,2025/08/28 18:00,20,懸浮微粒,17.3,5,11,0.3,1.63,6.3
木柵站,2025/08/28 19:00,22,懸浮微粒,16.5,6,15,0.24,1.25,5.3
木柵站,2025/08/28 20:00,21,懸浮微粒,16.3,3,12,0.24,1.49,3.6
木柵站,2025/08/28 21:00,21,懸浮微粒,16.4,1,11,0.21,1.32,3.1
木柵站,2025/08/28 22:00,20,懸浮微粒,15,4,10,0.22,1.25,3.2
木柵站,2025/08/28 23:00,19,懸浮微粒,15.6,2,11,0.22,0.97,2.4
木柵站,2025/08/29 00:00,19,懸浮微粒,16.4,1,9,0.27,0.95,1.5
木柵站,2025/08/29 01:00,18,懸浮微粒,15.9,1,8,0.29,0.68,1.1
木柵站,2025/08/29 02:00,17,懸浮微粒,15.9,1,10,0.29,0.89,1.3
木柵站,2025/08/29 03:00,17,懸浮微粒,14.1,1,11,0.26,0.88,1.1
木柵站,2025/08/29 04:00,17,懸浮微粒,13.4,5,11,0.24,0.74,0.9
木柵站,2025/08/29 05:00,18,懸浮微粒,13.4,4,11,0.23,0.9,1.3
木柵站,2025/08/29 06:00,18,懸浮微粒,13.2,2,10,0.24,1.12,2.5
木柵站,2025/08/29 07:00,20,懸浮微粒,12.9,2,18,0.31,1.25,3.4
木柵站,2025/08/29 08:00,26,懸浮微粒,13.4,3,34,0.31,1.02,3.9
木柵站,2025/08/29 09:00,26,懸浮微粒,14.8,2,13,0.31,1.24,3.6
木柵站,2025/08/29 10:00,29,懸浮微粒,-,1,-,-,-,-
木柵站,2025/08/29 11:00,30,懸浮微粒,16.7,1,18,0.38,-,2.1
木柵站,2025/08/29 12:00,24,懸浮微粒,16.2,1,14,0.25,0.52,2.6
木柵站,2025/08/29 13:00,25,懸浮微粒,17.2,1,14,0.23,1.77,2.2
木柵站,2025/08/29 14:00,24,懸浮微粒,16.9,1,11,0.21,0.88,2.3
木柵站,2025/08/29 15:00,22,懸浮微粒,14.8,1,7,0.21,0.65,3.5
木柵站,2025/08/29 16:00,25,懸浮微粒,12.6,1,24,0.25,0.35,4.9
木柵站,2025/08/29 17:00,25,懸浮微粒,11,1,12,0.28,0.46,5.6
木柵站,2025/08/29 18:00,24,懸浮微粒,11.6,2,9,0.25,0.3,5.2
木柵站,2025/08/29 19:00,23,懸浮微粒,11,1,8,0.2,0.27,4.8
木柵站,2025/08/29 20:00,18,懸浮微粒,10.4,3,9,0.27,0.22,4
木柵站,2025/08/29 21:00,17,懸浮微粒,10.6,3,8,0.24,0.24,4
木柵站,2025/08/29 22:00,17,懸浮微粒,10.6,1,10,0.26,0.34,4.2
木柵站,2025/08/29 23:00,17,懸浮微粒,11.8,1,10,0.23,0.3,2.7
木柵站,2025/08/30 00:00,17,懸浮微粒,11.5,2,9,0.25,1.72,2.4
木柵站,2025/08/30 01:00,17,懸浮微粒,7.9,1,10,0.3,2.1,4.6
木柵站,2025/08/30 02:00,17,懸浮微粒,9.3,2,10,0.25,1.92,3.7
木柵站,2025/08/30 03:00,17,懸浮微粒,11,1,9,0.23,1.98,1.6
木柵站,2025/08/30 04:00,15,懸浮微粒,10.7,3,8,0.25,2.24,1.8
木柵站,2025/08/30 05:00,14,懸浮微粒,9.5,2,6,0.26,2.21,2.7
木柵站,2025/08/30 06:00,15,二氧化硫小時值,7.1,2,6,0.3,2.47,5.1
木柵站,2025/08/30 07:00,16,二氧化硫小時值,9.9,1,11,0.35,2.56,3.5
木柵站,2025/08/30 08:00,18,二氧化硫小時值,13.2,1,14,0.36,2.9,3.2
木柵站,2025/08/30 09:00,18,二氧化硫小時值,27.1,3,12,0.42,2.83,4.3
木柵站,2025/08/30 10:00,19,懸浮微粒,45.8,3,15,0.44,2.72,5
木柵站,2025/08/30 11:00,22,懸浮微粒,42.3,4,21,0.42,-,3.3
木柵站,2025/08/30 12:00,23,懸浮微粒,25.4,1,15,0.26,-,2.9
木柵站,2025/08/30 13:00,26,臭氧8小時,55,10,19,0.38,-,8.2
木柵站,2025/08/30 14:00,32,臭氧8小時,61.5,12,32,0.41,-,10.5
木柵站,2025/08/30 15:00,37,臭氧8小時,50.5,14,26,0.38,-,11.7
木柵站,2025/08/30 16:00,38,臭氧8小時,22.6,7,14,0.23,2.86,5.4
木柵站,2025/08/30 17:00,37,臭氧8小時,18.3,5,14,0.21,2.45,5.4
木柵站,2025/08/30 18:00,34,臭氧8小時,15.9,4,14,0.22,2.61,5.4
木柵站,2025/08/30 19:00,30,臭氧8小時,13.2,1,15,0.22,2.37,6.8
木柵站,2025/08/30 20:00,29,臭氧8小時,11,5,9,0.27,2.07,7.1
木柵站,2025/08/30 21:00,26,懸浮微粒,9.5,6,17,0.26,2.33,7.6
木柵站,2025/08/30 22:00,24,懸浮微粒,10.8,4,8,0.23,2.51,5.7
木柵站,2025/08/30 23:00,23,懸浮微粒,11.5,4,10,0.21,2.84,5.7
木柵站,2025/08/31 00:00,22,懸浮微粒,10.4,2,10,0.33,1.83,4.7
木柵站,2025/08/31 01:00,22,懸浮微粒,10,5,16,0.34,1.28,3.9
木柵站,2025/08/31 02:00,22,懸浮微粒,9.3,6,15,0.34,1.14,4.9
木柵站,2025/08/31 03:00,23,懸浮微粒,7.7,4,17,0.31,1.08,4.9
木柵站,2025/08/31 04:00,23,懸浮微粒,6.4,4,11,0.34,1.04,5.2
木柵站,2025/08/31 05:00,23,懸浮微粒,5.8,7,16,0.36,1.45,5.8
木柵站,2025/08/31 06:00,23,懸浮微粒,6.4,4,15,0.36,1.22,4.2
木柵站,2025/08/31 07:00,24,懸浮微粒,11.7,5,18,0.43,1.47,3.8
木柵站,2025/08/31 08:00,28,懸浮微粒,28.1,8,24,0.38,2.01,4.5
木柵站,2025/08/31 09:00,32,懸浮微粒,45.3,14,33,0.5,2.22,7.6
木柵站,2025/08/31 10:00,37,懸浮微粒,62.5,12,32,0.49,1.97,7.1
木柵站,2025/08/31 11:00,43,懸浮微粒,73.7,19,35,0.51,2.02,8.1
木柵站,2025/08/31 12:00,47,細懸浮微粒,77.9,14,31,0.33,3,10.7
木柵站,2025/08/31 13:00,52,細懸浮微粒,56.9,21,26,0.29,2.36,9.4
木柵站,2025/08/31 14:00,54,細懸浮微粒,55.3,15,32,0.25,2.25,8.9
木柵站,2025/08/31 15:00,51,細懸浮微粒,34.9,9,23,0.19,2.12,5.4
木柵站,2025/08/31 16:00,50,臭氧8小時,24.6,6,18,0.21,2.11,3
木柵站,2025/08/31 17:00,47,臭氧8小時,19.8,5,22,0.32,2.12,10.2
木柵站,2025/08/31 18:00,42,臭氧8小時,18.9,11,24,0.27,1.93,7.8
木柵站,2025/08/31 19:00,40,細懸浮微粒,19,10,18,0.28,1.68,7.7
木柵站,2025/08/31 20:00,42,細懸浮微粒,15.5,9,21,0.35,1.71,7.9
木柵站,2025/08/31 21:00,43,細懸浮微粒,13.8,9,21,0.34,1.82,8.8
木柵站,2025/08/31 22:00,41,細懸浮微粒,11.9,8,16,0.37,1.67,10.2
木柵站,2025/08/31 23:00,37,細懸浮微粒,13.8,7,24,0.31,1.75,6.6
木柵站,2025/09/01 00:00,35,細懸浮微粒,12.2,6,17,0.35,1.32,8.4
木柵站,2025/09/01 01:00,32,細懸浮微粒,11.9,8,12,0.38,0.91,7.1
木柵站,2025/09/01 02:00,32,懸浮微粒,13.3,6,21,0.33,1.12,5.2
木柵站,2025/09/01 03:00,31,懸浮微粒,12.5,9,19,0.3,1.05,4.9
木柵站,2025/09/01 04:00,35,細懸浮微粒,11.9,13,21,0.31,0.88,4.7
木柵站,2025/09/01 05:00,40,細懸浮微粒,9.4,14,22,0.32,0.97,6.6
木柵站,2025/09/01 06:00,43,細懸浮微粒,10.2,12,15,0.33,1.28,7.9
木柵站,2025/09/01 07:00,43,細懸浮微粒,10.8,10,22,0.4,1.35,10.8
木柵站,2025/09/01 08:00,44,細懸浮微粒,13.8,13,28,0.38,1.52,12.5
木柵站,2025/09/01 09:00,45,細懸浮微粒,26.1,14,33,0.37,2.14,9.9
木柵站,2025/09/01 10:00,49,細懸浮微粒,39.2,17,36,0.39,2.38,8.2
木柵站,2025/09/01 11:00,51,細懸浮微粒,40.4,13,38,0.41,2.16,11.7
木柵站,2025/09/01 12:00,51,細懸浮微粒,42.3,11,30,0.48,1.89,16.7
木柵站,2025/09/01 13:00,52,細懸浮微粒,33.3,15,26,0.51,1.88,20.6
木柵站,2025/09/01 14:00,49,細懸浮微粒,17.3,9,15,0.38,1.52,11.3
木柵站,2025/09/01 15:00,46,細懸浮微粒,17.1,7,14,0.34,1.6,10.3
木柵站,2025/09/01 16:00,44,細懸浮微粒,14.6,8,20,0.36,1.81,14.4
木柵站,2025/09/01 17:00,40,細懸浮微粒,12.1,9,14,0.34,1.1,14.2
木柵站,2025/09/01 18:00,41,細懸浮微粒,14.7,12,16,0.29,1.37,9.4
木柵站,2025/09/01 19:00,42,細懸浮微粒,13.6,9,14,0.3,1.5,9.5
木柵站,2025/09/01 20:00,40,細懸浮微粒,8.1,6,22,0.36,1.43,13.1
木柵站,2025/09/01 21:00,40,細懸浮微粒,6.1,10,15,0.33,1.43,10.9
木柵站,2025/09/01 22:00,38,細懸浮微粒,6.4,10,16,0.26,1.39,9.4
木柵站,2025/09/01 23:00,36,細懸浮微粒,6.8,7,17,0.24,1.51,8.1
木柵站,2025/09/02 00:00,35,細懸浮微粒,4.8,7,15,0.32,1.67,10.2
木柵站,2025/09/02 01:00,33,細懸浮微粒,4.1,7,18,0.33,1.72,9.9
木柵站,2025/09/02 02:00,29,細懸浮微粒,5,4,19,0.31,1.68,9.9
木柵站,2025/09/02 03:00,28,懸浮微粒,4.3,5,15,0.29,1.69,8.5
木柵站,2025/09/02 04:00,28,懸浮微粒,3.3,5,17,0.33,1.41,9.6
木柵站,2025/09/02 05:00,28,細懸浮微粒,3.6,11,11,0.33,2.07,9.9
木柵站,2025/09/02 06:00,28,細懸浮微粒,4.6,6,19,0.32,2.18,9
木柵站,2025/09/02 07:00,27,懸浮微粒,6.5,2,15,0.37,2.39,8.1
木柵站,2025/09/02 08:00,28,懸浮微粒,11.4,7,21,0.36,2.16,8.4
木柵站,2025/09/02 09:00,34,懸浮微粒,24.1,14,36,0.45,2.73,12.3
木柵站,2025/09/02 10:00,46,細懸浮微粒,48.1,32,50,0.55,3.01,12.4
木柵站,2025/09/02 11:00,59,細懸浮微粒,64.4,28,43,0.47,2.95,10.5
木柵站,2025/09/02 12:00,68,細懸浮微粒,55.3,28,45,0.43,3.02,19.9
木柵站,2025/09/02 13:00,70,細懸浮微粒,53.1,17,35,0.26,3.29,9.7
木柵站,2025/09/02 14:00,63,細懸浮微粒,39,9,19,0.21,2.88,9.5
木柵站,2025/09/02 15:00,59,細懸浮微粒,34.9,14,20,0.27,3.22,18.3
木柵站,2025/09/02 16:00,55,細懸浮微粒,31.4,14,30,0.39,2.96,23.8
木柵站,2025/09/02 17:00,56,細懸浮微粒,32.3,16,24,0.36,2.51,15.6
木柵站,2025/09/02 18:00,55,細懸浮微粒,34,8,14,0.26,2.1,8.9
木柵站,2025/09/02 19:00,54,細懸浮微粒,27.4,8,12,0.27,2.04,12.1
木柵站,2025/09/02 20:00,52,細懸浮微粒,19.3,8,20,0.39,2.09,13.1
木柵站,2025/09/02 21:00,49,細懸浮微粒,14.5,9,19,0.36,2.43,11.1
木柵站,2025/09/02 22:00,44,細懸浮微粒,9.6,7,26,0.36,1.93,13.4
木柵站,2025/09/02 23:00,39,細懸浮微粒,6.2,6,21,0.38,1.73,14.6
木柵站,2025/09/03 00:00,36,細懸浮微粒,6.4,8,13,0.34,1.22,12.8
木柵站,2025/09/03 01:00,33,懸浮微粒,6.5,5,21,0.31,1.29,7.9
木柵站,2025/09/03 02:00,32,懸浮微粒,6.5,4,18,0.3,1.4,8.3
木柵站,2025/09/03 03:00,31,懸浮微粒,4.1,7,18,0.31,1.38,8.2
木柵站,2025/09/03 04:00,30,懸浮微粒,3.3,9,14,0.36,1.41,8.1
木柵站,2025/09/03 05:00,30,懸浮微粒,3.4,6,20,0.38,1.52,7.9
木柵站,2025/09/03 06:00,30,懸浮微粒,4.4,7,19,0.39,1.58,6.7
木柵站,2025/09/03 07:00,31,懸浮微粒,6,5,18,0.46,1.53,7.9
木柵站,2025/09/03 08:00,33,懸浮微粒,14.4,8,25,0.38,1.86,11
木柵站,2025/09/03 09:00,35,懸浮微粒,32.3,11,27,0.43,2.64,12.1
木柵站,2025/09/03 10:00,37,懸浮微粒,47.9,16,28,0.42,2.45,10.9
木柵站,2025/09/03 11:00,48,細懸浮微粒,64.1,23,40,0.51,2.71,13.8
木柵站,2025/09/03 12:00,57,細懸浮微粒,74.1,26,43,0.35,2.07,12.9
木柵站,2025/09/03 13:00,62,細懸浮微粒,68,21,39,0.31,2.39,12.3
木柵站,2025/09/03 14:00,64,細懸浮微粒,61.6,17,41,0.29,2.87,10.2
木柵站,2025/09/03 15:00,63,細懸浮微粒,52.5,17,19,0.23,1.99,9.4
木柵站,2025/09/03 16:00,55,細懸浮微粒,35.3,5,16,0.26,1.55,16.2
木柵站,2025/09/03 17:00,50,臭氧8小時,27.3,5,19,0.29,1.67,15
木柵站,2025/09/03 18:00,47,臭氧8小時,19,9,18,0.31,1.39,14.5
木柵站,2025/09/03 19:00,42,細懸浮微粒,10.4,8,20,0.23,1.77,11.5
木柵站,2025/09/03 20:00,44,細懸浮微粒,7.1,10,18,0.35,1.89,8.7
木柵站,2025/09/03 21:00,44,細懸浮微粒,5.9,6,13,0.29,1.67,8.4
木柵站,2025/09/03 22:00,38,細懸浮微粒,4.4,2,14,0.28,1.96,9.5
木柵站,2025/09/03 23:00,33,細懸浮微粒,4.5,4,17,0.28,1.68,7.6
木柵站,2025/09/04 00:00,29,懸浮微粒,4.3,4,14,0.27,1.38,5.9
木柵站,2025/09/04 01:00,27,懸浮微粒,3.5,4,12,0.34,1.32,7.5
木柵站,2025/09/04 02:00,27,懸浮微粒,5,4,19,0.3,1.46,6.5
木柵站,2025/09/04 03:00,26,懸浮微粒,3.4,2,16,0.28,1.48,6.6
木柵站,2025/09/04 04:00,28,懸浮微粒,3.6,5,21,0.24,1.17,5.2
木柵站,2025/09/04 05:00,28,懸浮微粒,3.6,4,13,0.27,1.35,5.7
木柵站,2025/09/04 06:00,27,懸浮微粒,4.1,9,17,0.31,1.52,7.8
木柵站,2025/09/04 07:00,28,懸浮微粒,6.4,8,20,0.38,1.74,7.5
木柵站,2025/09/04 08:00,29,懸浮微粒,16.6,6,23,0.42,1.74,9.5
木柵站,2025/09/04 09:00,34,懸浮微粒,40.1,9,32,0.54,2.61,12.7
木柵站,2025/09/04 10:00,40,懸浮微粒,59.7,13,36,0.54,2.96,12.8
木柵站,2025/09/04 11:00,45,懸浮微粒,72.4,24,38,0.56,2.38,13.3
木柵站,2025/09/04 12:00,51,懸浮微粒,67.4,19,42,0.35,2.68,15.7
木柵站,2025/09/04 13:00,55,細懸浮微粒,70.5,17,24,0.31,4.11,14.4
木柵站,2025/09/04 14:00,60,細懸浮微粒,67.4,21,35,0.27,3.59,13.1
木柵站,2025/09/04 15:00,57,細懸浮微粒,44.9,12,15,0.14,1.48,6.2
木柵站,2025/09/04 16:00,59,臭氧8小時,33.3,10,16,0.26,1.2,14.4
木柵站,2025/09/04 17:00,53,細懸浮微粒,24.5,12,24,0.35,1.24,16.2
木柵站,2025/09/04 18:00,51,細懸浮微粒,14.9,13,19,0.37,1.09,16.9
木柵站,2025/09/04 19:00,50,細懸浮微粒,6,9,18,0.3,1.18,13.3
木柵站,2025/09/04 20:00,49,細懸浮微粒,6.2,8,20,0.3,1.22,11.1
木柵站,2025/09/04 21:00,44,細懸浮微粒,6.2,4,21,0.26,1.37,10
木柵站,2025/09/04 22:00,38,細懸浮微粒,7.8,3,21,0.23,1.41,8.1
木柵站,2025/09/04 23:00,36,懸浮微粒,4.7,5,18,0.28,1.64,9.9
木柵站,2025/09/05 00:00,32,懸浮微粒,4.7,6,13,0.35,1.75,8.9
木柵站,2025/09/05 01:00,32,懸浮微粒,4.9,4,21,0.36,1.4,6.9
木柵站,2025/09/05 02:00,31,懸浮微粒,5.3,9,20,0.36,1.35,7.8
木柵站,2025/09/05 03:00,33,懸浮微粒,4.1,5,25,0.34,1.2,7.5
木柵站,2025/09/05 04:00,36,懸浮微粒,3.3,2,26,0.26,1.51,7.1
木柵站,2025/09/05 05:00,36,懸浮微粒,3.3,5,21,0.29,1.32,6.8
木柵站,2025/09/05 06:00,38,懸浮微粒,3.7,7,28,0.32,1.68,7.1
木柵站,2025/09/05 07:00,36,懸浮微粒,6.3,9,15,0.33,1.59,6.2
木柵站,2025/09/05 08:00,34,懸浮微粒,11.2,8,18,0.42,1.75,9.6
木柵站,2025/09/05 09:00,36,懸浮微粒,24,9,26,0.39,2.07,9.7
木柵站,2025/09/05 10:00,34,懸浮微粒,22.7,6,-,0.32,1.99,-
木柵站,2025/09/05 11:00,36,懸浮微粒,18.7,3,-,0.27,1.96,2.7
木柵站,2025/09/05 12:00,35,懸浮微粒,17.8,3,14,0.24,2.27,3.7
木柵站,2025/09/05 13:00,27,懸浮微粒,16.6,4,10,0.24,2.26,2.7
木柵站,2025/09/05 14:00,24,懸浮微粒,16.2,2,5,0.24,2.57,3
木柵站,2025/09/05 15:00,22,懸浮微粒,17.1,4,8,0.24,2.55,2.6
木柵站,2025/09/05 16:00,20,懸浮微粒,17,3,12,0.3,2.34,3
木柵站,2025/09/05 17:00,19,懸浮微粒,16.5,1,10,0.29,1.7,4.7
木柵站,2025/09/05 18:00,18,懸浮微粒,14.3,4,6,0.29,1.67,7
木柵站,2025/09/05 19:00,16,懸浮微粒,13.5,4,3,0.28,1.88,6.5
木柵站,2025/09/05 20:00,14,臭氧8小時,13.3,3,5,0.3,1.76,5.7
木柵站,2025/09/05 21:00,15,細懸浮微粒,13.1,5,11,0.28,1.34,4.6
木柵站,2025/09/05 22:00,14,細懸浮微粒,12.4,3,7,0.25,1.51,4.1
木柵站,2025/09/05 23:00,13,臭氧8小時,13.8,1,7,0.23,1.23,2
木柵站,2025/09/06 00:00,14,懸浮微粒,14,6,12,0.3,1.3,1.5
木柵站,2025/09/06 01:00,14,細懸浮微粒,14.1,5,11,0.35,1.94,1.4
木柵站,2025/09/06 02:00,15,懸浮微粒,15.1,2,7,0.32,1.39,1.3
木柵站,2025/09/06 03:00,16,細懸浮微粒,13.4,5,10,0.29,1.53,1.1
木柵站,2025/09/06 04:00,15,細懸浮微粒,13.1,4,9,0.3,1.56,1.1
木柵站,2025/09/06 05:00,16,細懸浮微粒,10.4,5,7,0.29,1.3,2.6
木柵站,2025/09/06 06:00,16,細懸浮微粒,10.2,2,11,0.3,1.76,2.9
木柵站,2025/09/06 07:00,16,懸浮微粒,12.3,1,13,0.34,2.52,2.1
木柵站,2025/09/06 08:00,17,懸浮微粒,14.3,3,12,0.28,2.2,2.1
木柵站,2025/09/06 09:00,18,懸浮微粒,16,4,11,0.28,2.18,2.2
木柵站,2025/09/06 10:00,18,懸浮微粒,16.7,3,11,0.3,2.33,3.1
木柵站,2025/09/06 11:00,17,懸浮微粒,17.2,4,7,0.31,2.13,2.3
木柵站,2025/09/06 12:00,16,懸浮微粒,17,2,8,0.29,2.04,2.2
木柵站,2025/09/06 13:00,17,懸浮微粒,17,1,16,0.27,2.51,1
木柵站,2025/09/06 14:00,16,懸浮微粒,17,5,5,0.28,2.24,1.4
木柵站,2025/09/06 15:00,15,臭氧8小時,17.4,6,6,0.27,2.32,1.5
木柵站,2025/09/06 16:00,16,臭氧8小時,17.2,2,4,0.27,2.13,1.9
木柵站,2025/09/06 17:00,16,臭氧8小時,15.9,1,5,0.27,1.94,3.5
木柵站,2025/09/06 18:00,15,臭氧8小時,15,4,9,0.29,2.01,4.7
木柵站,2025/09/06 19:00,15,臭氧8小時,15.3,5,10,0.29,1.71,4.5
木柵站,2025/09/06 20:00,15,臭氧8小時,13.3,4,9,0.36,1.87,5.3
木柵站,2025/09/06 21:00,17,細懸浮微粒,12.2,6,9,0.35,1.98,5.4
木柵站,2025/09/06 22:00,16,細懸浮微粒,8.8,3,9,0.35,1.45,6.8
木柵站,2025/09/06 23:00,17,懸浮微粒,8.5,5,18,0.3,1.58,5.1
木柵站,2025/09/07 00:00,18,細懸浮微粒,8.1,6,9,0.33,1.71,4.4
木柵站,2025/09/07 01:00,19,細懸浮微粒,5.9,6,11,0.37,1.89,6.3
木柵站,2025/09/07 02:00,20,細懸浮微粒,7.7,5,15,0.32,1.82,5.6
木柵站,2025/09/07 03:00,18,懸浮微粒,6.2,1,13,0.29,1.57,5
木柵站,2025/09/07 04:00,20,懸浮微粒,7.1,1,13,0.32,1.79,3.9
木柵站,2025/09/07 05:00,20,懸浮微粒,6.9,6,11,0.32,1.85,4
木柵站,2025/09/07 06:00,22,懸浮微粒,7.1,7,19,0.37,2.2,4.8
木柵站,2025/09/07 07:00,25,懸浮微粒,10.2,13,22,0.41,2.3,5
木柵站,2025/09/07 08:00,33,細懸浮微粒,23.3,15,27,0.37,2.71,4.7
木柵站,2025/09/07 09:00,31,細懸浮微粒,31.4,3,18,0.36,3.07,4.6
木柵站,2025/09/07 10:00,33,細懸浮微粒,35.3,9,23,0.37,2.79,4.8
木柵站,2025/09/07 11:00,32,懸浮微粒,40.8,7,20,0.36,2.76,5.5
木柵站,2025/09/07 12:00,32,懸浮微粒,43.4,5,22,0.36,3.05,6.6
木柵站,2025/09/07 13:00,33,懸浮微粒,47.2,10,20,0.39,3.12,7.5
木柵站,2025/09/07 14:00,34,懸浮微粒,41.2,12,23,0.39,3.33,9.7
木柵站,2025/09/07 15:00,35,細懸浮微粒,34.9,10,17,0.33,2.6,8.4
木柵站,2025/09/07 16:00,40,細懸浮微粒,35,11,27,0.32,2.11,9.3
木柵站,2025/09/07 17:00,41,細懸浮微粒,34.6,11,-,0.26,1.82,7.1
木柵站,2025/09/07 18:00,38,細懸浮微粒,30.4,6,1,0.17,2.02,5.3
木柵站,2025/09/07 19:00,33,臭氧8小時,22.6,3,1,0.2,2.06,8.8
木柵站,2025/09/07 20:00,30,臭氧8小時,15.7,3,1,0.38,2.01,9.8
木柵站,2025/09/07 21:00,26,臭氧8小時,11.6,3,19,0.38,2.26,9
木柵站,2025/09/07 22:00,23,臭氧8小時,11.2,4,22,0.37,2.43,8.5
木柵站,2025/09/07 23:00,28,懸浮微粒,8.8,7,26,0.37,2.17,8.1
木柵站,2025/09/08 00:00,30,懸浮微粒,7.9,5,14,0.37,2.11,7.3
木柵站,2025/09/08 01:00,31,懸浮微粒,7,2,25,0.4,2.23,8.1
木柵站,2025/09/08 02:00,33,懸浮微粒,7.7,4,27,0.38,2.21,7
木柵站,2025/09/08 03:00,33,懸浮微粒,7,8,25,0.32,2.48,5.9
木柵站,2025/09/08 04:00,34,懸浮微粒,5.3,6,21,0.29,1.9,7.3
木柵站,2025/09/08 05:00,28,懸浮微粒,4.3,6,1,0.25,1.99,7.2
木柵站,2025/09/08 06:00,24,細懸浮微粒,6.6,8,1,0.24,2.3,4.9
木柵站,2025/09/08 07:00,22,細懸浮微粒,8.6,3,1,0.34,2.29,8
木柵站,2025/09/08 08:00,23,二氧化氮小時值,6.9,2,23,0.41,2.62,9.5
木柵站,2025/09/08 09:00,23,懸浮微粒,10.4,7,16,0.35,2.52,7.3
木柵站,2025/09/08 10:00,28,懸浮微粒,20.2,5,25,0.41,3.03,7.9
木柵站,2025/09/08 11:00,32,懸浮微粒,38.1,8,21,0.39,2.88,8.1
木柵站,2025/09/08 12:00,33,懸浮微粒,57.7,7,27,0.3,2.72,7.5
木柵站,2025/09/08 13:00,35,懸浮微粒,49.2,10,23,0.33,2.93,10.3
木柵站,2025/09/08 14:00,34,懸浮微粒,35.5,8,23,0.29,2.82,13
木柵站,2025/09/08 15:00,35,懸浮微粒,31.9,5,27,0.32,1.19,14.6
木柵站,2025/09/08 16:00,42,二氧化氮小時值,27.2,5,22,0.34,1,17.5
木柵站,2025/09/08 17:00,40,懸浮微粒,32.7,3,38,0.24,0.7,7.8
木柵站,2025/09/08 18:00,42,懸浮微粒,31.1,9,23,0.23,0.72,8.2
木柵站,2025/09/08 19:00,43,懸浮微粒,25.5,7,25,0.24,0.91,6.8
木柵站,2025/09/08 20:00,44,懸浮微粒,23.2,5,25,0.32,0.4,5.6
木柵站,2025/09/08 21:00,41,懸浮微粒,16.2,7,23,0.37,0.74,9.6
木柵站,2025/09/08 22:00,44,懸浮微粒,9.3,9,33,0.43,0.63,11.7
木柵站,2025/09/08 23:00,44,懸浮微粒,9.3,7,25,0.38,0.71,9.7
木柵站,2025/09/09 00:00,45,懸浮微粒,9.7,7,28,0.36,0.28,7.7
木柵站,2025/09/09 01:00,46,懸浮微粒,10.6,10,27,0.35,0.36,7.2
木柵站,2025/09/09 02:00,45,懸浮微粒,10,9,28,0.33,0.3,6
木柵站,2025/09/09 03:00,45,懸浮微粒,8,7,24,0.29,0.42,5.7
木柵站,2025/09/09 04:00,44,懸浮微粒,6.9,8,23,0.27,0.41,5.2
木柵站,2025/09/09 05:00,44,懸浮微粒,4.9,6,31,0.28,0.31,7.4
木柵站,2025/09/09 06:00,43,懸浮微粒,5.9,7,22,0.29,0.46,7.2
木柵站,2025/09/09 07:00,42,懸浮微粒,8,8,23,0.36,0.4,8.4
木柵站,2025/09/09 08:00,42,懸浮微粒,14.8,9,23,0.4,1.03,9.1
木柵站,2025/09/09 09:00,40,懸浮微粒,25.5,10,21,0.41,0.94,10
木柵站,2025/09/09 10:00,40,懸浮微粒,32.3,10,24,0.39,0.8,7.4
木柵站,2025/09/09 11:00,40,懸浮微粒,37.4,11,26,0.39,1.37,7.3
木柵站,2025/09/09 12:00,37,懸浮微粒,44.1,8,13,0.26,0.69,6
木柵站,2025/09/09 13:00,38,懸浮微粒,46.4,8,26,0.26,1.28,6
木柵站,2025/09/09 14:00,39,懸浮微粒,47.6,8,29,0.33,2.57,11.2
木柵站,2025/09/09 15:00,42,懸浮微粒,39.6,17,34,0.33,1.3,14.3
木柵站,2025/09/09 16:00,44,懸浮微粒,32.2,8,22,0.26,0.74,9.5
木柵站,2025/09/09 17:00,38,懸浮微粒,24.4,5,8,0.18,0.31,8.1
木柵站,2025/09/09 18:00,40,懸浮微粒,12.9,10,32,0.22,0.35,13.9
木柵站,2025/09/09 19:00,43,細懸浮微粒,9.7,21,41,0.26,0.31,13.1
木柵站,2025/09/09 20:00,54,細懸浮微粒,8.8,26,51,0.39,0.49,11.1
木柵站,2025/09/09 21:00,61,細懸浮微粒,8.2,22,41,0.36,0.53,9.2
木柵站,2025/09/09 22:00,62,細懸浮微粒,6.5,12,27,0.39,0.53,10.2
木柵站,2025/09/09 23:00,56,細懸浮微粒,4.7,7,32,0.38,0.38,10.4
木柵站,2025/09/10 00:00,53,懸浮微粒,4.9,5,36,0.3,0.15,8.1
木柵站,2025/09/10 01:00,53,懸浮微粒,5.1,6,35,0.31,0.14,6.7
木柵站,2025/09/10 02:00,54,懸浮微粒,7.2,7,37,0.28,0.13,6.2
木柵站,2025/09/10 03:00,54,懸浮微粒,4.4,8,32,0.28,0.16,6.3
木柵站,2025/09/10 04:00,54,懸浮微粒,4.2,8,30,0.25,0.12,6
木柵站,2025/09/10 05:00,56,懸浮微粒,3.4,6,37,0.24,0.14,7.1
木柵站,2025/09/10 06:00,54,懸浮微粒,4.7,5,27,0.28,0.15,6.5
木柵站,2025/09/10 07:00,54,懸浮微粒,7.6,10,33,0.34,0.15,6
木柵站,2025/09/10 08:00,52,懸浮微粒,16.2,10,27,0.28,0.34,6.3
木柵站,2025/09/10 09:00,49,懸浮微粒,25.4,7,24,0.38,0.56,9
木柵站,2025/09/10 10:00,49,懸浮微粒,36.8,10,25,0.38,0.46,9
木柵站,2025/09/10 11:00,46,懸浮微粒,46.4,9,24,0.39,0.56,8.6
木柵站,2025/09/10 12:00,47,懸浮微粒,55.4,5,32,0.37,1.7,14.9
木柵站,2025/09/10 13:00,47,懸浮微粒,60.4,12,26,0.33,2.56,9.8
木柵站,2025/09/10 14:00,39,懸浮微粒,46,13,1,0.28,3.38,14
木柵站,2025/09/10 15:00,38,細懸浮微粒,33.8,11,22,0.23,0.68,9.9
木柵站,2025/09/10 16:00,39,細懸浮微粒,25.1,6,16,0.34,0.13,13.4
木柵站,2025/09/10 17:00,49,二氧化氮小時值,19.3,10,23,0.41,0.16,20.5
木柵站,2025/09/10 18:00,39,懸浮微粒,10,8,30,0.33,0.13,14.3
木柵站,2025/09/10 19:00,39,懸浮微粒,8.8,9,27,0.38,0.18,14.7
木柵站,2025/09/10 20:00,40,懸浮微粒,11.1,10,22,0.3,0.21,6.8
木柵站,2025/09/10 21:00,42,懸浮微粒,8.2,11,29,0.31,0.18,8.4
木柵站,2025/09/10 22:00,41,懸浮微粒,6,11,26,0.34,0.16,8.7
木柵站,2025/09/10 23:00,41,懸浮微粒,5.7,7,25,0.32,0.18,7.9
木柵站,2025/09/11 00:00,39,細懸浮微粒,6.2,10,20,0.32,0.19,6.3
木柵站,2025/09/11 01:00,40,懸浮微粒,5.6,7,32,0.33,0.12,5.6
木柵站,2025/09/11 02:00,42,懸浮微粒,7.2,8,26,0.31,0.15,5.2
木柵站,2025/09/11 03:00,42,懸浮微粒,5.6,8,23,0.29,0.14,4.9
木柵站,2025/09/11 04:00,44,懸浮微粒,5.8,6,27,0.27,0.13,5
木柵站,2025/09/11 05:00,43,懸浮微粒,4.5,8,26,0.25,0.14,6.5
木柵站,2025/09/11 06:00,42,懸浮微粒,5.2,6,23,0.25,0.18,7.2
木柵站,2025/09/11 07:00,44,懸浮微粒,7.3,9,32,0.34,0.15,7.4
木柵站,2025/09/11 08:00,43,懸浮微粒,17.2,5,20,0.27,0.26,6.7
木柵站,2025/09/11 09:00,41,懸浮微粒,25.6,2,21,0.31,0.3,7.5
木柵站,2025/09/11 10:00,41,懸浮微粒,38.7,4,23,0.33,0.38,6.3
木柵站,2025/09/11 11:00,39,懸浮微粒,47.6,9,23,0.33,0.25,7.1
木柵站,2025/09/11 12:00,42,懸浮微粒,49.3,10,33,0.33,1.46,13
木柵站,2025/09/11 13:00,44,懸浮微粒,39.4,9,30,0.29,0.94,7.9
木柵站,2025/09/11 14:00,45,懸浮微粒,36.1,8,27,0.27,0.87,6.9
木柵站,2025/09/11 15:00,46,懸浮微粒,31.4,9,26,0.28,0.88,7.9
木柵站,2025/09/11 16:00,41,懸浮微粒,26.3,7,15,0.29,0.32,7.9
木柵站,2025/09/11 17:00,37,懸浮微粒,20.6,7,15,0.3,0.55,8.2
木柵站,2025/09/11 18:00,34,懸浮微粒,16.8,7,15,0.31,0.41,11.4
木柵站,2025/09/11 19:00,30,懸浮微粒,16.4,6,12,0.27,0.18,7.7
木柵站,2025/09/11 20:00,28,懸浮微粒,12.4,7,11,0.24,0.24,6.7
木柵站,2025/09/11 21:00,30,細懸浮微粒,8.3,9,18,0.29,0.2,10.4
木柵站,2025/09/11 22:00,30,細懸浮微粒,8,6,18,0.29,0.29,8.5
木柵站,2025/09/11 23:00,29,懸浮微粒,8.6,5,15,0.27,0.2,7.5
木柵站,2025/09/12 00:00,28,懸浮微粒,7.4,6,12,0.34,0.25,7.9
木柵站,2025/09/12 01:00,27,懸浮微粒,7.2,5,18,0.37,0.21,5.9
木柵站,2025/09/12 02:00,27,懸浮微粒,8.4,6,21,0.35,0.18,5.5
木柵站,2025/09/12 03:00,27,懸浮微粒,6.8,5,18,0.33,0.22,4.9
木柵站,2025/09/12 04:00,31,懸浮微粒,6.3,5,25,0.3,0.18,5.1
木柵站,2025/09/12 05:00,34,懸浮微粒,4.6,5,27,0.27,0.2,7.6
木柵站,2025/09/12 06:00,34,懸浮微粒,5.9,4,22,0.32,0.24,6.2
木柵站,2025/09/12 07:00,37,懸浮微粒,10.6,3,26,0.32,0.29,5.7
木柵站,2025/09/12 08:00,38,懸浮微粒,22.2,4,25,0.35,0.4,6.9
木柵站,2025/09/12 09:00,40,懸浮微粒,33.5,13,33,0.4,0.77,8.6
木柵站,2025/09/12 10:00,43,懸浮微粒,48.4,12,33,0.44,0.59,9.7
木柵站,2025/09/12 11:00,49,懸浮微粒,50.8,14,42,0.45,0.55,14.1
木柵站,2025/09/12 12:00,51,懸浮微粒,49.6,19,32,0.32,0.54,13.6
木柵站,2025/09/12 13:00,52,懸浮微粒,-,-,-,-,-,-
木柵站,2025/09/12 14:00,52,懸浮微粒,-,9,31,-,-,-
木柵站,2025/09/12 15:00,46,懸浮微粒,35.3,6,16,0.28,0.44,12.2
木柵站,2025/09/12 16:00,43,懸浮微粒,30.3,5,22,0.35,0.74,13.9
木柵站,2025/09/12 17:00,43,懸浮微粒,24.3,3,26,0.33,1.12,14.2
木柵站,2025/09/12 18:00,42,懸浮微粒,17.5,7,25,0.39,0.63,14.4
木柵站,2025/09/12 19:00,46,懸浮微粒,12.7,8,33,0.32,0.82,11.3
木柵站,2025/09/12 20:00,47,懸浮微粒,7.9,6,25,0.31,1.02,11.1
木柵站,2025/09/12 21:00,45,懸浮微粒,6.6,8,23,0.33,1.19,10.4
木柵站,2025/09/12 22:00,45,懸浮微粒,6.6,4,26,0.33,1.03,9.2
木柵站,2025/09/12 23:00,40,懸浮微粒,4.4,8,18,0.34,1.29,10
木柵站,2025/09/13 00:00,40,懸浮微粒,5.6,4,25,0.28,1.82,6.6
木柵站,2025/09/13 01:00,40,懸浮微粒,4.9,2,24,0.34,1.78,6.7
木柵站,2025/09/13 02:00,39,懸浮微粒,6,4,25,0.3,1.47,5.9
木柵站,2025/09/13 03:00,41,懸浮微粒,5,2,23,0.29,1.86,6
木柵站,2025/09/13 04:00,42,懸浮微粒,4.6,9,30,0.3,1.7,5
木柵站,2025/09/13 05:00,43,懸浮微粒,4.7,8,28,0.33,1.63,5.3
木柵站,2025/09/13 06:00,44,懸浮微粒,6,9,29,0.32,1.9,4.7
木柵站,2025/09/13 07:00,46,懸浮微粒,10.8,7,33,0.35,2.01,5
木柵站,2025/09/13 08:00,46,懸浮微粒,19.4,4,27,0.37,2.52,6
木柵站,2025/09/13 09:00,48,懸浮微粒,30.4,6,35,0.48,4.03,8.1
木柵站,2025/09/13 10:00,47,懸浮微粒,39.3,8,23,0.43,3.72,6.8
木柵站,2025/09/13 11:00,45,懸浮微粒,42.4,6,21,0.37,3.05,3.8
木柵站,2025/09/13 12:00,44,懸浮微粒,48.3,11,25,0.3,3.48,4.3
木柵站,2025/09/13 13:00,44,懸浮微粒,56.2,11,32,0.34,6.05,5.3
木柵站,2025/09/13 14:00,46,懸浮微粒,56.2,13,29,0.38,-,11.2
木柵站,2025/09/13 15:00,51,二氧化硫小時值,63.2,15,26,0.36,8.91,10.1
木柵站,2025/09/13 16:00,45,懸浮微粒,39.3,12,18,0.38,3.33,8.5
木柵站,2025/09/13 17:00,44,細懸浮微粒,26.9,10,21,0.37,2.78,12
木柵站,2025/09/13 18:00,41,細懸浮微粒,23.7,8,17,0.33,2.34,8.5
木柵站,2025/09/13 19:00,39,臭氧8小時,21.5,7,20,0.31,2.36,7.8
木柵站,2025/09/13 20:00,36,懸浮微粒,20,5,20,0.27,1.98,5.5
木柵站,2025/09/13 21:00,35,懸浮微粒,14.3,4,21,0.28,2.06,8.5
木柵站,2025/09/13 22:00,37,懸浮微粒,10.5,3,25,0.32,1.71,9.2
木柵站,2025/09/13 23:00,36,懸浮微粒,9.2,4,18,0.31,2.53,7.8
木柵站,2025/09/14 00:00,34,懸浮微粒,8.1,5,11,0.33,1.55,8.3
木柵站,2025/09/14 01:00,33,懸浮微粒,8.2,5,20,0.36,0.94,5.7
木柵站,2025/09/14 02:00,32,懸浮微粒,9.1,4,25,0.33,0.7,5.4
木柵站,2025/09/14 03:00,34,懸浮微粒,7.7,5,28,0.31,1.02,5.4
木柵站,2025/09/14 04:00,37,懸浮微粒,6.7,6,23,0.3,1.07,5.4
木柵站,2025/09/14 05:00,40,懸浮微粒,5.3,9,29,0.29,1.11,6.6
木柵站,2025/09/14 06:00,41,懸浮微粒,6.5,13,28,0.31,0.89,6
木柵站,2025/09/14 07:00,42,懸浮微粒,11.3,8,28,0.32,1.29,5.4
木柵站,2025/09/14 08:00,44,懸浮微粒,21.7,7,29,0.41,2.2,4.8
木柵站,2025/09/14 09:00,41,懸浮微粒,35,8,19,0.39,2.69,3.8
木柵站,2025/09/14 10:00,37,懸浮微粒,32.3,8,12,0.39,1.51,3.5
木柵站,2025/09/14 11:00,36,懸浮微粒,32.8,5,21,0.4,2.43,3.2
木柵站,2025/09/14 12:00,35,懸浮微粒,35.2,3,20,0.28,2.41,2.1
木柵站,2025/09/14 13:00,38,懸浮微粒,49.1,7,31,0.35,2.67,6.2
木柵站,2025/09/14 14:00,40,懸浮微粒,53.2,14,22,0.29,2.34,6.9
木柵站,2025/09/14 15:00,40,懸浮微粒,42.6,18,25,0.31,2.16,9.2
木柵站,2025/09/14 16:00,48,細懸浮微粒,32,17,27,0.33,1.69,7.3
木柵站,2025/09/14 17:00,51,細懸浮微粒,25.4,12,28,0.29,1.18,8.9
木柵站,2025/09/14 18:00,53,細懸浮微粒,20.7,19,33,0.26,1.13,9.3
木柵站,2025/09/14 19:00,52,細懸浮微粒,18.8,14,28,0.26,1.56,9.2
木柵站,2025/09/14 20:00,51,細懸浮微粒,16,12,35,0.38,1.49,10.8
木柵站,2025/09/14 21:00,50,細懸浮微粒,12.8,9,29,0.39,1.54,9
木柵站,2025/09/14 22:00,49,細懸浮微粒,9.4,14,32,0.38,1.29,9.7
木柵站,2025/09/14 23:00,50,細懸浮微粒,8.6,13,21,0.33,1.45,8.4
木柵站,2025/09/15 00:00,48,細懸浮微粒,7.9,7,17,0.36,1.6,7
木柵站,2025/09/15 01:00,50,細懸浮微粒,7.5,11,33,0.34,1.28,4.3
木柵站,2025/09/15 02:00,46,細懸浮微粒,7.4,8,21,0.34,1.39,5.4
木柵站,2025/09/15 03:00,43,懸浮微粒,5.3,10,25,0.29,1.42,5.1
木柵站,2025/09/15 04:00,45,懸浮微粒,4.4,7,29,0.27,1.68,6.1
木柵站,2025/09/15 05:00,43,懸浮微粒,4.1,11,22,0.24,1.53,6.4
木柵站,2025/09/15 06:00,45,懸浮微粒,4.7,6,31,0.28,2.04,5.7
木柵站,2025/09/15 07:00,46,懸浮微粒,7.4,8,29,0.32,1.89,5.9
木柵站,2025/09/15 08:00,46,懸浮微粒,20,10,31,0.38,2.49,6.2
木柵站,2025/09/15 09:00,47,懸浮微粒,34.6,12,29,0.39,3.33,6.1
木柵站,2025/09/15 10:00,45,懸浮微粒,26.8,9,23,0.36,2.47,5.6
木柵站,2025/09/15 11:00,42,懸浮微粒,20.5,6,17,0.33,2.76,4.5
木柵站,2025/09/15 12:00,38,懸浮微粒,18.2,4,11,0.22,2.51,2.2
木柵站,2025/09/15 13:00,32,懸浮微粒,17.5,1,11,0.22,2.84,1.8
木柵站,2025/09/15 14:00,30,懸浮微粒,17.9,1,13,0.22,3.34,2.4
木柵站,2025/09/15 15:00,29,懸浮微粒,19.3,4,18,0.24,2.68,2.7
木柵站,2025/09/15 16:00,27,懸浮微粒,14.8,6,7,0.3,2.3,4.8
木柵站,2025/09/15 17:00,25,懸浮微粒,12.2,7,7,0.31,2.3,5.9
木柵站,2025/09/15 18:00,23,細懸浮微粒,8.9,5,11,0.34,2.22,9.1
木柵站,2025/09/15 19:00,23,細懸浮微粒,9.4,4,17,0.3,2.47,8.1
木柵站,2025/09/15 20:00,22,懸浮微粒,7,4,13,0.22,1.81,8.5
木柵站,2025/09/15 21:00,24,懸浮微粒,8.2,8,18,0.18,1.8,5
木柵站,2025/09/15 22:00,25,懸浮微粒,10.5,6,19,0.2,2.54,4.6
木柵站,2025/09/15 23:00,25,懸浮微粒,10.7,3,15,0.17,2.12,3.6
木柵站,2025/09/16 00:00,24,懸浮微粒,9.7,4,9,0.2,1.77,3.7
木柵站,2025/09/16 01:00,25,懸浮微粒,8,4,20,0.27,1.91,7.1
木柵站,2025/09/16 02:00,24,懸浮微粒,5.7,3,15,0.27,1.87,9
木柵站,2025/09/16 03:00,25,懸浮微粒,8.3,5,19,0.21,1.94,4.6
木柵站,2025/09/16 04:00,27,懸浮微粒,8.2,3,16,0.28,1.96,4.2
木柵站,2025/09/16 05:00,29,懸浮微粒,6.9,6,23,0.29,1.82,4.7
木柵站,2025/09/16 06:00,32,懸浮微粒,4.3,7,26,0.36,2.01,8.5
木柵站,2025/09/16 07:00,33,懸浮微粒,7.6,5,22,0.33,1.92,5.2
木柵站,2025/09/16 08:00,34,懸浮微粒,10.6,2,20,0.28,2.8,3.4
木柵站,2025/09/16 09:00,34,懸浮微粒,12.3,4,19,0.28,2.53,3.3
木柵站,2025/09/16 10:00,34,懸浮微粒,14.7,7,25,0.34,2.84,3.9
木柵站,2025/09/16 11:00,31,懸浮微粒,15.7,4,11,0.33,2.61,3.3
木柵站,2025/09/16 12:00,31,懸浮微粒,14.6,1,17,0.29,2.19,3.1
木柵站,2025/09/16 13:00,30,懸浮微粒,16.5,4,16,0.27,2.65,2
木柵站,2025/09/16 14:00,28,懸浮微粒,15.1,5,15,0.28,2.69,3.5
木柵站,2025/09/16 15:00,28,懸浮微粒,13.5,3,12,0.29,2.86,4.8
木柵站,2025/09/16 16:00,29,懸浮微粒,11.5,7,19,0.3,2.89,7.5
木柵站,2025/09/16 17:00,28,懸浮微粒,11.2,5,16,0.3,2.72,8.2
木柵站,2025/09/16 18:00,27,懸浮微粒,10.7,7,13,0.29,2.28,7
木柵站,2025/09/16 19:00,28,懸浮微粒,11.6,4,19,0.24,2.43,4.6
木柵站,2025/09/16 20:00,24,懸浮微粒,11.2,4,4,0.29,2.21,4.1
木柵站,2025/09/16 21:00,24,懸浮微粒,11.8,4,16,0.29,2.09,3.3
木柵站,2025/09/16 22:00,22,懸浮微粒,11.8,2,10,0.27,2.67,2.8
木柵站,2025/09/16 23:00,21,懸浮微粒,11.9,1,15,0.26,2.82,2.4
木柵站,2025/09/17 00:00,20,懸浮微粒,11.3,4,1,0.27,1.66,2.6
木柵站,2025/09/17 01:00,17,懸浮微粒,12.1,4,6,0.25,1.15,1.6
木柵站,2025/09/17 02:00,17,懸浮微粒,12.8,1,11,0.27,1.49,1.4
木柵站,2025/09/17 03:00,16,懸浮微粒,10.5,1,13,0.22,0.86,2.4
木柵站,2025/09/17 04:00,19,懸浮微粒,7,3,14,0.3,1.24,6.1
木柵站,2025/09/17 05:00,21,懸浮微粒,6.9,2,18,0.29,1.09,7.4
木柵站,2025/09/17 06:00,22,懸浮微粒,6.1,1,15,0.32,1.14,8.4
木柵站,2025/09/17 07:00,23,懸浮微粒,9.3,1,16,0.36,1.33,5.8
木柵站,2025/09/17 08:00,25,懸浮微粒,12.7,1,18,0.3,1.6,4.3
木柵站,2025/09/17 09:00,24,懸浮微粒,14.9,1,15,0.31,2.36,3.9
木柵站,2025/09/17 10:00,24,懸浮微粒,17,3,13,0.31,2.33,3.7
木柵站,2025/09/17 11:00,24,懸浮微粒,15.3,1,16,0.34,1.71,3.7
木柵站,2025/09/17 12:00,23,懸浮微粒,15.9,1,11,0.25,2.08,1.9
木柵站,2025/09/17 13:00,23,懸浮微粒,16.2,4,12,0.27,2.81,2.6
木柵站,2025/09/17 14:00,25,懸浮微粒,15.5,3,19,0.28,3.02,3
木柵站,2025/09/17 15:00,23,懸浮微粒,15.6,1,11,0.26,2.8,1.6
木柵站,2025/09/17 16:00,23,懸浮微粒,15.2,4,11,0.29,2.26,2.5
木柵站,2025/09/17 17:00,24,懸浮微粒,12.7,3,15,0.33,1.69,6
木柵站,2025/09/17 18:00,22,懸浮微粒,11.8,3,11,0.33,1.37,6.4
木柵站,2025/09/17 19:00,22,懸浮微粒,12.7,4,12,0.28,1.25,4.4
木柵站,2025/09/17 20:00,23,懸浮微粒,11.7,3,19,0.27,1.41,4.4
木柵站,2025/09/17 21:00,22,懸浮微粒,12.7,1,11,0.27,1.41,3.8
木柵站,2025/09/17 22:00,21,懸浮微粒,14,2,8,0.24,1.36,3.1
木柵站,2025/09/17 23:00,22,懸浮微粒,13.8,3,16,0.24,2.09,2.9
木柵站,2025/09/18 00:00,18,懸浮微粒,15,4,4,0.26,1.33,1.6
木柵站,2025/09/18 01:00,17,懸浮微粒,15.1,5,5,0.27,1.13,1.5
木柵站,2025/09/18 02:00,16,懸浮微粒,14.8,1,9,0.25,1.65,1.7
木柵站,2025/09/18 03:00,14,懸浮微粒,11.1,1,8,0.27,1.3,4.1
木柵站,2025/09/18 04:00,18,懸浮微粒,12,5,17,0.31,1.77,2.6
木柵站,2025/09/18 05:00,19,懸浮微粒,12.2,7,13,0.34,1.85,3.3
木柵站,2025/09/18 06:00,22,懸浮微粒,9.9,6,19,0.37,1.56,6
木柵站,2025/09/18 07:00,25,懸浮微粒,10.6,4,22,0.4,2.25,7.2
木柵站,2025/09/18 08:00,26,懸浮微粒,12.2,3,21,0.32,2.67,5.7
木柵站,2025/09/18 09:00,27,懸浮微粒,13.9,6,15,0.31,2.4,4.9
木柵站,2025/09/18 10:00,29,懸浮微粒,15,5,22,0.31,2.26,4.3
木柵站,2025/09/18 11:00,27,懸浮微粒,16.2,3,15,0.34,1.95,4.4
木柵站,2025/09/18 12:00,26,懸浮微粒,17,2,13,0.24,2.27,3.6
木柵站,2025/09/18 13:00,26,懸浮微粒,16.4,1,12,0.24,2,3.2
木柵站,2025/09/18 14:00,25,懸浮微粒,15.3,1,16,0.23,2.36,5.7
木柵站,2025/09/18 15:00,25,懸浮微粒,17.1,1,12,0.23,2.18,3.1
木柵站,2025/09/18 16:00,25,懸浮微粒,14.5,1,15,0.31,2.4,6.5
木柵站,2025/09/18 17:00,24,懸浮微粒,14.8,3,8,0.29,1.69,5.9
木柵站,2025/09/18 18:00,24,懸浮微粒,14.9,6,16,0.27,1.62,5.7
木柵站,2025/09/18 19:00,23,懸浮微粒,15.2,5,11,0.24,1.64,4.5
木柵站,2025/09/18 20:00,21,懸浮微粒,15.2,3,11,0.26,2.11,3.2
木柵站,2025/09/18 21:00,21,懸浮微粒,14.5,1,10,0.29,2.07,3.2
木柵站,2025/09/18 22:00,19,懸浮微粒,14.7,6,11,0.23,1.7,2.5
木柵站,2025/09/18 23:00,20,懸浮微粒,15.1,4,14,0.23,2.14,1.9
木柵站,2025/09/19 00:00,19,懸浮微粒,14.2,5,9,0.3,1.8,1.4
木柵站,2025/09/19 01:00,21,懸浮微粒,12.8,4,18,0.3,1.27,2.2
木柵站,2025/09/19 02:00,23,懸浮微粒,12.9,2,17,0.26,1.34,1.9
木柵站,2025/09/19 03:00,21,懸浮微粒,13.5,2,8,0.25,1.28,1.3
木柵站,2025/09/19 04:00,20,懸浮微粒,14.9,3,8,0.2,1.01,1.1
木柵站,2025/09/19 05:00,22,懸浮微粒,15.2,2,20,0.22,1.29,1.2
木柵站,2025/09/19 06:00,21,懸浮微粒,14.7,1,13,0.24,1.32,2
木柵站,2025/09/19 07:00,24,懸浮微粒,13.7,1,20,0.26,1.26,3.1
木柵站,2025/09/19 08:00,28,懸浮微粒,13.4,1,25,0.27,1.48,3.4
木柵站,2025/09/19 09:00,28,懸浮微粒,12.9,1,17,0.32,1.96,4
木柵站,2025/09/19 10:00,30,懸浮微粒,12.7,1,20,0.33,2.18,5
木柵站,2025/09/19 11:00,29,懸浮微粒,15.2,4,14,0.32,1.91,3.3
木柵站,2025/09/19 12:00,27,懸浮微粒,17.1,1,13,0.27,2.23,3.7
木柵站,2025/09/19 13:00,27,懸浮微粒,18,6,19,0.3,3.97,5.1
木柵站,2025/09/19 14:00,28,懸浮微粒,15.3,5,22,-,-,-
木柵站,2025/09/19 15:00,29,懸浮微粒,15.3,4,16,-,-,-
木柵站,2025/09/19 16:00,30,懸浮微粒,15.5,2,15,0.27,2.33,5.1
木柵站,2025/09/19 17:00,29,懸浮微粒,15.9,1,15,0.21,1.71,4.9
木柵站,2025/09/19 18:00,31,懸浮微粒,29.9,10,28,0.26,1.23,8
木柵站,2025/09/19 19:00,40,二氧化氮小時值,23.8,9,17,0.34,1.33,16.9
木柵站,2025/09/19 20:00,32,懸浮微粒,18.8,10,22,0.35,1.32,12.4
木柵站,2025/09/19 21:00,34,懸浮微粒,10.3,6,23,0.33,1.09,12.2
木柵站,2025/09/19 22:00,33,懸浮微粒,6,6,23,0.31,1.71,11.4
木柵站,2025/09/19 23:00,34,懸浮微粒,4.9,7,18,0.28,1.45,10.1
木柵站,2025/09/20 00:00,33,懸浮微粒,5.1,5,17,0.29,1.65,7.9
木柵站,2025/09/20 01:00,32,懸浮微粒,5.8,7,19,0.35,1.48,6.8
木柵站,2025/09/20 02:00,32,懸浮微粒,8.5,9,20,0.29,1.34,4.8
木柵站,2025/09/20 03:00,32,懸浮微粒,7.5,10,19,0.25,1.75,4
木柵站,2025/09/20 04:00,31,懸浮微粒,6,6,12,0.3,1.63,4.9
木柵站,2025/09/20 05:00,30,細懸浮微粒,5.8,5,16,0.32,1.56,5.2
木柵站,2025/09/20 06:00,28,懸浮微粒,4.8,4,14,0.38,1.36,6.2
木柵站,2025/09/20 07:00,29,懸浮微粒,5.8,2,21,0.42,1.8,6.3
木柵站,2025/09/20 08:00,31,懸浮微粒,17.4,4,24,0.38,2.5,7.3
木柵站,2025/09/20 09:00,33,懸浮微粒,34.3,6,24,0.41,2.72,7.6
木柵站,2025/09/20 10:00,35,懸浮微粒,42.9,8,23,0.37,2.28,6.6
木柵站,2025/09/20 11:00,37,懸浮微粒,48,10,27,0.4,2.6,6
木柵站,2025/09/20 12:00,39,懸浮微粒,48.8,6,30,0.33,1.81,5.6
木柵站,2025/09/20 13:00,40,二氧化硫小時值,50.5,17,25,0.35,6.36,9.3
木柵站,2025/09/20 14:00,38,懸浮微粒,43.5,4,18,0.31,4.77,10.6
木柵站,2025/09/20 15:00,37,臭氧8小時,33.2,5,17,0.22,1.07,7.9
木柵站,2025/09/20 16:00,38,臭氧8小時,23.4,4,18,0.28,0.52,10.1
木柵站,2025/09/20 17:00,35,臭氧8小時,12.5,3,17,0.24,0.33,6.7
木柵站,2025/09/20 18:00,31,臭氧8小時,7.9,2,11,0.2,0.2,6.2
木柵站,2025/09/20 19:00,29,懸浮微粒,6.9,2,12,0.21,0.15,6.3
木柵站,2025/09/20 20:00,28,懸浮微粒,8.7,4,14,0.3,0.14,5.3
木柵站,2025/09/20 21:00,26,懸浮微粒,9.2,7,13,0.29,0.13,4.8
木柵站,2025/09/20 22:00,27,懸浮微粒,9.3,5,17,0.26,0.15,4.9
木柵站,2025/09/20 23:00,24,懸浮微粒,10.2,3,6,0.26,0.21,3.9
木柵站,2025/09/21 00:00,21,懸浮微粒,10.5,1,7,0.3,0.22,2.5
木柵站,2025/09/21 01:00,21,懸浮微粒,10.6,1,17,0.35,0.17,1.4
木柵站,2025/09/21 02:00,21,懸浮微粒,12.1,1,15,0.31,0.16,1.6
木柵站,2025/09/21 03:00,23,懸浮微粒,11,4,15,0.27,0.14,1.4
木柵站,2025/09/21 04:00,24,懸浮微粒,10.7,3,15,0.32,0.2,1.2
木柵站,2025/09/21 05:00,21,懸浮微粒,10,1,7,0.32,0.16,2.3
木柵站,2025/09/21 06:00,23,懸浮微粒,8.3,1,22,0.34,0.29,3.2
木柵站,2025/09/21 07:00,23,懸浮微粒,9.2,5,12,0.36,0.24,2.8
木柵站,2025/09/21 08:00,24,懸浮微粒,10.8,6,19,0.24,0.29,3
木柵站,2025/09/21 09:00,27,懸浮微粒,11.5,6,21,0.28,0.52,4
木柵站,2025/09/21 10:00,26,懸浮微粒,11.9,3,15,0.28,0.66,3.8
木柵站,2025/09/21 11:00,28,懸浮微粒,12.3,1,17,0.3,0.74,3.5
木柵站,2025/09/21 12:00,26,懸浮微粒,13.9,2,9,0.27,0.4,2.6
木柵站,2025/09/21 13:00,24,懸浮微粒,12.7,1,15,0.25,0.29,4.6
木柵站,2025/09/21 14:00,23,懸浮微粒,9.2,2,10,0.25,0.2,6.3
木柵站,2025/09/21 15:00,21,懸浮微粒,9.7,2,11,0.22,0.24,4.7
木柵站,2025/09/21 16:00,23,懸浮微粒,9.5,1,18,0.35,0.58,5.7
木柵站,2025/09/21 17:00,24,懸浮微粒,8.7,1,14,0.41,0.4,6.9
木柵站,2025/09/21 18:00,25,懸浮微粒,5.9,1,19,0.46,0.35,8
木柵站,2025/09/21 19:00,27,懸浮微粒,6.2,5,17,0.44,0.51,8.7
木柵站,2025/09/21 20:00,27,懸浮微粒,7.5,6,18,0.24,0.47,7
木柵站,2025/09/21 21:00,28,懸浮微粒,8.9,4,19,0.21,0.45,5.5
木柵站,2025/09/21 22:00,28,懸浮微粒,9,2,18,0.15,0.38,4.9
木柵站,2025/09/21 23:00,28,懸浮微粒,7.9,1,16,0.16,0.4,4.1
木柵站,2025/09/22 00:00,27,懸浮微粒,8.2,1,15,0.22,0.28,2.5
木柵站,2025/09/22 01:00,26,懸浮微粒,9.1,7,13,0.26,0.37,1.5
木柵站,2025/09/22 02:00,25,懸浮微粒,12.7,6,13,0.25,0.37,1.1
木柵站,2025/09/22 03:00,26,懸浮微粒,11.6,2,18,0.2,0.36,1.1
木柵站,2025/09/22 04:00,26,懸浮微粒,11.1,6,15,0.21,0.27,1.3
木柵站,2025/09/22 05:00,27,懸浮微粒,10.4,5,16,0.21,0.41,1.9
木柵站,2025/09/22 06:00,27,懸浮微粒,10,3,15,0.22,0.47,3.3
木柵站,2025/09/22 07:00,26,懸浮微粒,7.8,5,15,0.31,0.48,7.8
木柵站,2025/09/22 08:00,27,懸浮微粒,8.4,3,21,0.32,0.64,4.6
木柵站,2025/09/22 09:00,29,懸浮微粒,9.6,4,23,0.35,0.83,3.6
木柵站,2025/09/22 10:00,28,懸浮微粒,10.9,5,10,0.35,0.61,3.1
木柵站,2025/09/22 11:00,26,懸浮微粒,10.7,5,11,0.32,0.34,4.5
木柵站,2025/09/22 12:00,26,懸浮微粒,12.1,5,18,0.4,0.85,4.6
木柵站,2025/09/22 13:00,26,懸浮微粒,13.4,5,19,0.41,0.68,4.8
木柵站,2025/09/22 14:00,28,懸浮微粒,14.8,3,18,0.4,0.36,4.7
木柵站,2025/09/22 15:00,31,懸浮微粒,15.4,2,26,0.41,0.53,5.3
木柵站,2025/09/22 16:00,32,懸浮微粒,13.9,3,20,0.38,0.49,7.5
木柵站,2025/09/22 17:00,31,懸浮微粒,12.7,4,15,0.36,0.31,7.3
木柵站,2025/09/22 18:00,32,懸浮微粒,13.6,7,22,0.32,0.46,6.3
木柵站,2025/09/22 19:00,33,懸浮微粒,14.5,4,25,0.32,0.4,5.8
木柵站,2025/09/22 20:00,31,懸浮微粒,15.6,4,15,0.31,0.55,3.2
木柵站,2025/09/22 21:00,29,懸浮微粒,16.4,4,9,0.31,0.46,3.2
木柵站,2025/09/22 22:00,27,懸浮微粒,16.5,4,11,0.29,0.55,2.5
木柵站,2025/09/22 23:00,25,懸浮微粒,17.8,4,15,0.28,0.7,1.6
木柵站,2025/09/23 00:00,24,懸浮微粒,18.9,2,11,0.29,0.6,0.9
木柵站,2025/09/23 01:00,25,懸浮微粒,19.4,1,16,0.32,0.25,0.6
木柵站,2025/09/23 02:00,26,懸浮微粒,20.7,5,16,0.3,0.2,0.5
木柵站,2025/09/23 03:00,24,懸浮微粒,19.5,6,11,0.28,0.24,0.7
木柵站,2025/09/23 04:00,25,懸浮微粒,19,6,16,0.27,0.23,0.5
木柵站,2025/09/23 05:00,23,懸浮微粒,18.8,4,7,0.26,0.28,0.8
木柵站,2025/09/23 06:00,21,懸浮微粒,17.4,4,11,0.28,0.26,2.4
木柵站,2025/09/23 07:00,21,懸浮微粒,16.4,3,15,0.28,0.24,4.1
木柵站,2025/09/23 08:00,24,懸浮微粒,16.3,3,26,0.26,0.36,4.1
木柵站,2025/09/23 09:00,26,懸浮微粒,16.8,4,17,0.26,0.31,3.6
木柵站,2025/09/23 10:00,25,懸浮微粒,16.1,1,8,0.26,0.34,5.5
木柵站,2025/09/23 11:00,26,懸浮微粒,15,1,17,0.28,0.26,8.1
木柵站,2025/09/23 12:00,23,懸浮微粒,14.4,3,13,0.25,0.31,6.1
木柵站,2025/09/23 13:00,23,懸浮微粒,15.3,1,15,0.23,0.24,4.4
木柵站,2025/09/23 14:00,26,懸浮微粒,16.2,1,22,0.25,0.36,4.4
木柵站,2025/09/23 15:00,27,懸浮微粒,16.8,1,19,0.27,0.19,4.6
木柵站,2025/09/23 16:00,28,懸浮微粒,15.8,7,17,0.29,0.21,5.9
木柵站,2025/09/23 17:00,28,懸浮微粒,16.1,6,14,0.26,0.27,3.8
木柵站,2025/09/23 18:00,26,懸浮微粒,16.2,1,11,0.24,0.3,4
木柵站,2025/09/23 19:00,24,懸浮微粒,16.3,1,11,0.22,0.32,3.1
木柵站,2025/09/23 20:00,23,懸浮微粒,17,6,13,0.29,0.22,2.4
木柵站,2025/09/23 21:00,23,懸浮微粒,17.8,8,16,0.3,0.28,1.7
木柵站,2025/09/23 22:00,27,懸浮微粒,18,8,25,0.29,0.35,1.5
木柵站,2025/09/23 23:00,29,懸浮微粒,18.6,5,21,0.3,0.51,1.1
木柵站,2025/09/24 00:00,31,懸浮微粒,18.4,5,19,0.24,0.16,1
木柵站,2025/09/24 01:00,31,懸浮微粒,18.9,3,17,0.3,0.12,0.9
木柵站,2025/09/24 02:00,30,懸浮微粒,19,5,19,0.27,0.1,0.5
木柵站,2025/09/24 03:00,30,懸浮微粒,18.2,5,21,0.27,0.11,0.9
木柵站,2025/09/24 04:00,30,懸浮微粒,17.5,4,20,0.27,0.11,0.7
木柵站,2025/09/24 05:00,31,懸浮微粒,16.8,4,-,0.26,0.1,0.8
木柵站,2025/09/24 06:00,32,懸浮微粒,16.8,5,18,0.28,0.12,1.6
木柵站,2025/09/24 07:00,33,懸浮微粒,15.9,3,22,0.32,0.11,2.8
木柵站,2025/09/24 08:00,33,懸浮微粒,16,6,20,0.3,0.23,3.3
木柵站,2025/09/24 09:00,34,懸浮微粒,17.5,3,23,0.3,0.25,2.8
木柵站,2025/09/24 10:00,35,懸浮微粒,18.3,3,23,0.33,0.24,3.1
木柵站,2025/09/24 11:00,33,懸浮微粒,18.9,9,15,0.33,0.28,2.8
木柵站,2025/09/24 12:00,32,懸浮微粒,18.2,7,15,0.28,0.19,3
木柵站,2025/09/24 13:00,31,懸浮微粒,17.6,5,19,0.3,0.11,4.2
木柵站,2025/09/24 14:00,30,懸浮微粒,17.3,3,16,0.3,0.18,3.4
木柵站,2025/09/24 15:00,28,懸浮微粒,16.7,4,10,0.28,0.21,3.6
木柵站,2025/09/24 16:00,28,懸浮微粒,15.5,3,16,0.35,0.17,5
木柵站,2025/09/24 17:00,28,懸浮微粒,14.5,1,20,0.32,0.21,5
木柵站,2025/09/24 18:00,26,懸浮微粒,13.4,1,10,0.29,0.11,4.7
木柵站,2025/09/24 19:00,26,懸浮微粒,12.6,1,12,0.24,0.11,3.6
木柵站,2025/09/24 20:00,25,懸浮微粒,12.6,1,13,0.32,0.17,3.3
木柵站,2025/09/24 21:00,23,懸浮微粒,11.4,1,13,0.31,0.12,4.1
木柵站,2025/09/24 22:00,23,懸浮微粒,10.3,5,16,0.32,0.14,4.7
木柵站,2025/09/24 23:00,23,懸浮微粒,11.9,4,10,0.28,0.12,2.4
木柵站,2025/09/25 00:00,21,懸浮微粒,13,3,9,0.29,0.21,1.3
木柵站,2025/09/25 01:00,22,懸浮微粒,12.8,2,17,0.35,0.17,1.5
木柵站,2025/09/25 02:00,24,懸浮微粒,13.3,3,22,0.32,0.16,1.7
木柵站,2025/09/25 03:00,26,懸浮微粒,11.2,3,17,0.29,0.18,2.4
木柵站,2025/09/25 04:00,27,懸浮微粒,12.5,1,15,0.29,0.14,2.1
木柵站,2025/09/25 05:00,27,懸浮微粒,10.5,2,19,0.3,0.2,3.8
木柵站,2025/09/25 06:00,26,懸浮微粒,8,3,13,0.35,0.27,5.7
木柵站,2025/09/25 07:00,27,懸浮微粒,10.4,4,20,0.33,0.42,5.1
木柵站,2025/09/25 08:00,27,懸浮微粒,13.5,4,17,0.26,0.42,3.7
木柵站,2025/09/25 09:00,30,懸浮微粒,15.5,3,25,0.27,0.43,3.8
木柵站,2025/09/25 10:00,31,懸浮微粒,16.1,3,18,0.27,0.46,3.4
木柵站,2025/09/25 11:00,29,懸浮微粒,16.5,6,13,0.29,0.49,3.3
木柵站,2025/09/25 12:00,30,懸浮微粒,17.1,2,16,0.27,0.39,3.4
木柵站,2025/09/25 13:00,27,懸浮微粒,15.6,2,14,0.26,0.63,2.9
木柵站,2025/09/25 14:00,26,懸浮微粒,15.8,4,14,0.29,0.43,3.8
木柵站,2025/09/25 15:00,26,懸浮微粒,16.1,3,14,0.26,0.54,4
木柵站,2025/09/25 16:00,25,懸浮微粒,14.4,4,13,0.24,0.51,7.1
木柵站,2025/09/25 17:00,24,懸浮微粒,12.8,3,11,0.24,0.53,6
木柵站,2025/09/25 18:00,23,懸浮微粒,12.1,4,10,0.24,0.36,7.2
木柵站,2025/09/25 19:00,22,懸浮微粒,13.3,-,11,0.19,0.37,4.8
木柵站,2025/09/25 20:00,22,懸浮微粒,14.3,2,14,0.29,0.41,4.8
木柵站,2025/09/25 21:00,21,懸浮微粒,13.9,4,14,0.3,0.42,4.1
木柵站,2025/09/25 22:00,23,懸浮微粒,14.2,7,16,0.28,0.25,3.2
木柵站,2025/09/25 23:00,22,懸浮微粒,15,3,11,0.24,0.36,2.5
木柵站,2025/09/26 00:00,22,懸浮微粒,14.7,4,13,0.23,0.66,1.5
木柵站,2025/09/26 01:00,21,懸浮微粒,14.8,4,12,0.29,0.57,1.2
木柵站,2025/09/26 02:00,20,懸浮微粒,16.2,5,11,0.27,0.36,1.3
木柵站,2025/09/26 03:00,20,懸浮微粒,14.7,5,10,0.24,0.6,1.2
木柵站,2025/09/26 04:00,18,細懸浮微粒,14.1,5,6,0.23,0.64,1.2
木柵站,2025/09/26 05:00,18,細懸浮微粒,13.6,4,6,0.23,0.58,1.7
木柵站,2025/09/26 06:00,17,細懸浮微粒,13,3,11,0.25,0.53,3.5
木柵站,2025/09/26 07:00,18,細懸浮微粒,12.1,7,10,0.29,0.58,5.6
木柵站,2025/09/26 08:00,20,細懸浮微粒,13.6,6,8,0.33,0.7,8.1
木柵站,2025/09/26 09:00,21,二氧化氮小時值,13.9,5,10,0.32,0.79,8.9
木柵站,2025/09/26 10:00,20,細懸浮微粒,21,4,9,0.26,0.6,4.9
木柵站,2025/09/26 11:00,23,二氧化氮小時值,20.9,5,7,0.31,0.91,9.7
木柵站,2025/09/26 12:00,24,二氧化氮小時值,18.1,6,10,0.25,0.66,9.9
木柵站,2025/09/26 13:00,20,細懸浮微粒,-,-,-,-,-,-
木柵站,2025/09/26 14:00,21,細懸浮微粒,-,5,12,-,-,-
木柵站,2025/09/26 15:00,23,細懸浮微粒,18.8,8,13,0.32,0.86,6.9
木柵站,2025/09/26 16:00,24,細懸浮微粒,13.7,7,13,0.3,0.64,10.1
木柵站,2025/09/26 17:00,23,細懸浮微粒,15.1,4,14,0.27,0.46,8
木柵站,2025/09/26 18:00,25,細懸浮微粒,17.2,7,14,0.22,0.45,7.1
木柵站,2025/09/26 19:00,24,細懸浮微粒,19,7,20,0.22,0.61,7.2
木柵站,2025/09/26 20:00,24,懸浮微粒,21.8,4,18,0.3,0.4,5.2
木柵站,2025/09/26 21:00,27,細懸浮微粒,22,11,16,0.29,0.44,4.6
木柵站,2025/09/26 22:00,28,細懸浮微粒,20.7,7,16,0.31,0.34,5
木柵站,2025/09/26 23:00,27,細懸浮微粒,21.4,5,16,0.27,0.6,3.7
木柵站,2025/09/27 00:00,28,細懸浮微粒,22.9,6,9,0.28,0.26,2
木柵站,2025/09/27 01:00,24,細懸浮微粒,24.2,5,16,0.31,0.13,1.3
木柵站,2025/09/27 02:00,24,細懸浮微粒,24.5,6,14,0.29,0.12,1.5
木柵站,2025/09/27 03:00,24,懸浮微粒,23.7,4,16,0.27,0.1,1
木柵站,2025/09/27 04:00,26,懸浮微粒,23.3,1,16,0.27,0.11,1.2
木柵站,2025/09/27 05:00,25,懸浮微粒,22.8,1,14,0.29,0.11,2.2
木柵站,2025/09/27 06:00,27,懸浮微粒,21.7,4,19,0.31,0.14,3.7
木柵站,2025/09/27 07:00,27,懸浮微粒,20.5,3,18,0.35,0.12,4.6
木柵站,2025/09/27 08:00,27,懸浮微粒,21.5,4,17,0.31,0.25,5.6
木柵站,2025/09/27 09:00,28,懸浮微粒,23.3,3,19,0.32,0.17,3.9
木柵站,2025/09/27 10:00,28,懸浮微粒,24.1,6,17,0.33,0.25,3.2
木柵站,2025/09/27 11:00,28,懸浮微粒,25.6,5,19,0.34,0.13,2.8
木柵站,2025/09/27 12:00,29,懸浮微粒,25.5,2,16,0.3,0.16,3.2
木柵站,2025/09/27 13:00,29,懸浮微粒,25,2,19,0.3,0.24,4
木柵站,2025/09/27 14:00,29,懸浮微粒,25.9,4,16,0.31,0.35,4.4
木柵站,2025/09/27 15:00,27,懸浮微粒,25.6,5,13,0.32,0.31,4.9
木柵站,2025/09/27 16:00,28,懸浮微粒,25.6,6,18,0.28,0.25,4.7
木柵站,2025/09/27 17:00,27,懸浮微粒,25.8,6,15,0.28,0.4,4
木柵站,2025/09/27 18:00,26,懸浮微粒,24.1,5,13,0.25,0.19,4.9
木柵站,2025/09/27 19:00,25,懸浮微粒,19.1,3,11,0.26,0.16,7.5
木柵站,2025/09/27 20:00,25,懸浮微粒,17.4,5,18,0.4,0.18,6.7
木柵站,2025/09/27 21:00,25,懸浮微粒,16.2,6,16,0.36,0.12,7
木柵站,2025/09/27 22:00,27,懸浮微粒,14,2,19,0.34,0.14,7.5
木柵站,2025/09/27 23:00,27,懸浮微粒,16,1,15,0.28,0.12,3.7
木柵站,2025/09/28 00:00,27,懸浮微粒,15.7,1,17,0.28,0.13,3
木柵站,2025/09/28 01:00,26,懸浮微粒,15.6,1,13,0.31,0.14,3.2
木柵站,2025/09/28 02:00,27,懸浮微粒,13.2,1,21,0.3,0.12,3.8
木柵站,2025/09/28 03:00,28,懸浮微粒,8.5,1,19,0.3,0.12,5.7
木柵站,2025/09/28 04:00,28,懸浮微粒,7.6,6,18,0.35,0.12,5.6
木柵站,2025/09/28 05:00,31,懸浮微粒,6.9,6,22,0.36,0.1,6.3
木柵站,2025/09/28 06:00,30,懸浮微粒,7.4,5,18,0.36,0.14,6.7
木柵站,2025/09/28 07:00,32,懸浮微粒,11.8,4,23,0.41,0.22,5.2
木柵站,2025/09/28 08:00,32,懸浮微粒,17.8,3,18,0.35,0.1,4.3
木柵站,2025/09/28 09:00,32,懸浮微粒,26.3,4,19,0.38,0.57,4.3
木柵站,2025/09/28 10:00,31,懸浮微粒,35.2,3,17,0.39,1.02,2.9
木柵站,2025/09/28 11:00,29,懸浮微粒,38.3,1,11,0.41,0.57,3.3
木柵站,2025/09/28 12:00,26,懸浮微粒,32.1,1,10,0.28,0.52,1.6
木柵站,2025/09/28 13:00,25,懸浮微粒,31.8,3,11,0.26,1.17,1.8
木柵站,2025/09/28 14:00,26,臭氧8小時,30.7,3,12,0.27,0.98,1.9
木柵站,2025/09/28 15:00,28,臭氧8小時,27.3,1,10,0.22,0.38,3.1
木柵站,2025/09/28 16:00,28,臭氧8小時,24.1,5,10,0.35,0.23,4.9
木柵站,2025/09/28 17:00,28,臭氧8小時,22.1,5,13,0.33,0.27,5.1
木柵站,2025/09/28 18:00,26,臭氧8小時,15.9,3,14,0.37,0.16,9.8
木柵站,2025/09/28 19:00,23,二氧化氮小時值,12.1,4,15,0.39,0.11,9.6
木柵站,2025/09/28 20:00,23,懸浮微粒,10.5,5,14,0.35,0.14,9.1
木柵站,2025/09/28 21:00,27,懸浮微粒,10.8,7,32,0.39,0.16,8.8
木柵站,2025/09/28 22:00,31,懸浮微粒,10.2,14,27,0.36,0.13,8.3
木柵站,2025/09/28 23:00,35,懸浮微粒,10.3,11,28,0.34,0.21,7.1
木柵站,2025/09/29 00:00,36,懸浮微粒,10.5,8,19,0.26,0.29,5.2
木柵站,2025/09/29 01:00,36,懸浮微粒,12,10,24,0.31,0.26,4.6
木柵站,2025/09/29 02:00,36,懸浮微粒,12.9,12,25,0.29,0.11,5.5
木柵站,2025/09/29 03:00,38,懸浮微粒,11.4,11,32,0.26,0.1,4.5
木柵站,2025/09/29 04:00,40,懸浮微粒,11,12,23,0.35,0.12,4.3
木柵站,2025/09/29 05:00,41,細懸浮微粒,9.7,11,25,0.38,0.14,4.4
木柵站,2025/09/29 06:00,45,細懸浮微粒,8.9,15,24,0.37,0.14,5
木柵站,2025/09/29 07:00,47,細懸浮微粒,12.6,12,27,0.43,0.1,4.9
木柵站,2025/09/29 08:00,52,細懸浮微粒,24,19,36,0.33,0.22,4.8
木柵站,2025/09/29 09:00,55,細懸浮微粒,35.8,17,36,0.37,0.94,5.3
木柵站,2025/09/29 10:00,56,細懸浮微粒,40.9,16,22,0.4,0.84,4.5
木柵站,2025/09/29 11:00,56,細懸浮微粒,48.1,13,30,0.4,0.59,7.5
木柵站,2025/09/29 12:00,59,細懸浮微粒,70.7,23,46,0.4,1.34,8.9
木柵站,2025/09/29 13:00,64,細懸浮微粒,63.3,25,48,0.39,1.63,8.4
木柵站,2025/09/29 14:00,69,細懸浮微粒,58.2,26,50,0.31,0.9,6.7
木柵站,2025/09/29 15:00,71,細懸浮微粒,36.3,17,30,0.28,0.67,8.7
木柵站,2025/09/29 16:00,68,細懸浮微粒,27.7,14,22,0.34,0.32,8.3
木柵站,2025/09/29 17:00,62,細懸浮微粒,23.2,8,26,0.33,0.23,7.9
木柵站,2025/09/29 18:00,55,細懸浮微粒,16,9,14,0.31,0.16,8.8
木柵站,2025/09/29 19:00,53,細懸浮微粒,11.2,10,23,0.31,0.12,10.4
木柵站,2025/09/29 20:00,47,細懸浮微粒,12.2,5,17,0.38,0.21,7.6
木柵站,2025/09/29 21:00,41,細懸浮微粒,12.6,1,19,0.32,0.45,7.4
木柵站,2025/09/29 22:00,40,懸浮微粒,14.5,1,18,0.31,0.21,7
木柵站,2025/09/29 23:00,39,懸浮微粒,13.2,3,20,0.31,0.15,5.7
木柵站,2025/09/30 00:00,38,懸浮微粒,10,6,22,0.33,0.15,8
木柵站,2025/09/30 01:00,36,懸浮微粒,11.1,4,21,0.35,0.2,4.6
木柵站,2025/09/30 02:00,34,懸浮微粒,12.1,6,18,0.31,0.15,4
木柵站,2025/09/30 03:00,32,懸浮微粒,10.8,5,14,0.28,0.24,4.4
木柵站,2025/09/30 04:00,32,懸浮微粒,9.1,1,22,0.31,0.21,4.7
木柵站,2025/09/30 05:00,31,懸浮微粒,8.6,6,19,0.35,0.15,4.8
木柵站,2025/09/30 06:00,33,懸浮微粒,7.5,9,24,0.37,0.23,6.6
木柵站,2025/09/30 07:00,35,懸浮微粒,9.9,9,24,0.42,0.3,7
木柵站,2025/09/30 08:00,37,懸浮微粒,14,11,28,0.4,0.37,10.2
木柵站,2025/09/30 09:00,41,懸浮微粒,22.7,11,32,0.46,0.98,11.4
木柵站,2025/09/30 10:00,40,懸浮微粒,31.5,9,21,0.38,0.72,6.4
木柵站,2025/09/30 11:00,40,懸浮微粒,32.3,7,22,0.36,0.46,5.5
木柵站,2025/09/30 12:00,38,懸浮微粒,32.5,4,18,0.31,0.88,5.8
木柵站,2025/09/30 13:00,35,懸浮微粒,33.8,4,21,0.31,2.9,5
木柵站,2025/09/30 14:00,37,懸浮微粒,53.2,8,27,0.38,-,7.3
木柵站,2025/09/30 15:00,44,懸浮微粒,73.5,13,44,0.43,-,11.1
木柵站,2025/09/30 16:00,49,懸浮微粒,70.5,19,37,0.41,-,14.7
木柵站,2025/09/30 17:00,53,懸浮微粒,54,22,42,0.51,1.06,22.8
木柵站,2025/09/30 18:00,54,細懸浮微粒,20.7,13,25,0.34,0.55,13.9
木柵站,2025/09/30 19:00,53,細懸浮微粒,15.3,10,14,0.22,0.2,11.1
木柵站,2025/09/30 20:00,48,細懸浮微粒,14.4,8,13,0.28,0.13,10.4
木柵站,2025/09/30 21:00,38,細懸浮微粒,14.3,4,25,0.27,0.29,10.1
木柵站,2025/09/30 22:00,36,懸浮微粒,14.9,4,17,0.25,0.26,7.7
木柵站,2025/09/30 23:00,37,懸浮微粒,14.4,6,22,0.22,0.26,6.5
木柵站,2025/10/01 00:00,40,懸浮微粒,13.1,6,23,0.32,0.28,6.8
木柵站,2025/10/01 01:00,40,懸浮微粒,13.1,7,26,0.34,0.15,6.1
木柵站,2025/10/01 02:00,41,懸浮微粒,13.5,6,24,0.33,0.18,6.3
木柵站,2025/10/01 03:00,40,懸浮微粒,13.3,7,24,0.31,0.15,5.1
木柵站,2025/10/01 04:00,41,懸浮微粒,10.1,10,29,0.25,0.14,6.5
木柵站,2025/10/01 05:00,41,懸浮微粒,7.6,10,29,0.28,0.12,8.8
木柵站,2025/10/01 06:00,41,懸浮微粒,8.5,7,23,0.32,0.18,7.4
木柵站,2025/10/01 07:00,43,懸浮微粒,10,14,30,0.39,0.2,8.8
木柵站,2025/10/01 08:00,44,懸浮微粒,18.3,12,30,0.41,0.29,11.1
木柵站,2025/10/01 09:00,47,懸浮微粒,33.4,9,39,0.43,0.38,12.1
木柵站,2025/10/01 10:00,50,懸浮微粒,53.9,17,32,0.44,0.5,8.5
木柵站,2025/10/01 11:00,52,懸浮微粒,63.6,15,39,0.5,1.98,10
木柵站,2025/10/01 12:00,54,懸浮微粒,70.3,22,36,0.33,3.99,11.1
木柵站,2025/10/01 13:00,59,細懸浮微粒,64,21,43,0.32,7.33,13.9
木柵站,2025/10/01 14:00,59,細懸浮微粒,60.7,15,37,0.3,5.32,11.6
木柵站,2025/10/01 15:00,62,細懸浮微粒,54,19,36,0.27,5.11,13.9
木柵站,2025/10/01 16:00,60,細懸浮微粒,39.8,14,32,0.39,4.53,17.3
木柵站,2025/10/01 17:00,56,細懸浮微粒,27.5,10,15,0.34,0.75,15.4
木柵站,2025/10/01 18:00,54,細懸浮微粒,20.1,8,13,0.29,0.38,11.8
木柵站,2025/10/01 19:00,47,細懸浮微粒,18.8,5,11,0.25,0.27,8.1
木柵站,2025/10/01 20:00,39,細懸浮微粒,21,2,17,0.2,0.23,5.7
木柵站,2025/10/01 21:00,35,懸浮微粒,18.1,3,18,0.2,0.2,5.4
木柵站,2025/10/01 22:00,35,懸浮微粒,18.3,4,16,0.21,0.46,5.6
木柵站,2025/10/01 23:00,31,懸浮微粒,17.3,6,6,0.18,0.12,5.2
木柵站,2025/10/02 00:00,27,懸浮微粒,11.7,4,7,0.32,0.22,8.4
木柵站,2025/10/02 01:00,24,細懸浮微粒,18.6,2,9,0.33,0.32,2.3
木柵站,2025/10/02 02:00,22,懸浮微粒,13.8,1,18,0.33,0.28,4.5
木柵站,2025/10/02 03:00,23,懸浮微粒,9.4,2,18,0.3,0.26,7
木柵站,2025/10/02 04:00,23,懸浮微粒,7.9,5,12,0.27,0.27,7
木柵站,2025/10/02 05:00,25,懸浮微粒,5.1,5,17,0.3,0.27,9.8
木柵站,2025/10/02 06:00,26,懸浮微粒,5.2,5,20,0.31,0.46,9.8
木柵站,2025/10/02 07:00,27,懸浮微粒,9.2,4,21,0.33,0.52,7.9
木柵站,2025/10/02 08:00,29,懸浮微粒,13.7,8,19,0.45,0.5,11.7
木柵站,2025/10/02 09:00,27,懸浮微粒,20.4,6,13,0.37,0.82,6.4
木柵站,2025/10/02 10:00,26,懸浮微粒,22.3,3,13,0.37,0.84,5.6
木柵站,2025/10/02 11:00,25,懸浮微粒,22.8,3,13,0.39,0.67,6
木柵站,2025/10/02 12:00,24,懸浮微粒,25.8,2,13,0.29,0.94,2.7
木柵站,2025/10/02 13:00,25,懸浮微粒,27,3,18,0.3,0.6,2.8
木柵站,2025/10/02 14:00,26,懸浮微粒,24.6,5,18,0.32,1.67,3.3
木柵站,2025/10/02 15:00,26,懸浮微粒,23.7,4,14,0.28,0.87,3
木柵站,2025/10/02 16:00,27,懸浮微粒,21.6,3,16,0.37,0.7,4.6
木柵站,2025/10/02 17:00,26,懸浮微粒,20.3,3,12,0.33,0.7,5.8
木柵站,2025/10/02 18:00,24,懸浮微粒,21.2,5,13,0.28,0.48,5.4
木柵站,2025/10/02 19:00,23,懸浮微粒,21.7,7,13,0.25,0.78,5.7
木柵站,2025/10/02 20:00,21,臭氧8小時,21.2,6,8,0.23,0.25,3.4
木柵站,2025/10/02 21:00,20,懸浮微粒,18.1,5,10,0.23,0.3,6.1
木柵站,2025/10/02 22:00,21,懸浮微粒,15.9,3,14,0.23,0.33,6.7
木柵站,2025/10/02 23:00,23,懸浮微粒,11.9,4,22,0.23,0.37,7.5
木柵站,2025/10/03 00:00,23,懸浮微粒,12.5,3,9,0.26,0.1,5.2
木柵站,2025/10/03 01:00,22,懸浮微粒,13.3,3,9,0.31,0.12,4.8
木柵站,2025/10/03 02:00,21,懸浮微粒,11.8,9,11,0.29,0.1,4.9
木柵站,2025/10/03 03:00,24,細懸浮微粒,9.4,11,17,0.28,0.12,6
木柵站,2025/10/03 04:00,26,細懸浮微粒,8.3,6,17,0.35,0.12,7.4
木柵站,2025/10/03 05:00,29,細懸浮微粒,7.7,8,20,0.34,0.1,8.1
木柵站,2025/10/03 06:00,31,細懸浮微粒,6.1,11,17,0.4,0.11,10.7
木柵站,2025/10/03 07:00,30,細懸浮微粒,9.4,8,26,0.47,0.11,9.7
木柵站,2025/10/03 08:00,32,細懸浮微粒,13.3,10,21,0.39,0.11,11.1
木柵站,2025/10/03 09:00,31,細懸浮微粒,16.6,6,14,0.27,0.11,4.9
木柵站,2025/10/03 10:00,29,懸浮微粒,18.7,5,14,0.26,0.15,2.8
木柵站,2025/10/03 11:00,27,細懸浮微粒,18.9,4,12,0.28,0.17,3.3
木柵站,2025/10/03 12:00,24,懸浮微粒,18.7,2,11,0.32,0.11,3.7
木柵站,2025/10/03 13:00,24,懸浮微粒,17.7,3,-,0.29,1.27,2.9
木柵站,2025/10/03 14:00,26,懸浮微粒,11.5,6,20,0.31,-,4.3
木柵站,2025/10/03 15:00,27,懸浮微粒,13.5,4,14,0.31,-,4
木柵站,2025/10/03 16:00,28,懸浮微粒,15.2,2,15,0.28,0.49,4
木柵站,2025/10/03 17:00,28,懸浮微粒,14.3,1,20,0.26,0.11,4.2
木柵站,2025/10/03 18:00,29,懸浮微粒,11.9,2,21,0.28,0.1,5.4
木柵站,2025/10/03 19:00,28,懸浮微粒,11.1,4,14,0.27,0.15,6.7
木柵站,2025/10/03 20:00,30,懸浮微粒,9.3,7,25,0.34,0.1,5.9
木柵站,2025/10/03 21:00,29,懸浮微粒,12.1,5,13,0.3,0.12,5.7
木柵站,2025/10/03 22:00,27,懸浮微粒,11,2,13,0.33,0.15,4.9
木柵站,2025/10/03 23:00,27,懸浮微粒,10.6,5,13,0.28,0.11,4.1
木柵站,2025/10/04 00:00,25,懸浮微粒,10.4,3,16,0.22,0.13,3.5
木柵站,2025/10/04 01:00,27,懸浮微粒,10.4,1,18,0.26,0.43,2.8
木柵站,2025/10/04 02:00,27,懸浮微粒,7.2,1,15,0.27,0.33,3.4
木柵站,2025/10/04 03:00,26,懸浮微粒,6.2,4,11,0.26,0.31,4.1
木柵站,2025/10/04 04:00,25,懸浮微粒,5.5,6,13,0.29,0.17,4.5
木柵站,2025/10/04 05:00,23,懸浮微粒,3.7,3,11,0.31,0.16,4.4
木柵站,2025/10/04 06:00,21,懸浮微粒,4.3,2,9,0.3,0.22,4.9
木柵站,2025/10/04 07:00,24,懸浮微粒,7.3,3,23,0.35,0.22,5.2
木柵站,2025/10/04 08:00,34,懸浮微粒,11.6,5,50,0.44,0.45,7.6
木柵站,2025/10/04 09:00,35,懸浮微粒,16,3,18,0.4,0.74,7.3
木柵站,2025/10/04 10:00,37,懸浮微粒,20.2,1,17,0.4,0.43,6
木柵站,2025/10/04 11:00,38,懸浮微粒,24.2,6,21,0.41,0.44,5
木柵站,2025/10/04 12:00,32,懸浮微粒,24.1,6,21,0.29,-,4.1
木柵站,2025/10/04 13:00,33,懸浮微粒,27.8,7,21,0.3,-,3.6
木柵站,2025/10/04 14:00,39,懸浮微粒,61.8,14,40,0.42,-,5.5
木柵站,2025/10/04 15:00,43,懸浮微粒,72.2,18,33,0.44,-,7.1
木柵站,2025/10/04 16:00,46,懸浮微粒,57.1,16,29,0.33,-,7.8
木柵站,2025/10/04 17:00,51,懸浮微粒,43.3,19,38,0.39,0.49,9.8
木柵站,2025/10/04 18:00,53,細懸浮微粒,35.3,16,32,0.34,0.41,11.8
木柵站,2025/10/04 19:00,54,細懸浮微粒,25.4,18,38,0.35,0.19,10
木柵站,2025/10/04 20:00,56,細懸浮微粒,15.6,17,28,0.36,0.14,10
木柵站,2025/10/04 21:00,53,細懸浮微粒,13.7,9,24,0.3,0.12,8.3
木柵站,2025/10/04 22:00,52,細懸浮微粒,11.2,9,23,0.27,0.13,7.6
木柵站,2025/10/04 23:00,49,細懸浮微粒,9,9,28,0.27,0.19,7
木柵站,2025/10/05 00:00,44,懸浮微粒,8.4,6,20,0.27,0.24,6.3
木柵站,2025/10/05 01:00,42,懸浮微粒,8.3,7,16,0.32,0.25,5.9
木柵站,2025/10/05 02:00,43,細懸浮微粒,7.8,11,19,0.28,0.16,5.4
木柵站,2025/10/05 03:00,39,細懸浮微粒,6.4,6,22,0.25,0.16,5
木柵站,2025/10/05 04:00,39,細懸浮微粒,8.3,8,1,0.3,0.16,4.4
木柵站,2025/10/05 05:00,37,細懸浮微粒,8.4,7,19,0.32,0.22,4.5
木柵站,2025/10/05 06:00,35,細懸浮微粒,7.6,9,18,0.31,0.29,4.8
木柵站,2025/10/05 07:00,34,細懸浮微粒,12.2,8,28,0.36,0.41,5.2
木柵站,2025/10/05 08:00,46,懸浮微粒,21.5,8,61,0.36,0.26,5
木柵站,2025/10/05 09:00,47,懸浮微粒,31,12,26,0.42,0.84,6.1
木柵站,2025/10/05 10:00,48,懸浮微粒,35.7,10,23,0.43,1.32,6.4
木柵站,2025/10/05 11:00,45,懸浮微粒,51.6,14,18,0.49,0.94,4.8
木柵站,2025/10/05 12:00,42,細懸浮微粒,73.8,11,32,0.37,-,5.3
木柵站,2025/10/05 13:00,48,細懸浮微粒,77.8,19,38,0.38,-,6
木柵站,2025/10/05 14:00,53,細懸浮微粒,70.6,20,34,0.38,-,6.9
木柵站,2025/10/05 15:00,55,細懸浮微粒,59.2,16,28,0.36,-,7.9
木柵站,2025/10/05 16:00,58,細懸浮微粒,50.8,16,36,0.34,3.22,9.9
木柵站,2025/10/05 17:00,62,臭氧8小時,42.4,14,34,0.31,2.23,12.6
木柵站,2025/10/05 18:00,63,臭氧8小時,40.1,21,34,0.34,1.59,11.3
木柵站,2025/10/05 19:00,61,細懸浮微粒,28.5,20,35,0.28,0.55,9.6
木柵站,2025/10/05 20:00,63,細懸浮微粒,23.7,17,34,0.35,0.26,8.1
木柵站,2025/10/05 21:00,63,細懸浮微粒,15.8,14,28,0.39,0.24,8.2
木柵站,2025/10/05 22:00,62,細懸浮微粒,10.5,17,31,0.39,0.24,8.5
木柵站,2025/10/05 23:00,63,細懸浮微粒,8.4,20,34,0.35,0.16,8.3
木柵站,2025/10/06 00:00,59,細懸浮微粒,7.1,8,28,0.32,0.11,7.6
木柵站,2025/10/06 01:00,57,細懸浮微粒,6,9,24,0.36,0.14,6.8
木柵站,2025/10/06 02:00,54,細懸浮微粒,7,13,26,0.34,0.12,6
木柵站,2025/10/06 03:00,52,細懸浮微粒,5.7,13,27,0.28,0.14,5.5
木柵站,2025/10/06 04:00,52,細懸浮微粒,5,12,26,0.32,0.11,5.3
木柵站,2025/10/06 05:00,53,細懸浮微粒,5.1,11,27,0.34,0.11,5
木柵站,2025/10/06 06:00,51,細懸浮微粒,5.3,12,24,0.33,0.15,4.8
木柵站,2025/10/06 07:00,48,細懸浮微粒,8.3,8,35,0.34,0.17,4.8
木柵站,2025/10/06 08:00,48,懸浮微粒,16.3,9,30,0.34,0.15,5.8
木柵站,2025/10/06 09:00,47,懸浮微粒,27.4,11,23,0.33,0.51,5.9
木柵站,2025/10/06 10:00,44,懸浮微粒,32.8,9,18,0.34,0.8,5.6
木柵站,2025/10/06 11:00,41,細懸浮微粒,37.6,11,20,0.36,0.43,5.6
木柵站,2025/10/06 12:00,43,細懸浮微粒,40.8,11,30,0.32,0.86,5.6
木柵站,2025/10/06 13:00,43,細懸浮微粒,39.8,11,24,0.32,0.86,5.5
木柵站,2025/10/06 14:00,43,細懸浮微粒,33.7,9,20,0.31,0.6,4.9
木柵站,2025/10/06 15:00,39,細懸浮微粒,30.8,7,16,0.31,0.32,5.4
木柵站,2025/10/06 16:00,37,懸浮微粒,29.9,7,22,0.3,0.28,6
木柵站,2025/10/06 17:00,37,懸浮微粒,28.7,11,23,0.29,0.22,6.8
木柵站,2025/10/06 18:00,35,細懸浮微粒,22.3,8,5,0.25,0.26,6.3
木柵站,2025/10/06 19:00,34,細懸浮微粒,16.7,5,7,0.17,0.11,6.6
木柵站,2025/10/06 20:00,30,細懸浮微粒,17.8,2,11,0.26,0.12,6.6
木柵站,2025/10/06 21:00,26,細懸浮微粒,14.9,4,11,0.25,0.13,6.1
木柵站,2025/10/06 22:00,24,細懸浮微粒,12.7,6,10,0.23,0.13,6.3
木柵站,2025/10/06 23:00,22,細懸浮微粒,13.2,4,10,0.2,0.23,5.3
木柵站,2025/10/07 00:00,22,細懸浮微粒,13,4,9,0.25,0.14,4.3
木柵站,2025/10/07 01:00,20,細懸浮微粒,13.3,3,6,0.27,0.18,3.1
木柵站,2025/10/07 02:00,17,細懸浮微粒,13.2,2,5,0.26,0.14,2.8
木柵站,2025/10/07 03:00,17,細懸浮微粒,12.4,5,10,0.24,0.14,2.9
木柵站,2025/10/07 04:00,17,細懸浮微粒,11.1,4,15,0.24,0.11,2.9
木柵站,2025/10/07 05:00,16,懸浮微粒,9.9,2,11,0.25,0.12,3
木柵站,2025/10/07 06:00,18,懸浮微粒,8.4,1,12,0.27,0.17,3.4
木柵站,2025/10/07 07:00,20,懸浮微粒,8.2,3,15,0.35,0.11,4.6
木柵站,2025/10/07 08:00,19,懸浮微粒,10,4,12,0.33,0.13,6.5
木柵站,2025/10/07 09:00,21,懸浮微粒,15.8,6,18,0.36,0.47,7.6
木柵站,2025/10/07 10:00,22,懸浮微粒,20.6,5,15,0.35,0.74,8.2
木柵站,2025/10/07 11:00,22,懸浮微粒,23,2,15,0.35,0.48,7.6
木柵站,2025/10/07 12:00,23,懸浮微粒,24.1,1,14,0.28,0.4,6.9
木柵站,2025/10/07 13:00,22,懸浮微粒,23.5,4,12,0.27,0.28,6.1
木柵站,2025/10/07 14:00,24,懸浮微粒,24.3,4,18,0.26,0.3,6.6
木柵站,2025/10/07 15:00,25,懸浮微粒,27.7,10,19,0.28,0.58,6
木柵站,2025/10/07 16:00,25,懸浮微粒,25.1,7,14,0.31,0.37,6.9
木柵站,2025/10/07 17:00,26,懸浮微粒,25.7,4,13,0.34,0.22,8.5
木柵站,2025/10/07 18:00,25,懸浮微粒,24.4,3,15,0.32,0.22,9.2
木柵站,2025/10/07 19:00,25,懸浮微粒,23,12,17,0.32,0.23,10.3
木柵站,2025/10/07 20:00,25,細懸浮微粒,22.7,8,11,0.3,0.15,10.3
木柵站,2025/10/07 21:00,26,懸浮微粒,19.8,3,20,0.35,0.23,9.2
木柵站,2025/10/07 22:00,27,懸浮微粒,20.6,8,20,0.34,0.25,9.1
木柵站,2025/10/07 23:00,30,細懸浮微粒,21.4,14,20,0.28,0.26,7.8
木柵站,2025/10/08 00:00,32,細懸浮微粒,26.9,9,21,0.3,0.13,6
木柵站,2025/10/08 01:00,32,細懸浮微粒,23,4,17,0.31,0.14,4.6
木柵站,2025/10/08 02:00,31,細懸浮微粒,19.3,6,20,0.3,0.2,4.6
木柵站,2025/10/08 03:00,31,懸浮微粒,19.6,8,21,0.27,0.13,4.3
木柵站,2025/10/08 04:00,31,懸浮微粒,22,7,19,0.37,0.15,4.1
木柵站,2025/10/08 05:00,33,懸浮微粒,20.5,11,23,0.33,0.16,4.1
木柵站,2025/10/08 06:00,36,細懸浮微粒,17.4,11,21,0.36,0.29,5.2
木柵站,2025/10/08 07:00,37,細懸浮微粒,17.5,11,28,0.45,0.32,8.4
木柵站,2025/10/08 08:00,39,懸浮微粒,24.9,9,30,0.31,0.31,9.9
木柵站,2025/10/08 09:00,43,懸浮微粒,27.7,6,35,0.35,0.75,9.5
木柵站,2025/10/08 10:00,43,懸浮微粒,30.9,13,23,0.37,0.68,9.1
木柵站,2025/10/08 11:00,45,懸浮微粒,32.9,11,30,0.37,0.53,8.1
木柵站,2025/10/08 12:00,46,懸浮微粒,35,14,32,0.28,0.29,9
木柵站,2025/10/08 13:00,48,細懸浮微粒,34.2,16,24,0.26,0.21,8
木柵站,2025/10/08 14:00,45,細懸浮微粒,-,7,21,-,-,-
木柵站,2025/10/08 15:00,46,細懸浮微粒,31.2,12,33,0.43,0.35,5.6
木柵站,2025/10/08 16:00,45,懸浮微粒,30.7,7,29,0.52,0.42,5.4
木柵站,2025/10/08 17:00,44,懸浮微粒,31.2,10,21,0.52,0.31,6.5
木柵站,2025/10/08 18:00,47,懸浮微粒,29.6,18,30,0.52,0.2,8.2
木柵站,2025/10/08 19:00,48,懸浮微粒,30.9,10,35,0.48,0.4,8.1
木柵站,2025/10/08 20:00,47,懸浮微粒,32.9,9,26,0.39,0.51,7.5
木柵站,2025/10/08 21:00,47,懸浮微粒,26.4,10,24,0.41,0.38,5.7
木柵站,2025/10/08 22:00,45,懸浮微粒,21.9,13,21,0.39,0.4,6.6
木柵站,2025/10/08 23:00,43,細懸浮微粒,23.1,9,19,0.35,0.29,5.7
木柵站,2025/10/09 00:00,42,細懸浮微粒,23.2,8,17,0.42,0.25,4.3
木柵站,2025/10/09 01:00,39,細懸浮微粒,21.9,8,19,0.43,0.22,3.4
木柵站,2025/10/09 02:00,36,懸浮微粒,21,6,20,0.43,0.32,2.7
木柵站,2025/10/09 03:00,35,細懸浮微粒,21.3,8,15,0.38,0.26,2.3
木柵站,2025/10/09 04:00,35,細懸浮微粒,22.3,9,19,0.49,0.27,1.9
木柵站,2025/10/09 05:00,33,懸浮微粒,20.8,4,18,0.47,0.27,2.3
木柵站,2025/10/09 06:00,34,懸浮微粒,19,7,26,0.55,0.37,3.9
木柵站,2025/10/09 07:00,35,懸浮微粒,21.7,7,21,0.6,0.38,6.1
木柵站,2025/10/09 08:00,35,懸浮微粒,28.1,12,22,0.46,0.44,7.1
木柵站,2025/10/09 09:00,35,懸浮微粒,30.7,8,21,0.47,0.41,7.4
木柵站,2025/10/09 10:00,35,懸浮微粒,34,9,23,0.47,0.51,6.4
木柵站,2025/10/09 11:00,35,懸浮微粒,35.8,7,21,0.48,0.68,5.3
木柵站,2025/10/09 12:00,35,懸浮微粒,37,6,20,0.38,0.84,5.9
木柵站,2025/10/09 13:00,36,懸浮微粒,38.5,8,26,0.39,1.07,5.2
木柵站,2025/10/09 14:00,37,懸浮微粒,38.9,10,26,0.38,0.79,5.5
木柵站,2025/10/09 15:00,40,懸浮微粒,37.8,8,30,0.38,1,4.9
木柵站,2025/10/09 16:00,40,懸浮微粒,35.8,5,20,0.46,0.68,5.5
木柵站,2025/10/09 17:00,38,懸浮微粒,33.9,7,16,0.43,0.18,7.7
木柵站,2025/10/09 18:00,38,懸浮微粒,29.4,10,24,0.44,0.36,9.2
木柵站,2025/10/09 19:00,35,懸浮微粒,28.4,7,19,0.46,0.43,10.9
木柵站,2025/10/09 20:00,36,懸浮微粒,27.8,8,24,0.43,0.4,9.6
木柵站,2025/10/09 21:00,38,懸浮微粒,31.3,6,23,0.43,0.67,8.1
木柵站,2025/10/09 22:00,37,懸浮微粒,31.7,5,22,0.4,0.48,7.8
木柵站,2025/10/09 23:00,38,懸浮微粒,30.2,7,21,0.38,0.36,5.8
木柵站,2025/10/10 00:00,37,懸浮微粒,29.5,4,20,0.4,0.1,4.1
木柵站,2025/10/10 01:00,36,懸浮微粒,27.7,1,22,0.41,0.13,3.1
木柵站,2025/10/10 02:00,33,懸浮微粒,28,2,12,0.41,0.14,2.6
木柵站,2025/10/10 03:00,31,懸浮微粒,27.2,2,16,0.35,0.1,2.4
木柵站,2025/10/10 04:00,30,懸浮微粒,22.8,4,15,0.39,0.1,2.6
木柵站,2025/10/10 05:00,28,懸浮微粒,18.2,5,15,0.4,0.12,3.4
木柵站,2025/10/10 06:00,28,懸浮微粒,19.9,7,13,0.44,0.12,4.1
木柵站,2025/10/10 07:00,29,懸浮微粒,21.7,7,20,0.46,0.11,4.2
木柵站,2025/10/10 08:00,30,懸浮微粒,28.6,7,22,0.5,0.14,4.5
木柵站,2025/10/10 09:00,31,懸浮微粒,31.1,4,21,0.52,0.41,3.9
木柵站,2025/10/10 10:00,32,懸浮微粒,32,3,20,0.54,0.52,3.8
木柵站,2025/10/10 11:00,30,懸浮微粒,33.2,4,13,0.53,0.32,3
木柵站,2025/10/10 12:00,29,懸浮微粒,33.8,4,18,0.4,0.37,3.4
木柵站,2025/10/10 13:00,29,懸浮微粒,36,3,19,0.42,0.18,4.1
木柵站,2025/10/10 14:00,29,臭氧8小時,38,6,18,0.43,0.28,4.7
木柵站,2025/10/10 15:00,31,臭氧8小時,31.3,2,14,0.4,0.32,3.7
木柵站,2025/10/10 16:00,31,臭氧8小時,30.6,3,18,0.44,0.26,5.3
木柵站,2025/10/10 17:00,31,臭氧8小時,29.3,7,20,0.42,0.16,6.5
木柵站,2025/10/10 18:00,30,臭氧8小時,27.6,5,15,0.4,0.11,6.6
木柵站,2025/10/10 19:00,30,懸浮微粒,27.5,5,18,0.38,0.12,5.9
木柵站,2025/10/10 20:00,30,懸浮微粒,24.7,4,19,0.44,0.13,6.1
木柵站,2025/10/10 21:00,28,懸浮微粒,21.8,7,13,0.42,0.18,5.3
木柵站,2025/10/10 22:00,29,懸浮微粒,21.5,8,21,0.39,0.11,4.8
木柵站,2025/10/10 23:00,28,懸浮微粒,20.4,9,11,0.37,0.12,3.7
木柵站,2025/10/11 00:00,27,懸浮微粒,22.7,6,16,0.39,0.37,3.4
木柵站,2025/10/11 01:00,27,細懸浮微粒,23,8,10,0.41,0.26,2.6
木柵站,2025/10/11 02:00,25,懸浮微粒,24.9,4,19,0.44,0.45,2.2
木柵站,2025/10/11 03:00,28,懸浮微粒,23.7,9,22,0.36,0.37,1.9
木柵站,2025/10/11 04:00,27,懸浮微粒,21.1,6,13,0.38,0.39,1.8
木柵站,2025/10/11 05:00,27,懸浮微粒,14.5,4,14,0.42,0.39,2.1
木柵站,2025/10/11 06:00,26,懸浮微粒,10.2,6,13,0.45,0.36,4
木柵站,2025/10/11 07:00,25,懸浮微粒,15.9,4,16,0.44,0.25,5.4
木柵站,2025/10/11 08:00,24,懸浮微粒,20.6,5,13,0.52,0.62,4.7
木柵站,2025/10/11 09:00,25,懸浮微粒,28.6,7,17,0.57,0.97,5.4
木柵站,2025/10/11 10:00,27,懸浮微粒,35.9,5,20,0.57,2.25,5.3
木柵站,2025/10/11 11:00,25,懸浮微粒,41.3,5,11,0.58,1.01,3.9
木柵站,2025/10/11 12:00,26,懸浮微粒,46.4,4,17,0.41,1.11,2.9
木柵站,2025/10/11 13:00,29,臭氧8小時,50.6,10,24,0.46,3.44,4.1
木柵站,2025/10/11 14:00,33,臭氧8小時,42.9,12,26,0.44,1.87,5.6
木柵站,2025/10/11 15:00,35,臭氧8小時,32.2,12,28,0.39,1.2,4.7
木柵站,2025/10/11 16:00,36,細懸浮微粒,24.2,9,17,0.43,1.18,4.3
木柵站,2025/10/11 17:00,37,細懸浮微粒,24.5,11,18,0.43,0.93,5.2
木柵站,2025/10/11 18:00,36,細懸浮微粒,22.5,9,14,0.44,0.61,6.2
木柵站,2025/10/11 19:00,35,細懸浮微粒,20.6,8,19,0.39,0.55,5.2
木柵站,2025/10/11 20:00,34,細懸浮微粒,18.8,7,24,0.47,0.72,4.3
木柵站,2025/10/11 21:00,33,懸浮微粒,16.9,6,20,0.45,0.59,5.1
木柵站,2025/10/11 22:00,34,懸浮微粒,14.5,4,21,0.48,0.56,5.8
木柵站,2025/10/11 23:00,35,懸浮微粒,14.2,9,22,0.46,0.6,5.5
木柵站,2025/10/12 00:00,32,懸浮微粒,12.7,6,11,0.45,0.32,5.1
木柵站,2025/10/12 01:00,31,懸浮微粒,12.4,5,16,0.45,0.27,4.7
木柵站,2025/10/12 02:00,29,細懸浮微粒,11.7,7,14,0.43,0.38,4.3
木柵站,2025/10/12 03:00,27,懸浮微粒,11.5,7,19,0.39,0.18,4.3
木柵站,2025/10/12 04:00,28,懸浮微粒,11.5,5,16,0.37,0.28,3.6
木柵站,2025/10/12 05:00,28,懸浮微粒,12.1,8,15,0.38,0.43,3.4
木柵站,2025/10/12 06:00,29,懸浮微粒,9.8,6,17,0.39,0.33,3.8
木柵站,2025/10/12 07:00,29,懸浮微粒,14.1,8,19,0.42,0.29,4
木柵站,2025/10/12 08:00,30,細懸浮微粒,19.5,10,21,0.4,0.5,4.2
木柵站,2025/10/12 09:00,31,懸浮微粒,29.7,7,21,0.46,0.81,4.1
木柵站,2025/10/12 10:00,33,懸浮微粒,43.3,6,25,0.49,1.93,5
木柵站,2025/10/12 11:00,33,懸浮微粒,56.4,10,20,0.54,2.61,5.3
木柵站,2025/10/12 12:00,33,懸浮微粒,65.3,10,20,0.39,2.48,4.7
木柵站,2025/10/12 13:00,40,懸浮微粒,79.5,12,42,0.47,-,5.8
木柵站,2025/10/12 14:00,45,懸浮微粒,68.4,17,40,0.45,-,6
木柵站,2025/10/12 15:00,48,臭氧8小時,53,7,26,0.44,-,6.7
木柵站,2025/10/12 16:00,56,臭氧8小時,52.2,11,30,0.47,1.95,7.3
木柵站,2025/10/12 17:00,61,臭氧8小時,43.3,15,28,0.47,1.35,9.1
木柵站,2025/10/12 18:00,58,臭氧8小時,34.7,19,38,0.45,0.49,7.9
木柵站,2025/10/12 19:00,52,細懸浮微粒,27.7,13,32,0.41,0.61,7.6
木柵站,2025/10/12 20:00,51,細懸浮微粒,17.4,9,22,0.46,0.84,7.1
木柵站,2025/10/12 21:00,49,細懸浮微粒,15.4,10,21,0.39,0.45,7.3
木柵站,2025/10/12 22:00,46,細懸浮微粒,14.3,11,23,0.41,0.51,6.5
木柵站,2025/10/12 23:00,46,細懸浮微粒,14.6,12,20,0.34,0.4,5.6
木柵站,2025/10/13 00:00,44,細懸浮微粒,13.5,7,13,0.4,0.19,4.5
木柵站,2025/10/13 01:00,42,細懸浮微粒,13.2,7,17,0.42,0.23,4
木柵站,2025/10/13 02:00,37,細懸浮微粒,10.8,6,22,0.41,0.18,3.1
木柵站,2025/10/13 03:00,35,細懸浮微粒,9.3,7,17,0.38,0.15,3.4
木柵站,2025/10/13 04:00,37,懸浮微粒,8.4,10,28,0.42,0.23,3.8
木柵站,2025/10/13 05:00,38,懸浮微粒,7.2,11,23,0.43,0.31,4.8
木柵站,2025/10/13 06:00,44,細懸浮微粒,8.8,19,21,0.43,0.33,5.3
木柵站,2025/10/13 07:00,46,細懸浮微粒,12.4,11,23,0.51,0.41,5.9
木柵站,2025/10/13 08:00,46,細懸浮微粒,22.5,10,27,0.49,0.42,6.5
木柵站,2025/10/13 09:00,46,細懸浮微粒,33.9,11,29,0.55,1.07,6.7
木柵站,2025/10/13 10:00,43,細懸浮微粒,44.8,12,26,0.6,0.97,8.6
木柵站,2025/10/13 11:00,45,細懸浮微粒,54.5,14,27,0.6,1.31,7.8
木柵站,2025/10/13 12:00,50,細懸浮微粒,63.9,17,30,0.45,2.56,6.6
木柵站,2025/10/13 13:00,52,細懸浮微粒,80,-,41,0.53,4.53,7.9
木柵站,2025/10/13 14:00,54,細懸浮微粒,66.8,-,40,0.48,3.71,7.9
木柵站,2025/10/13 15:00,50,懸浮微粒,38.2,7,20,0.39,2.68,7.9
木柵站,2025/10/13 16:00,48,懸浮微粒,32.6,15,21,0.54,2.07,9.4
木柵站,2025/10/13 17:00,46,臭氧8小時,17.4,5,11,0.4,0.66,8.7
木柵站,2025/10/13 18:00,43,臭氧8小時,17.9,7,9,0.4,0.48,5.9
木柵站,2025/10/13 19:00,38,臭氧8小時,15.5,5,21,0.49,0.7,6.4
木柵站,2025/10/13 20:00,36,細懸浮微粒,12.8,12,12,0.37,0.19,8
木柵站,2025/10/13 21:00,37,細懸浮微粒,12.4,9,12,0.34,0.4,7.1
木柵站,2025/10/13 22:00,35,細懸浮微粒,8.9,5,20,0.36,0.46,6.8
木柵站,2025/10/13 23:00,37,細懸浮微粒,8.3,10,19,0.36,0.43,6.8
木柵站,2025/10/14 00:00,32,細懸浮微粒,8.6,7,10,0.39,0.13,6.1
木柵站,2025/10/14 01:00,30,細懸浮微粒,7.5,6,17,0.44,0.27,4.9
木柵站,2025/10/14 02:00,32,細懸浮微粒,8.8,8,22,0.43,0.3,4.6
木柵站,2025/10/14 03:00,31,細懸浮微粒,7.8,8,17,0.36,0.16,3.9
木柵站,2025/10/14 04:00,32,細懸浮微粒,7.8,11,22,0.45,0.2,4.1
木柵站,2025/10/14 05:00,34,細懸浮微粒,6.8,8,21,0.44,0.24,4.5
木柵站,2025/10/14 06:00,33,細懸浮微粒,6.7,7,23,0.47,0.25,4.4
木柵站,2025/10/14 07:00,34,細懸浮微粒,10.4,9,25,0.52,0.33,5.1
木柵站,2025/10/14 08:00,40,細懸浮微粒,21.7,20,34,0.59,0.44,7.2
木柵站,2025/10/14 09:00,49,細懸浮微粒,38.9,21,38,0.59,0.87,8.4
木柵站,2025/10/14 10:00,52,細懸浮微粒,50.8,13,35,0.57,1.09,8
木柵站,2025/10/14 11:00,52,細懸浮微粒,45.5,9,25,0.58,1.9,7.3
木柵站,2025/10/14 12:00,45,細懸浮微粒,26,5,17,0.34,0.94,7.7
木柵站,2025/10/14 13:00,40,懸浮微粒,25.1,6,16,0.31,0.71,7
木柵站,2025/10/14 14:00,37,懸浮微粒,25.2,8,21,0.33,1.08,7
木柵站,2025/10/14 15:00,38,細懸浮微粒,25.6,13,21,0.32,0.56,6.5
木柵站,2025/10/14 16:00,40,細懸浮微粒,21,9,23,0.39,0.34,8.4
木柵站,2025/10/14 17:00,43,細懸浮微粒,19.7,12,13,0.37,0.33,9.6
木柵站,2025/10/14 18:00,44,細懸浮微粒,20.9,8,23,0.35,0.24,8.6
木柵站,2025/10/14 19:00,42,細懸浮微粒,18.5,9,21,0.3,0.16,8.2
木柵站,2025/10/14 20:00,39,細懸浮微粒,18.6,8,14,0.4,0.26,7.3
木柵站,2025/10/14 21:00,34,細懸浮微粒,18.3,7,17,0.4,0.21,6
木柵站,2025/10/14 22:00,35,細懸浮微粒,21.7,11,13,0.39,0.32,5.3
木柵站,2025/10/14 23:00,35,細懸浮微粒,24.6,8,13,0.37,0.27,3.1
木柵站,2025/10/15 00:00,33,細懸浮微粒,25.6,5,12,0.39,0.27,1.9
木柵站,2025/10/15 01:00,33,細懸浮微粒,27.1,7,17,0.44,0.3,1.7
木柵站,2025/10/15 02:00,32,細懸浮微粒,28.8,8,11,0.43,0.34,1.4
木柵站,2025/10/15 03:00,28,細懸浮微粒,28.1,4,18,0.41,0.23,1.6
木柵站,2025/10/15 04:00,32,細懸浮微粒,26,11,16,0.44,0.18,1.8
木柵站,2025/10/15 05:00,33,細懸浮微粒,23.5,10,23,0.4,0.22,2.3
木柵站,2025/10/15 06:00,31,細懸浮微粒,20.8,6,20,0.4,0.44,3
木柵站,2025/10/15 07:00,36,細懸浮微粒,19.4,12,15,0.48,0.39,4.9
木柵站,2025/10/15 08:00,35,細懸浮微粒,23.9,9,24,0.43,0.65,6.1
木柵站,2025/10/15 09:00,34,細懸浮微粒,26.2,7,22,0.46,0.98,4.8
木柵站,2025/10/15 10:00,33,細懸浮微粒,27.9,6,20,0.46,0.93,4.6
木柵站,2025/10/15 11:00,32,懸浮微粒,28.2,5,16,0.47,0.82,5.1
木柵站,2025/10/15 12:00,31,懸浮微粒,28.6,7,19,0.39,0.88,4.4
木柵站,2025/10/15 13:00,30,懸浮微粒,28,8,15,0.37,0.42,5
木柵站,2025/10/15 14:00,32,懸浮微粒,21.9,5,24,0.35,1.28,3.6
木柵站,2025/10/15 15:00,32,懸浮微粒,23.2,2,18,0.38,2.61,2.8
木柵站,2025/10/15 16:00,30,懸浮微粒,22.2,8,13,0.38,0.7,5.2
木柵站,2025/10/15 17:00,29,懸浮微粒,20.8,8,13,0.37,0.6,8
木柵站,2025/10/15 18:00,27,細懸浮微粒,20.4,7,13,0.34,0.32,7.2
木柵站,2025/10/15 19:00,29,細懸浮微粒,20.1,8,17,0.33,0.33,6.3
木柵站,2025/10/15 20:00,30,細懸浮微粒,20.1,10,15,0.42,0.51,5
木柵站,2025/10/15 21:00,30,細懸浮微粒,21.7,8,19,0.39,0.45,3.7
木柵站,2025/10/15 22:00,30,細懸浮微粒,22.9,6,20,0.36,0.42,1.6
木柵站,2025/10/15 23:00,29,細懸浮微粒,22.5,6,16,0.36,0.72,2.1
木柵站,2025/10/16 00:00,29,懸浮微粒,22.4,7,17,0.39,0.53,0.8
木柵站,2025/10/16 01:00,28,懸浮微粒,21.7,4,16,0.39,0.26,0.4
木柵站,2025/10/16 02:00,27,懸浮微粒,19.5,3,16,0.37,0.12,1.6
木柵站,2025/10/16 03:00,28,懸浮微粒,18.3,7,21,0.34,0.14,1.7
木柵站,2025/10/16 04:00,28,懸浮微粒,12.7,8,14,0.3,0.11,5.9
木柵站,2025/10/16 05:00,28,懸浮微粒,9.8,6,15,0.3,0.16,8.8
木柵站,2025/10/16 06:00,29,細懸浮微粒,14.5,9,16,0.33,0.2,5.5
木柵站,2025/10/16 07:00,32,細懸浮微粒,16.5,12,25,0.4,0.23,5.5
木柵站,2025/10/16 08:00,34,細懸浮微粒,18,12,21,0.45,0.22,5.7
木柵站,2025/10/16 09:00,37,細懸浮微粒,20.4,11,25,0.46,0.54,4.4
木柵站,2025/10/16 10:00,44,細懸浮微粒,20.6,18,22,0.47,0.4,2.6
木柵站,2025/10/16 11:00,42,細懸浮微粒,19.7,8,19,0.5,0.32,2.1
木柵站,2025/10/16 12:00,43,細懸浮微粒,20.9,12,18,0.35,0.51,1.1
木柵站,2025/10/16 13:00,43,細懸浮微粒,20.2,9,16,0.32,0.35,0.4
木柵站,2025/10/16 14:00,39,細懸浮微粒,19.8,8,18,0.31,0.2,0.9
木柵站,2025/10/16 15:00,38,細懸浮微粒,18.7,7,28,0.34,0.41,2.9
木柵站,2025/10/16 16:00,39,細懸浮微粒,18.2,12,20,0.42,0.38,3.4
木柵站,2025/10/16 17:00,41,細懸浮微粒,15.5,11,19,0.41,0.16,5.6
木柵站,2025/10/16 18:00,42,細懸浮微粒,15,10,19,0.43,0.11,6.2
木柵站,2025/10/16 19:00,42,細懸浮微粒,14.8,8,20,0.37,0.17,5.8
木柵站,2025/10/16 20:00,45,細懸浮微粒,14.9,16,19,0.35,0.31,3.7
木柵站,2025/10/16 21:00,38,細懸浮微粒,16,2,26,0.33,0.24,2
木柵站,2025/10/16 22:00,35,懸浮微粒,15.5,3,21,0.33,0.41,2.5
木柵站,2025/10/16 23:00,34,懸浮微粒,15,6,17,0.33,0.26,1.7
木柵站,2025/10/17 00:00,33,懸浮微粒,14.1,8,16,0.42,0.34,-
木柵站,2025/10/17 01:00,30,懸浮微粒,12.6,5,11,0.44,0.22,-
木柵站,2025/10/17 02:00,28,懸浮微粒,13.2,2,12,0.41,0.33,-
木柵站,2025/10/17 03:00,26,細懸浮微粒,12.8,6,12,0.37,0.2,-
木柵站,2025/10/17 04:00,26,懸浮微粒,12.1,7,18,0.36,0.24,0.1
木柵站,2025/10/17 05:00,25,細懸浮微粒,11.4,8,6,0.37,0.22,1
木柵站,2025/10/17 06:00,26,細懸浮微粒,9.9,5,10,0.38,0.32,3.2
木柵站,2025/10/17 07:00,26,細懸浮微粒,9.5,6,14,0.42,0.37,4.2
木柵站,2025/10/17 08:00,22,懸浮微粒,9.4,3,15,0.44,0.4,4.8
木柵站,2025/10/17 09:00,24,懸浮微粒,11.8,3,20,0.46,0.54,4.6
木柵站,2025/10/17 10:00,26,懸浮微粒,14.3,6,19,0.49,0.92,3.5
木柵站,2025/10/17 11:00,27,懸浮微粒,15.8,8,18,0.52,0.69,3.7
木柵站,2025/10/17 12:00,27,懸浮微粒,16,4,17,0.49,0.69,3.1
木柵站,2025/10/17 13:00,28,懸浮微粒,16.6,2,19,0.47,0.83,2.3
木柵站,2025/10/17 14:00,27,懸浮微粒,16.7,3,15,0.48,0.45,1.3
木柵站,2025/10/17 15:00,28,懸浮微粒,16.5,6,20,0.46,0.61,1.2
木柵站,2025/10/17 16:00,29,懸浮微粒,15.6,5,19,0.4,0.87,3.9
木柵站,2025/10/17 17:00,28,懸浮微粒,14.3,6,15,0.38,0.64,6.1
木柵站,2025/10/17 18:00,29,懸浮微粒,12.6,6,15,0.39,0.33,7.7
木柵站,2025/10/17 19:00,27,懸浮微粒,13.4,8,13,0.33,0.3,6.8
木柵站,2025/10/17 20:00,28,懸浮微粒,13.6,8,22,0.44,0.39,5.6
木柵站,2025/10/17 21:00,28,懸浮微粒,14.7,8,16,0.41,0.42,4.3
木柵站,2025/10/17 22:00,29,懸浮微粒,16.9,4,18,0.4,0.41,2.9
木柵站,2025/10/17 23:00,30,懸浮微粒,18.2,8,18,0.38,0.44,2
木柵站,2025/10/18 00:00,28,懸浮微粒,18.5,6,13,0.41,0.29,1.6
木柵站,2025/10/18 01:00,28,懸浮微粒,19.9,6,17,0.44,0.12,0.4
木柵站,2025/10/18 02:00,27,細懸浮微粒,21.1,8,14,0.42,0.11,0.2
木柵站,2025/10/18 03:00,26,懸浮微粒,19.3,5,16,0.41,0.15,0.2
木柵站,2025/10/18 04:00,27,懸浮微粒,18.1,7,18,0.38,0.11,0.5
木柵站,2025/10/18 05:00,28,懸浮微粒,18,4,19,0.39,0.12,1.1
木柵站,2025/10/18 06:00,29,懸浮微粒,16.1,6,19,0.41,0.16,3.2
木柵站,2025/10/18 07:00,30,懸浮微粒,15.9,5,18,0.46,0.16,3.2
木柵站,2025/10/18 08:00,30,懸浮微粒,17.6,6,21,0.46,0.11,2.5
木柵站,2025/10/18 09:00,32,懸浮微粒,19.4,4,24,0.48,0.39,2.2
木柵站,2025/10/18 10:00,33,懸浮微粒,20.1,4,21,0.48,0.91,1.7
木柵站,2025/10/18 11:00,32,懸浮微粒,20.9,4,16,0.48,0.32,1.2
木柵站,2025/10/18 12:00,30,懸浮微粒,20.7,6,10,0.4,0.35,1.7
木柵站,2025/10/18 13:00,28,懸浮微粒,20.4,5,18,0.37,0.4,2.6
木柵站,2025/10/18 14:00,27,懸浮微粒,20.4,2,15,0.38,0.44,1
木柵站,2025/10/18 15:00,27,懸浮微粒,20.5,1,16,0.4,0.5,1.1
木柵站,2025/10/18 16:00,27,懸浮微粒,20.5,5,12,0.41,0.41,3.2
木柵站,2025/10/18 17:00,25,懸浮微粒,18.1,4,11,0.39,0.16,4.4
木柵站,2025/10/18 18:00,24,懸浮微粒,16.9,1,11,0.37,0.11,4.1
木柵站,2025/10/18 19:00,23,懸浮微粒,16.4,6,12,0.34,0.12,3.7
木柵站,2025/10/18 20:00,23,懸浮微粒,16.7,4,17,0.44,0.22,3.7
木柵站,2025/10/18 21:00,23,懸浮微粒,17.5,2,14,0.41,0.18,2.1
木柵站,2025/10/18 22:00,24,懸浮微粒,18.2,3,16,0.41,0.18,2.1
木柵站,2025/10/18 23:00,25,懸浮微粒,19.8,2,18,0.38,0.17,1
木柵站,2025/10/19 00:00,25,懸浮微粒,21.3,2,14,0.43,0.18,0.1
木柵站,2025/10/19 01:00,25,懸浮微粒,21.5,4,14,0.47,0.23,0.1
木柵站,2025/10/19 02:00,24,懸浮微粒,22.4,4,12,0.45,0.23,-
木柵站,2025/10/19 03:00,21,懸浮微粒,17.6,2,9,0.41,0.16,0.3
木柵站,2025/10/19 04:00,20,懸浮微粒,16.8,3,8,0.37,0.21,0.3
木柵站,2025/10/19 05:00,22,懸浮微粒,15.1,5,22,0.42,0.22,1.5
木柵站,2025/10/19 06:00,22,懸浮微粒,12.6,5,10,0.4,0.31,2.8
木柵站,2025/10/19 07:00,23,懸浮微粒,14.8,5,16,0.42,0.31,3.1
木柵站,2025/10/19 08:00,25,懸浮微粒,16.7,2,16,0.39,0.28,2.3
木柵站,2025/10/19 09:00,23,懸浮微粒,19.1,1,11,0.34,0.25,2.2
木柵站,2025/10/19 10:00,22,懸浮微粒,19.4,1,8,0.35,0.32,2.4
木柵站,2025/10/19 11:00,19,懸浮微粒,21,1,7,0.36,0.43,1.8
木柵站,2025/10/19 12:00,17,懸浮微粒,21.5,1,7,0.39,0.38,3.3
木柵站,2025/10/19 13:00,17,臭氧8小時,21.4,1,9,0.41,0.23,2.8
木柵站,2025/10/19 14:00,18,臭氧8小時,20.6,1,11,0.45,0.36,2.3
木柵站,2025/10/19 15:00,18,臭氧8小時,19.3,2,9,0.43,0.25,2
木柵站,2025/10/19 16:00,19,臭氧8小時,21,1,12,0.37,0.4,3.6
木柵站,2025/10/19 17:00,19,懸浮微粒,19.2,1,16,0.39,0.28,6.7
木柵站,2025/10/19 18:00,19,二氧化氮小時值,16,1,8,0.4,0.45,8.1
木柵站,2025/10/19 19:00,19,二氧化氮小時值,12,4,11,0.4,0.35,7.9
木柵站,2025/10/19 20:00,18,懸浮微粒,12.5,5,10,0.36,0.29,6.7
木柵站,2025/10/19 21:00,16,懸浮微粒,13.9,4,10,0.31,0.3,5.4
木柵站,2025/10/19 22:00,16,懸浮微粒,24.6,1,7,0.28,0.22,1.6
木柵站,2025/10/19 23:00,17,臭氧8小時,25,1,3,0.27,0.24,3.3
木柵站,2025/10/20 00:00,18,臭氧8小時,33,3,2,0.41,0.37,1.1
木柵站,2025/10/20 01:00,19,臭氧8小時,30.7,5,3,0.44,0.64,1.9
木柵站,2025/10/20 02:00,21,臭氧8小時,28.6,3,1,0.4,1.08,0.1
木柵站,2025/10/20 03:00,22,臭氧8小時,21,2,37,0.38,0.61,3.9
木柵站,2025/10/20 04:00,23,臭氧8小時,22.6,5,11,0.41,0.5,0.1
木柵站,2025/10/20 05:00,24,臭氧8小時,18.8,4,19,0.37,0.64,1.4
木柵站,2025/10/20 06:00,25,懸浮微粒,15.6,2,12,0.38,0.47,4.6
木柵站,2025/10/20 07:00,22,二氧化氮小時值,13.4,1,6,0.46,0.96,9.3
木柵站,2025/10/20 08:00,25,二氧化氮小時值,13.4,5,4,0.44,0.44,10.3
木柵站,2025/10/20 09:00,25,二氧化氮小時值,22,5,6,0.43,0.91,10.3
木柵站,2025/10/20 10:00,18,臭氧8小時,31.5,5,3,0.43,1.28,5.3
木柵站,2025/10/20 11:00,20,臭氧8小時,32,3,2,0.43,1.04,4.7
木柵站,2025/10/20 12:00,21,臭氧8小時,32.4,1,18,0.38,1.11,4
木柵站,2025/10/20 13:00,23,懸浮微粒,33.4,2,36,0.39,1.14,3.1
木柵站,2025/10/20 14:00,27,懸浮微粒,30.6,2,16,0.37,1.09,3.5
木柵站,2025/10/20 15:00,25,臭氧8小時,23.1,2,4,0.34,1.11,3.1
木柵站,2025/10/20 16:00,28,臭氧8小時,33.1,7,6,0.44,1,4.5
木柵站,2025/10/20 17:00,29,臭氧8小時,35.6,8,19,0.44,0.91,3.3
木柵站,2025/10/20 18:00,30,臭氧8小時,36.5,13,20,0.44,0.99,3.3
木柵站,2025/10/20 19:00,30,細懸浮微粒,36.4,11,29,0.42,0.9,3.3
木柵站,2025/10/20 20:00,31,臭氧8小時,38.5,7,13,0.33,1.13,2.2
木柵站,2025/10/20 21:00,31,臭氧8小時,37.8,5,14,0.32,1.53,2.3
木柵站,2025/10/20 22:00,32,臭氧8小時,38.7,4,18,0.3,1.53,1
木柵站,2025/10/20 23:00,34,臭氧8小時,39.5,4,15,0.32,2.78,0.5
木柵站,2025/10/21 00:00,35,臭氧8小時,40.5,4,13,0.35,0.74,-
木柵站,2025/10/21 01:00,36,臭氧8小時,40.5,3,10,0.38,0.79,-
木柵站,2025/10/21 02:00,36,臭氧8小時,40.8,5,19,0.36,0.62,-
木柵站,2025/10/21 03:00,37,臭氧8小時,39.5,4,9,0.36,0.5,-
木柵站,2025/10/21 04:00,37,臭氧8小時,39.1,3,20,0.39,0.5,-
木柵站,2025/10/21 05:00,37,臭氧8小時,38.9,4,10,0.43,0.44,-
木柵站,2025/10/21 06:00,37,臭氧8小時,36.7,3,20,0.4,0.73,3.4
木柵站,2025/10/21 07:00,36,臭氧8小時,33.8,10,18,0.47,0.36,6.7
木柵站,2025/10/21 08:00,35,臭氧8小時,29.8,6,12,0.37,0.63,10.8
木柵站,2025/10/21 09:00,34,臭氧8小時,33.2,4,14,0.32,0.82,7
木柵站,2025/10/21 10:00,33,臭氧8小時,32.7,5,15,0.35,0.29,8.3
木柵站,2025/10/21 11:00,32,臭氧8小時,32.3,4,13,0.32,0.79,8.2
木柵站,2025/10/21 12:00,31,臭氧8小時,32.6,5,13,0.29,1.05,8.3
木柵站,2025/10/21 13:00,30,臭氧8小時,31.2,7,14,0.3,0.31,9.3
木柵站,2025/10/21 14:00,30,臭氧8小時,30.2,4,18,0.27,1.22,8.3
木柵站,2025/10/21 15:00,29,臭氧8小時,28.4,5,8,0.33,1.34,10.3
木柵站,2025/10/21 16:00,36,二氧化氮小時值,24.9,6,11,0.39,0.47,15.3
木柵站,2025/10/21 17:00,36,二氧化氮小時值,25.2,6,16,0.4,1.19,15.1
木柵站,2025/10/21 18:00,46,二氧化氮小時值,21.3,6,10,0.46,0.6,19.5
木柵站,2025/10/21 19:00,26,臭氧8小時,32,4,10,0.35,0.91,8.5
木柵站,2025/10/21 20:00,26,臭氧8小時,35,5,10,0.3,0.37,6.3
木柵站,2025/10/21 21:00,27,臭氧8小時,36.8,8,6,0.32,0.82,4.3
木柵站,2025/10/21 22:00,28,臭氧8小時,37.9,3,16,0.28,1.07,3.3
木柵站,2025/10/21 23:00,29,臭氧8小時,39.5,2,11,0.29,0.31,1.5
木柵站,2025/10/22 00:00,31,臭氧8小時,41.3,7,10,0.29,0.92,-
木柵站,2025/10/22 01:00,33,臭氧8小時,41.4,3,10,0.34,1.18,-
木柵站,2025/10/22 02:00,35,臭氧8小時,42.4,1,11,0.33,0.8,-
木柵站,2025/10/22 03:00,37,臭氧8小時,41.8,1,12,0.31,0.84,-
木柵站,2025/10/22 04:00,37,臭氧8小時,40.8,1,9,0.33,0.66,-
木柵站,2025/10/22 05:00,38,臭氧8小時,40,1,8,0.33,0.72,-
木柵站,2025/10/22 06:00,38,臭氧8小時,37.8,1,8,0.33,0.58,-
木柵站,2025/10/22 07:00,37,臭氧8小時,34.8,3,11,0.35,0.64,4.3
木柵站,2025/10/22 08:00,36,臭氧8小時,33,2,6,0.31,0.4,5.6
木柵站,2025/10/22 09:00,35,臭氧8小時,33.5,4,5,0.29,0.53,5.6
木柵站,2025/10/22 10:00,34,臭氧8小時,34.7,7,12,0.31,0.74,4.5
木柵站,2025/10/22 11:00,34,臭氧8小時,35.3,4,11,0.31,0.45,4.6
木柵站,2025/10/22 12:00,33,臭氧8小時,35.3,3,23,0.34,1.04,4.5
木柵站,2025/10/22 13:00,32,臭氧8小時,36.2,2,16,0.35,0.35,4.7
木柵站,2025/10/22 14:00,32,臭氧8小時,36.1,2,23,0.33,0.92,4.6
木柵站,2025/10/22 15:00,32,臭氧8小時,36.1,11,22,0.34,0.27,5
木柵站,2025/10/22 16:00,33,臭氧8小時,36,7,18,0.32,0.83,5.6
木柵站,2025/10/22 17:00,33,臭氧8小時,36.8,8,28,0.29,0.48,5.5
木柵站,2025/10/22 18:00,34,臭氧8小時,38.3,10,21,0.31,1.15,4.4
木柵站,2025/10/22 19:00,34,臭氧8小時,36.9,7,2,0.34,0.87,5.3
木柵站,2025/10/22 20:00,34,臭氧8小時,39,2,20,0.31,0.48,3.1
木柵站,2025/10/22 21:00,35,臭氧8小時,39.8,1,18,0.32,0.83,2.4
木柵站,2025/10/22 22:00,35,臭氧8小時,39.9,1,14,0.33,0.35,2.1
木柵站,2025/10/22 23:00,36,臭氧8小時,40.5,3,15,0.33,0.55,1.1
木柵站,2025/10/23 00:00,36,臭氧8小時,41.1,4,26,0.36,0.96,-
木柵站,2025/10/23 01:00,37,臭氧8小時,41.2,3,16,0.4,1.29,-
木柵站,2025/10/23 02:00,37,臭氧8小時,40.7,4,4,0.4,1.17,-
木柵站,2025/10/23 03:00,37,臭氧8小時,36,3,6,0.4,2.09,-
木柵站,2025/10/23 04:00,36,臭氧8小時,32.2,2,16,0.28,1,-
木柵站,2025/10/23 05:00,36,臭氧8小時,35.1,1,9,0.3,1.78,-
木柵站,2025/10/23 06:00,35,臭氧8小時,38.8,4,19,0.31,0.86,2.1
木柵站,2025/10/23 07:00,35,臭氧8小時,35.2,4,13,0.36,1.41,5.5
木柵站,2025/10/23 08:00,34,臭氧8小時,33.3,7,18,0.32,0.38,6.5
木柵站,2025/10/23 09:00,33,臭氧8小時,33.9,7,24,0.37,1.24,6.4
木柵站,2025/10/23 10:00,32,臭氧8小時,31.6,9,24,0.38,0.17,7.9
木柵站,2025/10/23 11:00,35,懸浮微粒,31.6,8,32,0.38,0.16,7
木柵站,2025/10/23 12:00,38,懸浮微粒,31.8,7,31,0.4,0.16,5.7
木柵站,2025/10/23 13:00,38,懸浮微粒,33.2,7,24,0.38,0.11,4.5
木柵站,2025/10/23 14:00,43,懸浮微粒,-,8,34,-,-,-
木柵站,2025/10/23 15:00,42,懸浮微粒,-,8,23,-,-,-
木柵站,2025/10/23 16:00,42,懸浮微粒,22.3,6,29,0.11,2.25,16.1
木柵站,2025/10/23 17:00,40,懸浮微粒,30,4,13,0.13,2.11,10.4
木柵站,2025/10/23 18:00,38,懸浮微粒,32.9,5,22,0.06,1.13,9.4
木柵站,2025/10/23 19:00,40,懸浮微粒,34.8,7,29,0.04,0.99,7.8
木柵站,2025/10/23 20:00,42,懸浮微粒,35.2,9,32,0.15,0.89,6.9
木柵站,2025/10/23 21:00,47,懸浮微粒,36.6,8,34,0.13,1.19,5.7
木柵站,2025/10/23 22:00,50,懸浮微粒,36.5,9,33,0.14,1.24,5.1
木柵站,2025/10/23 23:00,50,懸浮微粒,37.1,10,30,0.11,2.44,4.5
木柵站,2025/10/24 00:00,45,懸浮微粒,39.1,8,15,0.16,1.82,2.9
木柵站,2025/10/24 01:00,40,懸浮微粒,40.8,8,12,0.18,1.75,1.7
木柵站,2025/10/24 02:00,37,懸浮微粒,39.8,7,21,0.17,1.84,2
木柵站,2025/10/24 03:00,35,臭氧8小時,37.7,3,17,0.16,1.3,2.1
木柵站,2025/10/24 04:00,36,臭氧8小時,40.5,5,13,0.17,1.56,1.4
木柵站,2025/10/24 05:00,36,臭氧8小時,39.9,6,22,0.19,1.68,1.7
木柵站,2025/10/24 06:00,36,臭氧8小時,39,3,7,0.22,1.28,2.8
木柵站,2025/10/24 07:00,36,臭氧8小時,38.2,6,15,0.17,0.15,4.6
木柵站,2025/10/24 08:00,36,臭氧8小時,35.9,5,21,0.22,0.17,5.4
木柵站,2025/10/24 09:00,35,臭氧8小時,33.9,5,14,0.25,0.19,7.8
木柵站,2025/10/24 10:00,35,臭氧8小時,35.1,4,18,0.22,0.25,6.1
木柵站,2025/10/24 11:00,34,臭氧8小時,34.7,5,18,0.24,0.26,6.2
木柵站,2025/10/24 12:00,34,臭氧8小時,33.6,6,16,0.2,0.27,6.9
木柵站,2025/10/24 13:00,33,臭氧8小時,34.8,5,20,0.19,0.18,5.1
木柵站,2025/10/24 14:00,32,臭氧8小時,31,4,21,0.24,0.24,9.3
木柵站,2025/10/24 15:00,31,臭氧8小時,32.5,2,16,0.21,0.32,6.6
木柵站,2025/10/24 16:00,32,懸浮微粒,35.7,13,24,0.19,0.32,6.7
木柵站,2025/10/24 17:00,35,懸浮微粒,32.7,7,31,0.23,1.15,9.6
木柵站,2025/10/24 18:00,36,懸浮微粒,28.5,7,24,0.28,2.16,9.4
木柵站,2025/10/24 19:00,38,懸浮微粒,32.1,9,20,0.24,3.09,9
木柵站,2025/10/24 20:00,34,懸浮微粒,32.4,6,9,0.09,2.09,7.2
木柵站,2025/10/24 21:00,30,臭氧8小時,37.5,3,11,0.06,2.57,4.1
木柵站,2025/10/24 22:00,31,臭氧8小時,38.1,3,12,0.07,2.14,4.2
木柵站,2025/10/24 23:00,32,臭氧8小時,36.3,8,13,0.05,2.38,4
木柵站,2025/10/25 00:00,32,臭氧8小時,38.5,6,14,0.11,1.23,3
木柵站,2025/10/25 01:00,33,臭氧8小時,40,11,23,0.13,1.63,2.2
木柵站,2025/10/25 02:00,34,臭氧8小時,40.8,10,22,0.13,1,2.2
木柵站,2025/10/25 03:00,35,臭氧8小時,41.3,7,17,0.09,1.35,1.5
木柵站,2025/10/25 04:00,36,臭氧8小時,40.9,4,18,0.12,2.17,1.3
木柵站,2025/10/25 05:00,36,臭氧8小時,36,5,21,0.13,2.67,2
木柵站,2025/10/25 06:00,35,臭氧8小時,31.1,3,6,0.18,1.74,6
木柵站,2025/10/25 07:00,34,臭氧8小時,27.9,3,10,0.16,0.12,7.6
木柵站,2025/10/25 08:00,33,臭氧8小時,30.6,3,11,0.32,0.23,10.8
木柵站,2025/10/25 09:00,33,臭氧8小時,32.4,4,8,0.3,0.2,8.1
木柵站,2025/10/25 10:00,31,臭氧8小時,31.3,8,10,0.29,0.18,8.7
木柵站,2025/10/25 11:00,30,臭氧8小時,31.8,6,15,0.3,0.21,7.4
木柵站,2025/10/25 12:00,29,臭氧8小時,32.6,8,-,0.2,0.23,6.5
木柵站,2025/10/25 13:00,29,臭氧8小時,32.4,6,1,0.21,0.14,5.8
木柵站,2025/10/25 14:00,28,臭氧8小時,26.9,9,19,0.22,0.19,11.5
木柵站,2025/10/25 15:00,28,臭氧8小時,26.7,8,23,0.23,0.12,9.8
木柵站,2025/10/25 16:00,29,臭氧8小時,33.2,9,21,0.16,0.14,6.3
木柵站,2025/10/25 17:00,29,懸浮微粒,28.6,5,23,0.18,0.14,11
木柵站,2025/10/25 18:00,31,懸浮微粒,29.6,7,24,0.23,0.23,8.4
木柵站,2025/10/25 19:00,31,懸浮微粒,29.5,6,18,0.18,0.27,9
木柵站,2025/10/25 20:00,32,懸浮微粒,34.5,6,23,0.13,0.22,5
木柵站,2025/10/25 21:00,32,懸浮微粒,30.4,8,18,0.13,0.14,6.2
木柵站,2025/10/25 22:00,33,懸浮微粒,26.9,8,24,0.17,0.22,8.4
木柵站,2025/10/25 23:00,31,懸浮微粒,31.5,8,10,0.16,0.63,6.1
木柵站,2025/10/26 00:00,30,懸浮微粒,38.1,4,17,0.14,1.39,2.8
木柵站,2025/10/26 01:00,31,懸浮微粒,39,6,19,0.23,1.8,1.9
木柵站,2025/10/26 02:00,31,臭氧8小時,38.1,4,22,0.2,2.38,2.1
木柵站,2025/10/26 03:00,37,懸浮微粒,37.8,2,34,0.17,1.78,2.6
木柵站,2025/10/26 04:00,38,懸浮微粒,38.4,8,22,0.12,1.91,2
木柵站,2025/10/26 05:00,39,懸浮微粒,38.2,10,24,0.11,1.99,2.8
木柵站,2025/10/26 06:00,39,懸浮微粒,35.2,6,21,0.15,1.87,5.7
木柵站,2025/10/26 07:00,36,懸浮微粒,30.5,14,20,0.17,2.16,8.3
木柵站,2025/10/26 08:00,34,細懸浮微粒,36.2,9,13,0.22,1.91,5.8
木柵站,2025/10/26 09:00,34,臭氧8小時,39.1,8,20,0.23,2.01,4.6
木柵站,2025/10/26 10:00,38,細懸浮微粒,38.4,13,19,0.23,2.52,5.6
木柵站,2025/10/26 11:00,35,細懸浮微粒,36.4,9,27,0.25,2.26,6.7
木柵站,2025/10/26 12:00,38,懸浮微粒,33.7,7,26,0.22,2.13,7.9
木柵站,2025/10/26 13:00,40,懸浮微粒,35.9,9,28,0.18,2.55,7
木柵站,2025/10/26 14:00,45,懸浮微粒,36.3,7,37,0.21,2.12,7.8
木柵站,2025/10/26 15:00,46,懸浮微粒,35.2,7,33,0.26,2.1,10
木柵站,2025/10/26 16:00,48,懸浮微粒,32.6,16,32,0.21,2.12,11.7
木柵站,2025/10/26 17:00,50,懸浮微粒,41.5,15,34,0.16,2.21,7.8
木柵站,2025/10/26 18:00,50,懸浮微粒,40.3,11,33,0.19,4.22,8.5
木柵站,2025/10/26 19:00,50,懸浮微粒,38.7,14,32,0.21,5.3,7.9
木柵站,2025/10/26 20:00,51,懸浮微粒,38.3,11,30,0.15,5.32,8.3
木柵站,2025/10/26 21:00,49,懸浮微粒,31.6,11,21,0.16,4.57,10.8
木柵站,2025/10/26 22:00,47,懸浮微粒,25.7,9,23,0.11,3.6,9.3
木柵站,2025/10/26 23:00,44,懸浮微粒,30.9,5,21,0.11,4.13,6.1
木柵站,2025/10/27 00:00,41,懸浮微粒,48.1,10,17,0.2,2.64,2
木柵站,2025/10/27 01:00,40,懸浮微粒,45,6,20,0.24,1.89,1.5
木柵站,2025/10/27 02:00,40,懸浮微粒,43.9,6,27,0.24,3.21,1.7
木柵站,2025/10/27 03:00,40,懸浮微粒,43,12,25,0.22,2.56,1.5
木柵站,2025/10/27 04:00,41,懸浮微粒,37.8,10,23,0.12,3.7,2
木柵站,2025/10/27 05:00,44,細懸浮微粒,33.7,18,12,0.13,2.28,3.4
木柵站,2025/10/27 06:00,45,細懸浮微粒,31.6,9,18,0.15,3.37,5.9
木柵站,2025/10/27 07:00,42,細懸浮微粒,36,8,11,0.21,3.41,8.5
木柵站,2025/10/27 08:00,39,細懸浮微粒,32.2,6,11,0.2,3,14.8
木柵站,2025/10/27 09:00,35,細懸浮微粒,30.4,10,24,0.17,2.73,14.6
木柵站,2025/10/27 10:00,37,二氧化氮小時值,27.5,6,8,0.21,3.4,15.6
木柵站,2025/10/27 11:00,31,細懸浮微粒,31.2,5,6,0.19,1.55,11.8
木柵站,2025/10/27 12:00,31,細懸浮微粒,36,6,7,0.15,0.99,9.2
木柵站,2025/10/27 13:00,30,細懸浮微粒,33.4,8,22,0.13,0.76,12.3
木柵站,2025/10/27 14:00,33,細懸浮微粒,32.6,10,25,0.13,0.93,13
木柵站,2025/10/27 15:00,34,細懸浮微粒,36.3,8,22,0.15,1.97,12
木柵站,2025/10/27 16:00,39,二氧化氮小時值,34.1,8,17,0.15,1.44,16.3
木柵站,2025/10/27 17:00,37,二氧化氮小時值,35,10,21,0.22,1.35,15.5
木柵站,2025/10/27 18:00,47,二氧化氮小時值,27,9,18,0.25,1.7,19.8
木柵站,2025/10/27 19:00,44,二氧化氮小時值,23.9,8,26,0.19,1.44,18.6
木柵站,2025/10/27 20:00,33,二氧化氮小時值,26.2,6,13,0.12,0.85,13.8
木柵站,2025/10/27 21:00,30,懸浮微粒,26.2,4,20,0.06,1.36,10.9
木柵站,2025/10/27 22:00,30,懸浮微粒,24.6,2,13,0.05,2.39,11.3
木柵站,2025/10/27 23:00,27,懸浮微粒,29.3,3,12,0.04,0.93,8.3
木柵站,2025/10/28 00:00,26,懸浮微粒,32.1,4,9,0.25,0.63,4.1
木柵站,2025/10/28 01:00,26,臭氧8小時,35.1,3,10,0.25,0.45,2
木柵站,2025/10/28 02:00,27,臭氧8小時,37.1,2,13,0.25,0.67,2.1
木柵站,2025/10/28 03:00,28,臭氧8小時,31.6,5,8,0.23,0.91,2.6
木柵站,2025/10/28 04:00,30,臭氧8小時,39.3,5,3,0.08,0.52,1.5
木柵站,2025/10/28 05:00,31,臭氧8小時,39.3,4,23,0.08,0.38,4
木柵站,2025/10/28 06:00,32,臭氧8小時,32.4,5,11,0.12,1.22,10.8
木柵站,2025/10/28 07:00,51,二氧化氮小時值,22,11,15,0.25,0.58,22.6
木柵站,2025/10/28 08:00,46,二氧化氮小時值,25.3,9,21,0.23,1.29,19.2
木柵站,2025/10/28 09:00,51,二氧化氮小時值,23.6,9,20,0.22,0.52,23.3
木柵站,2025/10/28 10:00,51,二氧化氮小時值,22.2,6,14,0.21,1.16,22.8
木柵站,2025/10/28 11:00,45,二氧化氮小時值,24.4,5,15,0.18,1.36,18.8
木柵站,2025/10/28 12:00,38,二氧化氮小時值,26.2,8,19,0.19,1.06,15.8
木柵站,2025/10/28 13:00,39,二氧化氮小時值,27.2,7,16,0.19,0.22,16.3
木柵站,2025/10/28 14:00,26,懸浮微粒,28.4,3,16,0.14,0.1,9.6
木柵站,2025/10/28 15:00,24,臭氧8小時,31.9,1,5,0.16,-,7.8
木柵站,2025/10/28 16:00,25,臭氧8小時,31.7,4,8,0.06,1.35,10.2
木柵站,2025/10/28 17:00,32,二氧化氮小時值,28.5,6,10,0.06,4.97,13.3
木柵站,2025/10/28 18:00,41,二氧化硫小時值,28.8,9,7,0.08,6.59,12.6
木柵站,2025/10/28 19:00,28,細懸浮微粒,30.6,10,9,0.06,1.98,11.5
木柵站,2025/10/28 20:00,28,細懸浮微粒,30,6,23,0.1,0.78,9.8
木柵站,2025/10/28 21:00,28,臭氧8小時,28.8,5,7,0.13,0.56,9.9
木柵站,2025/10/28 22:00,28,臭氧8小時,32.8,1,9,0.11,0.21,5.5
木柵站,2025/10/28 23:00,28,臭氧8小時,33.3,1,11,0.07,0.1,5.4
木柵站,2025/10/29 00:00,29,臭氧8小時,35.4,1,9,0.18,2.25,2
木柵站,2025/10/29 01:00,30,臭氧8小時,38.2,1,9,0.2,1.8,0.8
木柵站,2025/10/29 02:00,31,臭氧8小時,36.9,3,8,0.19,1.64,1.1
木柵站,2025/10/29 03:00,31,臭氧8小時,36,1,8,0.18,0.36,0.9
木柵站,2025/10/29 04:00,32,臭氧8小時,36,1,10,0.13,0.78,1.6
木柵站,2025/10/29 05:00,33,臭氧8小時,35.3,3,4,0.15,0.24,2.5
木柵站,2025/10/29 06:00,33,臭氧8小時,34.1,4,20,0.16,0.14,6.4
木柵站,2025/10/29 07:00,33,臭氧8小時,31.7,8,19,0.21,0.11,10.8
木柵站,2025/10/29 08:00,32,臭氧8小時,27.4,7,21,0.12,0.1,12.6
木柵站,2025/10/29 09:00,31,臭氧8小時,32.7,6,20,0.09,0.1,7.7
木柵站,2025/10/29 10:00,31,臭氧8小時,32.8,7,17,0.11,0.1,8.2
木柵站,2025/10/29 11:00,30,臭氧8小時,32.7,6,26,0.11,2.21,5.1
木柵站,2025/10/29 12:00,31,懸浮微粒,29.7,8,23,0.11,0.49,6.4
木柵站,2025/10/29 13:00,33,懸浮微粒,31,6,25,0.1,0.27,8
木柵站,2025/10/29 14:00,36,懸浮微粒,31.8,4,27,0.08,0.24,7.1
木柵站,2025/10/29 15:00,37,懸浮微粒,30.1,5,23,0.13,0.13,8.3
木柵站,2025/10/29 16:00,38,懸浮微粒,26.5,7,24,0.25,0.15,12.6
木柵站,2025/10/29 17:00,38,懸浮微粒,30.6,7,20,0.19,0.1,10.5
木柵站,2025/10/29 18:00,38,懸浮微粒,31.1,7,26,0.18,0.1,10.2
木柵站,2025/10/29 19:00,40,懸浮微粒,33,6,28,0.17,2,8.3
木柵站,2025/10/29 20:00,43,懸浮微粒,31.1,11,35,0.16,2.35,10.5
木柵站,2025/10/29 21:00,46,懸浮微粒,28.2,9,31,0.17,1.98,11.2
木柵站,2025/10/29 22:00,50,懸浮微粒,27.5,6,38,0.19,1.39,9.1
木柵站,2025/10/29 23:00,51,懸浮微粒,28,6,30,0.13,1.91,6.2
木柵站,2025/10/30 00:00,50,懸浮微粒,28.5,8,29,0.07,1.14,3.7
木柵站,2025/10/30 01:00,49,懸浮微粒,29,5,25,0.18,0.41,2.1
木柵站,2025/10/30 02:00,46,懸浮微粒,28.2,9,26,0.07,0.74,1.8
木柵站,2025/10/30 03:00,45,懸浮微粒,27.1,7,24,0.06,0.56,1.5
木柵站,2025/10/30 04:00,42,懸浮微粒,26.6,6,16,0.12,0.16,1.4
木柵站,2025/10/30 05:00,41,懸浮微粒,25.8,4,21,0.12,0.11,3.1
木柵站,2025/10/30 06:00,39,懸浮微粒,22.4,6,19,0.19,0.11,6.4
木柵站,2025/10/30 07:00,36,懸浮微粒,23.9,8,15,0.19,0.11,9.1
木柵站,2025/10/30 08:00,34,懸浮微粒,25.6,12,14,0.22,1.91,9.9
木柵站,2025/10/30 09:00,31,懸浮微粒,27.6,6,12,0.22,4.13,7.9
木柵站,2025/10/30 10:00,29,細懸浮微粒,33.6,4,9,0.24,3.72,5.2
木柵站,2025/10/30 11:00,29,細懸浮微粒,35,8,18,0.26,1.28,5.1
木柵站,2025/10/30 12:00,26,細懸浮微粒,33.4,7,10,0.22,0.21,6.7
木柵站,2025/10/30 13:00,27,臭氧8小時,31.8,4,12,0.23,0.33,7.2
木柵站,2025/10/30 14:00,28,臭氧8小時,32.3,3,17,0.18,0.39,5.4
木柵站,2025/10/30 15:00,29,臭氧8小時,34.6,2,12,0.18,0.36,3
木柵站,2025/10/30 16:00,30,臭氧8小時,31.7,7,11,0.26,0.15,5.5
木柵站,2025/10/30 17:00,31,臭氧8小時,31.4,6,16,0.22,0.14,6.2
木柵站,2025/10/30 18:00,30,臭氧8小時,26.7,9,20,0.25,0.14,9.4
木柵站,2025/10/30 19:00,34,二氧化氮小時值,16.9,6,20,0.33,0.1,14.1
木柵站,2025/10/30 20:00,27,懸浮微粒,17.1,7,16,0.2,0.1,7
木柵站,2025/10/30 21:00,37,二氧化氮小時值,7.6,5,23,0.32,1.99,15.4
木柵站,2025/10/30 22:00,33,懸浮微粒,8.1,10,32,0.32,3.11,13.4
木柵站,2025/10/30 23:00,36,懸浮微粒,7.1,12,30,0.32,1.99,14.8
木柵站,2025/10/31 00:00,41,懸浮微粒,6.1,14,31,0.26,2.62,12.4
木柵站,2025/10/31 01:00,44,懸浮微粒,5.4,10,33,0.26,1.95,10.5
木柵站,2025/10/31 02:00,45,懸浮微粒,28.3,12,29,0.12,2.04,5
木柵站,2025/10/31 03:00,43,懸浮微粒,32.1,9,18,0.05,1.4,2.5
木柵站,2025/10/31 04:00,44,懸浮微粒,31.4,9,31,0.12,1.22,2.5
木柵站,2025/10/31 05:00,42,懸浮微粒,30.9,7,21,0.13,0.76,2.7
木柵站,2025/10/31 06:00,40,懸浮微粒,29.8,9,20,0.15,0.42,4.2
木柵站,2025/10/31 07:00,41,懸浮微粒,22.4,11,24,0.26,0.34,13.6
木柵站,2025/10/31 08:00,40,懸浮微粒,21.7,9,24,0.22,0.21,12.1
木柵站,2025/10/31 09:00,40,懸浮微粒,25.7,6,20,0.14,0.22,6.7
木柵站,2025/10/31 10:00,40,懸浮微粒,28.3,7,21,0.18,0.12,10.1
木柵站,2025/10/31 11:00,39,懸浮微粒,28.8,9,25,0.22,0.11,10.5
木柵站,2025/10/31 12:00,38,懸浮微粒,34.1,12,21,0.14,0.1,7.7
木柵站,2025/10/31 13:00,37,懸浮微粒,31.8,9,21,0.15,0.1,11.4
木柵站,2025/10/31 14:00,39,細懸浮微粒,33.6,11,24,0.14,1.71,9.5
木柵站,2025/10/31 15:00,39,懸浮微粒,32.6,9,28,0.16,2.8,11.6
木柵站,2025/10/31 16:00,39,細懸浮微粒,31.9,12,22,0.22,1.87,14.4
木柵站,2025/10/31 17:00,42,細懸浮微粒,34,13,23,0.19,3.43,11.1
木柵站,2025/10/31 18:00,45,細懸浮微粒,34.3,14,26,0.2,2.22,14
木柵站,2025/10/31 19:00,46,細懸浮微粒,31.2,11,27,0.16,1.75,11.3
木柵站,2025/10/31 20:00,44,懸浮微粒,26.6,8,36,0.1,3.45,10.7
木柵站,2025/10/31 21:00,47,懸浮微粒,22,15,35,0.16,5.65,10.9
木柵站,2025/10/31 22:00,48,懸浮微粒,29.5,1,28,0.17,3.58,11.8
木柵站,2025/10/31 23:00,48,懸浮微粒,39,6,27,0.11,1.56,7.1
木柵站,2025/11/01 00:00,46,懸浮微粒,40.2,12,25,0.12,2.17,4.8
木柵站,2025/11/01 01:00,45,懸浮微粒,40.2,8,25,0.18,2.54,2.6
木柵站,2025/11/01 02:00,45,懸浮微粒,37.9,16,30,0.15,5.36,2.5
木柵站,2025/11/01 03:00,45,懸浮微粒,37.2,1,25,0.15,4.01,2.5
木柵站,2025/11/01 04:00,45,懸浮微粒,31.4,1,26,0.12,5.56,4.1
木柵站,2025/11/01 05:00,47,懸浮微粒,26.3,5,31,0.1,3.66,5.8
木柵站,2025/11/01 06:00,46,懸浮微粒,18.9,5,25,0.15,-,10.8
木柵站,2025/11/01 07:00,48,二氧化氮小時值,14.7,10,31,0.22,4.1,20.1
木柵站,2025/11/01 08:00,47,懸浮微粒,17.3,6,27,0.14,3.07,13.8
木柵站,2025/11/01 09:00,44,懸浮微粒,23.9,8,20,0.13,0.17,11.8
木柵站,2025/11/01 10:00,45,懸浮微粒,27.3,9,29,0.16,1.12,12
木柵站,2025/11/01 11:00,44,懸浮微粒,24.7,13,29,0.17,1.2,16
木柵站,2025/11/01 12:00,46,懸浮微粒,19.8,15,32,0.21,4.32,16.1
木柵站,2025/11/01 13:00,48,懸浮微粒,22.5,13,30,0.22,7.7,17.2
木柵站,2025/11/01 14:00,48,懸浮微粒,21.9,14,30,0.27,5.59,14.2
木柵站,2025/11/01 15:00,49,懸浮微粒,27.6,14,31,0.19,3.14,13.3
木柵站,2025/11/01 16:00,51,細懸浮微粒,30.7,17,28,0.14,2.87,16.5
木柵站,2025/11/01 17:00,53,細懸浮微粒,23.6,17,32,0.23,4.15,15.8
木柵站,2025/11/01 18:00,55,細懸浮微粒,24.1,15,34,0.23,2.42,14.3
木柵站,2025/11/01 19:00,55,細懸浮微粒,24.9,14,37,0.14,3.55,13.5
木柵站,2025/11/01 20:00,54,細懸浮微粒,29.4,11,32,0.09,2.85,10.2
木柵站,2025/11/01 21:00,54,細懸浮微粒,28.3,15,27,0.1,3.15,9.9
木柵站,2025/11/01 22:00,53,細懸浮微粒,28.9,12,28,0.15,0.92,8.8
木柵站,2025/11/01 23:00,52,細懸浮微粒,31.5,11,26,0.18,3.97,6.9
木柵站,2025/11/02 00:00,52,細懸浮微粒,33.8,13,24,0.22,1.04,4.1
木柵站,2025/11/02 01:00,50,細懸浮微粒,38.3,9,19,0.25,2.65,2.2
木柵站,2025/11/02 02:00,46,細懸浮微粒,41.6,6,20,0.25,4.57,1.9
木柵站,2025/11/02 03:00,46,細懸浮微粒,40.6,12,16,0.2,0.85,2
木柵站,2025/11/02 04:00,44,細懸浮微粒,41.5,11,16,0.28,1.7,1.7
木柵站,2025/11/02 05:00,42,細懸浮微粒,40.7,9,9,0.31,5.1,2.4
木柵站,2025/11/02 06:00,43,二氧化硫小時值,41.9,8,9,0.31,6.8,3.9
木柵站,2025/11/02 07:00,40,細懸浮微粒,34.6,9,21,0.34,4.02,16.5
木柵站,2025/11/02 08:00,41,細懸浮微粒,34.2,13,22,0.29,3.29,17.2
木柵站,2025/11/02 09:00,45,細懸浮微粒,35.5,16,21,0.25,2.85,13.4
木柵站,2025/11/02 10:00,50,細懸浮微粒,43.3,16,19,0.21,1.63,8.9
木柵站,2025/11/02 11:00,56,細懸浮微粒,32.7,23,28,0.27,0.11,15.8
木柵站,2025/11/02 12:00,58,細懸浮微粒,28.9,18,29,0.24,1.59,14.2
木柵站,2025/11/02 13:00,59,細懸浮微粒,35.3,15,31,0.21,0.13,8.1
木柵站,2025/11/02 14:00,61,細懸浮微粒,21,18,40,0.35,0.25,17.5
木柵站,2025/11/02 15:00,64,細懸浮微粒,35.5,27,36,0.25,0.17,13
木柵站,2025/11/02 16:00,67,細懸浮微粒,36.9,24,45,0.32,0.24,13
木柵站,2025/11/02 17:00,72,細懸浮微粒,33.6,24,42,0.37,0.6,15.5
木柵站,2025/11/02 18:00,81,細懸浮微粒,36,34,56,0.42,0.1,15.5
木柵站,2025/11/02 19:00,84,細懸浮微粒,46.7,29,50,0.34,0.1,6
木柵站,2025/11/02 20:00,88,細懸浮微粒,-,30,51,-,-,-
木柵站,2025/11/02 21:00,90,細懸浮微粒,38.2,27,63,0.41,1.64,8.6
木柵站,2025/11/02 22:00,89,細懸浮微粒,37.5,26,52,0.34,0.34,9.3
木柵站,2025/11/02 23:00,87,細懸浮微粒,37.4,23,54,0.33,0.98,6.2
木柵站,2025/11/03 00:00,86,細懸浮微粒,33.8,26,42,0.32,0.89,5.9
木柵站,2025/11/03 01:00,86,細懸浮微粒,37.8,23,41,0.28,1.07,3.5
木柵站,2025/11/03 02:00,82,細懸浮微粒,43.9,17,35,0.21,1.21,1.6
木柵站,2025/11/03 03:00,78,細懸浮微粒,50,15,24,0.16,1.58,1.2
木柵站,2025/11/03 04:00,74,細懸浮微粒,48.9,16,28,0.23,1.18,1.6
木柵站,2025/11/03 05:00,70,細懸浮微粒,46.1,15,35,0.27,0.99,3.2
木柵站,2025/11/03 06:00,69,細懸浮微粒,42.6,19,36,0.37,1.54,12.1
木柵站,2025/11/03 07:00,70,細懸浮微粒,40.9,21,41,0.39,1.48,16.7
木柵站,2025/11/03 08:00,74,細懸浮微粒,42.4,28,45,0.35,1.96,16.5
木柵站,2025/11/03 09:00,77,細懸浮微粒,41.8,25,39,0.32,1,14.5
木柵站,2025/11/03 10:00,78,細懸浮微粒,38,23,36,0.32,1.37,19
木柵站,2025/11/03 11:00,80,細懸浮微粒,36.7,25,41,0.3,1.64,15.3
木柵站,2025/11/03 12:00,81,細懸浮微粒,35.8,29,36,0.25,1.88,13.8
木柵站,2025/11/03 13:00,76,細懸浮微粒,33.8,14,20,0.18,1.83,13
木柵站,2025/11/03 14:00,71,細懸浮微粒,30.1,11,20,0.16,1.88,15.9
木柵站,2025/11/03 15:00,66,細懸浮微粒,32.3,11,15,0.13,2.2,13.5
木柵站,2025/11/03 16:00,57,細懸浮微粒,29.6,8,26,0.32,1.98,14.6
木柵站,2025/11/03 17:00,56,細懸浮微粒,28.5,11,18,0.35,1.49,13.9
木柵站,2025/11/03 18:00,53,細懸浮微粒,28.3,7,25,0.36,1.82,13.4
木柵站,2025/11/03 19:00,51,細懸浮微粒,27.8,9,12,0.33,1.89,13.5
木柵站,2025/11/03 20:00,48,細懸浮微粒,31,8,15,0.24,1.86,9.7
木柵站,2025/11/03 21:00,43,細懸浮微粒,33.1,7,10,0.25,1.88,7.6
木柵站,2025/11/03 22:00,40,細懸浮微粒,33.1,7,12,0.25,1.92,6.7
木柵站,2025/11/03 23:00,35,細懸浮微粒,35.9,5,14,0.23,1.83,4.3
木柵站,2025/11/04 00:00,29,臭氧8小時,35.8,3,15,0.27,2.1,2.6
木柵站,2025/11/04 01:00,30,臭氧8小時,36.2,5,11,0.24,2.12,1.6
木柵站,2025/11/04 02:00,31,臭氧8小時,36.3,4,12,0.22,2.17,1.2
木柵站,2025/11/04 03:00,32,臭氧8小時,35.4,2,12,0.22,1.82,1.3
木柵站,2025/11/04 04:00,33,臭氧8小時,35.9,1,11,0.18,1.94,1.2
木柵站,2025/11/04 05:00,33,臭氧8小時,32.5,5,10,0.25,2.25,2.9
木柵站,2025/11/04 06:00,32,臭氧8小時,29.7,3,16,0.21,1.87,6.1
木柵站,2025/11/04 07:00,34,二氧化氮小時值,23.4,1,13,0.34,1.63,14.3
木柵站,2025/11/04 08:00,38,二氧化氮小時值,20.1,5,14,0.32,1.52,15.9
木柵站,2025/11/04 09:00,29,二氧化氮小時值,24.2,5,8,0.26,1.79,12.3
木柵站,2025/11/04 10:00,27,臭氧8小時,31,2,4,0.21,2.31,8.8
木柵站,2025/11/04 11:00,26,臭氧8小時,31.3,4,8,0.2,2.13,9.3
木柵站,2025/11/04 12:00,26,臭氧8小時,31.2,3,-,0.17,2.01,9
木柵站,2025/11/04 13:00,26,臭氧8小時,30.9,6,33,0.15,2.25,8.4
木柵站,2025/11/04 14:00,26,臭氧8小時,32.3,5,8,0.19,2.27,8.3
木柵站,2025/11/04 15:00,34,懸浮微粒,30.8,2,37,0.21,1.71,10.3
木柵站,2025/11/04 16:00,35,二氧化氮小時值,28.5,6,13,0.28,-,14.8
木柵站,2025/11/04 17:00,29,臭氧8小時,33.5,1,11,0.25,0.11,8.2
木柵站,2025/11/04 18:00,29,臭氧8小時,32.7,1,8,0.26,0.37,10.2
木柵站,2025/11/04 19:00,29,臭氧8小時,34.6,2,6,0.25,1.03,7.7
木柵站,2025/11/04 20:00,30,臭氧8小時,35,5,7,0.33,0.52,5.8
木柵站,2025/11/04 21:00,30,臭氧8小時,35.3,3,10,0.34,0.18,6.4
木柵站,2025/11/04 22:00,31,臭氧8小時,34.8,1,7,0.33,0.12,5.3
木柵站,2025/11/04 23:00,31,臭氧8小時,30.9,2,3,0.33,0.1,4.9
木柵站,2025/11/05 00:00,34,二氧化硫小時值,29,3,5,0.22,5.5,3.8
木柵站,2025/11/05 01:00,30,臭氧8小時,31.1,4,10,0.15,0.41,2.1
木柵站,2025/11/05 02:00,30,臭氧8小時,31.4,2,8,0.21,0.24,1.2
木柵站,2025/11/05 03:00,30,臭氧8小時,27.9,2,16,0.16,0.15,1.5
木柵站,2025/11/05 04:00,29,臭氧8小時,26.4,3,7,0.21,0.11,2.2
木柵站,2025/11/05 05:00,27,臭氧8小時,22.7,1,17,0.22,0.33,4.3
木柵站,2025/11/05 06:00,25,臭氧8小時,17.9,4,16,0.24,0.73,8.4
木柵站,2025/11/05 07:00,23,臭氧8小時,14,4,11,-,-,-
木柵站,2025/11/05 08:00,31,二氧化氮小時值,16.7,1,10,0.38,0.45,12.9
木柵站,2025/11/05 09:00,23,二氧化氮小時值,27.7,1,6,0.34,0.22,9.8
木柵站,2025/11/05 10:00,24,二氧化氮小時值,28,1,7,0.3,0.14,9.9
木柵站,2025/11/05 11:00,22,臭氧8小時,32.9,1,11,0.34,0.11,5.8
木柵站,2025/11/05 12:00,22,臭氧8小時,33.4,2,10,0.29,0.1,6.7
木柵站,2025/11/05 13:00,24,臭氧8小時,34.5,1,13,0.27,0.1,6.7
木柵站,2025/11/05 14:00,25,臭氧8小時,33,2,11,0.26,0.1,7.1
木柵站,2025/11/05 15:00,28,臭氧8小時,33.5,4,18,0.25,0.1,5.6
木柵站,2025/11/05 16:00,29,臭氧8小時,27.4,6,18,0.34,0.1,12
木柵站,2025/11/05 17:00,31,二氧化氮小時值,27.2,5,14,0.35,0.33,12.9
木柵站,2025/11/05 18:00,29,臭氧8小時,28.3,2,10,0.31,0.97,11
木柵站,2025/11/05 19:00,29,臭氧8小時,28.9,2,18,0.31,0.89,11
木柵站,2025/11/05 20:00,28,臭氧8小時,32.8,5,13,0.26,0.9,7.2
木柵站,2025/11/05 21:00,28,臭氧8小時,31.9,7,19,0.29,0.81,8.7
木柵站,2025/11/05 22:00,28,臭氧8小時,33.3,5,13,0.26,1,4.8
木柵站,2025/11/05 23:00,28,臭氧8小時,30.8,7,14,0.23,1.08,5.6
木柵站,2025/11/06 00:00,28,臭氧8小時,31.7,3,15,0.32,1.11,3.6
木柵站,2025/11/06 01:00,29,臭氧8小時,36,2,13,0.33,0.89,1.3
木柵站,2025/11/06 02:00,30,臭氧8小時,34.5,3,12,0.31,0.92,1.1
木柵站,2025/11/06 03:00,30,臭氧8小時,31.8,4,21,0.3,0.8,1.4
木柵站,2025/11/06 04:00,30,臭氧8小時,31.8,4,12,0.3,0.77,1.8
木柵站,2025/11/06 05:00,31,臭氧8小時,35.1,5,13,0.32,0.74,1.6
木柵站,2025/11/06 06:00,31,臭氧8小時,32.4,9,17,0.33,0.84,5.9
木柵站,2025/11/06 07:00,30,臭氧8小時,29.6,5,11,0.39,0.92,8.2
木柵站,2025/11/06 08:00,30,臭氧8小時,31,2,17,0.34,1.23,7.7
木柵站,2025/11/06 09:00,30,臭氧8小時,32.5,7,13,0.38,1.05,6.3
木柵站,2025/11/06 10:00,30,臭氧8小時,32.8,5,18,0.38,1,6.9
木柵站,2025/11/06 11:00,30,臭氧8小時,34.1,1,17,0.38,0.87,5.2
木柵站,2025/11/06 12:00,30,臭氧8小時,35.3,1,12,0.33,0.95,5.4
木柵站,2025/11/06 13:00,30,臭氧8小時,34.6,3,12,0.3,0.86,5.3
木柵站,2025/11/06 14:00,31,臭氧8小時,34,3,15,0.28,0.78,5.4
木柵站,2025/11/06 15:00,31,臭氧8小時,34.2,5,16,0.31,0.79,4.9
木柵站,2025/11/06 16:00,31,臭氧8小時,29.3,10,19,0.32,0.77,12.4
木柵站,2025/11/06 17:00,32,二氧化氮小時值,25,7,17,0.35,0.75,13.5
木柵站,2025/11/06 18:00,32,二氧化氮小時值,27.2,7,21,0.33,1.01,13.6
木柵站,2025/11/06 19:00,29,臭氧8小時,29.1,4,13,0.27,0.91,10.6
木柵站,2025/11/06 20:00,28,懸浮微粒,28.9,11,20,0.32,0.94,10
木柵站,2025/11/06 21:00,28,懸浮微粒,28.1,7,16,0.31,0.94,10.2
木柵站,2025/11/06 22:00,28,懸浮微粒,29.3,7,18,0.28,0.89,6.6
木柵站,2025/11/06 23:00,29,懸浮微粒,26.9,6,18,0.28,0.82,6.7
木柵站,2025/11/07 00:00,28,懸浮微粒,27.9,5,16,0.28,0.86,3.6
木柵站,2025/11/07 01:00,30,懸浮微粒,28.9,10,23,0.32,0.88,2.1
木柵站,2025/11/07 02:00,34,懸浮微粒,30.7,7,29,0.26,1.15,1.4
木柵站,2025/11/07 03:00,32,懸浮微粒,35.5,7,10,0.24,1.03,0.6
木柵站,2025/11/07 04:00,31,懸浮微粒,35.2,6,15,0.26,1.12,0.7
木柵站,2025/11/07 05:00,29,懸浮微粒,32.7,6,13,0.27,1.15,2.1
木柵站,2025/11/07 06:00,29,細懸浮微粒,25.3,10,22,0.35,0.88,7.2
木柵站,2025/11/07 07:00,30,細懸浮微粒,20.1,8,15,0.42,0.87,10.6
木柵站,2025/11/07 08:00,29,細懸浮微粒,24.4,5,15,0.42,1.15,8.2
木柵站,2025/11/07 09:00,28,懸浮微粒,29,4,13,0.44,1.29,7.2
木柵站,2025/11/07 10:00,27,臭氧8小時,32.1,4,14,0.45,0.99,6.5
木柵站,2025/11/07 11:00,27,臭氧8小時,32.4,2,16,0.45,0.71,5.9
木柵站,2025/11/07 12:00,27,懸浮微粒,32.7,2,20,0.38,0.92,6
木柵站,2025/11/07 13:00,28,懸浮微粒,35,2,17,0.37,0.95,6.2
木柵站,2025/11/07 14:00,30,懸浮微粒,33.3,3,26,0.36,0.97,7.2
木柵站,2025/11/07 15:00,29,臭氧8小時,34.2,3,9,0.34,0.92,4.6
木柵站,2025/11/07 16:00,30,臭氧8小時,30.2,7,23,0.29,1.14,9.9
木柵站,2025/11/07 17:00,31,懸浮微粒,26.6,10,19,0.3,1.01,10.5
木柵站,2025/11/07 18:00,31,懸浮微粒,23.5,18,27,0.31,1,12.2
木柵站,2025/11/07 19:00,36,細懸浮微粒,24.8,13,27,0.26,0.96,10
木柵站,2025/11/07 20:00,41,細懸浮微粒,26.8,13,30,0.28,0.95,8.6
木柵站,2025/11/07 21:00,43,細懸浮微粒,26.9,12,25,0.28,0.83,8.5
木柵站,2025/11/07 22:00,43,懸浮微粒,27.6,7,32,0.25,1.08,6.2
木柵站,2025/11/07 23:00,43,懸浮微粒,28.8,7,24,0.22,1.08,4.3
木柵站,2025/11/08 00:00,40,懸浮微粒,30.7,8,18,0.29,1.01,1.9
木柵站,2025/11/08 01:00,39,懸浮微粒,30.7,11,21,0.33,0.9,0.8
木柵站,2025/11/08 02:00,39,細懸浮微粒,30.4,12,24,0.31,1.22,1.3
木柵站,2025/11/08 03:00,44,細懸浮微粒,31.6,13,31,0.27,1.23,1.1
木柵站,2025/11/08 04:00,45,細懸浮微粒,31.1,9,28,0.3,1.16,1.3
木柵站,2025/11/08 05:00,47,懸浮微粒,30,12,34,0.29,1.13,2.2
木柵站,2025/11/08 06:00,49,懸浮微粒,29.8,15,32,0.32,0.86,3.8
木柵站,2025/11/08 07:00,49,懸浮微粒,29.4,13,31,0.33,0.83,5.1
木柵站,2025/11/08 08:00,51,細懸浮微粒,30.4,16,31,0.32,1.03,5
木柵站,2025/11/08 09:00,51,細懸浮微粒,31.2,12,33,0.38,1.12,3.9
木柵站,2025/11/08 10:00,48,細懸浮微粒,31.8,9,24,0.38,1.06,4.5
木柵站,2025/11/08 11:00,49,懸浮微粒,33.1,9,34,0.37,1.04,3.5
木柵站,2025/11/08 12:00,49,懸浮微粒,33.6,11,29,0.37,0.94,2.8
木柵站,2025/11/08 13:00,48,懸浮微粒,32.2,10,26,0.36,0.93,3.5
木柵站,2025/11/08 14:00,49,懸浮微粒,31.2,11,28,0.39,0.96,3.9
木柵站,2025/11/08 15:00,50,懸浮微粒,31.2,11,34,0.37,0.79,4.8
木柵站,2025/11/08 16:00,50,懸浮微粒,28.1,10,31,0.3,0.85,8
木柵站,2025/11/08 17:00,51,懸浮微粒,25.1,15,30,0.29,1.06,8.2
木柵站,2025/11/08 18:00,51,懸浮微粒,25.4,16,30,0.26,0.96,7.1
木柵站,2025/11/08 19:00,51,細懸浮微粒,24.7,13,31,0.26,0.98,6.7
木柵站,2025/11/08 20:00,53,細懸浮微粒,26.8,16,32,0.28,1.37,4.7
木柵站,2025/11/08 21:00,51,細懸浮微粒,24.5,9,29,0.32,1.25,6.6
木柵站,2025/11/08 22:00,50,懸浮微粒,24.4,13,29,0.25,0.88,5.8
木柵站,2025/11/08 23:00,48,細懸浮微粒,25.6,9,14,0.27,0.75,3.9
木柵站,2025/11/09 00:00,44,細懸浮微粒,25.9,9,19,0.24,0.78,2.5
木柵站,2025/11/09 01:00,41,細懸浮微粒,26,5,16,0.3,0.56,2
木柵站,2025/11/09 02:00,35,細懸浮微粒,29.1,4,8,0.22,0.72,1.5
木柵站,2025/11/09 03:00,33,細懸浮微粒,30,6,16,0.2,0.81,1
木柵站,2025/11/09 04:00,32,細懸浮微粒,29,7,14,0.32,0.71,0.8
木柵站,2025/11/09 05:00,31,細懸浮微粒,27.3,6,20,0.36,0.91,2
木柵站,2025/11/09 06:00,30,懸浮微粒,25.4,4,15,0.38,1.25,4.8
木柵站,2025/11/09 07:00,31,懸浮微粒,28.5,4,23,0.38,1.21,4.6
木柵站,2025/11/09 08:00,33,懸浮微粒,30.2,2,25,0.36,0.87,3.5
木柵站,2025/11/09 09:00,32,懸浮微粒,31.4,1,18,0.38,0.82,3.8
木柵站,2025/11/09 10:00,33,懸浮微粒,32.4,1,24,0.38,1.04,3.2
木柵站,2025/11/09 11:00,34,懸浮微粒,31,4,23,0.4,0.95,3.1
木柵站,2025/11/09 12:00,33,懸浮微粒,33,2,18,0.24,1.2,2.5
木柵站,2025/11/09 13:00,33,懸浮微粒,32,1,20,0.23,1.31,3.2
木柵站,2025/11/09 14:00,35,懸浮微粒,31.4,7,25,0.23,1.24,2.8
木柵站,2025/11/09 15:00,35,懸浮微粒,32.8,5,22,0.22,1.02,3.2
木柵站,2025/11/09 16:00,34,懸浮微粒,33.2,4,15,0.27,0.91,4
木柵站,2025/11/09 17:00,34,懸浮微粒,30.8,7,18,0.29,0.9,6.4
木柵站,2025/11/09 18:00,34,懸浮微粒,32.7,5,23,0.3,1.12,5.6
木柵站,2025/11/09 19:00,34,懸浮微粒,34.3,8,22,0.28,1.27,3.9
木柵站,2025/11/09 20:00,36,懸浮微粒,36.3,9,26,0.31,1.32,3.3
木柵站,2025/11/09 21:00,38,懸浮微粒,37.5,7,25,0.33,1.22,3.4
木柵站,2025/11/09 22:00,38,懸浮微粒,37.8,6,22,0.32,1.1,2.5
木柵站,2025/11/09 23:00,39,懸浮微粒,37.9,10,26,0.35,0.89,2.4
木柵站,2025/11/10 00:00,39,懸浮微粒,38.6,9,23,0.37,0.87,2
木柵站,2025/11/10 01:00,37,懸浮微粒,38.4,6,19,0.42,0.99,1.2
木柵站,2025/11/10 02:00,36,懸浮微粒,38.3,6,17,0.39,1.01,1.1
木柵站,2025/11/10 03:00,35,臭氧8小時,37.5,8,12,0.31,0.82,1.2
木柵站,2025/11/10 04:00,35,臭氧8小時,35.8,6,16,0.42,0.82,1.1
木柵站,2025/11/10 05:00,35,臭氧8小時,34.2,4,9,0.44,0.77,2.1
木柵站,2025/11/10 06:00,34,臭氧8小時,29.8,4,11,0.39,0.93,6.9
木柵站,2025/11/10 07:00,32,臭氧8小時,27.8,4,13,0.43,0.9,9.2
木柵站,2025/11/10 08:00,31,臭氧8小時,27.2,3,11,0.35,0.96,13
木柵站,2025/11/10 09:00,30,臭氧8小時,29.5,4,7,0.35,0.94,10.9
木柵站,2025/11/10 10:00,29,臭氧8小時,30.3,2,3,0.33,1.22,10.7
木柵站,2025/11/10 11:00,28,臭氧8小時,29,7,5,0.3,1.13,10.9
木柵站,2025/11/10 12:00,28,臭氧8小時,34.4,5,7,0.41,0.83,6.5
木柵站,2025/11/10 13:00,28,臭氧8小時,32.8,5,11,0.39,0.66,8.1
木柵站,2025/11/10 14:00,28,臭氧8小時,32.6,3,10,0.42,0.96,10.1
木柵站,2025/11/10 15:00,29,臭氧8小時,31.7,5,22,0.37,1.16,11.1
木柵站,2025/11/10 16:00,48,二氧化氮小時值,24.2,4,10,0.34,1.07,20.1
木柵站,2025/11/10 17:00,32,二氧化氮小時值,27.1,6,9,0.3,0.96,13.6
木柵站,2025/11/10 18:00,29,臭氧8小時,38.2,5,9,0.31,1.14,7
木柵站,2025/11/10 19:00,30,臭氧8小時,40.4,8,10,0.24,1.13,4.9
木柵站,2025/11/10 20:00,31,臭氧8小時,41.3,9,12,0.26,1.07,3.4
木柵站,2025/11/10 21:00,32,臭氧8小時,40.2,9,14,0.25,0.98,3
木柵站,2025/11/10 22:00,33,臭氧8小時,40.5,6,11,0.27,1.21,2.2
木柵站,2025/11/10 23:00,34,臭氧8小時,40.6,3,16,0.22,1.24,1
木柵站,2025/11/11 00:00,36,臭氧8小時,40.2,2,24,0.22,1.15,0.9
木柵站,2025/11/11 01:00,37,臭氧8小時,39.4,2,18,0.23,1.05,0.7
木柵站,2025/11/11 02:00,37,臭氧8小時,38.7,10,13,0.24,0.94,0.4
木柵站,2025/11/11 03:00,37,臭氧8小時,36.6,7,11,0.22,0.97,0.3
木柵站,2025/11/11 04:00,36,臭氧8小時,34.2,2,17,0.31,0.98,0.3
木柵站,2025/11/11 05:00,35,臭氧8小時,30.5,3,8,0.3,0.82,1.3
木柵站,2025/11/11 06:00,33,臭氧8小時,25.3,4,9,0.32,0.76,6.4
木柵站,2025/11/11 07:00,32,二氧化氮小時值,16.1,3,10,0.4,0.91,13.3
木柵站,2025/11/11 08:00,28,二氧化氮小時值,18.4,3,7,0.38,1.36,11.9
木柵站,2025/11/11 09:00,26,臭氧8小時,23.6,2,2,0.33,1.3,10.1
木柵站,2025/11/11 10:00,24,臭氧8小時,26.8,1,4,0.35,1.45,8.8
木柵站,2025/11/11 11:00,28,二氧化氮小時值,23.9,2,10,0.32,1.4,11.9
木柵站,2025/11/11 12:00,25,二氧化氮小時值,27.2,1,9,0.45,1.14,10.4
木柵站,2025/11/11 13:00,22,臭氧8小時,30.5,1,7,0.38,1.22,8.1
木柵站,2025/11/11 14:00,22,臭氧8小時,-,8,10,-,-,-
木柵站,2025/11/11 15:00,23,臭氧8小時,-,7,12,0.38,0.24,6.5
木柵站,2025/11/11 16:00,25,臭氧8小時,32.5,6,13,0.28,0.18,8.8
木柵站,2025/11/11 17:00,27,臭氧8小時,34,4,14,0.26,0.27,7.5
木柵站,2025/11/11 18:00,28,臭氧8小時,34.1,1,6,0.29,0.18,7.7
木柵站,2025/11/11 19:00,30,臭氧8小時,35.3,1,1,0.27,0.17,5.2
木柵站,2025/11/11 20:00,31,臭氧8小時,35.5,1,1,0.2,0.22,5
木柵站,2025/11/11 21:00,32,臭氧8小時,36.1,1,2,0.22,0.29,4.1
木柵站,2025/11/11 22:00,32,臭氧8小時,36.4,2,2,0.23,0.25,2.4
木柵站,2025/11/11 23:00,32,臭氧8小時,32.2,2,5,0.23,0.23,4.4
木柵站,2025/11/12 00:00,32,臭氧8小時,29.7,1,9,0.32,0.14,4.2
木柵站,2025/11/12 01:00,32,臭氧8小時,36,1,7,0.38,0.17,0.7
木柵站,2025/11/12 02:00,32,臭氧8小時,34.7,4,6,0.33,0.25,0.9
木柵站,2025/11/12 03:00,32,臭氧8小時,36.4,5,7,0.3,0.18,0.4
木柵站,2025/11/12 04:00,32,臭氧8小時,35.8,4,8,0.32,0.23,0.6
木柵站,2025/11/12 05:00,32,臭氧8小時,34.3,1,9,0.34,0.27,1.3
木柵站,2025/11/12 06:00,31,臭氧8小時,29.1,1,10,0.38,0.19,4.4
木柵站,2025/11/12 07:00,30,臭氧8小時,24.8,6,12,0.43,0.29,7.4
木柵站,2025/11/12 08:00,29,臭氧8小時,20.5,7,13,0.37,0.37,10.8
木柵站,2025/11/12 09:00,28,臭氧8小時,23.4,5,13,0.37,0.29,8.9
木柵站,2025/11/12 10:00,27,臭氧8小時,25.6,5,18,0.38,0.34,8
木柵站,2025/11/12 11:00,26,臭氧8小時,27.2,5,25,0.41,0.41,7.4
木柵站,2025/11/12 12:00,26,懸浮微粒,28.3,5,21,0.43,0.27,6.8
木柵站,2025/11/12 13:00,28,懸浮微粒,28.1,4,17,0.4,0.18,7.2
木柵站,2025/11/12 14:00,30,懸浮微粒,25.6,8,21,0.45,0.54,9.7
木柵站,2025/11/12 15:00,30,懸浮微粒,27.6,11,22,0.35,0.75,8.1
木柵站,2025/11/12 16:00,31,懸浮微粒,29.2,11,21,0.33,0.32,9
木柵站,2025/11/13 00:00,7,二氧化氮小時值,29.1,3,14,0.29,0.63,2.8
木柵站,2025/11/13 01:00,6,二氧化硫小時值,30,5,12,0.3,0.88,1.7
木柵站,2025/11/13 02:00,5,二氧化硫小時值,37,2,12,0.25,0.8,1.5
木柵站,2025/11/13 03:00,4,二氧化氮小時值,37.3,1,10,0.23,0.44,1.6
木柵站,2025/11/13 04:00,2,二氧化硫小時值,39.4,1,10,0.27,0.36,0.9
木柵站,2025/11/13 05:00,33,臭氧8小時,38.7,4,7,0.3,0.38,1.8
木柵站,2025/11/13 06:00,33,臭氧8小時,37.7,2,9,0.31,0.34,3.9
木柵站,2025/11/13 07:00,33,臭氧8小時,35.3,2,8,0.35,0.18,7.5
木柵站,2025/11/13 08:00,33,臭氧8小時,30.4,2,16,0.31,0.45,11.7
木柵站,2025/11/13 10:00,33,臭氧8小時,28.4,2,8,0.31,0.42,11
木柵站,2025/11/13 11:00,32,臭氧8小時,31.3,1,11,0.31,0.2,10
木柵站,2025/11/13 12:00,31,臭氧8小時,35.3,1,10,0.24,0.58,7
木柵站,2025/11/13 13:00,31,臭氧8小時,33.4,8,11,0.21,1.16,9.6
木柵站,2025/11/13 14:00,30,臭氧8小時,32.7,6,12,0.22,0.21,8.9
木柵站,2025/11/13 15:00,30,臭氧8小時,36.2,2,9,0.23,0.11,5.4
木柵站,2025/11/13 16:00,30,臭氧8小時,31.6,1,17,0.22,0.13,9.9
木柵站,2025/11/13 17:00,29,臭氧8小時,25.7,5,10,0.29,0.11,11.9
木柵站,2025/11/13 18:00,31,二氧化氮小時值,27.8,4,11,0.3,0.1,13.2
木柵站,2025/11/13 19:00,29,臭氧8小時,28.4,3,11,0.28,0.1,10.2
木柵站,2025/11/13 20:00,29,二氧化氮小時值,30.4,4,21,0.27,0.11,12.3
木柵站,2025/11/13 21:00,29,臭氧8小時,35.7,9,21,0.22,0.1,7.8
木柵站,2025/11/13 22:00,29,臭氧8小時,37.4,8,15,0.23,0.1,6.2
木柵站,2025/11/13 23:00,30,臭氧8小時,40.2,6,21,0.23,0.1,3.5
木柵站,2025/11/14 00:00,31,臭氧8小時,41.4,10,26,0.25,0.15,2
木柵站,2025/11/14 01:00,33,臭氧8小時,42.2,7,25,0.26,0.27,1.2
木柵站,2025/11/14 02:00,37,懸浮微粒,41.7,12,32,0.23,0.35,1.1
木柵站,2025/11/14 03:00,41,懸浮微粒,39.4,8,32,0.23,0.4,1.5
木柵站,2025/11/14 04:00,41,懸浮微粒,38.6,12,23,0.3,0.36,2.6
木柵站,2025/11/14 05:00,43,懸浮微粒,34.7,9,30,0.33,0.39,3
木柵站,2025/11/14 06:00,44,懸浮微粒,16.3,7,32,0.42,0.16,15.5
木柵站,2025/11/14 07:00,47,懸浮微粒,14.8,9,35,0.47,0.13,16.1
木柵站,2025/11/14 08:00,50,懸浮微粒,31,11,33,0.22,0.38,11.3
木柵站,2025/11/14 09:00,52,懸浮微粒,35.4,20,38,0.23,0.25,10.2
木柵站,2025/11/14 10:00,53,懸浮微粒,37.5,15,35,0.24,0.24,10.1
木柵站,2025/11/14 11:00,55,懸浮微粒,35.8,12,40,0.25,0.3,10.6
木柵站,2025/11/14 12:00,56,懸浮微粒,36.4,17,40,0.26,0.21,9.8
木柵站,2025/11/14 13:00,58,懸浮微粒,38.3,16,47,0.23,0.12,11
木柵站,2025/11/14 14:00,60,懸浮微粒,42.2,16,44,0.27,0.22,9.4
木柵站,2025/11/14 15:00,62,懸浮微粒,41.9,19,49,0.26,0.24,9.3
木柵站,2025/11/14 16:00,66,懸浮微粒,33.9,16,56,0.33,0.21,19.5
木柵站,2025/11/14 17:00,68,懸浮微粒,27.9,15,55,0.4,0.13,21
木柵站,2025/11/14 18:00,70,懸浮微粒,27.6,21,51,0.46,0.27,19.7
木柵站,2025/11/14 19:00,70,懸浮微粒,29.6,20,45,0.43,0.28,17.7
木柵站,2025/11/14 20:00,71,懸浮微粒,36.8,18,54,0.31,0.43,14
木柵站,2025/11/14 21:00,71,懸浮微粒,38.8,23,52,0.3,0.31,11.5
木柵站,2025/11/14 22:00,70,懸浮微粒,36,23,44,0.31,0.3,12.4
木柵站,2025/11/14 23:00,71,懸浮微粒,38.2,18,47,0.26,0.28,6.3
木柵站,2025/11/15 00:00,70,懸浮微粒,37.3,17,44,0.24,0.18,4.2
木柵站,2025/11/15 01:00,68,懸浮微粒,37.2,15,43,0.22,0.13,2.2
木柵站,2025/11/15 02:00,68,懸浮微粒,43,12,40,0.16,0.46,1.2
木柵站,2025/11/15 03:00,65,懸浮微粒,40.8,12,31,0.16,0.56,1.3
木柵站,2025/11/15 04:00,63,懸浮微粒,35.1,11,36,0.29,0.61,1.8
木柵站,2025/11/15 05:00,61,懸浮微粒,34,11,39,0.27,0.46,2.8
木柵站,2025/11/15 06:00,59,懸浮微粒,25.9,8,32,0.34,0.42,8.6
木柵站,2025/11/15 07:00,59,懸浮微粒,27.7,10,32,0.34,0.35,10.8
木柵站,2025/11/15 08:00,57,懸浮微粒,31,7,29,0.23,0.47,11.8
木柵站,2025/11/15 09:00,56,懸浮微粒,-,9,37,0.21,0.29,7.2
木柵站,2025/11/15 10:00,54,懸浮微粒,37.4,10,28,0.2,0.32,5.5
木柵站,2025/11/15 11:00,53,懸浮微粒,34.8,7,29,0.23,0.34,9.4
木柵站,2025/11/15 12:00,53,懸浮微粒,39.4,6,29,0.24,0.25,4.6
木柵站,2025/11/15 13:00,50,懸浮微粒,40,9,27,0.26,0.18,5.6
木柵站,2025/11/15 14:00,50,懸浮微粒,38.7,7,28,0.27,0.34,6.3
木柵站,2025/11/15 15:00,51,懸浮微粒,37.8,9,37,0.22,0.42,7.4
木柵站,2025/11/15 16:00,50,懸浮微粒,35.3,8,26,0.28,0.24,9
木柵站,2025/11/15 17:00,51,懸浮微粒,35,8,31,0.3,0.15,8.8
木柵站,2025/11/15 18:00,50,懸浮微粒,29,7,25,0.28,0.24,15.3
木柵站,2025/11/15 19:00,48,懸浮微粒,29.2,7,31,0.33,0.22,12.3
木柵站,2025/11/15 20:00,49,懸浮微粒,31.6,6,29,0.26,0.34,7.3
木柵站,2025/11/15 21:00,47,懸浮微粒,31.1,6,27,0.25,0.29,7.1
木柵站,2025/11/15 22:00,48,懸浮微粒,28.2,9,26,0.25,0.5,7.7
木柵站,2025/11/15 23:00,46,懸浮微粒,27.5,14,25,0.29,0.62,5.8
木柵站,2025/11/16 00:00,46,懸浮微粒,27.3,8,28,0.24,0.34,5.2
木柵站,2025/11/16 01:00,45,懸浮微粒,28.7,7,23,0.24,0.2,2.6
木柵站,2025/11/16 02:00,45,懸浮微粒,27.1,5,29,0.28,0.29,2.3
木柵站,2025/11/16 03:00,45,懸浮微粒,24,7,27,0.21,0.29,2.6
木柵站,2025/11/16 04:00,45,懸浮微粒,23.4,6,29,0.26,0.18,1.8
木柵站,2025/11/16 05:00,45,懸浮微粒,24.1,12,22,0.26,0.2,2.1
木柵站,2025/11/16 06:00,45,懸浮微粒,22.3,9,30,0.31,0.37,3.5
木柵站,2025/11/16 07:00,45,懸浮微粒,20.1,7,29,0.36,0.31,10.4
木柵站,2025/11/16 08:00,43,懸浮微粒,28.5,10,21,0.25,0.27,8.6
木柵站,2025/11/16 09:00,44,懸浮微粒,33.9,13,25,0.27,0.2,8.3
木柵站,2025/11/16 10:00,43,懸浮微粒,37.6,8,26,0.31,0.26,6.5
木柵站,2025/11/16 11:00,42,懸浮微粒,38.1,5,26,0.33,0.27,5.4
木柵站,2025/11/16 12:00,42,懸浮微粒,38.2,8,22,0.3,0.13,6.1
木柵站,2025/11/16 13:00,41,懸浮微粒,38.6,13,20,0.29,0.2,6.6
木柵站,2025/11/16 14:00,41,懸浮微粒,35.7,9,27,0.27,0.37,7.3
木柵站,2025/11/16 15:00,40,細懸浮微粒,34.4,12,21,0.26,0.29,8.1
木柵站,2025/11/16 16:00,44,細懸浮微粒,31.2,14,29,0.3,0.36,9.4
木柵站,2025/11/16 17:00,44,細懸浮微粒,31.1,12,25,0.31,0.41,8.8
木柵站,2025/11/16 18:00,51,細懸浮微粒,28.4,21,29,0.3,0.18,10.1
木柵站,2025/11/16 19:00,53,細懸浮微粒,24.9,14,30,0.26,0.23,10.8
木柵站,2025/11/16 20:00,54,細懸浮微粒,25.8,16,33,0.32,0.42,8.1
木柵站,2025/11/16 21:00,54,細懸浮微粒,21.7,12,31,0.33,0.34,9.3
木柵站,2025/11/16 22:00,52,細懸浮微粒,22.6,13,27,0.28,0.27,6.3
木柵站,2025/11/16 23:00,53,細懸浮微粒,23.3,14,22,0.26,0.21,5.1
木柵站,2025/11/17 00:00,52,細懸浮微粒,20.7,13,29,0.28,0.23,4
木柵站,2025/11/17 01:00,51,細懸浮微粒,19.9,8,30,0.34,0.28,4
木柵站,2025/11/17 02:00,48,懸浮微粒,22.5,6,37,0.28,0.42,2.3
木柵站,2025/11/17 03:00,51,懸浮微粒,20.9,5,34,0.22,0.48,2.1
木柵站,2025/11/17 04:00,51,懸浮微粒,16.5,8,28,0.26,0.51,4.1
木柵站,2025/11/17 05:00,49,懸浮微粒,18.4,10,20,0.25,0.29,2.8
木柵站,2025/11/17 06:00,47,懸浮微粒,17.8,7,26,0.33,0.29,6.1
木柵站,2025/11/17 07:00,43,懸浮微粒,17.9,6,20,0.31,0.31,8.9
木柵站,2025/11/17 08:00,42,懸浮微粒,22.4,7,24,0.33,0.18,9.2
木柵站,2025/11/17 09:00,43,懸浮微粒,22.6,6,28,0.41,0.22,11.9
木柵站,2025/11/17 10:00,39,懸浮微粒,26.4,4,13,0.4,0.2,8.8
木柵站,2025/11/17 11:00,37,懸浮微粒,30.8,5,13,0.4,0.19,8.1
木柵站,2025/11/17 12:00,35,懸浮微粒,32.9,10,16,0.33,0.23,6.7
木柵站,2025/11/17 13:00,32,懸浮微粒,26.7,11,18,0.26,0.38,12.1
木柵站,2025/11/17 14:00,38,細懸浮微粒,29.7,18,30,0.22,0.44,12
木柵站,2025/11/17 15:00,45,細懸浮微粒,33.5,15,23,0.24,0.3,9.3
木柵站,2025/11/17 16:00,46,細懸浮微粒,34.4,11,23,0.37,0.41,10.1
木柵站,2025/11/17 17:00,44,細懸浮微粒,34.4,8,14,0.37,0.36,9.9
木柵站,2025/11/17 18:00,40,細懸浮微粒,38.7,9,20,0.37,0.28,6.4
木柵站,2025/11/17 19:00,39,細懸浮微粒,40.7,11,19,0.32,0.17,5.5
木柵站,2025/11/17 20:00,38,細懸浮微粒,42.9,8,8,0.25,0.13,5.7
木柵站,2025/11/17 21:00,37,細懸浮微粒,45.8,7,10,0.24,0.13,3.9
木柵站,2025/11/17 22:00,38,細懸浮微粒,46.5,9,13,0.25,0.15,3.3
木柵站,2025/11/17 23:00,38,臭氧8小時,45.6,7,14,0.26,0.16,2.5
木柵站,2025/11/18 00:00,39,臭氧8小時,45.3,5,13,0.23,0.51,1.5
木柵站,2025/11/18 01:00,40,臭氧8小時,41.7,5,11,0.23,0.55,0.9
木柵站,2025/11/18 02:00,40,臭氧8小時,40,3,10,0.21,0.24,0.9
木柵站,2025/11/18 03:00,40,臭氧8小時,37.9,6,11,0.18,0.16,1.3
木柵站,2025/11/18 04:00,39,臭氧8小時,36.5,5,15,0.29,0.28,1.1
木柵站,2025/11/18 05:00,38,臭氧8小時,35.3,1,8,0.3,0.26,1.9
木柵站,2025/11/18 06:00,36,臭氧8小時,30.2,3,3,0.32,0.15,4.4
木柵站,2025/11/18 07:00,34,臭氧8小時,25.4,5,2,0.35,0.18,7.6
木柵站,2025/11/18 08:00,31,臭氧8小時,23,4,5,0.33,0.48,11.1
木柵站,2025/11/18 09:00,29,臭氧8小時,25.4,9,10,0.31,0.38,9.6
木柵站,2025/11/18 10:00,28,二氧化氮小時值,24.4,5,10,0.37,0.46,11.9
木柵站,2025/11/18 11:00,26,臭氧8小時,25.2,4,7,0.35,0.51,10.7
木柵站,2025/11/18 12:00,25,臭氧8小時,29,6,9,0.28,0.27,7.3
木柵站,2025/11/18 13:00,25,二氧化氮小時值,27.4,11,16,0.3,0.18,10.7
木柵站,2025/11/18 14:00,29,細懸浮微粒,27.3,13,21,0.33,-,11.1
木柵站,2025/11/18 15:00,32,細懸浮微粒,28.1,9,16,0.33,0.52,10.2
木柵站,2025/11/18 16:00,36,細懸浮微粒,24.9,12,21,0.27,0.59,13.4
木柵站,2025/11/18 17:00,37,細懸浮微粒,25.5,10,27,0.29,0.48,11.7
木柵站,2025/11/18 18:00,41,細懸浮微粒,26.4,16,20,0.3,0.31,9.3
木柵站,2025/11/18 19:00,43,細懸浮微粒,26.8,11,10,0.29,0.15,7.8
木柵站,2025/11/18 20:00,42,細懸浮微粒,24.7,8,25,0.33,0.38,8.7
木柵站,2025/11/18 21:00,41,細懸浮微粒,23.7,8,10,0.36,0.44,9.5
木柵站,2025/11/18 22:00,38,細懸浮微粒,26.9,9,21,0.31,0.39,6.9
木柵站,2025/11/18 23:00,40,細懸浮微粒,29.8,12,20,0.33,0.68,4.9
木柵站,2025/11/19 00:00,43,細懸浮微粒,33.2,13,18,0.31,0.56,3.2
木柵站,2025/11/19 01:00,49,細懸浮微粒,35.5,17,24,0.31,0.57,2.7
木柵站,2025/11/19 02:00,51,細懸浮微粒,34,14,24,0.28,0.28,2.9
木柵站,2025/11/19 03:00,52,細懸浮微粒,31.8,13,33,0.31,0.19,3
木柵站,2025/11/19 04:00,56,細懸浮微粒,29.5,21,27,0.29,0.38,3.5
木柵站,2025/11/19 05:00,56,細懸浮微粒,28,16,27,0.29,0.52,4.3
木柵站,2025/11/19 06:00,58,細懸浮微粒,25.5,18,27,0.33,0.48,6.9
木柵站,2025/11/19 07:00,58,細懸浮微粒,20.1,14,32,0.36,0.36,13.7
木柵站,2025/11/19 08:00,59,細懸浮微粒,12.3,18,39,0.46,0.37,21.4
木柵站,2025/11/19 09:00,59,細懸浮微粒,13.1,15,37,0.45,0.32,20.3
木柵站,2025/11/19 10:00,61,細懸浮微粒,16.3,20,35,0.41,0.57,17.9
木柵站,2025/11/19 11:00,60,細懸浮微粒,21,12,28,0.43,0.83,13.7
木柵站,2025/11/19 12:00,60,細懸浮微粒,21.5,17,38,0.35,0.71,13.5
木柵站,2025/11/19 13:00,60,細懸浮微粒,21.9,15,31,0.37,0.85,12.8
木柵站,2025/11/19 14:00,60,細懸浮微粒,21.1,19,32,0.38,0.69,14.4
木柵站,2025/11/19 15:00,61,細懸浮微粒,22.4,14,36,0.38,0.67,14.7
木柵站,2025/11/19 16:00,63,細懸浮微粒,21.2,22,38,0.36,0.75,19.2
木柵站,2025/11/19 17:00,65,細懸浮微粒,18.5,20,41,0.42,0.85,19.2
木柵站,2025/11/19 18:00,64,細懸浮微粒,17.3,16,42,0.42,0.72,19.9
木柵站,2025/11/19 19:00,67,細懸浮微粒,21.8,21,41,0.43,0.69,17.8
木柵站,2025/11/19 20:00,67,細懸浮微粒,26.6,21,41,0.29,0.47,12.5
木柵站,2025/11/19 21:00,66,細懸浮微粒,27.1,17,43,0.28,0.41,11.1
木柵站,2025/11/19 22:00,70,細懸浮微粒,30.1,24,32,0.22,0.54,9.3
木柵站,2025/11/19 23:00,66,細懸浮微粒,34,12,38,0.2,0.46,5.5
木柵站,2025/11/20 00:00,62,細懸浮微粒,35.3,11,34,0.23,0.6,3.6
木柵站,2025/11/20 01:00,61,細懸浮微粒,35.5,14,37,0.25,0.53,2.7
木柵站,2025/11/20 02:00,59,懸浮微粒,35.7,15,39,0.25,0.55,2.3
木柵站,2025/11/20 03:00,59,細懸浮微粒,35.7,15,38,0.26,0.63,2.5
木柵站,2025/11/20 04:00,59,細懸浮微粒,35,15,33,0.27,0.26,2.7
木柵站,2025/11/20 05:00,59,細懸浮微粒,34.2,14,37,0.26,0.24,3.2
木柵站,2025/11/20 06:00,57,懸浮微粒,30.7,12,36,0.3,0.56,6.9
木柵站,2025/11/20 07:00,58,懸浮微粒,24.9,15,41,0.33,0.63,13.7
木柵站,2025/11/20 08:00,60,懸浮微粒,25.1,14,44,0.39,0.75,12.7
木柵站,2025/11/20 09:00,59,懸浮微粒,25.3,16,37,0.4,0.74,11.9
木柵站,2025/11/20 10:00,61,懸浮微粒,27.3,20,46,0.4,0.79,11.2
木柵站,2025/11/20 11:00,60,懸浮微粒,31.7,14,35,0.34,0.58,7.8
木柵站,2025/11/20 12:00,58,細懸浮微粒,32.4,14,29,0.31,0.68,8.2
木柵站,2025/11/20 13:00,58,懸浮微粒,33.2,10,36,0.28,0.63,8.5
木柵站,2025/11/20 14:00,56,懸浮微粒,31.3,17,32,0.3,0.77,9.4
木柵站,2025/11/20 15:00,55,懸浮微粒,28.1,13,35,0.3,0.88,13.5
木柵站,2025/11/20 16:00,57,細懸浮微粒,25.6,19,33,0.46,1.07,16
木柵站,2025/11/20 17:00,58,細懸浮微粒,20,14,37,0.48,1.11,20
木柵站,2025/11/20 18:00,58,細懸浮微粒,20.1,15,28,0.41,1.03,17.2
木柵站,2025/11/20 19:00,57,細懸浮微粒,23.4,13,31,0.38,0.78,13.1
木柵站,2025/11/20 20:00,56,細懸浮微粒,25.7,15,28,0.33,0.23,12.7
木柵站,2025/11/20 21:00,57,細懸浮微粒,28.9,16,33,0.3,0.13,12.7
木柵站,2025/11/20 22:00,56,細懸浮微粒,35.7,15,32,0.24,0.23,6.6
木柵站,2025/11/20 23:00,59,細懸浮微粒,37.8,19,31,0.23,0.28,4.3
木柵站,2025/11/21 00:00,58,細懸浮微粒,35.5,12,31,0.26,0.28,4.5
木柵站,2025/11/21 01:00,57,細懸浮微粒,37,12,31,0.29,0.47,2.1
木柵站,2025/11/21 02:00,55,細懸浮微粒,38.4,13,32,0.27,0.41,2.1
木柵站,2025/11/21 03:00,53,細懸浮微粒,40.2,13,38,0.25,0.29,1.7
木柵站,2025/11/21 04:00,52,細懸浮微粒,39.2,12,23,0.29,0.36,1.8
木柵站,2025/11/21 05:00,53,細懸浮微粒,37,13,31,0.34,0.6,3.2
木柵站,2025/11/21 06:00,52,細懸浮微粒,35.2,13,31,0.32,0.49,4.8
木柵站,2025/11/21 07:00,54,細懸浮微粒,28.1,17,29,0.36,0.37,13.4
木柵站,2025/11/21 08:00,59,細懸浮微粒,24.1,22,35,0.35,0.25,14.7
木柵站,2025/11/21 09:00,59,細懸浮微粒,22.2,14,29,0.35,0.23,15.7
木柵站,2025/11/21 10:00,59,細懸浮微粒,14.9,13,30,0.39,0.72,22.7
木柵站,2025/11/21 11:00,58,細懸浮微粒,19,17,28,0.36,0.67,18.2
木柵站,2025/11/21 12:00,56,細懸浮微粒,24.6,15,23,0.34,0.64,14
木柵站,2025/11/21 13:00,57,細懸浮微粒,29.2,15,33,0.31,0.62,10.3
木柵站,2025/11/21 14:00,56,細懸浮微粒,28.4,11,30,0.31,0.78,10.6
木柵站,2025/11/21 15:00,55,細懸浮微粒,25,15,31,0.38,-,13.7
木柵站,2025/11/21 16:00,54,細懸浮微粒,21.2,12,34,0.38,-,20.9
木柵站,2025/11/21 17:00,55,細懸浮微粒,26.6,16,30,0.36,-,16.8
木柵站,2025/11/21 18:00,55,細懸浮微粒,31.3,12,21,0.31,-,13.3
木柵站,2025/11/21 19:00,53,細懸浮微粒,30.7,11,37,0.33,-,14.4
木柵站,2025/11/21 20:00,52,細懸浮微粒,33.9,12,30,0.31,-,9.2
木柵站,2025/11/21 21:00,51,細懸浮微粒,35.4,13,25,0.27,-,8.4
木柵站,2025/11/21 22:00,51,細懸浮微粒,37.8,12,27,0.28,-,5.7
木柵站,2025/11/21 23:00,52,細懸浮微粒,39.6,15,21,0.25,-,4.2
木柵站,2025/11/22 00:00,53,細懸浮微粒,40.5,14,33,0.28,-,3.3
木柵站,2025/11/22 01:00,51,細懸浮微粒,41.9,10,25,0.27,-,2
木柵站,2025/11/22 02:00,50,細懸浮微粒,42.4,10,23,0.28,-,1.7
木柵站,2025/11/22 03:00,48,細懸浮微粒,42.9,12,26,0.29,-,1.2
木柵站,2025/11/22 04:00,47,細懸浮微粒,43.9,11,32,0.31,-,1.7
木柵站,2025/11/22 05:00,46,細懸浮微粒,43,11,25,0.29,-,2.4
木柵站,2025/11/22 06:00,50,細懸浮微粒,41,16,27,0.31,-,3.7
木柵站,2025/11/22 07:00,51,細懸浮微粒,40.3,15,31,0.31,-,4.5
木柵站,2025/11/22 08:00,52,細懸浮微粒,37.4,12,25,0.32,-,7.4
木柵站,2025/11/22 09:00,52,細懸浮微粒,39.2,12,37,0.34,-,4.6
木柵站,2025/11/22 10:00,50,細懸浮微粒,38.9,11,24,0.29,1.1,4.1
木柵站,2025/11/22 11:00,49,細懸浮微粒,37.5,13,30,0.2,1.48,6.2
木柵站,2025/11/22 12:00,49,懸浮微粒,38.1,12,31,0.33,1.22,4.9
木柵站,2025/11/22 13:00,51,細懸浮微粒,38.1,16,27,0.31,0.5,5.4
木柵站,2025/11/22 14:00,52,細懸浮微粒,38.2,13,27,0.38,1.03,6.2
木柵站,2025/11/22 15:00,52,細懸浮微粒,36.3,12,34,0.39,0.87,7.1
木柵站,2025/11/22 16:00,54,細懸浮微粒,36.5,17,23,0.28,-,6.8
木柵站,2025/11/22 17:00,52,細懸浮微粒,34.5,9,25,0.35,1.71,9.6
木柵站,2025/11/22 18:00,50,細懸浮微粒,33.6,10,30,0.33,1.86,9.6
木柵站,2025/11/22 19:00,47,細懸浮微粒,30.7,8,26,0.34,3.15,11.4
木柵站,2025/11/22 20:00,45,懸浮微粒,30.5,11,24,0.35,2.14,9.5
木柵站,2025/11/22 21:00,44,細懸浮微粒,34.3,10,21,0.3,0.7,5.5
木柵站,2025/11/22 22:00,43,細懸浮微粒,33.7,10,23,0.28,0.57,4.8
木柵站,2025/11/22 23:00,45,細懸浮微粒,33.9,12,15,0.28,0.94,4.1
木柵站,2025/11/23 00:00,42,細懸浮微粒,36.6,7,21,0.27,0.63,1.4
木柵站,2025/11/23 01:00,40,細懸浮微粒,35,8,21,0.29,0.08,1.4
木柵站,2025/11/23 02:00,39,細懸浮微粒,36.4,10,20,0.28,0.03,1.1
木柵站,2025/11/23 03:00,37,細懸浮微粒,33.2,8,21,0.25,0.37,1.5
木柵站,2025/11/23 04:00,38,細懸浮微粒,33.5,11,25,0.34,0.17,1
木柵站,2025/11/23 05:00,39,細懸浮微粒,30.8,10,20,0.29,0.52,2.4
木柵站,2025/11/23 06:00,43,細懸浮微粒,23.8,16,21,0.37,0.58,4.6
木柵站,2025/11/23 07:00,42,細懸浮微粒,17,6,23,0.43,5.4,9.4
木柵站,2025/11/23 08:00,38,細懸浮微粒,26.6,5,21,0.24,1.34,5.9
木柵站,2025/11/23 09:00,36,懸浮微粒,37,7,22,0.14,0.51,3.5
木柵站,2025/11/23 10:00,39,懸浮微粒,36.7,6,32,0.16,0.62,2.9
木柵站,2025/11/23 11:00,41,懸浮微粒,35.2,6,28,0.2,0.95,3.7
木柵站,2025/11/23 12:00,42,懸浮微粒,35.2,9,25,0.32,0.64,3.4
木柵站,2025/11/23 13:00,43,懸浮微粒,37.7,10,26,0.35,1.13,5.2
木柵站,2025/11/23 14:00,42,懸浮微粒,35.8,8,26,0.34,1.79,8.5
木柵站,2025/11/23 15:00,44,懸浮微粒,35.6,7,35,0.32,1.64,6.6
木柵站,2025/11/23 16:00,46,懸浮微粒,33.1,10,29,0.32,1.69,8.1
木柵站,2025/11/23 17:00,47,懸浮微粒,25.3,9,29,0.33,4.96,13.1
木柵站,2025/11/23 18:00,49,懸浮微粒,22.7,17,34,0.32,2.15,11.7
木柵站,2025/11/23 19:00,50,懸浮微粒,21.8,10,35,0.28,0.32,8.5
木柵站,2025/11/23 20:00,51,懸浮微粒,20.9,14,31,0.26,1.3,8.1
木柵站,2025/11/23 21:00,51,懸浮微粒,20.6,17,27,0.25,1.53,7.4
木柵站,2025/11/23 22:00,48,細懸浮微粒,22.2,12,23,0.22,1.05,6
木柵站,2025/11/23 23:00,52,細懸浮微粒,22.5,15,23,0.26,0.26,3.7
木柵站,2025/11/24 00:00,53,細懸浮微粒,24.9,16,23,0.22,-,2.6
木柵站,2025/11/24 01:00,49,細懸浮微粒,28.3,7,19,0.22,-,1.5
木柵站,2025/11/24 02:00,46,細懸浮微粒,22.8,7,22,0.2,-,3.8
木柵站,2025/11/24 03:00,42,細懸浮微粒,19.6,6,20,0.23,-,5.3
木柵站,2025/11/24 04:00,38,懸浮微粒,13.8,8,18,0.3,-,8.2
木柵站,2025/11/24 05:00,42,細懸浮微粒,13.5,14,19,0.33,-,6.9
木柵站,2025/11/24 06:00,42,細懸浮微粒,8.8,10,21,0.42,-,11.3
木柵站,2025/11/24 07:00,43,細懸浮微粒,5.8,9,25,0.51,-,16.4
木柵站,2025/11/24 08:00,44,細懸浮微粒,14.1,11,22,0.36,-,9.5
木柵站,2025/11/24 09:00,40,細懸浮微粒,17,9,26,0.4,-,13
木柵站,2025/11/24 10:00,40,細懸浮微粒,-,-,-,-,-,-
木柵站,2025/11/24 11:00,40,細懸浮微粒,-,10,25,-,-,-
木柵站,2025/11/24 12:00,37,懸浮微粒,31.1,7,19,0.26,0.35,4.8
木柵站,2025/11/24 13:00,38,懸浮微粒,30.9,7,26,0.29,1.22,11.8
木柵站,2025/11/24 14:00,39,懸浮微粒,30.1,14,28,0.21,1.66,9.9
木柵站,2025/11/24 15:00,41,懸浮微粒,27.6,9,30,0.23,1.1,10.6
木柵站,2025/11/24 16:00,44,懸浮微粒,23,9,28,0.4,1.18,15.9
木柵站,2025/11/24 17:00,44,懸浮微粒,20,10,25,0.39,1.1,15.1
木柵站,2025/11/24 18:00,44,懸浮微粒,19.3,10,26,0.33,0.59,13.1
木柵站,2025/11/24 19:00,43,懸浮微粒,22.2,10,25,0.28,0.5,10.5
木柵站,2025/11/24 20:00,44,懸浮微粒,18.3,10,30,0.35,0.47,11.2
木柵站,2025/11/24 21:00,45,懸浮微粒,15.4,7,30,0.33,0.55,10.7
木柵站,2025/11/24 22:00,42,懸浮微粒,10.8,7,16,0.33,0.54,13.9
木柵站,2025/11/24 23:00,43,懸浮微粒,10.5,10,27,0.29,0.53,12.3
木柵站,2025/11/25 00:00,41,懸浮微粒,9.1,11,19,0.24,0.57,12.2
木柵站,2025/11/25 01:00,42,細懸浮微粒,31.7,14,30,0.24,0.65,4.4
木柵站,2025/11/25 02:00,48,細懸浮微粒,50.8,18,33,0.23,0.49,2.5
木柵站,2025/11/25 03:00,53,細懸浮微粒,51.5,20,38,0.25,0.58,2.6
木柵站,2025/11/25 04:00,57,細懸浮微粒,56.5,19,42,0.32,0.71,3.4
木柵站,2025/11/25 05:00,63,細懸浮微粒,56.6,25,53,0.41,0.82,4.9
木柵站,2025/11/25 06:00,66,細懸浮微粒,44.9,23,45,0.42,0.86,7.7
木柵站,2025/11/25 07:00,68,細懸浮微粒,32.9,23,48,0.49,0.95,16.9
木柵站,2025/11/25 08:00,71,細懸浮微粒,32.8,23,43,0.31,1.02,15.5
木柵站,2025/11/25 09:00,73,細懸浮微粒,34.3,23,51,0.31,1.49,14.7
木柵站,2025/11/25 10:00,75,細懸浮微粒,39.6,25,62,0.33,1.37,13.9
木柵站,2025/11/25 11:00,78,細懸浮微粒,45.3,26,72,0.37,1.42,10.1
木柵站,2025/11/25 12:00,83,細懸浮微粒,50.6,31,78,0.31,1.18,8.6
木柵站,2025/11/25 13:00,92,懸浮微粒,48.6,34,105,0.34,1.84,12.1
木柵站,2025/11/25 14:00,101,懸浮微粒,46.4,39,116,0.35,1.66,14
木柵站,2025/11/25 15:00,106,懸浮微粒,45.4,38,124,0.35,1.3,13.5
木柵站,2025/11/25 16:00,111,懸浮微粒,41.9,37,141,0.3,1.27,15.6
木柵站,2025/11/25 17:00,114,懸浮微粒,41.5,32,130,0.33,1.12,17.1
木柵站,2025/11/25 18:00,116,懸浮微粒,45.5,35,127,0.34,0.74,11.6
木柵站,2025/11/25 19:00,117,懸浮微粒,41.6,34,117,0.33,0.68,12.2
木柵站,2025/11/25 20:00,117,懸浮微粒,41,30,128,0.25,0.27,9.1
木柵站,2025/11/25 21:00,118,懸浮微粒,41.6,30,119,0.3,0.37,8.6
木柵站,2025/11/25 22:00,119,懸浮微粒,41.6,29,118,0.25,0.61,7.1
木柵站,2025/11/25 23:00,119,懸浮微粒,40.1,25,111,0.26,0.58,5
木柵站,2025/11/26 00:00,119,懸浮微粒,38.9,27,111,0.29,0.82,3.7
木柵站,2025/11/26 01:00,118,懸浮微粒,40.4,24,102,0.29,0.81,2.3
木柵站,2025/11/26 02:00,116,懸浮微粒,40.1,24,97,0.28,0.69,2.4
木柵站,2025/11/26 03:00,114,懸浮微粒,40.3,13,79,0.26,0.65,2.1
木柵站,2025/11/26 04:00,110,懸浮微粒,39.4,18,64,0.27,0.61,2.3
木柵站,2025/11/26 05:00,106,懸浮微粒,37.5,17,57,0.3,0.55,3.1
木柵站,2025/11/26 06:00,102,懸浮微粒,29.6,13,53,0.33,0.62,10.4
木柵站,2025/11/26 07:00,98,懸浮微粒,23.5,17,49,0.33,0.65,17.3
木柵站,2025/11/26 08:00,94,懸浮微粒,30.9,14,56,0.33,0.48,8.9
木柵站,2025/11/26 09:00,89,懸浮微粒,29.6,13,47,0.32,0.61,10.1
木柵站,2025/11/26 10:00,85,懸浮微粒,32.9,16,46,0.31,0.76,8.8
木柵站,2025/11/26 11:00,80,懸浮微粒,33.4,14,41,0.34,0.66,8.9
木柵站,2025/11/26 12:00,75,懸浮微粒,35.5,11,44,0.31,0.4,7.3
木柵站,2025/11/26 13:00,71,懸浮微粒,36.4,10,39,0.29,0.34,7
木柵站,2025/11/26 14:00,68,懸浮微粒,35.7,9,40,0.28,0.55,7.8
木柵站,2025/11/26 15:00,66,懸浮微粒,34.2,12,40,0.29,0.52,10.2
木柵站,2025/11/26 16:00,65,懸浮微粒,31.3,12,44,0.33,0.44,12.7
木柵站,2025/11/26 17:00,64,懸浮微粒,30.5,9,37,0.35,0.58,13.2
木柵站,2025/11/26 18:00,60,懸浮微粒,28.4,17,25,0.34,0.51,13.5
木柵站,2025/11/26 19:00,58,懸浮微粒,30.7,9,30,0.33,0.43,11.1
木柵站,2025/11/26 20:00,53,懸浮微粒,31.5,9,21,0.31,0.57,9.9
木柵站,2025/11/26 21:00,51,懸浮微粒,29.7,8,25,0.31,0.51,10.3
木柵站,2025/11/26 22:00,48,懸浮微粒,28.5,8,19,0.31,0.73,9.3
木柵站,2025/11/26 23:00,48,懸浮微粒,31.1,12,32,0.28,0.87,6.8
木柵站,2025/11/27 00:00,46,懸浮微粒,31.8,9,22,0.32,0.43,3.6
木柵站,2025/11/27 01:00,46,懸浮微粒,30.1,12,26,0.32,0.43,2.8
木柵站,2025/11/27 02:00,45,懸浮微粒,32.7,7,20,0.36,0.45,2.4
木柵站,2025/11/27 03:00,42,懸浮微粒,34.2,9,24,0.31,0.44,2
木柵站,2025/11/27 04:00,41,細懸浮微粒,28.4,13,20,0.24,0.34,3.3
木柵站,2025/11/27 05:00,40,細懸浮微粒,21.6,10,24,0.23,0.3,4.9
木柵站,2025/11/27 06:00,42,細懸浮微粒,19.1,12,25,0.27,0.6,9.8
木柵站,2025/11/27 07:00,45,細懸浮微粒,28.1,14,38,0.32,0.74,13.7
木柵站,2025/11/27 08:00,48,懸浮微粒,30,11,37,0.36,0.95,10.5
木柵站,2025/11/27 09:00,48,細懸浮微粒,33.9,15,26,0.3,0.8,9.2
木柵站,2025/11/27 10:00,49,懸浮微粒,36.3,9,28,0.3,1.29,9
木柵站,2025/11/27 11:00,47,細懸浮微粒,38,14,26,0.29,0.94,7.5
木柵站,2025/11/27 12:00,50,細懸浮微粒,38.5,14,23,0.3,0.62,7.5
木柵站,2025/11/27 13:00,47,細懸浮微粒,40.2,10,20,0.32,1.36,8.1
木柵站,2025/11/27 14:00,45,細懸浮微粒,41.1,6,24,0.34,0.78,7.5
木柵站,2025/11/27 15:00,43,細懸浮微粒,39.8,9,30,0.36,0.62,9.7
木柵站,2025/11/27 16:00,46,懸浮微粒,38.7,15,34,0.33,0.7,12.8
木柵站,2025/11/27 17:00,50,懸浮微粒,38,14,35,0.36,0.64,14.9
木柵站,2025/11/27 18:00,54,懸浮微粒,43.1,15,47,0.4,0.86,14.3
木柵站,2025/11/27 19:00,62,懸浮微粒,42.5,25,77,0.38,1,15.8
木柵站,2025/11/27 20:00,75,懸浮微粒,44,25,102,0.34,0.99,12.1
木柵站,2025/11/27 21:00,90,懸浮微粒,39.1,28,115,0.39,0.9,14.9
木柵站,2025/11/27 22:00,103,懸浮微粒,43.7,29,133,0.32,0.7,8.7
木柵站,2025/11/27 23:00,108,懸浮微粒,42.9,33,143,0.27,0.62,5.8
木柵站,2025/11/28 00:00,113,懸浮微粒,42.7,26,150,0.36,0.5,4.3
木柵站,2025/11/28 01:00,118,懸浮微粒,43.3,24,151,0.38,0.62,2.8
木柵站,2025/11/28 02:00,120,懸浮微粒,42.5,31,139,0.34,0.38,2.1
木柵站,2025/11/28 03:00,122,懸浮微粒,41.3,23,136,0.38,0.25,2.8
木柵站,2025/11/28 04:00,124,懸浮微粒,40.7,31,158,0.29,0.39,2.5
木柵站,2025/11/28 05:00,127,懸浮微粒,39.7,32,158,0.32,0.5,3.3
木柵站,2025/11/28 06:00,130,懸浮微粒,36.9,34,157,0.31,0.51,6.1
木柵站,2025/11/28 07:00,133,懸浮微粒,30.6,33,163,0.38,0.53,12.1
木柵站,2025/11/28 08:00,134,懸浮微粒,30.2,33,162,0.34,0.6,10.8
木柵站,2025/11/28 09:00,135,懸浮微粒,32.9,32,161,0.32,0.75,9.8
木柵站,2025/11/28 10:00,137,懸浮微粒,33.8,28,170,0.35,0.45,10.1
木柵站,2025/11/28 11:00,138,懸浮微粒,36.6,29,180,0.33,0.57,8.4
木柵站,2025/11/28 12:00,140,懸浮微粒,39,30,179,0.32,0.45,6.9
木柵站,2025/11/28 13:00,141,懸浮微粒,39.6,24,173,0.31,0.31,8.4
木柵站,2025/11/28 14:00,141,懸浮微粒,37.6,29,174,0.31,0.47,9.9
木柵站,2025/11/28 15:00,141,懸浮微粒,37.7,30,161,0.31,0.43,8.2
木柵站,2025/11/28 16:00,139,懸浮微粒,30.9,25,148,0.39,0.49,15.2
木柵站,2025/11/28 17:00,137,懸浮微粒,26.8,25,135,0.44,0.58,17
木柵站,2025/11/28 18:00,134,懸浮微粒,21.5,29,129,0.53,0.76,19.6
木柵站,2025/11/28 19:00,130,懸浮微粒,17.7,26,116,0.49,0.8,19.6
木柵站,2025/11/28 20:00,128,懸浮微粒,21.4,28,114,0.46,0.16,14.5
木柵站,2025/11/28 21:00,125,懸浮微粒,20.9,21,111,0.36,0.18,13.9
木柵站,2025/11/28 22:00,122,懸浮微粒,20.7,21,99,0.33,0.31,10.5
木柵站,2025/11/28 23:00,119,懸浮微粒,22.8,24,91,0.28,0.32,8.8
木柵站,2025/11/29 00:00,116,懸浮微粒,24.8,18,80,0.36,0.19,5.6
木柵站,2025/11/29 01:00,112,懸浮微粒,27,20,78,0.31,0.18,3.6
木柵站,2025/11/29 02:00,109,懸浮微粒,27.4,19,75,0.29,0.31,2.4
木柵站,2025/11/29 03:00,107,懸浮微粒,24.2,14,72,0.29,0.41,3.7
木柵站,2025/11/29 04:00,104,懸浮微粒,22.9,13,68,0.29,0.41,4
木柵站,2025/11/29 05:00,102,懸浮微粒,17.1,13,58,0.34,0.5,7.1
木柵站,2025/11/29 06:00,99,懸浮微粒,14.3,12,53,0.36,0.51,11
木柵站,2025/11/29 07:00,94,懸浮微粒,13.9,13,58,0.41,0.53,11.1
木柵站,2025/11/29 08:00,91,懸浮微粒,22.4,19,63,0.34,0.76,7
木柵站,2025/11/29 09:00,90,懸浮微粒,28.2,16,68,0.27,0.75,6.1
木柵站,2025/11/29 10:00,90,懸浮微粒,34,17,62,0.18,0.5,5.1
木柵站,2025/11/29 11:00,87,懸浮微粒,34.7,8,53,0.19,0.43,7.1
木柵站,2025/11/29 12:00,83,懸浮微粒,37,18,44,0.26,0.26,3.8
木柵站,2025/11/29 13:00,80,懸浮微粒,35,17,52,0.28,0.32,6.2
木柵站,2025/11/29 14:00,75,懸浮微粒,36.2,13,43,0.27,0.58,4.1
木柵站,2025/11/29 15:00,73,懸浮微粒,36.5,11,47,0.28,0.47,3.9
木柵站,2025/11/29 16:00,75,懸浮微粒,33.2,17,59,0.32,0.38,8.4
木柵站,2025/11/29 17:00,76,懸浮微粒,30.8,15,56,0.32,0.39,10.8
木柵站,2025/11/29 18:00,78,懸浮微粒,25.5,15,58,0.42,0.58,14.2
木柵站,2025/11/29 19:00,79,懸浮微粒,27.8,14,53,0.38,0.61,11
木柵站,2025/11/29 20:00,76,懸浮微粒,27.2,13,44,0.33,0.75,6.9
木柵站,2025/11/29 21:00,72,懸浮微粒,24.1,10,42,0.31,0.7,7.4
木柵站,2025/11/29 22:00,68,懸浮微粒,18.6,11,37,0.35,0.54,10.2
木柵站,2025/11/29 23:00,64,懸浮微粒,10.2,7,31,0.41,0.47,15.1
木柵站,2025/11/30 00:00,61,懸浮微粒,10.7,4,28,0.34,0.41,12.1
木柵站,2025/11/30 01:00,57,懸浮微粒,12.6,7,21,0.33,0.37,7.4
木柵站,2025/11/30 02:00,54,懸浮微粒,12.3,6,24,0.31,0.32,6.9
木柵站,2025/11/30 03:00,51,懸浮微粒,12.2,6,18,0.32,0.41,4.7
木柵站,2025/11/30 04:00,48,懸浮微粒,10,16,21,0.28,0.44,5.3
木柵站,2025/11/30 05:00,45,懸浮微粒,7.6,9,21,0.35,0.41,5.2
木柵站,2025/11/30 06:00,40,懸浮微粒,4.8,9,13,0.33,0.45,7.6
木柵站,2025/11/30 07:00,39,細懸浮微粒,4.9,8,19,0.37,0.59,7.8
木柵站,2025/11/30 08:00,36,懸浮微粒,10.9,6,20,0.33,0.84,8.1
木柵站,2025/11/30 09:00,35,懸浮微粒,18.4,9,22,0.33,0.95,9.4
木柵站,2025/11/30 10:00,37,懸浮微粒,24.6,11,27,0.31,0.84,10.6
木柵站,2025/11/30 11:00,39,懸浮微粒,30.4,11,31,0.19,0.68,5.5
木柵站,2025/11/30 12:00,40,懸浮微粒,34.1,8,23,0.21,0.45,1.7
木柵站,2025/11/30 13:00,41,懸浮微粒,34.4,5,26,0.25,0.39,2.4
木柵站,2025/11/30 14:00,43,懸浮微粒,38.1,10,36,0.4,0.68,14.1
木柵站,2025/11/30 15:00,48,懸浮微粒,36.1,21,45,0.39,0.87,19.7
木柵站,2025/11/30 16:00,54,懸浮微粒,33.1,20,48,0.38,0.65,18.5
木柵站,2025/11/30 17:00,55,細懸浮微粒,27,17,30,0.32,0.51,17.4
木柵站,2025/11/30 18:00,55,懸浮微粒,16.3,11,35,0.42,0.7,21.4
木柵站,2025/11/30 19:00,55,細懸浮微粒,12.7,18,39,0.35,0.62,17.8
木柵站,2025/11/30 20:00,55,細懸浮微粒,9.8,15,26,0.39,0.25,18.9
木柵站,2025/11/30 21:00,57,細懸浮微粒,8.5,19,30,0.41,0.33,18
木柵站,2025/11/30 22:00,56,細懸浮微粒,7.8,10,33,0.39,0.39,16
木柵站,2025/11/30 23:00,56,細懸浮微粒,8.6,15,26,0.37,0.62,14.4
木柵站,2025/12/01 00:00,53,細懸浮微粒,9.2,8,24,0.28,0.56,11.4
木柵站,2025/12/01 01:00,54,細懸浮微粒,7,18,25,0.36,0.45,12.4
木柵站,2025/12/01 02:00,56,細懸浮微粒,4.6,13,28,0.38,0.38,13.1
木柵站,2025/12/01 03:00,57,細懸浮微粒,3.9,20,32,0.37,0.44,12
木柵站,2025/12/01 04:00,60,細懸浮微粒,9,16,33,0.27,0.45,11
木柵站,2025/12/01 05:00,62,細懸浮微粒,8,22,32,0.26,0.43,11
木柵站,2025/12/01 06:00,63,細懸浮微粒,7.8,15,33,0.26,0.77,15.1
木柵站,2025/12/01 07:00,61,細懸浮微粒,4.2,15,28,0.38,0.95,16.6
木柵站,2025/12/01 08:00,62,細懸浮微粒,6.7,18,31,0.38,0.63,17.1
木柵站,2025/12/01 09:00,58,細懸浮微粒,14.5,14,27,0.25,0.55,14.3
木柵站,2025/12/01 10:00,61,細懸浮微粒,15.1,20,37,0.44,0.65,20.3
木柵站,2025/12/01 11:00,61,細懸浮微粒,24.9,15,25,0.45,0.66,18.3
木柵站,2025/12/01 12:00,62,細懸浮微粒,33.1,18,30,0.43,0.43,20.2
木柵站,2025/12/01 13:00,64,細懸浮微粒,38.6,19,27,0.39,0.53,22.5
木柵站,2025/12/01 14:00,60,細懸浮微粒,31.7,10,18,0.22,0.58,14
木柵站,2025/12/01 15:00,57,細懸浮微粒,30,9,20,0.17,0.49,10.1
木柵站,2025/12/01 16:00,55,細懸浮微粒,21.1,12,18,0.33,0.75,17.8
木柵站,2025/12/01 17:00,51,細懸浮微粒,10.3,11,23,0.25,0.73,17.8
木柵站,2025/12/01 18:00,50,細懸浮微粒,9.7,11,22,0.28,0.57,16
木柵站,2025/12/01 19:00,51,細懸浮微粒,8.3,11,19,0.32,0.54,16.1
木柵站,2025/12/01 20:00,49,細懸浮微粒,12.9,11,15,0.29,0.25,11.1
木柵站,2025/12/01 21:00,47,細懸浮微粒,14.5,8,15,0.31,0.19,11
木柵站,2025/12/01 22:00,40,細懸浮微粒,15.9,4,12,0.26,0.36,11.4
木柵站,2025/12/01 23:00,33,細懸浮微粒,17.8,1,9,0.17,0.37,8.4
木柵站,2025/12/02 00:00,25,細懸浮微粒,12.2,1,9,0.17,0.41,6.4
木柵站,2025/12/02 01:00,21,懸浮微粒,10.9,1,8,0.18,0.65,5
木柵站,2025/12/02 02:00,20,懸浮微粒,11.8,5,11,0.18,0.61,5.6
木柵站,2025/12/02 03:00,21,懸浮微粒,22.9,5,13,0.16,0.43,3.3
木柵站,2025/12/02 04:00,21,細懸浮微粒,32.5,6,12,0.19,0.3,2.2
木柵站,2025/12/02 05:00,26,細懸浮微粒,34.2,10,15,0.17,0.44,3
木柵站,2025/12/02 06:00,27,細懸浮微粒,28.4,8,16,0.25,0.52,9.2
木柵站,2025/12/02 07:00,28,二氧化氮小時值,24.6,6,20,0.27,0.45,11.7
木柵站,2025/12/02 08:00,34,二氧化氮小時值,21,4,22,0.33,0.53,14.4
木柵站,2025/12/02 09:00,26,懸浮微粒,24.5,5,12,0.28,0.55,10.3
木柵站,2025/12/02 10:00,28,懸浮微粒,29.1,11,25,0.28,0.49,8
木柵站,2025/12/02 11:00,29,懸浮微粒,32.3,8,21,0.32,0.62,8.9
木柵站,2025/12/02 12:00,30,細懸浮微粒,35.1,9,18,0.28,0.59,8.6
木柵站,2025/12/02 13:00,33,懸浮微粒,36,8,24,0.25,0.55,7
木柵站,2025/12/02 14:00,33,懸浮微粒,36.2,5,23,0.24,0.55,7.2
木柵站,2025/12/02 15:00,36,懸浮微粒,38.4,9,30,0.23,0.56,7.7
木柵站,2025/12/02 16:00,40,懸浮微粒,35.9,9,28,0.33,0.39,11.3
木柵站,2025/12/02 17:00,43,懸浮微粒,33,10,35,0.38,0.32,13.2
木柵站,2025/12/02 18:00,51,二氧化氮小時值,24.2,8,31,0.41,0.6,22
木柵站,2025/12/02 19:00,51,二氧化氮小時值,20.7,12,28,0.45,0.63,23.2
木柵站,2025/12/02 20:00,47,懸浮微粒,28.7,14,29,0.41,0.5,12.9
木柵站,2025/12/02 21:00,48,懸浮微粒,27.6,15,35,0.44,0.45,13.5
木柵站,2025/12/02 22:00,49,細懸浮微粒,26.1,16,32,0.42,0.39,11.4
木柵站,2025/12/02 23:00,52,懸浮微粒,31.5,11,38,0.34,0.4,5.9
木柵站,2025/12/03 00:00,52,懸浮微粒,33.5,9,31,0.24,0.65,4.3
木柵站,2025/12/03 01:00,55,懸浮微粒,41.1,21,46,0.22,0.73,3.5
木柵站,2025/12/03 02:00,58,懸浮微粒,48.5,19,45,0.24,0.33,2.7
木柵站,2025/12/03 03:00,61,懸浮微粒,47.3,19,51,0.23,0.33,2.6
木柵站,2025/12/03 04:00,65,懸浮微粒,47,17,53,0.26,0.56,2.1
木柵站,2025/12/03 05:00,63,懸浮微粒,43.5,18,31,0.28,0.57,3.1
木柵站,2025/12/03 06:00,62,細懸浮微粒,40.7,18,39,0.31,0.68,5.9
木柵站,2025/12/03 07:00,61,細懸浮微粒,38.1,15,40,0.34,0.69,8.7
木柵站,2025/12/03 08:00,63,細懸浮微粒,35.1,19,49,0.36,0.34,13.3
木柵站,2025/12/03 09:00,68,細懸浮微粒,37.1,29,52,0.39,0.4,12.7
木柵站,2025/12/03 10:00,72,細懸浮微粒,35.6,25,58,0.41,0.58,13.1
木柵站,2025/12/03 11:00,78,細懸浮微粒,32,27,59,0.45,0.67,16
木柵站,2025/12/03 12:00,83,細懸浮微粒,35,29,65,0.37,0.56,15.7
木柵站,2025/12/03 13:00,87,細懸浮微粒,38.7,34,63,0.37,0.53,13.6
木柵站,2025/12/03 14:00,88,細懸浮微粒,42.2,26,69,0.38,0.51,12.6
木柵站,2025/12/03 15:00,87,細懸浮微粒,44,23,65,0.36,0.6,9.8
木柵站,2025/12/03 16:00,85,細懸浮微粒,39.1,22,55,0.3,0.74,14.5
木柵站,2025/12/03 17:00,82,細懸浮微粒,39.1,24,58,0.34,0.79,14.5
木柵站,2025/12/03 18:00,82,細懸浮微粒,35.1,23,53,0.32,0.5,12
木柵站,2025/12/03 19:00,84,細懸浮微粒,32.8,25,46,0.33,0.31,11.8
木柵站,2025/12/03 20:00,85,細懸浮微粒,30.6,25,40,0.31,0.45,13.6
木柵站,2025/12/03 21:00,83,細懸浮微粒,24.1,21,37,0.38,0.53,13.4
木柵站,2025/12/03 22:00,79,細懸浮微粒,29.3,14,41,0.3,0.44,9.6
木柵站,2025/12/03 23:00,76,細懸浮微粒,36.2,18,50,0.3,0.6,5.2
木柵站,2025/12/04 00:00,72,細懸浮微粒,39.8,19,54,0.28,0.6,3.4
木柵站,2025/12/04 01:00,72,懸浮微粒,40.4,17,49,0.3,0.38,3.1
木柵站,2025/12/04 02:00,72,懸浮微粒,40.2,17,45,0.28,0.28,2.5
木柵站,2025/12/04 03:00,68,細懸浮微粒,39.9,17,31,0.27,0.25,2.2
木柵站,2025/12/04 04:00,63,懸浮微粒,39.2,10,33,0.26,0.43,2
木柵站,2025/12/04 05:00,62,細懸浮微粒,37.1,15,38,0.28,0.45,2.6
木柵站,2025/12/04 06:00,58,懸浮微粒,30.1,9,32,0.3,0.49,10.2
木柵站,2025/12/04 07:00,58,懸浮微粒,29.5,9,36,0.32,0.57,10.5
木柵站,2025/12/04 08:00,59,懸浮微粒,24.2,15,39,0.33,0.66,14.5
木柵站,2025/12/04 09:00,57,懸浮微粒,26,13,28,0.27,0.5,12.8
木柵站,2025/12/04 10:00,57,懸浮微粒,28.2,9,33,0.22,0.63,9.7
木柵站,2025/12/04 11:00,57,懸浮微粒,31.1,7,37,0.21,0.75,7.4
木柵站,2025/12/04 12:00,53,懸浮微粒,33.3,6,22,0.27,0.65,6.1
木柵站,2025/12/04 13:00,53,懸浮微粒,34.7,5,-,0.24,0.56,5.8
木柵站,2025/12/04 14:00,66,懸浮微粒,32.3,5,93,-,-,-
木柵站,2025/12/04 15:00,64,懸浮微粒,32.4,9,25,0.33,0.42,7
木柵站,2025/12/04 16:00,64,懸浮微粒,26.7,7,25,0.34,0.57,12.5
木柵站,2025/12/04 17:00,61,懸浮微粒,29.3,6,31,0.37,0.71,11.2
木柵站,2025/12/04 18:00,50,懸浮微粒,25.4,8,20,0.42,0.58,15.3
木柵站,2025/12/04 19:00,50,懸浮微粒,26.5,9,26,0.38,0.6,14.7
木柵站,2025/12/04 20:00,46,懸浮微粒,30.9,10,16,0.3,0.4,8.6
木柵站,2025/12/04 21:00,41,懸浮微粒,31.3,8,11,0.35,0.5,8.2
木柵站,2025/12/04 22:00,40,懸浮微粒,33,6,20,0.29,0.47,5.7
木柵站,2025/12/04 23:00,37,懸浮微粒,34.3,6,17,0.28,0.38,4.6
木柵站,2025/12/05 00:00,36,懸浮微粒,35.8,12,16,0.22,0.26,3
木柵站,2025/12/05 01:00,37,懸浮微粒,34.6,9,19,0.23,0.28,3.5
木柵站,2025/12/05 02:00,33,細懸浮微粒,31.3,6,16,0.27,0.4,2.5
木柵站,2025/12/05 03:00,34,細懸浮微粒,29.9,8,20,0.26,0.47,2.5
木柵站,2025/12/05 04:00,33,懸浮微粒,30.2,5,23,0.25,0.5,2.2
木柵站,2025/12/05 05:00,30,懸浮微粒,30.2,7,14,0.31,0.65,3.8
木柵站,2025/12/05 06:00,33,細懸浮微粒,29.9,13,27,0.3,0.66,7.5
木柵站,2025/12/05 07:00,35,細懸浮微粒,29.8,11,19,0.31,0.48,9.9
木柵站,2025/12/05 08:00,36,細懸浮微粒,29.6,8,20,0.29,0.44,10.9
木柵站,2025/12/05 09:00,38,細懸浮微粒,28.3,10,20,0.27,0.5,12.2
木柵站,2025/12/05 10:00,37,細懸浮微粒,28.8,9,20,0.27,0.2,10.9
木柵站,2025/12/05 11:00,37,細懸浮微粒,29.1,11,20,0.26,0.18,10.6
木柵站,2025/12/05 12:00,38,細懸浮微粒,30.8,10,13,0.3,0.41,8.4
木柵站,2025/12/05 13:00,38,細懸浮微粒,31.7,10,12,0.27,0.4,7.6
木柵站,2025/12/05 14:00,38,細懸浮微粒,30.5,8,15,0.26,0.63,8.6
木柵站,2025/12/05 15:00,35,細懸浮微粒,31.6,5,13,0.27,0.49,8.2
木柵站,2025/12/05 16:00,32,二氧化氮小時值,27.6,4,16,0.37,0.49,13.5
木柵站,2025/12/05 17:00,29,細懸浮微粒,28.6,5,9,0.37,0.6,11.5
木柵站,2025/12/05 18:00,28,臭氧8小時,30.4,6,10,0.39,0.46,8.4
木柵站,2025/12/05 19:00,30,二氧化氮小時值,27.5,5,15,0.36,0.53,12.5
木柵站,2025/12/05 20:00,28,二氧化氮小時值,26.5,4,11,0.33,0.44,11.8
木柵站,2025/12/05 21:00,34,二氧化氮小時值,20.2,6,11,0.33,0.59,14.1
木柵站,2025/12/05 22:00,31,二氧化氮小時值,17.8,11,11,0.33,0.51,12.9
木柵站,2025/12/05 23:00,29,細懸浮微粒,20,9,16,0.32,0.45,8.5
木柵站,2025/12/06 00:00,31,細懸浮微粒,18,8,14,0.34,0.35,7.4
木柵站,2025/12/06 01:00,30,細懸浮微粒,14.9,6,14,0.33,0.33,6.8
木柵站,2025/12/06 02:00,27,細懸浮微粒,17.8,6,17,0.32,0.39,6.6
木柵站,2025/12/06 03:00,27,細懸浮微粒,18.6,8,7,0.27,0.42,3.9
木柵站,2025/12/06 04:00,27,細懸浮微粒,15.4,6,8,0.21,0.3,4.9
木柵站,2025/12/06 05:00,28,細懸浮微粒,18.4,8,22,0.25,0.3,4.6
木柵站,2025/12/06 06:00,27,細懸浮微粒,16.3,5,9,0.23,0.4,8.1
木柵站,2025/12/06 07:00,29,細懸浮微粒,23.3,10,11,0.28,0.36,11
木柵站,2025/12/06 08:00,32,細懸浮微粒,26.1,10,21,0.33,0.38,11.6
木柵站,2025/12/06 09:00,33,細懸浮微粒,28.5,9,23,0.32,0.62,9.8
木柵站,2025/12/06 10:00,33,細懸浮微粒,32.6,6,20,0.25,0.52,6.5
木柵站,2025/12/06 11:00,32,懸浮微粒,33.4,7,24,0.27,0.93,5.8
木柵站,2025/12/06 12:00,32,懸浮微粒,34.3,6,20,0.27,0.4,5.8
木柵站,2025/12/06 13:00,33,懸浮微粒,35.1,7,25,0.27,0.53,5.9
木柵站,2025/12/06 14:00,34,懸浮微粒,36.1,8,22,0.27,0.4,5.3
木柵站,2025/12/06 15:00,33,懸浮微粒,34.3,6,16,0.3,0.55,6.7
木柵站,2025/12/06 16:00,34,懸浮微粒,30.5,6,21,0.36,0.52,10.8
木柵站,2025/12/06 17:00,33,懸浮微粒,27.3,6,20,0.41,0.63,13.3
木柵站,2025/12/06 18:00,32,懸浮微粒,27.5,13,18,0.39,0.46,11.6
木柵站,2025/12/06 19:00,34,細懸浮微粒,25.9,11,18,0.4,0.46,11.7
木柵站,2025/12/06 20:00,35,細懸浮微粒,27.4,9,20,0.3,0.57,10.3
木柵站,2025/12/06 21:00,36,細懸浮微粒,27.8,8,14,0.26,0.43,9.6
木柵站,2025/12/06 22:00,34,懸浮微粒,28.1,7,28,0.27,0.4,7.6
木柵站,2025/12/06 23:00,34,懸浮微粒,28.8,7,21,0.27,0.37,6.4
木柵站,2025/12/07 00:00,34,懸浮微粒,31.8,8,19,0.27,0.47,3.8
木柵站,2025/12/07 01:00,34,懸浮微粒,30.3,10,16,0.3,0.42,3.3
木柵站,2025/12/07 02:00,34,細懸浮微粒,31.5,9,19,0.27,0.25,2.7
木柵站,2025/12/07 03:00,35,細懸浮微粒,32.8,8,25,0.24,0.25,2.3
木柵站,2025/12/07 04:00,34,細懸浮微粒,36.3,6,19,0.26,0.46,1.7
木柵站,2025/12/07 05:00,35,細懸浮微粒,35.1,11,23,0.29,0.51,3.4
木柵站,2025/12/07 06:00,38,細懸浮微粒,29.4,14,22,0.33,0.64,7.5
木柵站,2025/12/07 07:00,40,細懸浮微粒,30.1,12,24,0.38,0.71,7
木柵站,2025/12/07 08:00,44,細懸浮微粒,29.3,13,21,0.31,0.48,8.5
木柵站,2025/12/07 09:00,43,細懸浮微粒,30.7,9,25,0.27,0.44,8.9
木柵站,2025/12/07 10:00,40,細懸浮微粒,35.1,7,23,0.19,0.57,6.4
木柵站,2025/12/07 11:00,39,細懸浮微粒,36.7,10,21,0.17,0.59,3.2
木柵站,2025/12/07 12:00,38,懸浮微粒,40.1,9,24,0.26,0.49,2.6
木柵站,2025/12/07 13:00,38,細懸浮微粒,40.6,10,22,0.29,0.67,2.9
木柵站,2025/12/07 14:00,41,細懸浮微粒,39.6,12,14,0.31,0.73,5.3
木柵站,2025/12/07 15:00,43,細懸浮微粒,38.5,12,24,0.31,0.64,6.9
木柵站,2025/12/07 16:00,43,細懸浮微粒,35.4,9,21,0.35,0.32,9.6
木柵站,2025/12/07 17:00,44,細懸浮微粒,32.4,11,24,0.43,0.38,12.6
木柵站,2025/12/07 18:00,45,細懸浮微粒,31.3,15,22,0.44,0.43,11.8
木柵站,2025/12/07 19:00,48,細懸浮微粒,29.2,16,17,0.43,0.46,7.9
木柵站,2025/12/07 20:00,51,細懸浮微粒,27.8,15,20,0.3,0.36,6.7
木柵站,2025/12/07 21:00,49,細懸浮微粒,19.3,7,19,0.32,0.28,12.8
木柵站,2025/12/07 22:00,46,細懸浮微粒,13,8,20,0.4,0.45,18.3
木柵站,2025/12/07 23:00,42,細懸浮微粒,15.6,9,13,0.32,0.5,13.5
木柵站,2025/12/08 00:00,40,細懸浮微粒,14,10,13,0.3,0.34,13.1
木柵站,2025/12/08 01:00,39,細懸浮微粒,14.4,7,22,0.26,0.32,9.2
木柵站,2025/12/08 02:00,38,細懸浮微粒,13,7,15,0.25,0.55,8.3
木柵站,2025/12/08 03:00,37,細懸浮微粒,13,9,17,0.25,0.53,7.2
木柵站,2025/12/08 04:00,44,細懸浮微粒,8.5,19,15,0.34,0.48,9.8
木柵站,2025/12/08 05:00,39,細懸浮微粒,8,1,20,0.34,0.44,9.7
木柵站,2025/12/08 06:00,39,細懸浮微粒,5.5,9,14,0.38,0.48,12.2
木柵站,2025/12/08 07:00,37,二氧化氮小時值,4.3,6,25,0.44,0.58,15.4
木柵站,2025/12/08 08:00,32,二氧化氮小時值,25.9,4,19,0.32,0.71,13.4
木柵站,2025/12/08 09:00,34,二氧化氮小時值,28,12,21,0.3,0.68,14.2
木柵站,2025/12/08 10:00,33,細懸浮微粒,31.7,9,19,0.25,0.3,11
木柵站,2025/12/08 11:00,35,細懸浮微粒,35.8,10,27,0.28,0.31,8.2
木柵站,2025/12/08 12:00,41,細懸浮微粒,36.6,15,34,0.31,0.38,8.9
木柵站,2025/12/08 13:00,42,細懸浮微粒,35.2,11,22,0.29,0.52,10.3
木柵站,2025/12/08 14:00,44,細懸浮微粒,34.3,12,18,0.28,0.55,10.5
木柵站,2025/12/08 15:00,44,細懸浮微粒,30.8,10,30,0.32,0.49,15.5
木柵站,2025/12/08 16:00,40,二氧化氮小時值,33,9,19,0.33,0.52,16.7
木柵站,2025/12/08 17:00,42,細懸浮微粒,37.2,13,25,0.35,0.62,14.1
木柵站,2025/12/08 18:00,44,細懸浮微粒,41.5,14,28,0.37,0.66,11.3
木柵站,2025/12/08 19:00,49,細懸浮微粒,37.7,16,25,0.34,0.69,16.4
木柵站,2025/12/08 20:00,51,細懸浮微粒,39.3,12,23,0.33,0.58,10.1
木柵站,2025/12/08 21:00,50,細懸浮微粒,39.6,10,12,0.32,0.43,7.8
木柵站,2025/12/08 22:00,49,細懸浮微粒,35.6,11,16,0.34,0.3,10.1
木柵站,2025/12/08 23:00,44,細懸浮微粒,42.4,7,13,0.27,0.27,4.8
木柵站,2025/12/09 00:00,38,細懸浮微粒,35.9,5,15,0.28,0.49,5.6
木柵站,2025/12/09 01:00,38,細懸浮微粒,33.5,9,17,0.3,0.45,2.4
木柵站,2025/12/09 02:00,37,細懸浮微粒,35.3,11,15,0.26,0.42,2.5
木柵站,2025/12/09 03:00,38,細懸浮微粒,30.2,8,17,0.24,0.39,3.1
木柵站,2025/12/09 04:00,38,細懸浮微粒,32.3,7,17,0.27,0.22,2.5
木柵站,2025/12/09 05:00,37,細懸浮微粒,33.5,8,16,0.31,0.19,4
木柵站,2025/12/09 06:00,33,細懸浮微粒,35.6,6,16,0.34,0.4,10
木柵站,2025/12/09 07:00,34,二氧化氮小時值,31.1,5,23,0.36,0.54,14.2
木柵站,2025/12/09 08:00,37,二氧化氮小時值,30.5,13,27,0.27,0.54,15.7
木柵站,2025/12/09 09:00,35,懸浮微粒,30.6,11,30,0.25,0.54,13.3
木柵站,2025/12/09 10:00,38,懸浮微粒,33.2,8,25,0.24,0.57,10.7
木柵站,2025/12/09 11:00,41,細懸浮微粒,35.2,14,20,0.21,0.49,9
木柵站,2025/12/09 12:00,40,懸浮微粒,35.3,10,33,0.31,0.63,8.6
木柵站,2025/12/09 13:00,41,細懸浮微粒,36.4,12,22,0.28,0.5,8.6
木柵站,2025/12/09 14:00,43,細懸浮微粒,35.7,11,26,0.28,0.46,8.5
木柵站,2025/12/09 15:00,41,細懸浮微粒,30.4,10,13,0.3,0.51,14.4
木柵站,2025/12/09 16:00,41,二氧化氮小時值,25.8,9,11,0.37,0.44,17.3
木柵站,2025/12/09 17:00,37,細懸浮微粒,26.6,5,20,0.38,0.35,14.8
木柵站,2025/12/09 18:00,40,二氧化氮小時值,25.4,2,16,0.41,0.63,16.7
木柵站,2025/12/09 19:00,34,細懸浮微粒,29.5,12,13,0.34,0.53,12.4
木柵站,2025/12/09 20:00,32,細懸浮微粒,32.9,8,12,0.31,0.25,7.8
木柵站,2025/12/09 21:00,31,細懸浮微粒,34.8,4,9,0.29,0.35,7.1
木柵站,2025/12/09 22:00,32,細懸浮微粒,34.6,5,8,0.29,0.45,6.2
木柵站,2025/12/09 23:00,29,細懸浮微粒,34.2,9,15,0.29,0.44,5.3
木柵站,2025/12/10 00:00,29,臭氧8小時,33.5,6,8,0.31,0.59,3.6
木柵站,2025/12/10 01:00,29,臭氧8小時,22.2,7,11,0.28,0.76,4.7
木柵站,2025/12/10 02:00,28,臭氧8小時,23.2,5,13,0.23,0.46,3.9
木柵站,2025/12/10 03:00,27,臭氧8小時,13.6,3,17,0.25,0.44,5.3
木柵站,2025/12/10 04:00,24,臭氧8小時,8,6,16,0.3,0.3,6.9
木柵站,2025/12/10 05:00,24,懸浮微粒,5.6,7,17,0.35,0.42,9
木柵站,2025/12/10 06:00,26,二氧化氮小時值,3.6,8,18,0.38,0.47,10.9
木柵站,2025/12/10 07:00,29,細懸浮微粒,5.4,10,15,0.42,0.47,11.1
木柵站,2025/12/10 08:00,36,二氧化氮小時值,8.2,9,20,0.47,0.37,15.3
木柵站,2025/12/10 09:00,45,二氧化氮小時值,11.7,11,30,0.51,0.43,18.8
木柵站,2025/12/10 10:00,40,二氧化氮小時值,21.6,9,28,0.46,0.58,17
木柵站,2025/12/10 11:00,38,細懸浮微粒,33.3,15,16,0.37,0.65,12
木柵站,2025/12/10 12:00,39,細懸浮微粒,38,10,24,0.28,0.71,12.4
木柵站,2025/12/10 13:00,44,細懸浮微粒,42.7,17,29,0.26,0.67,13
木柵站,2025/12/10 14:00,50,二氧化氮小時值,37.7,11,36,0.35,0.84,21.6
木柵站,2025/12/10 15:00,48,細懸浮微粒,30.9,14,32,0.25,0.67,19.2
木柵站,2025/12/10 16:00,48,細懸浮微粒,31.3,10,25,0.23,0.64,17.3
木柵站,2025/12/10 17:00,50,二氧化氮小時值,25.3,16,29,0.3,0.77,21.1
木柵站,2025/12/10 18:00,50,細懸浮微粒,26.7,11,29,0.3,0.64,16.7
木柵站,2025/12/10 19:00,48,細懸浮微粒,24.6,11,29,0.31,0.66,17.3
木柵站,2025/12/10 20:00,49,細懸浮微粒,27.4,10,31,0.32,0.52,13.3
木柵站,2025/12/10 21:00,50,細懸浮微粒,24.8,17,33,0.37,0.42,15.4
木柵站,2025/12/10 22:00,52,細懸浮微粒,21,14,31,0.44,0.43,17
木柵站,2025/12/10 23:00,53,細懸浮微粒,19.7,14,36,0.42,0.38,16.4
木柵站,2025/12/11 00:00,55,細懸浮微粒,22.4,15,31,0.26,0.52,13
木柵站,2025/12/11 01:00,54,細懸浮微粒,26.2,16,31,0.2,0.55,9.1
木柵站,2025/12/11 02:00,56,細懸浮微粒,25.6,16,34,0.22,0.73,8.8
木柵站,2025/12/11 03:00,54,細懸浮微粒,25,11,27,0.19,0.64,9
木柵站,2025/12/11 04:00,55,細懸浮微粒,25.6,16,24,0.25,0.55,7.3
木柵站,2025/12/11 05:00,52,細懸浮微粒,25.9,9,18,0.25,0.42,6.1
木柵站,2025/12/11 06:00,50,細懸浮微粒,25,11,23,0.28,0.76,7.2
木柵站,2025/12/11 07:00,50,細懸浮微粒,20.1,11,14,0.29,0.61,13
木柵站,2025/12/11 08:00,48,細懸浮微粒,27.6,11,18,0.27,0.39,8.2
木柵站,2025/12/11 09:00,47,細懸浮微粒,32.3,9,18,0.3,0.62,7.8
木柵站,2025/12/11 10:00,46,細懸浮微粒,30.6,11,27,0.46,0.86,17.8
木柵站,2025/12/11 11:00,45,細懸浮微粒,35.4,9,24,0.41,0.96,15
木柵站,2025/12/11 12:00,45,細懸浮微粒,37.4,13,21,0.29,0.53,10.9
木柵站,2025/12/11 13:00,47,細懸浮微粒,41.6,13,22,0.23,0.24,7.5
木柵站,2025/12/11 14:00,46,細懸浮微粒,-,11,26,-,-,-
木柵站,2025/12/11 15:00,51,細懸浮微粒,-,17,30,0.31,0.57,8.6
木柵站,2025/12/11 16:00,52,細懸浮微粒,41.1,16,30,0.37,0.61,12
木柵站,2025/12/11 17:00,58,細懸浮微粒,39.8,25,39,0.44,0.75,17.1
木柵站,2025/12/11 18:00,63,細懸浮微粒,35,22,35,0.49,0.97,18.7
木柵站,2025/12/11 19:00,64,細懸浮微粒,40.8,18,30,0.4,0.79,12
木柵站,2025/12/11 20:00,63,細懸浮微粒,40.3,12,25,0.27,0.59,10.2
木柵站,2025/12/11 21:00,59,細懸浮微粒,36.3,12,33,0.34,0.62,12.5
木柵站,2025/12/11 22:00,59,細懸浮微粒,40.2,20,35,0.31,0.59,8.8
木柵站,2025/12/11 23:00,62,細懸浮微粒,43.9,22,43,0.33,0.66,6.9
木柵站,2025/12/12 00:00,67,細懸浮微粒,47.9,24,40,0.38,0.6,4.6
木柵站,2025/12/12 01:00,72,細懸浮微粒,45.3,22,38,0.37,0.55,4.1
木柵站,2025/12/12 02:00,74,細懸浮微粒,48.7,23,48,0.36,0.27,3.6
木柵站,2025/12/12 03:00,77,細懸浮微粒,49.7,27,53,0.34,0.15,3.4
木柵站,2025/12/12 04:00,77,細懸浮微粒,50.9,21,47,0.31,0.36,3.2
木柵站,2025/12/12 05:00,77,細懸浮微粒,51.7,24,54,0.34,0.38,3.6
木柵站,2025/12/12 06:00,80,細懸浮微粒,48,28,46,0.36,0.39,6.9
木柵站,2025/12/12 07:00,78,細懸浮微粒,32.3,21,43,0.4,0.51,22.1
木柵站,2025/12/12 08:00,78,細懸浮微粒,27.4,19,42,0.4,0.54,23.2
木柵站,2025/12/12 09:00,77,細懸浮微粒,29.7,20,38,0.37,0.59,18.3
木柵站,2025/12/12 10:00,74,細懸浮微粒,30.2,18,30,0.3,0.69,17.8
木柵站,2025/12/12 11:00,71,細懸浮微粒,28.1,15,24,0.32,0.7,18.8
木柵站,2025/12/12 12:00,70,細懸浮微粒,33.6,18,31,0.28,0.53,13
木柵站,2025/12/12 13:00,70,細懸浮微粒,30.5,21,37,0.29,0.65,17.2
木柵站,2025/12/12 14:00,70,細懸浮微粒,25.3,20,33,0.31,0.69,20
木柵站,2025/12/12 15:00,69,細懸浮微粒,23.7,16,26,0.25,0.67,16.8
木柵站,2025/12/12 16:00,69,細懸浮微粒,15.3,17,32,0.36,0.57,21.2
木柵站,2025/12/12 17:00,63,細懸浮微粒,18.8,10,30,0.34,0.4,17
木柵站,2025/12/12 18:00,61,細懸浮微粒,17.6,17,28,0.36,0.59,19.6
木柵站,2025/12/12 19:00,60,細懸浮微粒,14.8,16,26,0.4,0.7,17.8
木柵站,2025/12/12 20:00,58,細懸浮微粒,15.2,12,24,0.36,0.6,15.9
木柵站,2025/12/12 21:00,59,細懸浮微粒,16.2,14,23,0.4,0.65,15.4
木柵站,2025/12/12 22:00,55,細懸浮微粒,23.2,9,30,0.36,0.76,12.6
木柵站,2025/12/12 23:00,54,細懸浮微粒,30.9,15,34,0.27,0.7,7.3
木柵站,2025/12/13 00:00,55,細懸浮微粒,31,14,34,0.28,0.62,5.6
木柵站,2025/12/13 01:00,51,細懸浮微粒,26.4,9,29,0.26,0.57,5.2
木柵站,2025/12/13 02:00,52,細懸浮微粒,38.1,14,36,0.21,0.41,3.7
木柵站,2025/12/13 03:00,53,懸浮微粒,39.8,11,38,0.17,0.47,3
木柵站,2025/12/13 04:00,52,懸浮微粒,39,13,32,0.36,0.44,2.5
木柵站,2025/12/13 05:00,51,懸浮微粒,36.9,11,23,0.34,0.43,2.8
木柵站,2025/12/13 06:00,50,懸浮微粒,35.6,13,29,0.37,0.39,5.8
木柵站,2025/12/13 07:00,47,細懸浮微粒,28.2,8,18,0.41,0.37,12.5
木柵站,2025/12/13 08:00,44,細懸浮微粒,27.9,9,22,0.4,0.66,12.5
木柵站,2025/12/13 09:00,42,細懸浮微粒,28.9,9,14,0.63,0.74,11.6
木柵站,2025/12/13 10:00,40,懸浮微粒,29.7,8,25,0.53,0.46,11.1
木柵站,2025/12/13 11:00,40,細懸浮微粒,31.9,10,9,0.38,0.45,10
木柵站,2025/12/13 12:00,38,細懸浮微粒,33.4,7,10,0.24,0.43,8
木柵站,2025/12/13 13:00,38,細懸浮微粒,34.2,10,9,0.2,0.26,7.1
木柵站,2025/12/13 14:00,39,細懸浮微粒,33.1,10,11,0.23,0.36,9.1
木柵站,2025/12/13 15:00,38,細懸浮微粒,31.7,9,24,0.24,0.52,9.7
木柵站,2025/12/13 16:00,42,細懸浮微粒,32.5,15,19,0.26,0.44,9.6
木柵站,2025/12/13 17:00,43,細懸浮微粒,30.9,12,13,0.29,0.33,10.4
木柵站,2025/12/13 18:00,42,細懸浮微粒,33.9,8,9,0.25,0.27,8
木柵站,2025/12/13 19:00,45,細懸浮微粒,34.3,14,24,0.29,0.36,8.1
木柵站,2025/12/13 20:00,47,細懸浮微粒,34,16,25,0.33,0.46,7
木柵站,2025/12/13 21:00,51,細懸浮微粒,33.6,19,29,0.36,0.29,6.8
木柵站,2025/12/13 22:00,55,細懸浮微粒,35.5,15,14,0.37,0.34,5.3
木柵站,2025/12/13 23:00,55,細懸浮微粒,33.4,15,18,0.38,0.41,5.4
木柵站,2025/12/14 00:00,55,細懸浮微粒,32.2,13,16,0.35,0.3,4
木柵站,2025/12/14 01:00,54,細懸浮微粒,30.7,15,20,0.37,0.33,4.4
木柵站,2025/12/14 02:00,54,細懸浮微粒,30.4,13,24,0.4,0.52,4.3
木柵站,2025/12/14 03:00,53,細懸浮微粒,28.3,12,46,0.41,0.44,4.5
木柵站,2025/12/14 04:00,54,細懸浮微粒,27.8,16,53,0.32,0.4,4.1
木柵站,2025/12/14 05:00,56,懸浮微粒,27.5,17,51,0.29,0.36,4.5
木柵站,2025/12/14 06:00,62,懸浮微粒,26.3,16,52,0.34,0.5,5.3
木柵站,2025/12/14 07:00,63,懸浮微粒,24.2,17,44,0.33,0.53,8.7
木柵站,2025/12/14 08:00,63,懸浮微粒,27,20,47,0.32,0.44,8.5
木柵站,2025/12/14 09:00,62,細懸浮微粒,29.9,19,40,0.31,0.57,7.7
木柵站,2025/12/14 10:00,64,懸浮微粒,32.7,18,57,0.31,1.03,8.5
木柵站,2025/12/14 11:00,67,懸浮微粒,33.8,18,50,0.31,0.65,8.1
木柵站,2025/12/14 12:00,69,懸浮微粒,34.4,27,49,0.29,0.51,7.1
木柵站,2025/12/14 13:00,73,懸浮微粒,33.2,23,61,0.29,0.64,9.6
木柵站,2025/12/14 14:00,74,細懸浮微粒,33.8,25,50,0.33,1.15,10.1
木柵站,2025/12/14 15:00,77,細懸浮微粒,39,22,45,0.3,0.8,7.2
木柵站,2025/12/14 16:00,73,細懸浮微粒,36.4,17,42,0.33,0.55,8.7
木柵站,2025/12/14 17:00,72,細懸浮微粒,36.7,18,40,0.31,0.47,6.2
木柵站,2025/12/14 18:00,70,細懸浮微粒,36.5,18,45,0.29,0.71,5.3
木柵站,2025/12/14 19:00,72,細懸浮微粒,35.8,25,37,0.29,0.84,4.9
木柵站,2025/12/14 20:00,71,細懸浮微粒,36.2,17,38,0.33,0.75,4.7
木柵站,2025/12/14 21:00,73,細懸浮微粒,35.1,22,35,0.34,0.69,5
木柵站,2025/12/14 22:00,73,細懸浮微粒,30.1,19,32,0.36,0.56,7.7
木柵站,2025/12/14 23:00,71,細懸浮微粒,31.5,18,37,0.33,0.4,6
木柵站,2025/12/15 00:00,70,細懸浮微粒,29,18,31,0.35,0.54,4.6
木柵站,2025/12/15 01:00,70,細懸浮微粒,28.5,21,35,0.31,0.62,3.1
木柵站,2025/12/15 02:00,69,細懸浮微粒,30,19,31,0.29,0.57,2.8
木柵站,2025/12/15 03:00,68,細懸浮微粒,29.2,16,29,0.3,0.47,3.2
木柵站,2025/12/15 04:00,69,細懸浮微粒,26.1,21,26,0.35,0.38,3.7
木柵站,2025/12/15 05:00,69,細懸浮微粒,25.9,19,30,0.34,0.43,4.1
木柵站,2025/12/15 08:00,66,細懸浮微粒,-,16,34,-,-,-
木柵站,2025/12/15 09:00,61,細懸浮微粒,30.5,13,35,0.26,0.58,8.4
木柵站,2025/12/15 10:00,59,細懸浮微粒,31.8,12,35,0.23,0.49,8.5
木柵站,2025/12/15 11:00,55,細懸浮微粒,33.1,8,28,0.22,0.51,9
木柵站,2025/12/15 12:00,52,細懸浮微粒,38,10,29,0.29,0.31,4.1
木柵站,2025/12/15 13:00,51,懸浮微粒,37.3,9,31,0.32,0.51,5.8
木柵站,2025/12/15 14:00,50,懸浮微粒,36.6,13,30,0.33,0.62,7.1
木柵站,2025/12/15 15:00,50,懸浮微粒,34.4,12,28,0.34,0.58,9
木柵站,2025/12/15 16:00,50,懸浮微粒,29.2,14,27,0.36,0.67,14.5
木柵站,2025/12/15 17:00,51,細懸浮微粒,31.5,15,30,0.36,0.66,12
木柵站,2025/12/15 18:00,51,細懸浮微粒,32.3,13,32,0.37,0.68,11.8
木柵站,2025/12/15 19:00,51,細懸浮微粒,33.8,11,27,0.33,0.65,9.1
木柵站,2025/12/15 20:00,49,細懸浮微粒,27.4,11,24,0.32,0.55,12.5
木柵站,2025/12/15 21:00,46,懸浮微粒,21.1,10,24,0.29,0.58,12.2
木柵站,2025/12/15 22:00,48,細懸浮微粒,22.3,16,21,0.26,0.5,8.9
木柵站,2025/12/15 23:00,49,細懸浮微粒,24.2,12,21,0.24,0.44,6.3
木柵站,2025/12/16 00:00,49,細懸浮微粒,17.9,10,23,0.33,0.52,6.8
木柵站,2025/12/16 01:00,52,細懸浮微粒,16.4,15,16,0.33,0.67,8
木柵站,2025/12/16 02:00,49,細懸浮微粒,15,11,24,0.41,0.53,7.1
木柵站,2025/12/16 03:00,49,細懸浮微粒,12.8,12,21,0.3,0.49,6.7
木柵站,2025/12/16 04:00,51,細懸浮微粒,11.5,13,18,0.31,0.44,6.5
木柵站,2025/12/16 05:00,49,細懸浮微粒,8.4,13,14,0.33,0.49,7.5
木柵站,2025/12/16 06:00,50,細懸浮微粒,3.9,13,17,0.4,0.94,12.3
木柵站,2025/12/16 07:00,50,細懸浮微粒,3.4,11,21,0.49,1.01,13.1
木柵站,2025/12/16 08:00,48,細懸浮微粒,6.5,10,22,0.47,-,16.8
木柵站,2025/12/16 09:00,46,細懸浮微粒,10.9,9,28,0.41,0.6,17.7
木柵站,2025/12/16 10:00,47,細懸浮微粒,23.5,15,37,0.4,0.81,18.2
木柵站,2025/12/16 11:00,49,細懸浮微粒,40.5,15,47,0.36,0.86,11.5
木柵站,2025/12/16 12:00,53,細懸浮微粒,47.1,17,41,0.36,0.77,14.4
木柵站,2025/12/16 13:00,57,細懸浮微粒,52.8,20,45,0.34,0.73,13
木柵站,2025/12/16 14:00,59,細懸浮微粒,48.4,18,39,0.35,0.87,18.8
木柵站,2025/12/16 15:00,62,細懸浮微粒,34.2,21,36,0.26,2.31,21.8
木柵站,2025/12/16 16:00,63,細懸浮微粒,34,17,32,0.34,1.9,21.5
木柵站,2025/12/16 17:00,63,細懸浮微粒,24,20,26,0.4,1.07,23.7
木柵站,2025/12/16 18:00,65,細懸浮微粒,10.9,19,22,0.45,0.51,24.4
木柵站,2025/12/16 19:00,62,細懸浮微粒,6.6,13,25,0.49,0.52,24.7
木柵站,2025/12/16 20:00,59,細懸浮微粒,9.7,8,21,0.32,0.21,16.5
木柵站,2025/12/16 21:00,54,細懸浮微粒,6.3,7,16,0.39,0.23,18
木柵站,2025/12/16 22:00,51,細懸浮微粒,7,12,19,0.32,0.27,14.4
木柵站,2025/12/16 23:00,50,細懸浮微粒,4.5,11,20,0.35,0.39,15.2
木柵站,2025/12/17 00:00,51,細懸浮微粒,4.6,13,20,0.32,0.47,14.1
木柵站,2025/12/17 01:00,51,細懸浮微粒,4.3,10,20,0.33,0.46,14
木柵站,2025/12/17 02:00,50,細懸浮微粒,3.1,12,15,0.32,0.62,15
木柵站,2025/12/17 03:00,52,細懸浮微粒,2.8,16,16,0.27,0.6,12.5
木柵站,2025/12/17 04:00,52,細懸浮微粒,2.7,14,21,0.28,0.48,11.1
木柵站,2025/12/17 05:00,49,細懸浮微粒,2.3,8,18,0.31,0.41,10.3
木柵站,2025/12/17 06:00,45,細懸浮微粒,2.3,7,15,0.36,0.23,10.4
木柵站,2025/12/17 07:00,43,細懸浮微粒,2.7,12,21,0.5,0.54,10.9
木柵站,2025/12/17 08:00,41,二氧化氮小時值,3.9,9,22,0.42,-,17.2
木柵站,2025/12/17 09:00,40,細懸浮微粒,22.8,8,18,0.13,0.42,12.1
木柵站,2025/12/17 10:00,39,細懸浮微粒,31.8,7,13,0.07,0.42,8.1
木柵站,2025/12/17 11:00,37,細懸浮微粒,34.4,8,19,0.05,0.45,7.8
木柵站,2025/12/17 12:00,35,細懸浮微粒,35.1,7,21,0.29,0.44,8.4
木柵站,2025/12/17 13:00,35,細懸浮微粒,37.3,9,15,0.28,1.18,9.8
木柵站,2025/12/17 14:00,34,細懸浮微粒,37.1,6,20,0.24,2.7,9.7
木柵站,2025/12/17 15:00,34,細懸浮微粒,39.1,10,19,0.26,2.02,10.8
木柵站,2025/12/17 16:00,35,細懸浮微粒,38.4,10,18,0.39,1.16,10.4
木柵站,2025/12/17 17:00,44,二氧化氮小時值,32,11,20,0.48,1.21,18.5
木柵站,2025/12/17 18:00,42,二氧化氮小時值,28.6,10,19,0.51,0.87,17.7
木柵站,2025/12/17 19:00,38,細懸浮微粒,30.6,9,28,0.46,0.73,14.8
木柵站,2025/12/17 20:00,37,細懸浮微粒,39.9,9,30,0.23,0.6,8.7
木柵站,2025/12/17 21:00,43,懸浮微粒,47,16,43,0.26,0.59,7.9
木柵站,2025/12/17 22:00,50,懸浮微粒,44.3,18,41,0.29,0.87,8.9
木柵站,2025/12/17 23:00,55,細懸浮微粒,42.1,24,41,0.3,0.79,7.9
木柵站,2025/12/18 00:00,59,細懸浮微粒,48.1,17,47,0.36,0.65,5.2
木柵站,2025/12/18 01:00,62,細懸浮微粒,48.4,21,45,0.37,0.79,3.9
木柵站,2025/12/18 02:00,64,細懸浮微粒,48,20,42,0.34,0.54,3.5
木柵站,2025/12/18 03:00,64,細懸浮微粒,46.4,20,42,0.35,0.47,3.3
木柵站,2025/12/18 04:00,68,細懸浮微粒,46.1,24,53,0.3,0.94,3.9
木柵站,2025/12/18 05:00,71,細懸浮微粒,39.8,24,54,0.32,1.11,6
木柵站,2025/12/18 06:00,72,細懸浮微粒,32,21,51,0.39,0.87,14
木柵站,2025/12/18 07:00,74,細懸浮微粒,33.9,21,51,0.38,0.68,15
木柵站,2025/12/18 08:00,74,細懸浮微粒,34.3,21,33,0.36,0.56,13.3
木柵站,2025/12/18 09:00,72,細懸浮微粒,35.2,16,35,0.31,0.55,12
木柵站,2025/12/18 10:00,70,細懸浮微粒,34.9,16,34,0.32,0.85,11.8
木柵站,2025/12/18 11:00,66,細懸浮微粒,35.3,15,36,0.32,0.97,11.3
木柵站,2025/12/18 12:00,63,細懸浮微粒,35.7,13,31,0.29,0.83,10.5
木柵站,2025/12/18 13:00,61,細懸浮微粒,36.7,12,22,0.27,0.66,8.7
木柵站,2025/12/18 14:00,57,細懸浮微粒,35.9,9,8,0.27,-,8.7
木柵站,2025/12/18 15:00,55,細懸浮微粒,37.2,12,15,0.24,0.89,9.9
木柵站,2025/12/18 16:00,53,細懸浮微粒,32.8,12,20,0.38,0.65,15.8
木柵站,2025/12/18 17:00,52,細懸浮微粒,33.2,12,16,0.38,0.69,14.1
木柵站,2025/12/18 18:00,51,細懸浮微粒,27.8,9,21,0.45,1.08,16.3
木柵站,2025/12/18 19:00,49,細懸浮微粒,30.4,12,17,0.34,0.85,14.2
木柵站,2025/12/18 20:00,49,細懸浮微粒,30.8,14,12,0.34,0.67,12
木柵站,2025/12/18 21:00,46,細懸浮微粒,28.8,8,10,0.31,0.65,9.4
木柵站,2025/12/18 22:00,43,細懸浮微粒,28.1,6,10,0.27,0.73,10.3
木柵站,2025/12/18 23:00,37,細懸浮微粒,31,5,11,0.26,0.69,6.4
木柵站,2025/12/19 00:00,30,細懸浮微粒,32.2,3,6,0.28,0.76,3.5
木柵站,2025/12/19 01:00,28,細懸浮微粒,27.2,6,8,0.33,0.75,5.3
木柵站,2025/12/19 02:00,26,臭氧8小時,16.9,3,12,0.3,0.56,5.9
木柵站,2025/12/19 03:00,25,細懸浮微粒,11.9,6,9,0.3,0.52,7
木柵站,2025/12/19 04:00,24,細懸浮微粒,9.8,4,11,0.28,0.39,7.1
木柵站,2025/12/19 05:00,23,細懸浮微粒,8.2,5,10,0.3,0.24,7.7
木柵站,2025/12/19 06:00,29,二氧化氮小時值,3.9,7,16,0.43,1.03,12
木柵站,2025/12/19 07:00,39,二氧化氮小時值,3.2,8,13,0.5,1.26,16.2
木柵站,2025/12/19 08:00,29,二氧化氮小時值,6.1,9,21,0.4,0.99,12.1
木柵站,2025/12/19 09:00,35,二氧化氮小時值,8.4,14,23,0.4,0.74,14.6
木柵站,2025/12/19 10:00,50,二氧化氮小時值,7.8,17,40,0.47,1.2,21.4
木柵站,2025/12/19 11:00,44,細懸浮微粒,17.3,15,21,0.36,1.25,16
木柵站,2025/12/19 12:00,48,細懸浮微粒,23.9,13,24,0.31,1.1,11.3
木柵站,2025/12/19 13:00,46,細懸浮微粒,30.7,9,26,0.41,1.01,15.9
木柵站,2025/12/19 14:00,59,二氧化氮小時值,27.2,23,55,0.6,1.16,34.7
木柵站,2025/12/19 15:00,57,細懸浮微粒,22.3,25,53,0.43,1.07,30.6
木柵站,2025/12/19 16:00,62,細懸浮微粒,16.3,21,60,0.42,1.39,35.7
木柵站,2025/12/19 17:00,68,細懸浮微粒,23.3,22,36,0.27,1.22,21.4
木柵站,2025/12/19 18:00,65,細懸浮微粒,20.4,12,29,0.36,0.64,24.6
木柵站,2025/12/19 19:00,63,細懸浮微粒,16.3,17,35,0.4,0.64,26.3
木柵站,2025/12/19 20:00,63,細懸浮微粒,10.9,17,28,0.39,0.62,26.1
木柵站,2025/12/19 21:00,62,細懸浮微粒,4.6,17,30,0.38,0.64,24.1
木柵站,2025/12/19 22:00,63,細懸浮微粒,4.4,17,35,0.44,0.7,25.8
木柵站,2025/12/19 23:00,65,細懸浮微粒,7.5,20,34,0.34,0.75,21.9
木柵站,2025/12/20 00:00,64,細懸浮微粒,5.7,15,27,0.38,0.72,19.7
木柵站,2025/12/20 01:00,64,細懸浮微粒,9.5,14,31,0.28,0.83,12.4
木柵站,2025/12/20 02:00,64,細懸浮微粒,5.3,18,21,0.26,0.42,11.8
木柵站,2025/12/20 03:00,58,細懸浮微粒,4.2,9,22,0.23,0.41,9.3
木柵站,2025/12/20 04:00,57,細懸浮微粒,4.5,14,17,0.28,0.56,8.7
木柵站,2025/12/20 05:00,55,細懸浮微粒,3.2,12,23,0.31,0.56,9.7
木柵站,2025/12/20 06:00,52,細懸浮微粒,2.6,11,22,0.34,1.02,10.8
木柵站,2025/12/20 07:00,52,細懸浮微粒,4.1,9,23,0.37,1.04,10.3
木柵站,2025/12/20 08:00,48,細懸浮微粒,5.9,8,21,0.36,0.86,8.7
木柵站,2025/12/20 09:00,45,細懸浮微粒,12.8,9,24,0.36,0.83,10.9
木柵站,2025/12/20 10:00,43,細懸浮微粒,19.5,10,29,0.27,0.59,11
木柵站,2025/12/20 11:00,42,細懸浮微粒,21.5,10,24,0.28,0.7,10.2
木柵站,2025/12/20 12:00,42,細懸浮微粒,22.9,10,23,0.32,0.93,11.2
木柵站,2025/12/20 13:00,43,細懸浮微粒,24.7,11,16,0.34,1.12,9.5
木柵站,2025/12/20 14:00,43,細懸浮微粒,23.5,12,26,0.34,1.26,12.4
木柵站,2025/12/20 15:00,44,細懸浮微粒,22.3,12,26,0.35,1.93,13
木柵站,2025/12/20 16:00,46,細懸浮微粒,17.5,13,15,0.33,3.36,18.6
木柵站,2025/12/20 17:00,47,細懸浮微粒,8.9,13,29,0.33,3.54,18.7
木柵站,2025/12/20 18:00,46,細懸浮微粒,3.8,11,20,0.36,1.11,15.7
木柵站,2025/12/20 19:00,44,細懸浮微粒,5.6,8,16,0.33,0.88,13.8
木柵站,2025/12/20 20:00,42,細懸浮微粒,5.2,8,20,0.32,0.71,13.1
木柵站,2025/12/20 21:00,39,細懸浮微粒,4,8,17,0.34,0.82,13.3
木柵站,2025/12/20 22:00,38,細懸浮微粒,4.8,9,14,0.34,0.59,10.2
木柵站,2025/12/20 23:00,38,細懸浮微粒,5.5,9,11,0.29,0.43,8.9
木柵站,2025/12/21 00:00,37,細懸浮微粒,4.9,7,11,0.27,0.56,9.5
木柵站,2025/12/21 01:00,38,細懸浮微粒,5.1,10,13,0.27,0.59,8.6
木柵站,2025/12/21 02:00,37,細懸浮微粒,4.9,8,13,0.25,0.4,7.9
木柵站,2025/12/21 03:00,33,細懸浮微粒,6.8,5,18,0.28,0.45,8.1
木柵站,2025/12/21 04:00,47,細懸浮微粒,40,28,66,0.37,0.52,4.6
木柵站,2025/12/21 05:00,57,細懸浮微粒,41.9,30,67,0.4,0.51,3.8
木柵站,2025/12/21 06:00,69,細懸浮微粒,39.8,36,67,0.45,0.71,5.3
木柵站,2025/12/21 07:00,84,細懸浮微粒,36.6,38,65,0.49,0.68,7.3
木柵站,2025/12/21 08:00,93,細懸浮微粒,35,43,75,0.47,0.33,8.2
木柵站,2025/12/21 09:00,103,細懸浮微粒,34.7,45,75,0.56,0.47,8.9
木柵站,2025/12/21 10:00,106,細懸浮微粒,34.6,37,70,0.57,0.74,8.1
木柵站,2025/12/21 11:00,105,細懸浮微粒,36.6,28,57,0.52,0.91,7
木柵站,2025/12/21 12:00,100,細懸浮微粒,36.1,24,46,0.38,0.95,8.3
木柵站,2025/12/21 13:00,95,細懸浮微粒,36.1,24,54,0.31,0.8,6.7
木柵站,2025/12/21 14:00,90,細懸浮微粒,35.2,20,50,0.26,0.53,6.2
木柵站,2025/12/21 15:00,88,細懸浮微粒,37.1,18,48,0.24,0.49,4.6
木柵站,2025/12/21 16:00,85,細懸浮微粒,36.6,18,40,0.28,0.79,5.3
木柵站,2025/12/21 17:00,81,細懸浮微粒,34.8,16,35,0.31,1.38,6.6
木柵站,2025/12/21 18:00,77,細懸浮微粒,33.3,17,39,0.33,1.31,7.4
木柵站,2025/12/21 19:00,75,細懸浮微粒,34.4,18,40,0.32,0.58,5.9
木柵站,2025/12/21 20:00,72,細懸浮微粒,33.1,18,32,0.3,0.89,5.8
木柵站,2025/12/21 21:00,68,細懸浮微粒,32.1,15,25,0.3,0.91,5.7
木柵站,2025/12/21 22:00,66,細懸浮微粒,32.2,17,32,0.28,0.96,5.1
木柵站,2025/12/21 23:00,61,細懸浮微粒,33.9,9,32,0.29,0.86,3.1
木柵站,2025/12/22 00:00,56,細懸浮微粒,35.8,10,19,0.28,0.46,2.7
木柵站,2025/12/22 01:00,56,細懸浮微粒,36.8,16,25,0.29,0.42,2.6
木柵站,2025/12/22 02:00,53,細懸浮微粒,36.4,12,26,0.27,0.55,2.5
木柵站,2025/12/22 03:00,53,細懸浮微粒,35.8,10,24,0.28,0.58,2.2
木柵站,2025/12/22 04:00,54,細懸浮微粒,36.2,14,22,0.3,0.42,2.2
木柵站,2025/12/22 05:00,52,細懸浮微粒,36.1,12,26,0.33,0.52,2.9
木柵站,2025/12/22 06:00,52,細懸浮微粒,33.1,15,31,0.34,0.62,5.8
木柵站,2025/12/22 07:00,52,細懸浮微粒,28.1,11,31,0.41,0.62,13
木柵站,2025/12/22 08:00,54,細懸浮微粒,24.1,20,25,0.35,0.74,15.1
木柵站,2025/12/22 09:00,54,細懸浮微粒,28.9,12,26,0.34,0.6,10.5
木柵站,2025/12/22 10:00,53,細懸浮微粒,31.6,14,28,0.31,0.64,8.5
木柵站,2025/12/22 11:00,56,細懸浮微粒,32.1,16,27,0.32,0.72,7.1
木柵站,2025/12/22 12:00,53,細懸浮微粒,32.3,11,23,0.28,0.67,7.5
木柵站,2025/12/22 13:00,53,細懸浮微粒,33.3,13,32,0.28,0.53,6.2
木柵站,2025/12/22 14:00,52,細懸浮微粒,32.1,11,30,0.28,0.65,7.2
木柵站,2025/12/22 15:00,49,細懸浮微粒,32,10,29,0.28,0.82,7
木柵站,2025/12/22 16:00,48,細懸浮微粒,30.3,10,24,0.36,0.74,9
木柵站,2025/12/22 17:00,46,細懸浮微粒,29.4,9,19,0.38,0.74,11.3
木柵站,2025/12/22 18:00,45,細懸浮微粒,32.1,11,26,0.36,0.83,8.7
木柵站,2025/12/22 19:00,50,細懸浮微粒,32.7,18,20,0.35,0.97,7.6
木柵站,2025/12/22 20:00,49,細懸浮微粒,32.6,10,18,0.32,0.73,6.3
木柵站,2025/12/22 21:00,50,細懸浮微粒,30.4,12,26,0.33,0.74,7.1
木柵站,2025/12/22 22:00,52,細懸浮微粒,31.2,15,25,0.29,0.63,6.3
木柵站,2025/12/22 23:00,47,細懸浮微粒,32.8,10,23,0.28,0.56,3.4
木柵站,2025/12/23 00:00,46,細懸浮微粒,33.2,8,15,0.33,0.7,3
木柵站,2025/12/23 01:00,42,細懸浮微粒,32.2,6,11,0.33,0.74,2.8
木柵站,2025/12/23 02:00,35,細懸浮微粒,29.7,5,17,0.29,0.67,2.2
木柵站,2025/12/23 03:00,35,細懸浮微粒,29.8,9,20,0.34,0.78,2.8
木柵站,2025/12/23 04:00,34,細懸浮微粒,28.2,8,18,0.28,0.64,2.6
木柵站,2025/12/23 05:00,37,細懸浮微粒,25.5,10,17,0.32,0.79,4.4
木柵站,2025/12/23 06:00,39,細懸浮微粒,21.8,10,20,0.39,0.49,9.1
木柵站,2025/12/23 07:00,42,二氧化氮小時值,14.5,8,25,0.39,0.65,17.8
木柵站,2025/12/23 08:00,34,懸浮微粒,22.5,4,23,0.33,0.63,11
木柵站,2025/12/23 09:00,33,懸浮微粒,26.6,3,14,0.26,0.75,9.2
木柵站,2025/12/23 10:00,33,懸浮微粒,29.7,7,23,0.22,0.62,7.6
木柵站,2025/12/23 11:00,34,懸浮微粒,31.2,7,25,0.27,0.43,8.8
木柵站,2025/12/23 12:00,33,懸浮微粒,33.7,6,19,0.34,0.69,7.6
木柵站,2025/12/23 13:00,33,懸浮微粒,35,3,13,0.34,0.61,7.7
木柵站,2025/12/23 14:00,32,懸浮微粒,32.6,7,19,0.36,0.96,10.2
木柵站,2025/12/23 15:00,31,懸浮微粒,32.6,13,18,0.28,0.88,6.8
木柵站,2025/12/23 16:00,41,二氧化氮小時值,20,8,18,0.35,0.66,17.2
木柵站,2025/12/23 17:00,52,二氧化氮小時值,7.5,8,27,0.47,0.65,23.6
木柵站,2025/12/23 18:00,50,二氧化氮小時值,8.4,7,20,0.44,0.65,20.8
木柵站,2025/12/23 19:00,35,二氧化氮小時值,12.7,7,21,0.33,0.76,14.9
木柵站,2025/12/23 20:00,35,懸浮微粒,11.2,5,21,0.3,0.68,14
木柵站,2025/12/23 21:00,34,懸浮微粒,12.1,9,19,0.26,0.66,11.9
木柵站,2025/12/23 22:00,31,懸浮微粒,10.2,8,12,0.28,0.49,11.8
木柵站,2025/12/23 23:00,30,懸浮微粒,8,6,16,0.29,0.52,11.8
木柵站,2025/12/24 00:00,32,二氧化氮小時值,4.8,5,20,0.34,0.44,13.4
木柵站,2025/12/24 01:00,29,懸浮微粒,6.7,3,16,0.29,0.53,10.7
木柵站,2025/12/24 02:00,29,懸浮微粒,7.5,8,14,0.27,0.79,8.7
木柵站,2025/12/24 03:00,29,懸浮微粒,7.7,10,17,0.22,0.79,8.2
木柵站,2025/12/24 04:00,29,細懸浮微粒,5.9,8,14,0.33,0.61,8
木柵站,2025/12/24 05:00,31,細懸浮微粒,6.1,8,13,0.32,0.7,7.7
木柵站,2025/12/24 06:00,31,細懸浮微粒,5.4,7,13,0.38,0.85,9.7
木柵站,2025/12/24 07:00,31,二氧化氮小時值,10.8,6,18,0.44,0.85,13.2
木柵站,2025/12/24 08:00,30,懸浮微粒,20.7,7,32,0.24,0.71,10.3
木柵站,2025/12/24 09:00,33,懸浮微粒,26.7,9,26,0.18,0.84,10.1
木柵站,2025/12/24 10:00,38,懸浮微粒,28.4,11,30,0.14,0.77,12
木柵站,2025/12/24 11:00,43,懸浮微粒,34.3,9,35,0.13,0.69,8
木柵站,2025/12/24 12:00,45,懸浮微粒,35.4,14,36,0.32,1.04,7.9
木柵站,2025/12/24 13:00,45,懸浮微粒,35.4,11,25,0.33,0.92,7.7
木柵站,2025/12/24 14:00,46,懸浮微粒,-,-,-,-,-,-
木柵站,2025/12/24 15:00,48,懸浮微粒,-,8,36,0.37,0.52,6.8
木柵站,2025/12/24 16:00,50,懸浮微粒,35.3,8,38,0.26,0.36,8
木柵站,2025/12/24 17:00,54,懸浮微粒,32.8,12,39,0.32,0.33,14.1
木柵站,2025/12/24 18:00,56,懸浮微粒,41.4,20,42,0.32,0.72,10.3
木柵站,2025/12/24 19:00,59,懸浮微粒,42.7,21,47,0.33,0.77,10.1
木柵站,2025/12/24 20:00,62,懸浮微粒,41.4,20,53,0.3,0.59,9.5
木柵站,2025/12/24 21:00,66,懸浮微粒,40.3,24,53,0.31,0.53,9.1
木柵站,2025/12/24 22:00,68,懸浮微粒,40.5,20,50,0.33,0.82,8.3
木柵站,2025/12/24 23:00,69,細懸浮微粒,38.4,24,42,0.33,0.85,7.3
木柵站,2025/12/25 00:00,73,細懸浮微粒,34.7,26,43,0.28,0.78,7.4
木柵站,2025/12/25 08:00,0,臭氧8小時,-,12,15,-,-,-
木柵站,2025/12/25 09:00,21,二氧化氮小時值,-,8,14,0.39,0.84,8.7
木柵站,2025/12/25 10:00,25,二氧化氮小時值,19.9,12,10,0.44,0.86,10.6
木柵站,2025/12/25 11:00,26,二氧化氮小時值,19.1,7,7,0.45,0.81,11.1
木柵站,2025/12/25 12:00,23,二氧化氮小時值,22.9,4,9,0.33,0.78,9.8
木柵站,2025/12/25 13:00,32,細懸浮微粒,24.8,7,9,0.31,0.72,9.6
木柵站,2025/12/25 14:00,34,細懸浮微粒,24,13,10,0.33,0.82,10.9
木柵站,2025/12/25 15:00,37,細懸浮微粒,22.7,12,16,0.36,0.82,11.1
木柵站,2025/12/25 16:00,42,細懸浮微粒,24.8,12,13,0.28,0.63,9.7
木柵站,2025/12/25 17:00,44,細懸浮微粒,29.4,11,18,0.23,0.58,8
木柵站,2025/12/25 18:00,46,細懸浮微粒,31,15,24,0.21,0.82,7.4
木柵站,2025/12/25 19:00,50,細懸浮微粒,30.9,18,25,0.21,1.01,7.4
木柵站,2025/12/25 20:00,50,細懸浮微粒,32.3,12,29,0.3,0.86,7.2
木柵站,2025/12/25 21:00,52,細懸浮微粒,31,15,27,0.3,0.64,7.4
木柵站,2025/12/25 22:00,53,細懸浮微粒,33,16,36,0.3,0.6,6.7
木柵站,2025/12/25 23:00,54,細懸浮微粒,31.6,17,29,0.3,0.66,6.1
木柵站,2025/12/26 00:00,56,細懸浮微粒,33.1,15,32,0.29,0.4,4.6
木柵站,2025/12/26 01:00,58,細懸浮微粒,31.6,17,35,0.32,0.46,4.2
木柵站,2025/12/26 02:00,59,細懸浮微粒,27.6,16,41,0.31,0.71,4.2
木柵站,2025/12/26 03:00,59,細懸浮微粒,31.2,17,32,0.31,0.71,3.5
木柵站,2025/12/26 04:00,58,細懸浮微粒,31.8,11,36,0.29,0.67,3
木柵站,2025/12/26 05:00,55,細懸浮微粒,31.8,10,32,0.27,0.66,3.6
木柵站,2025/12/26 06:00,54,細懸浮微粒,29.4,13,30,0.31,0.92,6.5
木柵站,2025/12/26 07:00,52,懸浮微粒,18.5,14,29,0.37,1.02,18.5
木柵站,2025/12/26 09:00,54,細懸浮微粒,24.8,12,26,0.28,0.89,13.3
木柵站,2025/12/26 10:00,54,細懸浮微粒,22.6,14,25,0.29,0.6,14.3
木柵站,2025/12/26 11:00,53,細懸浮微粒,27.1,14,24,0.26,0.57,10.5
木柵站,2025/12/26 12:00,52,細懸浮微粒,26.2,10,18,0.31,0.42,11.7
木柵站,2025/12/26 13:00,51,細懸浮微粒,21.5,12,17,0.31,0.6,15.7
木柵站,2025/12/26 14:00,48,細懸浮微粒,20.2,10,15,0.31,0.48,15.8
木柵站,2025/12/26 15:00,45,二氧化氮小時值,16.2,9,14,0.31,0.59,18.7
木柵站,2025/12/26 16:00,42,二氧化氮小時值,17.7,5,16,0.32,0.75,17.6
木柵站,2025/12/26 17:00,42,二氧化氮小時值,16.4,5,15,0.34,0.73,17.7
木柵站,2025/12/26 18:00,40,二氧化氮小時值,21,8,7,0.32,0.48,16.7
木柵站,2025/12/26 19:00,37,二氧化氮小時值,22.5,9,6,0.34,0.5,15.5
木柵站,2025/12/26 20:00,34,細懸浮微粒,24.4,7,10,0.27,0.66,13
木柵站,2025/12/26 21:00,34,細懸浮微粒,27.9,7,9,0.25,0.79,10
木柵站,2025/12/26 22:00,36,細懸浮微粒,26.9,12,8,0.27,0.74,9.7
木柵站,2025/12/26 23:00,35,細懸浮微粒,29.7,9,11,0.24,0.52,6.6
木柵站,2025/12/27 00:00,34,細懸浮微粒,31.7,6,11,0.31,0.59,4.5
木柵站,2025/12/27 01:00,34,細懸浮微粒,31.5,8,10,0.27,0.5,3.3
木柵站,2025/12/27 02:00,31,細懸浮微粒,34,8,10,0.25,0.66,2.4
木柵站,2025/12/27 03:00,29,細懸浮微粒,32.4,6,8,0.26,0.57,2.5
木柵站,2025/12/27 04:00,29,細懸浮微粒,29,5,11,0.29,0.55,3.1
木柵站,2025/12/27 05:00,29,細懸浮微粒,24.5,7,11,0.3,0.56,4.3
木柵站,2025/12/27 06:00,27,臭氧8小時,23.4,6,10,0.3,0.68,5.8
木柵站,2025/12/27 07:00,26,臭氧8小時,19.4,3,10,0.32,0.61,9.3
木柵站,2025/12/27 08:00,31,二氧化氮小時值,16.9,4,9,0.38,0.84,13.2
木柵站,2025/12/27 09:00,32,二氧化氮小時值,20.1,4,15,0.34,0.75,13.6
木柵站,2025/12/27 10:00,26,二氧化氮小時值,25.9,5,12,0.29,0.48,10.8
木柵站,2025/12/27 11:00,23,細懸浮微粒,29.8,9,16,0.28,0.4,8
木柵站,2025/12/27 12:00,25,細懸浮微粒,31,8,10,0.28,0.5,6.5
木柵站,2025/12/27 13:00,25,細懸浮微粒,30.3,5,11,0.3,0.42,6.8
木柵站,2025/12/27 14:00,27,細懸浮微粒,28.5,8,16,0.32,0.74,7.5
木柵站,2025/12/27 15:00,25,細懸浮微粒,30.1,5,9,0.26,0.76,6.8
木柵站,2025/12/27 16:00,26,臭氧8小時,30.8,5,8,0.27,0.68,6.9
木柵站,2025/12/27 17:00,27,臭氧8小時,30.4,7,9,0.3,0.63,8.9
木柵站,2025/12/27 18:00,27,臭氧8小時,25.4,6,10,0.33,0.56,11.2
木柵站,2025/12/27 19:00,27,臭氧8小時,25.1,7,12,0.35,0.68,9
木柵站,2025/12/27 20:00,26,細懸浮微粒,23.5,7,12,0.32,0.68,9.4
木柵站,2025/12/27 21:00,28,細懸浮微粒,28.5,9,8,0.28,0.63,8.7
木柵站,2025/12/27 22:00,31,細懸浮微粒,24.4,10,6,0.29,0.79,9.3
木柵站,2025/12/27 23:00,31,細懸浮微粒,25.3,7,9,0.25,0.78,7.4
木柵站,2025/12/28 00:00,32,細懸浮微粒,29.1,9,7,0.31,0.31,4.7
木柵站,2025/12/28 01:00,31,細懸浮微粒,31.1,7,7,0.38,0.14,3.7
木柵站,2025/12/28 02:00,30,細懸浮微粒,27.5,8,11,0.42,0.39,3.3
木柵站,2025/12/28 03:00,29,細懸浮微粒,29.3,4,9,0.37,0.51,3.2
木柵站,2025/12/28 04:00,26,臭氧8小時,27.8,3,7,0.31,0.66,3
木柵站,2025/12/28 05:00,26,臭氧8小時,25.8,3,11,0.3,0.6,4.2
木柵站,2025/12/28 06:00,26,臭氧8小時,26.8,4,9,0.31,0.63,5.9
木柵站,2025/12/28 07:00,26,臭氧8小時,25.5,3,5,0.27,0.59,8.2
木柵站,2025/12/28 08:00,25,臭氧8小時,22.6,2,8,0.4,0.68,10.1
木柵站,2025/12/28 09:00,26,二氧化氮小時值,23.7,3,9,0.35,0.65,10.8
木柵站,2025/12/28 10:00,24,臭氧8小時,26.3,4,7,0.32,0.81,9.4
木柵站,2025/12/28 11:00,24,臭氧8小時,28.5,5,10,0.29,0.82,7.4
木柵站,2025/12/28 12:00,25,臭氧8小時,32.5,4,7,0.24,0.61,6.4
木柵站,2025/12/28 13:00,25,臭氧8小時,32.9,3,7,0.25,0.53,7.2
木柵站,2025/12/28 14:00,26,臭氧8小時,32.2,8,8,0.27,0.67,6.7
木柵站,2025/12/28 15:00,27,臭氧8小時,31.6,7,16,0.24,1.16,8.2
木柵站,2025/12/28 16:00,28,臭氧8小時,31.9,6,12,0.3,0.99,8.7
木柵站,2025/12/28 17:00,29,臭氧8小時,30.3,6,13,0.35,0.95,10.1
木柵站,2025/12/28 18:00,29,臭氧8小時,29.1,9,15,0.39,1.01,10.9
木柵站,2025/12/28 19:00,29,臭氧8小時,30.1,5,11,0.34,0.75,9.3
木柵站,2025/12/28 20:00,28,臭氧8小時,27.5,7,11,0.28,0.54,9.9
木柵站,2025/12/28 21:00,28,臭氧8小時,25.7,6,9,0.32,0.37,9
木柵站,2025/12/28 22:00,27,臭氧8小時,24.8,5,10,0.27,0.4,8.5
木柵站,2025/12/28 23:00,26,臭氧8小時,26.8,3,11,0.24,0.42,7.2
木柵站,2025/12/29 00:00,25,臭氧8小時,22.7,4,10,0.25,0.57,6.3
木柵站,2025/12/29 01:00,24,臭氧8小時,20.8,5,18,0.26,0.71,4.8
木柵站,2025/12/29 02:00,23,臭氧8小時,20,3,3,0.22,0.73,3.4
木柵站,2025/12/29 03:00,21,臭氧8小時,16.5,4,7,0.22,0.64,3.7
木柵站,2025/12/29 04:00,20,臭氧8小時,14.2,2,8,0.27,0.51,3.9
木柵站,2025/12/29 05:00,19,臭氧8小時,15.7,1,8,0.25,0.67,4.8
木柵站,2025/12/29 06:00,20,二氧化氮小時值,23,4,9,0.26,0.8,8.6
木柵站,2025/12/29 07:00,37,二氧化氮小時值,18.8,6,20,0.44,0.67,15.7
木柵站,2025/12/29 08:00,46,二氧化氮小時值,18.4,7,19,0.4,0.63,19.2
木柵站,2025/12/29 09:00,35,二氧化氮小時值,23.5,7,25,0.3,0.74,14.8
木柵站,2025/12/29 10:00,29,懸浮微粒,31.8,4,23,0.24,0.86,8.4
木柵站,2025/12/29 11:00,28,懸浮微粒,32.3,4,14,0.23,0.82,7.4
木柵站,2025/12/29 12:00,29,懸浮微粒,35.1,8,18,0.28,0.8,6.9
木柵站,2025/12/29 13:00,27,懸浮微粒,38.1,6,17,0.25,0.95,6.6
木柵站,2025/12/29 14:00,27,臭氧8小時,35.2,8,17,0.27,0.46,8.2
木柵站,2025/12/29 15:00,29,臭氧8小時,34.5,6,20,0.29,0.21,7.9
木柵站,2025/12/29 16:00,38,二氧化氮小時值,27.1,7,19,0.34,0.67,15.8
木柵站,2025/12/29 17:00,34,二氧化氮小時值,25.8,8,20,0.4,0.89,14.3
木柵站,2025/12/29 18:00,41,二氧化氮小時值,14.5,11,20,0.38,0.55,17.4
木柵站,2025/12/29 19:00,38,二氧化氮小時值,21.3,7,19,0.39,0.68,16.1
木柵站,2025/12/29 20:00,30,懸浮微粒,22,6,11,0.35,0.79,12.1
木柵站,2025/12/29 21:00,29,二氧化氮小時值,20.1,5,9,0.37,0.81,12.3
木柵站,2025/12/29 22:00,26,二氧化氮小時值,19.9,5,9,0.32,0.66,10.8
木柵站,2025/12/29 23:00,26,細懸浮微粒,24,7,10,0.38,0.7,7.3
木柵站,2025/12/30 00:00,24,細懸浮微粒,28.3,4,10,0.24,0.59,4.4
木柵站,2025/12/30 01:00,23,細懸浮微粒,27.3,4,9,0.29,0.58,3.8
木柵站,2025/12/30 02:00,22,細懸浮微粒,17.9,4,8,0.2,0.51,4.6
木柵站,2025/12/30 03:00,20,臭氧8小時,10.6,2,10,0.23,0.51,6.5
木柵站,2025/12/30 04:00,19,懸浮微粒,7.3,2,16,0.32,0.65,7.2
木柵站,2025/12/30 05:00,20,二氧化氮小時值,6.2,4,3,0.31,0.78,8.4
木柵站,2025/12/30 06:00,26,二氧化氮小時值,3.4,4,19,0.39,0.85,10.8
木柵站,2025/12/30 07:00,31,二氧化氮小時值,2.7,8,15,0.44,1.02,13.1
木柵站,2025/12/30 08:00,37,二氧化氮小時值,4,7,14,0.48,1.02,15.7
木柵站,2025/12/30 09:00,39,二氧化氮小時值,12,6,19,0.36,0.84,16.2
木柵站,2025/12/30 10:00,29,二氧化氮小時值,23.8,4,13,0.29,0.8,12
木柵站,2025/12/30 11:00,23,二氧化氮小時值,31.4,5,12,0.23,0.69,9.7
木柵站,2025/12/30 12:00,24,懸浮微粒,29.1,10,18,0.3,0.75,8.9
木柵站,2025/12/30 13:00,24,細懸浮微粒,33.7,8,15,0.28,0.8,8.6
木柵站,2025/12/30 14:00,26,細懸浮微粒,33.4,6,-,-,-,-
木柵站,2025/12/30 15:00,28,細懸浮微粒,34.8,7,21,0.3,0.71,8.8
木柵站,2025/12/30 16:00,31,懸浮微粒,34.3,9,27,0.35,0.75,9.8
木柵站,2025/12/30 17:00,36,懸浮微粒,35.8,8,27,0.35,0.65,8.7
木柵站,2025/12/30 18:00,35,懸浮微粒,36.1,10,21,0.35,0.74,7.9
木柵站,2025/12/30 19:00,34,細懸浮微粒,35.3,11,15,0.35,0.74,8.1
木柵站,2025/12/30 20:00,34,細懸浮微粒,33.4,8,11,0.33,0.81,8.7
木柵站,2025/12/30 21:00,36,細懸浮微粒,32.8,10,18,0.32,0.97,8.4
木柵站,2025/12/30 22:00,35,細懸浮微粒,36.7,7,18,0.28,0.64,5.9
木柵站,2025/12/30 23:00,34,細懸浮微粒,37.5,8,13,0.26,0.57,5.4
木柵站,2025/12/31 00:00,33,細懸浮微粒,31.8,7,16,0.28,0.53,4.2
木柵站,2025/12/31 01:00,32,細懸浮微粒,30.3,8,21,0.31,0.62,5
木柵站,2025/12/31 02:00,32,細懸浮微粒,36.8,7,15,0.3,0.55,3.5
木柵站,2025/12/31 03:00,32,臭氧8小時,37.2,5,18,0.29,0.66,3
木柵站,2025/12/31 04:00,33,臭氧8小時,38.6,6,12,0.32,0.46,2.9
木柵站,2025/12/31 05:00,33,臭氧8小時,38.6,10,17,0.35,0.47,3.4
木柵站,2025/12/31 06:00,33,臭氧8小時,36.4,6,10,0.38,0.5,5.7
木柵站,2025/12/31 07:00,33,臭氧8小時,34.5,5,18,0.42,0.55,8.7
木柵站,2025/12/31 08:00,33,臭氧8小時,30.2,10,7,0.35,0.65,11.8
木柵站,2025/12/31 09:00,33,臭氧8小時,31,9,10,0.29,0.57,10.6
木柵站,2025/12/31 10:00,32,臭氧8小時,29.1,6,13,0.34,0.45,12.4
木柵站,2025/12/31 11:00,39,二氧化氮小時值,24.4,12,13,0.35,0.39,16.4
木柵站,2025/12/31 12:00,40,二氧化氮小時值,24.1,7,20,0.29,0.42,17
木柵站,2025/12/31 13:00,41,二氧化氮小時值,23.4,2,10,0.28,0.47,17.3
木柵站,2025/12/31 14:00,34,二氧化氮小時值,27.8,5,10,0.22,0.52,14.1
木柵站,2025/12/31 15:00,26,二氧化氮小時值,32.1,5,9,0.2,0.65,10.8
木柵站,2025/12/31 16:00,29,二氧化氮小時值,30,4,10,0.25,0.53,12.1
木柵站,2025/12/31 17:00,33,二氧化氮小時值,30,6,11,0.26,0.4,13.7
木柵站,2025/12/31 18:00,26,臭氧8小時,31.2,4,11,0.24,0.48,10.7
木柵站,2025/12/31 19:00,27,臭氧8小時,30.7,7,9,0.25,0.56,9.8
木柵站,2025/12/31 20:00,27,臭氧8小時,30.9,6,7,0.23,0.21,8.7
木柵站,2025/12/31 21:00,28,臭氧8小時,32,9,8,0.24,0.32,7.1
木柵站,2025/12/31 22:00,29,臭氧8小時,32.4,6,4,0.19,0.7,7.4
木柵站,2025/12/31 23:00,29,臭氧8小時,33,5,6,0.18,0.78,6.4
木柵站,2026/01/01 00:00,30,臭氧8小時,35,6,10,0.29,1.18,4.7
木柵站,2026/01/01 01:00,30,臭氧8小時,34.9,5,9,0.33,0.99,4.6
木柵站,2026/01/01 02:00,31,臭氧8小時,37.1,7,8,0.34,0.52,3.9
木柵站,2026/01/01 03:00,32,臭氧8小時,37.6,4,7,0.29,0.45,3.3
木柵站,2026/01/01 04:00,32,臭氧8小時,37.2,3,7,0.31,0.62,3.1
木柵站,2026/01/01 05:00,33,臭氧8小時,35.6,7,7,0.33,0.91,3.7
木柵站,2026/01/01 06:00,33,臭氧8小時,34.1,5,10,0.33,0.87,5.4
木柵站,2026/01/01 07:00,33,臭氧8小時,30.6,3,11,0.36,0.83,8.3
木柵站,2026/01/01 08:00,32,臭氧8小時,28.9,6,16,0.36,0.76,8.2
木柵站,2026/01/01 09:00,31,臭氧8小時,28,6,5,0.37,0.55,8.5
木柵站,2026/01/01 10:00,30,臭氧8小時,29.8,6,9,0.31,1.04,6.8
木柵站,2026/01/01 11:00,30,臭氧8小時,31.2,5,11,0.31,1.11,6.6
木柵站,2026/01/01 12:00,29,臭氧8小時,31.3,6,11,0.25,0.54,6.8
木柵站,2026/01/01 13:00,28,臭氧8小時,32,7,12,0.25,0.63,6.6
木柵站,2026/01/01 14:00,28,臭氧8小時,31.9,9,15,0.26,0.84,6
木柵站,2026/01/01 15:00,28,臭氧8小時,31.4,7,19,0.27,0.82,6.3
木柵站,2026/01/01 16:00,31,細懸浮微粒,31.3,12,15,0.32,0.46,6.6
木柵站,2026/01/01 17:00,32,細懸浮微粒,31.1,8,12,0.33,0.48,6.3
木柵站,2026/01/01 18:00,30,細懸浮微粒,31.4,6,8,0.31,0.67,6
木柵站,2026/01/01 19:00,30,細懸浮微粒,31.1,5,10,0.29,0.59,6
木柵站,2026/01/01 20:00,29,臭氧8小時,30,8,9,0.28,0.34,6.2
木柵站,2026/01/01 21:00,29,臭氧8小時,32.5,8,16,0.31,0.38,4.8
木柵站,2026/01/01 22:00,30,細懸浮微粒,32.3,8,9,0.34,0.62,5.4
木柵站,2026/01/01 23:00,30,細懸浮微粒,32.4,5,6,0.31,0.79,4.3
木柵站,2026/01/02 00:00,31,細懸浮微粒,33.8,9,5,0.31,0.7,3.9
木柵站,2026/01/02 01:00,31,細懸浮微粒,33.6,8,9,0.32,0.76,3.1
木柵站,2026/01/02 02:00,30,臭氧8小時,33.9,6,9,0.27,0.73,3.4
木柵站,2026/01/02 03:00,32,細懸浮微粒,34.3,10,10,0.31,0.46,2.9
木柵站,2026/01/02 04:00,31,細懸浮微粒,33.6,8,23,0.32,0.55,2.9
木柵站,2026/01/02 05:00,31,臭氧8小時,32.5,7,19,0.35,0.58,4.2
木柵站,2026/01/02 06:00,34,細懸浮微粒,30.5,12,5,0.38,0.69,5.4
木柵站,2026/01/02 07:00,37,細懸浮微粒,27.4,12,7,0.41,0.57,8.9
木柵站,2026/01/02 08:00,41,細懸浮微粒,24.6,14,29,0.39,0.6,13.4
木柵站,2026/01/02 09:00,46,細懸浮微粒,25.3,15,43,0.4,0.52,14.1
木柵站,2026/01/02 10:00,51,細懸浮微粒,27.9,19,36,0.39,1.09,11
木柵站,2026/01/02 11:00,54,細懸浮微粒,27.5,17,49,0.42,1.16,11.8
木柵站,2026/01/02 12:00,58,細懸浮微粒,25.7,21,56,0.32,0.87,13.1
木柵站,2026/01/02 13:00,59,細懸浮微粒,26.2,16,45,0.31,0.63,11.8
木柵站,2026/01/02 14:00,61,懸浮微粒,26.6,14,49,0.29,0.8,12
木柵站,2026/01/02 15:00,61,懸浮微粒,29.7,16,38,0.28,0.69,11.2
木柵站,2026/01/02 16:00,63,懸浮微粒,29.8,21,59,0.32,0.87,12.8
木柵站,2026/01/02 17:00,67,懸浮微粒,27.8,20,58,0.37,0.91,14
木柵站,2026/01/02 18:00,70,懸浮微粒,23.4,17,52,0.42,0.94,16.6
木柵站,2026/01/02 19:00,75,懸浮微粒,22.8,19,58,0.41,0.89,17.1
木柵站,2026/01/02 20:00,76,懸浮微粒,22.6,21,56,0.32,0.88,14
木柵站,2026/01/02 21:00,78,懸浮微粒,25.2,15,65,0.29,0.59,12.3
木柵站,2026/01/02 22:00,80,懸浮微粒,23.2,22,61,0.31,0.62,12.8
木柵站,2026/01/02 23:00,84,懸浮微粒,20.4,14,77,0.29,0.52,11.5
木柵站,2026/01/03 00:00,81,懸浮微粒,28.1,21,43,0.26,0.65,5.2
木柵站,2026/01/03 01:00,80,懸浮微粒,24.1,17,52,0.31,0.71,5.1
木柵站,2026/01/03 02:00,77,懸浮微粒,23.4,17,41,0.28,0.61,4.1
木柵站,2026/01/03 03:00,73,懸浮微粒,25.1,11,49,0.28,0.63,3.3
木柵站,2026/01/03 04:00,72,懸浮微粒,24.4,9,40,0.29,0.66,3.2
木柵站,2026/01/03 05:00,68,懸浮微粒,22,10,32,0.32,0.57,3.9
木柵站,2026/01/03 06:00,67,懸浮微粒,22,11,38,0.36,0.41,7.2
木柵站,2026/01/03 07:00,65,懸浮微粒,24.2,9,38,0.39,0.41,8.9
木柵站,2026/01/03 08:00,65,懸浮微粒,29,9,45,0.28,0.71,7.1
木柵站,2026/01/03 09:00,62,懸浮微粒,31.7,12,23,0.27,0.84,5.7
木柵站,2026/01/03 10:00,57,懸浮微粒,33.1,9,20,0.26,0.45,6
木柵站,2026/01/03 11:00,53,懸浮微粒,34.1,7,23,0.24,0.53,5.5
木柵站,2026/01/03 12:00,50,懸浮微粒,35,4,31,0.3,0.55,5.3
木柵站,2026/01/03 13:00,48,懸浮微粒,35.8,8,22,0.3,0.6,5.1
木柵站,2026/01/03 14:00,49,懸浮微粒,36.2,7,30,0.3,0.45,5.2
木柵站,2026/01/03 15:00,48,懸浮微粒,34.9,11,26,0.29,0.39,5.9
木柵站,2026/01/03 16:00,44,懸浮微粒,33.1,6,17,0.32,0.58,7
木柵站,2026/01/03 17:00,42,懸浮微粒,33,5,17,0.32,0.71,7.8
木柵站,2026/01/03 18:00,37,懸浮微粒,27.6,14,16,0.4,0.64,12.7
木柵站,2026/01/03 19:00,35,細懸浮微粒,25.2,10,19,0.41,0.57,12.3
木柵站,2026/01/03 20:00,34,細懸浮微粒,23.2,5,13,0.41,0.37,9.9
木柵站,2026/01/03 21:00,36,細懸浮微粒,23.6,11,18,0.39,0.48,9.2
木柵站,2026/01/03 22:00,33,細懸浮微粒,23.5,7,17,0.31,0.31,8.2
木柵站,2026/01/03 23:00,29,懸浮微粒,24.5,3,13,0.27,0.36,7.2
木柵站,2026/01/04 00:00,28,懸浮微粒,26.9,3,14,0.24,0.48,5.4
木柵站,2026/01/04 01:00,27,懸浮微粒,25.9,4,15,0.27,0.27,4.3
木柵站,2026/01/04 02:00,25,懸浮微粒,22.9,10,14,0.22,0.52,4.1
木柵站,2026/01/04 03:00,30,細懸浮微粒,16.5,12,19,0.24,0.57,4.5
木柵站,2026/01/04 04:00,32,細懸浮微粒,19.6,7,13,0.31,0.56,4.2
木柵站,2026/01/04 05:00,32,細懸浮微粒,14.6,5,14,0.37,0.67,6
木柵站,2026/01/04 06:00,28,細懸浮微粒,12.7,5,14,0.4,0.66,7.3
木柵站,2026/01/04 07:00,25,細懸浮微粒,10.1,7,13,0.45,0.85,10
木柵站,2026/01/04 08:00,24,細懸浮微粒,18.4,5,15,0.35,0.37,7.6
木柵站,2026/01/04 09:00,27,懸浮微粒,26.9,3,25,0.31,0.48,6.5
木柵站,2026/01/04 10:00,27,懸浮微粒,37.2,5,16,0.21,0.53,4
木柵站,2026/01/04 11:00,28,懸浮微粒,38.8,3,16,0.2,0.63,4.3
木柵站,2026/01/04 12:00,28,懸浮微粒,40.5,8,14,0.3,0.65,3.8
木柵站,2026/01/04 13:00,27,懸浮微粒,41.9,7,19,0.3,0.52,3.4
木柵站,2026/01/04 14:00,30,臭氧8小時,42.2,7,20,0.27,0.49,3.3
木柵站,2026/01/04 15:00,33,臭氧8小時,42.2,7,23,0.3,0.53,3.4
木柵站,2026/01/04 16:00,36,臭氧8小時,41.1,17,19,0.3,0.61,3.7
木柵站,2026/01/04 17:00,37,臭氧8小時,38.8,8,25,0.31,0.66,5
木柵站,2026/01/04 18:00,37,臭氧8小時,38.3,10,20,0.33,0.9,6.2
木柵站,2026/01/04 19:00,39,細懸浮微粒,30.8,12,26,0.39,0.9,10.4
木柵站,2026/01/04 20:00,37,細懸浮微粒,21.3,11,16,0.41,0.67,12.6
木柵站,2026/01/04 21:00,42,二氧化氮小時值,11.5,10,20,0.49,0.72,17.5
木柵站,2026/01/04 22:00,42,細懸浮微粒,9.6,12,17,0.46,0.79,17.1
木柵站,2026/01/04 23:00,41,細懸浮微粒,10.9,9,13,0.39,0.57,12.6
木柵站,2026/01/05 00:00,40,細懸浮微粒,10,9,13,0.39,0.54,10.6
木柵站,2026/01/05 01:00,41,細懸浮微粒,10,10,17,0.33,0.52,7.7
木柵站,2026/01/05 02:00,38,細懸浮微粒,8.9,7,12,0.3,0.55,6.8
木柵站,2026/01/05 03:00,40,細懸浮微粒,9.1,11,14,0.3,0.65,6
木柵站,2026/01/05 04:00,42,細懸浮微粒,8.8,14,17,0.32,0.76,6
木柵站,2026/01/05 05:00,43,細懸浮微粒,7.3,11,13,0.36,0.81,6.7
木柵站,2026/01/05 06:00,46,細懸浮微粒,4.8,13,20,0.38,0.62,9.8
木柵站,2026/01/05 07:00,46,細懸浮微粒,4.3,10,28,0.49,0.87,13.2
木柵站,2026/01/05 08:00,45,細懸浮微粒,4.9,12,22,0.48,0.9,14.8
木柵站,2026/01/05 09:00,52,細懸浮微粒,7.1,24,40,0.52,0.86,20.2
木柵站,2026/01/05 10:00,57,細懸浮微粒,19.7,22,43,0.41,0.89,20.6
木柵站,2026/01/05 11:00,64,細懸浮微粒,27.4,25,60,0.33,0.92,21.6
木柵站,2026/01/05 12:00,72,細懸浮微粒,34.5,29,52,0.28,1.04,18
木柵站,2026/01/05 13:00,72,細懸浮微粒,44,20,44,0.21,0.92,12.9
木柵站,2026/01/05 14:00,74,細懸浮微粒,46.1,22,44,0.18,0.97,10.8
木柵站,2026/01/05 15:00,72,細懸浮微粒,44.4,19,45,0.24,0.82,13.5
木柵站,2026/01/05 16:00,69,細懸浮微粒,34.2,17,33,0.37,0.61,13.4
木柵站,2026/01/05 17:00,66,細懸浮微粒,30.4,13,27,0.37,0.47,11.8
木柵站,2026/01/05 18:00,63,細懸浮微粒,29.4,13,25,0.38,0.67,11.9
木柵站,2026/01/05 19:00,62,細懸浮微粒,29.2,15,29,0.38,0.69,10.7
木柵站,2026/01/05 20:00,64,細懸浮微粒,30.9,20,30,0.38,0.68,8.7
木柵站,2026/01/05 21:00,64,細懸浮微粒,30.5,14,28,0.4,0.69,7.8
木柵站,2026/01/05 22:00,67,細懸浮微粒,30.4,22,33,0.46,0.57,7.3
木柵站,2026/01/05 23:00,65,細懸浮微粒,31.1,14,31,0.5,0.62,6.3
木柵站,2026/01/06 00:00,63,細懸浮微粒,30.7,17,26,0.34,0.71,5.3
木柵站,2026/01/06 01:00,67,細懸浮微粒,30.1,25,29,0.33,0.65,4.6
木柵站,2026/01/06 02:00,66,細懸浮微粒,30.8,20,34,0.33,0.8,4.2
木柵站,2026/01/06 03:00,68,細懸浮微粒,31.1,20,27,0.29,0.95,4.4
木柵站,2026/01/06 04:00,71,細懸浮微粒,31.9,23,42,0.38,0.56,4
木柵站,2026/01/06 05:00,69,細懸浮微粒,31.9,18,32,0.41,0.46,4.5
木柵站,2026/01/06 06:00,69,細懸浮微粒,28.9,18,41,0.44,0.55,7.6
木柵站,2026/01/06 07:00,76,細懸浮微粒,25,33,33,0.47,0.59,12.9
木柵站,2026/01/06 08:00,79,細懸浮微粒,26.6,30,52,0.43,0.62,11.2
木柵站,2026/01/06 09:00,84,細懸浮微粒,26.5,26,49,0.39,0.65,11
木柵站,2026/01/06 10:00,90,細懸浮微粒,23.1,32,46,0.43,0.73,14.3
木柵站,2026/01/06 11:00,91,細懸浮微粒,21.8,31,54,0.37,0.86,15.4
木柵站,2026/01/06 12:00,93,細懸浮微粒,20.1,32,48,0.38,0.58,15.1
木柵站,2026/01/06 13:00,95,細懸浮微粒,18.2,30,58,0.41,0.67,17.2
木柵站,2026/01/06 14:00,100,細懸浮微粒,21.9,40,57,0.41,0.65,15.5
木柵站,2026/01/06 15:00,106,細懸浮微粒,20.3,42,56,0.41,0.49,18
木柵站,2026/01/06 16:00,114,細懸浮微粒,23.3,50,59,0.41,0.28,15.2
木柵站,2026/01/06 17:00,125,細懸浮微粒,24.9,53,67,0.48,0.43,16.2
木柵站,2026/01/06 18:00,128,細懸浮微粒,35.8,40,53,0.43,0.69,11.7
木柵站,2026/01/06 19:00,125,細懸浮微粒,35.5,33,54,0.4,0.59,12
木柵站,2026/01/06 20:00,121,細懸浮微粒,34.2,36,51,0.38,0.64,10.8
木柵站,2026/01/06 21:00,116,細懸浮微粒,32.9,35,42,0.38,0.7,10.3
木柵站,2026/01/06 22:00,113,細懸浮微粒,33.4,29,45,0.37,0.76,8
木柵站,2026/01/06 23:00,112,細懸浮微粒,35,31,46,0.34,0.72,6.7
木柵站,2026/01/07 00:00,111,細懸浮微粒,35.7,33,44,0.35,0.87,6.9
木柵站,2026/01/07 01:00,110,細懸浮微粒,35.6,31,52,0.33,1.01,6
木柵站,2026/01/07 02:00,109,細懸浮微粒,31.7,29,46,0.31,0.52,5.5
木柵站,2026/01/07 03:00,108,細懸浮微粒,27.2,31,45,0.33,0.46,5
木柵站,2026/01/07 04:00,101,細懸浮微粒,25,22,34,0.33,0.53,5.2
木柵站,2026/01/07 05:00,96,細懸浮微粒,22.1,25,46,0.34,0.62,8
木柵站,2026/01/07 06:00,93,細懸浮微粒,27,26,48,0.37,0.65,11
木柵站,2026/01/07 07:00,91,細懸浮微粒,22.2,26,46,0.47,0.66,19
木柵站,2026/01/07 08:00,92,細懸浮微粒,21.5,27,41,0.33,0.66,21.6
木柵站,2026/01/07 09:00,92,細懸浮微粒,27.2,28,40,0.29,0.66,17.7
木柵站,2026/01/07 10:00,92,細懸浮微粒,33.7,28,38,0.28,0.57,12.5
木柵站,2026/01/07 11:00,92,細懸浮微粒,36.4,26,48,0.28,0.71,10.4
木柵站,2026/01/07 12:00,91,細懸浮微粒,39.5,26,46,0.33,0.7,9.3
木柵站,2026/01/07 13:00,90,細懸浮微粒,37.9,27,48,0.34,0.7,10
木柵站,2026/01/07 14:00,90,細懸浮微粒,32.9,29,51,0.31,0.8,10.4
木柵站,2026/01/07 15:00,91,細懸浮微粒,35.4,29,41,0.17,1.2,9.5
木柵站,2026/01/07 16:00,92,細懸浮微粒,36.9,28,53,0.39,0.77,6.3
木柵站,2026/01/07 17:00,94,細懸浮微粒,34.1,30,48,0.43,0.73,7.4
木柵站,2026/01/07 18:00,95,細懸浮微粒,36,30,52,0.43,0.99,7.4
木柵站,2026/01/07 19:00,93,細懸浮微粒,37.6,24,46,0.43,0.99,7.8
木柵站,2026/01/07 20:00,92,細懸浮微粒,38.4,26,41,0.34,0.72,5.3
木柵站,2026/01/07 21:00,92,細懸浮微粒,30.1,30,43,0.45,0.66,12.8
木柵站,2026/01/07 22:00,90,細懸浮微粒,30.5,25,45,0.4,1.01,11.1
木柵站,2026/01/07 23:00,91,細懸浮微粒,33.2,26,47,0.45,1.04,7.5
木柵站,2026/01/08 00:00,90,細懸浮微粒,40,25,46,0.31,0.62,5.1
木柵站,2026/01/08 01:00,88,細懸浮微粒,40.5,23,40,0.27,0.31,3.3
木柵站,2026/01/08 02:00,87,細懸浮微粒,34.3,25,33,0.29,0.49,3.6
木柵站,2026/01/08 03:00,83,細懸浮微粒,30.3,18,34,0.25,0.57,3.8
木柵站,2026/01/08 04:00,80,細懸浮微粒,25.5,19,32,0.33,0.47,4.8
木柵站,2026/01/08 05:00,77,細懸浮微粒,22.3,19,30,0.35,0.58,6
木柵站,2026/01/08 06:00,74,細懸浮微粒,16.3,20,32,0.39,0.7,15.2
木柵站,2026/01/08 07:00,79,細懸浮微粒,14.4,29,38,0.53,0.9,27.3
木柵站,2026/01/08 08:00,83,細懸浮微粒,26.5,29,44,0.39,1.26,21.2
木柵站,2026/01/08 09:00,81,細懸浮微粒,28.8,19,45,0.34,1.28,18.7
木柵站,2026/01/08 10:00,82,細懸浮微粒,26.8,23,51,0.35,1.39,21.9
木柵站,2026/01/08 11:00,82,細懸浮微粒,34.5,28,46,0.33,1.22,13.7
木柵站,2026/01/08 12:00,79,細懸浮微粒,37.3,21,44,0.34,0.83,12.8
木柵站,2026/01/08 13:00,80,細懸浮微粒,43.3,23,57,0.34,0.94,10.5
木柵站,2026/01/08 14:00,81,細懸浮微粒,44.2,26,49,0.34,1.12,13.2
木柵站,2026/01/08 15:00,80,細懸浮微粒,45,23,49,0.36,1.09,12.8
木柵站,2026/01/08 16:00,79,細懸浮微粒,44.2,19,49,0.37,1.32,14.6
木柵站,2026/01/08 17:00,78,細懸浮微粒,36.5,19,38,0.45,1.16,17.9
木柵站,2026/01/08 18:00,77,細懸浮微粒,24.7,23,35,0.46,0.5,20.6
木柵站,2026/01/08 19:00,76,細懸浮微粒,14.2,21,38,0.55,0.36,27.3
木柵站,2026/01/08 20:00,76,細懸浮微粒,15.9,22,34,0.46,0.73,21.8
木柵站,2026/01/08 21:00,78,細懸浮微粒,15.8,24,30,0.36,0.84,18.8
木柵站,2026/01/08 22:00,78,細懸浮微粒,17.3,23,35,0.31,0.93,15.8
木柵站,2026/01/08 23:00,77,細懸浮微粒,19.9,20,29,0.29,0.59,12
木柵站,2026/01/09 00:00,74,細懸浮微粒,21.3,16,29,0.31,0.79,8.8
木柵站,2026/01/09 01:00,74,細懸浮微粒,18.6,22,23,0.34,0.79,7.4
木柵站,2026/01/09 02:00,71,細懸浮微粒,17.1,18,29,0.32,0.49,6.2
木柵站,2026/01/09 03:00,72,細懸浮微粒,19.5,24,24,0.29,0.54,5
木柵站,2026/01/09 04:00,74,細懸浮微粒,18.4,21,22,0.32,0.3,4.7
木柵站,2026/01/09 05:00,73,細懸浮微粒,14.1,18,28,0.32,0.44,7.3
木柵站,2026/01/09 06:00,75,細懸浮微粒,8.9,23,24,0.32,0.63,13.2
木柵站,2026/01/09 07:00,73,細懸浮微粒,6.2,19,34,0.41,0.8,19.6
木柵站,2026/01/09 08:00,76,細懸浮微粒,11.8,28,52,0.51,0.81,21.4
木柵站,2026/01/09 09:00,80,細懸浮微粒,28.1,28,59,0.44,0.84,14.8
木柵站,2026/01/09 10:00,79,細懸浮微粒,37.2,21,53,0.4,0.69,10.2
木柵站,2026/01/09 11:00,79,細懸浮微粒,40.2,19,44,0.38,0.66,8.9
木柵站,2026/01/09 12:00,74,細懸浮微粒,41.5,16,39,0.33,0.65,8.6
木柵站,2026/01/09 13:00,71,細懸浮微粒,41.9,18,34,0.29,0.88,10.2
木柵站,2026/01/09 14:00,69,細懸浮微粒,42.1,16,38,0.29,0.68,10
木柵站,2026/01/09 15:00,67,細懸浮微粒,42.1,16,34,0.3,0.75,10.5
木柵站,2026/01/09 16:00,69,細懸浮微粒,41.7,22,32,0.38,0.78,12.7
木柵站,2026/01/09 17:00,71,細懸浮微粒,28.6,22,30,0.52,0.82,24.9
木柵站,2026/01/09 18:00,69,細懸浮微粒,26.9,15,30,0.56,0.62,23.8
木柵站,2026/01/09 19:00,72,細懸浮微粒,22.8,22,22,0.45,0.6,18.9
木柵站,2026/01/09 20:00,71,細懸浮微粒,19,21,28,0.37,0.81,15.3
木柵站,2026/01/09 21:00,67,細懸浮微粒,18.4,16,26,0.29,0.91,14.3
木柵站,2026/01/09 22:00,68,細懸浮微粒,19.7,18,23,0.29,0.77,11.9
木柵站,2026/01/09 23:00,63,細懸浮微粒,18.2,10,30,0.32,0.6,10.5
木柵站,2026/01/10 00:00,60,細懸浮微粒,14.8,13,27,0.36,0.42,10.7
木柵站,2026/01/10 01:00,58,細懸浮微粒,14.7,13,24,0.3,0.28,8.2
木柵站,2026/01/10 02:00,57,細懸浮微粒,10.6,15,23,0.31,0.41,7.9
木柵站,2026/01/10 03:00,57,細懸浮微粒,9.1,12,19,0.31,0.48,7.7
木柵站,2026/01/10 04:00,56,細懸浮微粒,10.5,14,14,0.33,0.88,5.9
木柵站,2026/01/10 05:00,57,細懸浮微粒,6,17,13,0.34,1.01,9
木柵站,2026/01/10 06:00,57,細懸浮微粒,5.4,14,19,0.31,0.66,9.5
木柵站,2026/01/10 07:00,57,細懸浮微粒,3.9,14,20,0.35,1.02,13.5
木柵站,2026/01/10 08:00,58,細懸浮微粒,8.9,19,26,0.38,0.9,14
木柵站,2026/01/10 09:00,58,細懸浮微粒,25.2,16,37,0.36,0.67,12.6
木柵站,2026/01/10 10:00,56,細懸浮微粒,40.8,11,28,0.27,0.97,6.5
木柵站,2026/01/10 11:00,54,細懸浮微粒,42.3,10,27,0.24,0.84,6.6
木柵站,2026/01/10 12:00,52,細懸浮微粒,42.2,13,25,0.31,0.4,7.7
木柵站,2026/01/10 13:00,50,細懸浮微粒,42.7,11,31,0.3,0.43,8.5
木柵站,2026/01/10 14:00,50,細懸浮微粒,40.5,12,23,0.31,0.62,11.7
木柵站,2026/01/10 15:00,50,細懸浮微粒,40.8,10,27,0.32,0.69,10.6
木柵站,2026/01/10 16:00,51,細懸浮微粒,38.9,14,30,0.39,0.49,12.5
木柵站,2026/01/10 17:00,51,細懸浮微粒,37.2,13,26,0.45,0.66,13.5
木柵站,2026/01/10 18:00,51,細懸浮微粒,39.4,14,22,0.46,0.88,12.3
木柵站,2026/01/10 19:00,52,細懸浮微粒,39.8,12,20,0.45,0.9,13
木柵站,2026/01/10 20:00,49,細懸浮微粒,38.8,10,26,0.37,0.85,12.7
木柵站,2026/01/10 21:00,49,細懸浮微粒,40.2,13,23,0.36,0.87,10.9
木柵站,2026/01/10 22:00,49,細懸浮微粒,36.1,13,22,0.35,0.9,13.7
木柵站,2026/01/10 23:00,50,細懸浮微粒,47,14,28,0.33,1.31,8.4
木柵站,2026/01/11 00:00,55,細懸浮微粒,49.2,21,30,0.28,1.06,6.1
木柵站,2026/01/11 01:00,56,細懸浮微粒,41.9,15,34,0.34,0.7,8.3
木柵站,2026/01/11 02:00,55,細懸浮微粒,33,11,27,0.32,0.79,7.6
木柵站,2026/01/11 03:00,58,細懸浮微粒,27.8,18,27,0.31,0.76,6.9
木柵站,2026/01/11 04:00,56,細懸浮微粒,24.7,16,28,0.34,0.58,7.1
木柵站,2026/01/11 05:00,58,細懸浮微粒,22.9,18,21,0.31,0.59,8.6
木柵站,2026/01/11 06:00,62,細懸浮微粒,17.7,21,35,0.37,0.49,14.1
木柵站,2026/01/11 07:00,67,細懸浮微粒,12.7,27,46,0.5,0.45,22.6
木柵站,2026/01/11 08:00,74,細懸浮微粒,24,31,81,0.43,0.92,20.5
木柵站,2026/01/11 09:00,84,細懸浮微粒,31.4,37,111,0.36,1.09,11.8
木柵站,2026/01/11 10:00,95,懸浮微粒,35.3,35,125,0.33,0.97,10.4
木柵站,2026/01/11 11:00,103,懸浮微粒,39.4,33,119,0.33,0.96,8.3
木柵站,2026/01/11 12:00,107,懸浮微粒,42.7,20,111,0.32,0.78,7.5
木柵站,2026/01/11 13:00,107,懸浮微粒,44.6,23,98,0.32,0.86,8.5
木柵站,2026/01/11 14:00,108,懸浮微粒,44,23,109,0.34,0.85,8.5
木柵站,2026/01/11 15:00,107,懸浮微粒,43.9,22,88,0.34,1.14,8.7
木柵站,2026/01/11 16:00,107,懸浮微粒,45.5,23,92,0.32,0.87,6.9
木柵站,2026/01/11 17:00,107,懸浮微粒,42.8,19,80,0.34,0.86,8.3
木柵站,2026/01/11 18:00,107,懸浮微粒,41.2,22,82,0.36,0.77,9.2
木柵站,2026/01/11 19:00,106,懸浮微粒,40.2,15,75,0.33,0.88,7.9
木柵站,2026/01/11 20:00,106,懸浮微粒,39.3,23,76,0.3,0.83,7.1
木柵站,2026/01/11 21:00,104,懸浮微粒,39.6,20,64,0.29,0.73,5.6
木柵站,2026/01/11 22:00,101,懸浮微粒,37,15,57,0.28,0.82,6
木柵站,2026/01/11 23:00,96,懸浮微粒,36.8,14,45,0.23,0.75,4
木柵站,2026/01/12 00:00,90,懸浮微粒,38.9,14,53,0.3,0.45,2.9
木柵站,2026/01/12 01:00,85,懸浮微粒,39,13,46,0.31,0.57,2.6
木柵站,2026/01/12 02:00,80,懸浮微粒,38.7,17,47,0.31,0.62,2.3
木柵站,2026/01/12 03:00,78,懸浮微粒,38.1,11,43,0.3,0.45,2.2
木柵站,2026/01/12 04:00,74,懸浮微粒,37.2,13,41,0.3,0.5,2.3
木柵站,2026/01/12 05:00,73,懸浮微粒,35.7,12,46,0.31,0.63,3.2
木柵站,2026/01/12 06:00,70,懸浮微粒,32.9,13,42,0.29,0.66,6.7
木柵站,2026/01/12 07:00,68,懸浮微粒,26.7,16,43,0.31,0.69,15.6
木柵站,2026/01/12 08:00,67,懸浮微粒,25.3,14,40,0.33,0.77,16.6
木柵站,2026/01/12 09:00,65,懸浮微粒,32,15,44,0.32,0.66,9.9
木柵站,2026/01/12 10:00,64,懸浮微粒,33.4,11,38,0.3,0.75,9.1
木柵站,2026/01/12 11:00,63,懸浮微粒,31.2,11,36,0.32,0.9,10.6
木柵站,2026/01/12 12:00,63,懸浮微粒,24,15,44,0.44,0.81,19.2
木柵站,2026/01/12 13:00,64,懸浮微粒,18.8,17,51,0.53,0.87,28.5
木柵站,2026/01/12 14:00,67,懸浮微粒,17.1,18,58,0.61,1.32,33
木柵站,2026/01/12 15:00,74,懸浮微粒,14.6,24,75,0.65,1.67,38.7
木柵站,2026/01/12 16:00,78,懸浮微粒,17.6,17,63,0.38,1.36,31.1
木柵站,2026/01/12 17:00,78,懸浮微粒,9.1,15,51,0.39,1.16,34.6
木柵站,2026/01/12 18:00,78,懸浮微粒,11.4,19,52,0.34,1.16,27.3
木柵站,2026/01/12 19:00,73,懸浮微粒,7.9,21,43,0.43,1.03,28.9
木柵站,2026/01/12 20:00,70,懸浮微粒,7.8,21,41,0.42,0.86,26.8
木柵站,2026/01/12 21:00,67,懸浮微粒,10.3,16,32,0.37,0.84,20
木柵站,2026/01/12 22:00,63,懸浮微粒,9.4,10,28,0.33,0.64,18.8
木柵站,2026/01/12 23:00,61,細懸浮微粒,9.4,15,29,0.33,0.62,16.3
木柵站,2026/01/13 00:00,60,細懸浮微粒,11.2,16,33,0.37,0.88,12.8
木柵站,2026/01/13 01:00,58,細懸浮微粒,13.1,13,25,0.33,0.63,8.1
木柵站,2026/01/13 02:00,59,細懸浮微粒,14.1,15,28,0.32,0.66,8.8
木柵站,2026/01/13 03:00,56,細懸浮微粒,14.7,10,22,0.32,0.66,8.1
木柵站,2026/01/13 04:00,56,細懸浮微粒,17.5,16,25,0.34,0.81,6.3
木柵站,2026/01/13 05:00,58,細懸浮微粒,15.8,18,33,0.36,0.64,8.1
木柵站,2026/01/13 06:00,58,細懸浮微粒,11.4,15,28,0.4,0.81,14.7
木柵站,2026/01/13 07:00,62,細懸浮微粒,7.9,23,34,0.47,1.07,19.4
木柵站,2026/01/13 08:00,63,細懸浮微粒,7.1,19,38,0.5,1.02,23.8
木柵站,2026/01/13 09:00,63,細懸浮微粒,13.3,18,33,0.43,0.96,21.4
木柵站,2026/01/13 10:00,65,細懸浮微粒,22.9,17,44,0.42,1.34,22.7
木柵站,2026/01/13 11:00,71,細懸浮微粒,41.2,34,59,0.51,1.63,25.5
木柵站,2026/01/13 12:00,70,細懸浮微粒,50,17,52,0.28,1.48,11.7
木柵站,2026/01/13 13:00,74,細懸浮微粒,51.3,25,50,0.31,1.74,12.6
木柵站,2026/01/13 14:00,75,細懸浮微粒,51.7,19,59,0.31,1.42,12.8
木柵站,2026/01/13 15:00,72,細懸浮微粒,52.8,21,50,0.3,1.27,11.3
木柵站,2026/01/13 16:00,74,細懸浮微粒,49.2,21,41,0.36,2.07,16.6
木柵站,2026/01/13 17:00,76,細懸浮微粒,38.1,27,55,0.49,2.25,27.6
木柵站,2026/01/13 18:00,79,細懸浮微粒,34.9,25,44,0.5,1.27,22.3
木柵站,2026/01/13 19:00,80,細懸浮微粒,30.4,23,47,0.45,1.02,19.1
木柵站,2026/01/13 20:00,80,細懸浮微粒,35.3,22,39,0.36,0.63,10.3
木柵站,2026/01/13 21:00,81,細懸浮微粒,36.3,27,38,0.3,0.42,8.1
木柵站,2026/01/13 22:00,81,細懸浮微粒,36,23,34,0.3,0.57,8.7
木柵站,2026/01/13 23:00,80,細懸浮微粒,36.9,22,32,0.27,0.44,6.1
木柵站,2026/01/14 00:00,80,細懸浮微粒,33,22,36,0.29,0.73,8.6
木柵站,2026/01/14 01:00,78,細懸浮微粒,38.3,21,38,0.34,0.7,4.7
木柵站,2026/01/14 02:00,77,細懸浮微粒,39.9,20,41,0.29,0.5,4.7
木柵站,2026/01/14 03:00,75,細懸浮微粒,39.3,18,35,0.28,0.5,5.2
木柵站,2026/01/14 04:00,74,細懸浮微粒,40.2,20,38,0.39,0.79,4.5
木柵站,2026/01/14 05:00,72,細懸浮微粒,42.8,17,40,0.32,0.68,5.2
木柵站,2026/01/14 06:00,72,細懸浮微粒,41.5,21,38,0.33,0.45,9
木柵站,2026/01/14 07:00,75,細懸浮微粒,37.8,26,37,0.36,0.6,16.7
木柵站,2026/01/14 08:00,74,細懸浮微粒,37.2,18,40,0.37,0.55,16.7
木柵站,2026/01/14 09:00,71,細懸浮微粒,39.2,14,51,0.34,0.91,15.4
木柵站,2026/01/14 10:00,69,細懸浮微粒,43.1,18,47,0.33,0.84,11.8
木柵站,2026/01/14 11:00,67,細懸浮微粒,46.1,20,50,0.31,0.93,11.4
木柵站,2026/01/14 12:00,66,懸浮微粒,49.7,15,42,0.34,0.69,8.2
木柵站,2026/01/14 13:00,65,懸浮微粒,51.6,14,41,0.32,0.49,6.6
木柵站,2026/01/14 14:00,64,細懸浮微粒,52.5,18,37,0.32,0.88,7.4
木柵站,2026/01/14 15:00,61,懸浮微粒,52.2,12,35,0.28,0.99,7.6
木柵站,2026/01/14 16:00,61,懸浮微粒,50.1,12,40,0.35,0.66,7.8
木柵站,2026/01/14 17:00,60,懸浮微粒,49.6,17,35,0.37,0.72,8.6
木柵站,2026/01/14 18:00,59,懸浮微粒,45.6,14,31,0.41,0.84,12.7
木柵站,2026/01/14 19:00,58,懸浮微粒,50.4,13,31,0.35,0.81,4.9
木柵站,2026/01/14 20:00,60,細懸浮微粒,51.7,21,36,0.33,0.79,3.9
木柵站,2026/01/14 21:00,60,細懸浮微粒,51.6,17,34,0.32,0.74,3
木柵站,2026/01/14 22:00,63,細懸浮微粒,49.9,20,30,0.31,0.44,3.3
木柵站,2026/01/14 23:00,64,細懸浮微粒,47.9,17,35,0.32,0.45,3.4
木柵站,2026/01/15 00:00,61,細懸浮微粒,46.6,13,26,0.33,0.51,3.5
木柵站,2026/01/15 01:00,59,細懸浮微粒,47.2,13,27,0.33,0.7,2.8
木柵站,2026/01/15 02:00,58,細懸浮微粒,35.7,18,23,0.35,0.84,6.2
木柵站,2026/01/15 03:00,56,細懸浮微粒,30.2,11,26,0.38,1.01,6
木柵站,2026/01/15 04:00,55,細懸浮微粒,23.8,10,23,0.36,0.76,7
木柵站,2026/01/15 05:00,54,細懸浮微粒,18.6,13,20,0.35,0.54,9.4
木柵站,2026/01/15 06:00,55,細懸浮微粒,11.9,19,17,0.41,0.47,14.1
木柵站,2026/01/15 07:00,57,細懸浮微粒,6.2,14,33,0.49,0.44,20.6
木柵站,2026/01/15 08:00,57,細懸浮微粒,13.6,14,35,0.39,0.56,19.2
木柵站,2026/01/15 09:00,63,細懸浮微粒,24.1,27,46,0.46,1.1,21.9
木柵站,2026/01/15 10:00,65,細懸浮微粒,35.2,24,43,0.37,1.24,17.3
木柵站,2026/01/15 11:00,72,細懸浮微粒,44,29,53,0.38,1.05,18.3
木柵站,2026/01/15 12:00,76,細懸浮微粒,53.4,23,43,0.34,1.27,14.5
木柵站,2026/01/15 13:00,76,細懸浮微粒,62.2,22,42,0.33,1.46,13.2
木柵站,2026/01/15 14:00,76,細懸浮微粒,70.7,24,44,0.37,1.39,12
木柵站,2026/01/15 15:00,76,細懸浮微粒,67,25,47,0.42,1.62,19.1
木柵站,2026/01/15 16:00,79,細懸浮微粒,46.4,26,48,0.35,1.87,25.7
木柵站,2026/01/15 17:00,80,細懸浮微粒,32.8,21,43,0.41,1.01,25.7
木柵站,2026/01/15 18:00,81,細懸浮微粒,30.9,26,33,0.4,0.92,19.9
木柵站,2026/01/15 19:00,79,細懸浮微粒,29.3,17,24,0.42,0.81,16.9
木柵站,2026/01/15 20:00,79,細懸浮微粒,29.3,22,35,0.31,0.87,15.9
木柵站,2026/01/15 21:00,76,細懸浮微粒,31.9,17,30,0.28,0.67,11.8
木柵站,2026/01/15 22:00,71,細懸浮微粒,36.6,15,25,0.21,0.74,8.6
木柵站,2026/01/15 23:00,70,細懸浮微粒,38.5,17,30,0.18,0.64,6.8
木柵站,2026/01/16 00:00,68,細懸浮微粒,43.4,19,29,0.31,0.91,4.5
木柵站,2026/01/16 01:00,68,細懸浮微粒,43.1,17,31,0.31,0.87,4
木柵站,2026/01/16 02:00,68,細懸浮微粒,40.5,17,33,0.28,0.65,4
木柵站,2026/01/16 03:00,66,細懸浮微粒,33.9,16,34,0.27,0.47,4.7
木柵站,2026/01/16 04:00,64,細懸浮微粒,26.4,16,25,0.32,0.74,7.3
木柵站,2026/01/16 05:00,62,細懸浮微粒,24.2,13,29,0.32,0.87,7.1
木柵站,2026/01/16 06:00,59,細懸浮微粒,13.1,13,22,0.38,0.61,16.8
木柵站,2026/01/16 07:00,58,細懸浮微粒,13.6,15,26,0.43,0.61,17.3
木柵站,2026/01/16 08:00,59,細懸浮微粒,15.3,19,30,0.47,0.85,17.8
木柵站,2026/01/16 09:00,59,細懸浮微粒,16,14,34,0.4,1.39,23.4
木柵站,2026/01/16 10:00,60,細懸浮微粒,28.3,15,41,0.31,1.14,13.7
木柵站,2026/01/16 11:00,61,細懸浮微粒,31.1,18,45,0.27,1.46,13.4
木柵站,2026/01/16 12:00,60,細懸浮微粒,31.3,18,41,0.33,0.88,12
木柵站,2026/01/16 13:00,61,細懸浮微粒,-,16,37,0.34,0.58,13
木柵站,2026/01/16 14:00,61,細懸浮微粒,26.2,15,25,-,-,-
木柵站,2026/01/16 15:00,62,細懸浮微粒,28.3,20,32,0.3,0.76,14.3
木柵站,2026/01/16 16:00,59,細懸浮微粒,25.5,12,31,0.42,1.02,19
木柵站,2026/01/16 17:00,58,細懸浮微粒,21.3,12,29,0.46,1.2,20.6
木柵站,2026/01/16 18:00,59,細懸浮微粒,13.9,18,29,0.54,0.96,21.7
木柵站,2026/01/16 19:00,58,細懸浮微粒,15.5,16,23,0.47,1.02,14.7
木柵站,2026/01/16 20:00,59,細懸浮微粒,17.8,16,30,0.37,0.98,12.5
木柵站,2026/01/16 21:00,61,細懸浮微粒,15.9,17,36,0.38,1.01,15.1
木柵站,2026/01/16 22:00,61,細懸浮微粒,13.9,17,25,0.34,0.88,14.4
木柵站,2026/01/16 23:00,60,細懸浮微粒,10.6,15,35,0.39,0.82,15.8
木柵站,2026/01/17 00:00,61,細懸浮微粒,15.3,17,29,0.28,0.62,10.3
木柵站,2026/01/17 01:00,62,細懸浮微粒,14.3,19,31,0.26,0.61,9
木柵站,2026/01/17 02:00,65,細懸浮微粒,15.1,24,26,0.24,0.62,7.7
木柵站,2026/01/17 03:00,66,細懸浮微粒,13.5,19,36,0.25,0.56,8
木柵站,2026/01/17 04:00,67,細懸浮微粒,14.7,18,28,0.36,0.64,7.7
木柵站,2026/01/17 05:00,68,細懸浮微粒,14.1,18,30,0.38,0.61,9.4
木柵站,2026/01/17 06:00,65,細懸浮微粒,16.6,16,31,0.39,0.53,6.5
木柵站,2026/01/17 07:00,65,細懸浮微粒,16.2,19,30,0.48,0.57,11.2
木柵站,2026/01/17 08:00,64,細懸浮微粒,16.7,16,35,0.4,0.79,11.8
木柵站,2026/01/17 09:00,66,細懸浮微粒,27.2,21,35,0.38,0.99,10.9
木柵站,2026/01/17 10:00,66,細懸浮微粒,38.7,16,41,0.34,0.65,7.5
木柵站,2026/01/17 11:00,66,細懸浮微粒,40.7,18,43,0.31,0.7,8.4
木柵站,2026/01/17 12:00,67,細懸浮微粒,45.2,19,42,0.35,0.81,9.1
木柵站,2026/01/17 13:00,69,細懸浮微粒,48.9,24,38,0.35,0.91,9
木柵站,2026/01/17 14:00,67,細懸浮微粒,48,15,44,0.33,1.08,7.1
木柵站,2026/01/17 15:00,68,細懸浮微粒,47,20,39,0.33,0.74,7.2
木柵站,2026/01/17 16:00,68,細懸浮微粒,44.1,19,35,0.32,1.32,9.7
木柵站,2026/01/17 17:00,68,細懸浮微粒,40.2,21,30,0.38,1.5,12.8
木柵站,2026/01/17 18:00,71,細懸浮微粒,36.1,22,37,0.37,1.26,14.3
木柵站,2026/01/17 19:00,69,細懸浮微粒,36,16,35,0.35,0.82,11
木柵站,2026/01/17 20:00,68,細懸浮微粒,37.1,17,37,0.31,0.62,8.8
木柵站,2026/01/17 21:00,66,細懸浮微粒,32.4,17,29,0.3,0.61,8.4
木柵站,2026/01/17 22:00,64,細懸浮微粒,30.5,16,34,0.33,0.76,9
木柵站,2026/01/17 23:00,65,細懸浮微粒,29.6,18,28,0.36,0.76,7.5
木柵站,2026/01/18 00:00,63,細懸浮微粒,29.4,12,27,0.31,0.57,6.1
木柵站,2026/01/18 01:00,60,細懸浮微粒,26.1,14,30,0.34,0.76,6.6
木柵站,2026/01/18 02:00,61,細懸浮微粒,23.9,18,30,0.31,0.44,6.3
木柵站,2026/01/18 03:00,63,細懸浮微粒,34.3,23,40,0.29,0.34,3.7
木柵站,2026/01/18 04:00,66,細懸浮微粒,37.3,19,33,0.28,0.33,3.3
木柵站,2026/01/18 05:00,67,細懸浮微粒,29.4,19,47,0.33,0.36,9.7
木柵站,2026/01/18 06:00,66,細懸浮微粒,26.4,17,41,0.35,0.92,10.8
木柵站,2026/01/18 07:00,67,細懸浮微粒,19.2,22,35,0.4,1.06,11.4
木柵站,2026/01/18 08:00,68,細懸浮微粒,22.2,21,44,0.41,0.78,16
木柵站,2026/01/18 09:00,69,細懸浮微粒,34.5,20,52,0.34,0.74,10.4
木柵站,2026/01/18 10:00,71,細懸浮微粒,35.1,21,42,0.31,1.12,8.7
木柵站,2026/01/18 11:00,67,細懸浮微粒,37.5,13,45,0.29,1.24,7.8
木柵站,2026/01/18 12:00,66,細懸浮微粒,41.1,16,40,0.28,1.06,6.2
木柵站,2026/01/18 13:00,64,細懸浮微粒,43.9,14,35,0.26,0.86,4.9
木柵站,2026/01/18 14:00,61,懸浮微粒,43.5,12,36,0.28,0.87,6.3
木柵站,2026/01/18 15:00,60,懸浮微粒,44.5,16,40,0.29,0.91,5.2
木柵站,2026/01/18 16:00,60,懸浮微粒,43.8,11,39,0.35,0.75,7.1
木柵站,2026/01/18 17:00,62,懸浮微粒,42.7,13,44,0.38,0.52,7.8
木柵站,2026/01/18 18:00,62,懸浮微粒,40.1,21,39,0.41,0.7,9.5
木柵站,2026/01/18 19:00,62,懸浮微粒,40.7,14,37,0.38,0.75,7.9
木柵站,2026/01/18 20:00,62,懸浮微粒,40.1,17,41,0.37,0.75,7.5
木柵站,2026/01/18 21:00,61,懸浮微粒,38.6,15,42,0.37,0.65,7.2
木柵站,2026/01/18 22:00,60,懸浮微粒,36.9,14,36,0.35,0.67,7.3
木柵站,2026/01/18 23:00,60,懸浮微粒,35.1,13,36,0.37,0.47,6.4
木柵站,2026/01/19 00:00,58,懸浮微粒,34.8,17,33,0.28,0.57,4.8
木柵站,2026/01/19 01:00,58,懸浮微粒,29.8,14,41,0.28,0.85,4.9
木柵站,2026/01/19 02:00,59,懸浮微粒,30,18,38,0.24,0.64,3.9
木柵站,2026/01/19 03:00,60,懸浮微粒,36.9,16,45,0.2,0.49,2.5
木柵站,2026/01/19 04:00,61,懸浮微粒,36.1,19,41,0.27,0.53,3
木柵站,2026/01/19 05:00,62,細懸浮微粒,35.5,17,45,0.3,0.54,3.5
木柵站,2026/01/19 06:00,64,懸浮微粒,32.3,17,47,0.34,0.61,8
木柵站,2026/01/19 07:00,64,懸浮微粒,31.7,11,47,0.39,0.76,10.7
木柵站,2026/01/19 08:00,64,懸浮微粒,31.6,13,41,0.33,0.84,10.1
木柵站,2026/01/19 09:00,65,懸浮微粒,30.1,19,49,0.32,0.87,13.3
木柵站,2026/01/19 10:00,65,懸浮微粒,29.2,19,41,0.34,0.87,15.7
木柵站,2026/01/19 11:00,66,懸浮微粒,34.6,13,53,0.3,0.83,10.4
木柵站,2026/01/19 12:00,68,懸浮微粒,37.2,21,49,0.34,0.77,8.8
木柵站,2026/01/19 13:00,68,懸浮微粒,34.7,21,48,0.34,0.85,11.1
木柵站,2026/01/19 14:00,70,懸浮微粒,34.6,20,51,0.35,0.6,12.2
木柵站,2026/01/19 15:00,69,懸浮微粒,36.2,17,45,0.34,0.63,10.6
木柵站,2026/01/19 16:00,68,細懸浮微粒,36.1,23,27,0.31,0.5,14.2
木柵站,2026/01/19 17:00,65,細懸浮微粒,43,14,25,0.3,0.48,6.6
木柵站,2026/01/19 18:00,64,細懸浮微粒,39.9,17,34,0.29,0.54,8.4
木柵站,2026/01/19 19:00,64,細懸浮微粒,38.4,15,46,0.3,0.53,7.3
木柵站,2026/01/19 20:00,63,細懸浮微粒,36.5,19,31,0.28,0.8,8.2
木柵站,2026/01/19 21:00,63,細懸浮微粒,35.2,14,18,0.26,0.71,7.7
木柵站,2026/01/19 22:00,62,細懸浮微粒,36.1,15,29,0.26,0.71,7
木柵站,2026/01/19 23:00,63,細懸浮微粒,38.7,18,35,0.24,0.71,4
木柵站,2026/01/20 00:00,63,細懸浮微粒,39.9,19,32,0.3,0.75,2.7
木柵站,2026/01/20 01:00,63,細懸浮微粒,38.8,15,27,0.31,0.74,3.5
木柵站,2026/01/20 02:00,61,細懸浮微粒,38.2,13,24,0.31,0.58,2.6
木柵站,2026/01/20 03:00,56,細懸浮微粒,37.3,7,23,0.34,0.39,2.2
木柵站,2026/01/20 04:00,51,細懸浮微粒,37,8,11,0.34,0.78,2.1
木柵站,2026/01/20 05:00,47,細懸浮微粒,36.2,9,11,0.36,0.94,2.4
木柵站,2026/01/20 06:00,45,細懸浮微粒,33.6,11,11,0.34,0.96,5.1
木柵站,2026/01/20 07:00,44,細懸浮微粒,31.9,8,19,0.38,0.91,7.8
木柵站,2026/01/20 08:00,43,細懸浮微粒,27.3,8,15,0.37,0.77,13.4
木柵站,2026/01/20 09:00,42,細懸浮微粒,27.5,10,16,0.35,0.75,11.5
木柵站,2026/01/20 10:00,40,細懸浮微粒,31.1,9,19,0.33,0.56,10.5
木柵站,2026/01/20 11:00,40,細懸浮微粒,32.1,10,20,0.33,0.85,10.4
木柵站,2026/01/20 12:00,39,細懸浮微粒,32.9,10,18,0.29,0.91,9.6
木柵站,2026/01/20 13:00,39,細懸浮微粒,34.4,11,22,0.3,1.03,9.2
木柵站,2026/01/20 14:00,38,細懸浮微粒,34.4,8,15,0.3,0.92,8.4
木柵站,2026/01/20 15:00,38,細懸浮微粒,32.5,10,21,0.3,1.13,10.9
木柵站,2026/01/20 16:00,42,細懸浮微粒,29.3,14,22,0.37,0.67,14.6
木柵站,2026/01/20 17:00,42,細懸浮微粒,27.4,11,23,0.43,0.62,14.4
木柵站,2026/01/20 18:00,44,細懸浮微粒,31.6,12,24,0.42,0.73,8.8
木柵站,2026/01/20 19:00,46,細懸浮微粒,32.5,12,14,0.4,0.62,7.1
木柵站,2026/01/20 20:00,43,細懸浮微粒,31.2,9,17,0.32,0.46,6.7
木柵站,2026/01/20 21:00,43,細懸浮微粒,29.6,10,17,0.33,0.5,6.9
木柵站,2026/01/20 22:00,43,細懸浮微粒,30.8,11,18,0.31,0.64,4.9
木柵站,2026/01/20 23:00,42,細懸浮微粒,30,10,14,0.33,0.59,5.1
木柵站,2026/01/21 00:00,42,細懸浮微粒,29.5,10,15,0.31,0.57,3.2
木柵站,2026/01/21 01:00,41,細懸浮微粒,29.7,9,14,0.29,0.59,2.8
木柵站,2026/01/21 02:00,41,細懸浮微粒,31.2,10,13,0.27,0.5,2.3
木柵站,2026/01/21 03:00,41,細懸浮微粒,30.4,10,14,0.29,0.52,2
木柵站,2026/01/21 04:00,38,細懸浮微粒,30,7,12,0.3,0.72,2.3
木柵站,2026/01/21 05:00,37,細懸浮微粒,30.2,7,9,0.3,0.81,2.7
木柵站,2026/01/21 06:00,34,細懸浮微粒,29,6,19,0.32,0.54,4.4
木柵站,2026/01/21 07:00,31,細懸浮微粒,25.9,6,13,0.35,0.5,8.1
木柵站,2026/01/21 08:00,32,細懸浮微粒,23,9,11,0.32,0.82,11
木柵站,2026/01/21 09:00,38,二氧化氮小時值,19.2,10,13,0.32,0.84,15.8
木柵站,2026/01/21 10:00,35,細懸浮微粒,21,10,16,0.32,0.68,13.1
木柵站,2026/01/21 11:00,36,細懸浮微粒,22.3,9,14,0.31,0.8,12.2
木柵站,2026/01/21 12:00,35,細懸浮微粒,24.7,7,17,0.33,0.68,10.2
木柵站,2026/01/21 13:00,33,細懸浮微粒,23.8,7,7,0.31,0.72,12
木柵站,2026/01/21 14:00,32,細懸浮微粒,24.8,9,12,0.32,1.08,11.3
木柵站,2026/01/21 15:00,32,細懸浮微粒,26.5,8,16,0.34,0.97,10
木柵站,2026/01/21 16:00,32,細懸浮微粒,25.3,7,14,0.35,0.88,12.3
木柵站,2026/01/21 17:00,32,細懸浮微粒,27.9,7,17,0.35,0.79,9.4
木柵站,2026/01/21 18:00,35,細懸浮微粒,28.6,13,6,0.33,0.61,9.1
木柵站,2026/01/21 19:00,35,細懸浮微粒,29.7,8,8,0.34,0.6,7.3
木柵站,2026/01/21 20:00,40,細懸浮微粒,30,15,12,0.34,0.64,6.9
木柵站,2026/01/21 21:00,41,細懸浮微粒,29.6,9,21,0.38,0.7,7.2
木柵站,2026/01/21 22:00,37,細懸浮微粒,30,6,14,0.41,0.6,5.9
木柵站,2026/01/21 23:00,36,細懸浮微粒,31.7,7,15,0.39,0.55,4.4
木柵站,2026/01/22 00:00,33,細懸浮微粒,32.6,9,13,0.35,0.62,3.3
木柵站,2026/01/22 01:00,32,細懸浮微粒,33.7,6,10,0.33,0.58,2.6
木柵站,2026/01/22 02:00,30,細懸浮微粒,34.1,5,11,0.29,0.65,2.1
木柵站,2026/01/22 03:00,32,細懸浮微粒,35.1,10,17,0.29,0.61,2.2
木柵站,2026/01/22 04:00,33,細懸浮微粒,34.6,10,13,0.31,0.46,1.9
木柵站,2026/01/22 05:00,36,細懸浮微粒,32.2,10,13,0.35,0.52,3.6
木柵站,2026/01/22 06:00,38,細懸浮微粒,27.6,10,11,0.36,0.72,7.9
木柵站,2026/01/22 07:00,37,細懸浮微粒,21.4,9,11,0.42,0.75,14.5
木柵站,2026/01/22 08:00,47,二氧化氮小時值,17.5,6,13,0.38,0.6,19.8
木柵站,2026/01/22 09:00,40,二氧化氮小時值,18.8,14,13,0.3,0.47,16.9
木柵站,2026/01/22 10:00,38,二氧化氮小時值,19.4,8,12,0.3,0.82,16
木柵站,2026/01/22 11:00,36,細懸浮微粒,22.1,9,12,0.28,0.85,14.4
木柵站,2026/01/22 12:00,37,細懸浮微粒,23.4,7,17,0.34,0.86,13.1
木柵站,2026/01/22 13:00,35,細懸浮微粒,23.2,10,7,0.32,0.98,14.1
木柵站,2026/01/22 14:00,38,細懸浮微粒,21.7,11,18,0.31,0.7,14.4
木柵站,2026/01/22 15:00,36,細懸浮微粒,24.4,7,16,0.27,0.61,12.4
木柵站,2026/01/22 16:00,40,二氧化氮小時值,22.1,4,14,0.34,0.92,16.8
木柵站,2026/01/22 17:00,33,二氧化氮小時值,22.3,8,11,0.38,0.66,14
木柵站,2026/01/22 18:00,40,二氧化氮小時值,19.7,9,13,0.39,0.68,17
木柵站,2026/01/22 19:00,34,二氧化氮小時值,18.7,8,15,0.43,0.52,14.3
木柵站,2026/01/22 20:00,35,細懸浮微粒,23.6,10,14,0.35,0.65,11.1
木柵站,2026/01/22 21:00,34,細懸浮微粒,22.8,8,14,0.37,0.59,11.3
木柵站,2026/01/22 22:00,32,細懸浮微粒,22.5,5,14,0.34,0.55,11.3
木柵站,2026/01/22 23:00,32,細懸浮微粒,24.9,9,11,0.29,0.53,7.4
木柵站,2026/01/23 00:00,31,細懸浮微粒,24.1,7,6,0.33,0.6,4.9
木柵站,2026/01/23 01:00,28,細懸浮微粒,23.9,5,9,0.32,0.56,3.4
木柵站,2026/01/23 02:00,27,細懸浮微粒,25,4,9,0.3,0.71,2.9
木柵站,2026/01/23 03:00,24,細懸浮微粒,28.7,5,7,0.28,0.76,3.2
木柵站,2026/01/23 04:00,25,細懸浮微粒,29.5,7,9,0.34,0.9,3.2
木柵站,2026/01/23 05:00,25,細懸浮微粒,25.3,6,7,0.3,1.01,4.8
木柵站,2026/01/23 06:00,27,細懸浮微粒,21.1,8,6,0.35,0.76,8.1
木柵站,2026/01/23 07:00,29,二氧化氮小時值,16.8,6,8,0.36,0.56,12.2
木柵站,2026/01/23 08:00,45,二氧化氮小時值,13.6,10,9,0.38,0.6,19
木柵站,2026/01/23 09:00,30,細懸浮微粒,21.5,8,13,0.35,0.59,10.8
木柵站,2026/01/23 10:00,29,細懸浮微粒,28,6,14,0.27,0.71,7.6
木柵站,2026/01/23 11:00,28,細懸浮微粒,29.6,5,11,0.26,0.72,6.7
木柵站,2026/01/23 12:00,23,細懸浮微粒,30.6,2,9,0.34,0.79,6.1
木柵站,2026/01/23 13:00,22,臭氧8小時,31.5,1,10,0.33,0.84,4.8
木柵站,2026/01/23 14:00,23,臭氧8小時,26.2,2,9,0.3,0.77,6
木柵站,2026/01/23 15:00,23,臭氧8小時,19.8,5,9,0.28,0.75,7.6
木柵站,2026/01/23 16:00,30,二氧化氮小時值,10.2,6,13,0.35,0.57,12.6
木柵站,2026/01/23 17:00,31,二氧化氮小時值,7.9,9,13,0.37,0.65,13
木柵站,2026/01/23 18:00,36,二氧化氮小時值,6.1,8,14,0.42,0.62,15.2
木柵站,2026/01/23 19:00,30,二氧化氮小時值,7,8,13,0.44,0.54,12.5
木柵站,2026/01/23 20:00,27,二氧化氮小時值,7.5,5,15,0.33,0.52,11.3
木柵站,2026/01/23 21:00,25,二氧化氮小時值,6.8,6,13,0.29,0.55,10.4
木柵站,2026/01/23 22:00,27,細懸浮微粒,5.9,11,12,0.28,0.59,10.6
木柵站,2026/01/23 23:00,27,細懸浮微粒,5,8,11,0.29,0.57,9.5
木柵站,2026/01/24 00:00,27,細懸浮微粒,7.2,4,12,0.37,0.61,5.6
木柵站,2026/01/24 01:00,28,細懸浮微粒,8.2,7,14,0.38,0.56,3.5
木柵站,2026/01/24 02:00,27,細懸浮微粒,5.7,6,10,0.35,0.78,7.2
木柵站,2026/01/24 03:00,26,細懸浮微粒,4.1,7,12,0.34,0.83,5.6
木柵站,2026/01/24 04:00,29,細懸浮微粒,3.9,8,13,0.35,0.42,5.9
木柵站,2026/01/24 05:00,28,細懸浮微粒,4.5,6,13,0.34,0.35,6.4
木柵站,2026/01/24 06:00,29,細懸浮微粒,5.1,9,9,0.36,0.78,7.1
木柵站,2026/01/24 07:00,31,細懸浮微粒,4.9,9,9,0.33,0.87,8.8
木柵站,2026/01/24 08:00,29,細懸浮微粒,6.7,5,20,0.35,0.64,9
木柵站,2026/01/24 09:00,27,細懸浮微粒,10.4,3,11,0.33,0.66,10.8
木柵站,2026/01/24 10:00,27,細懸浮微粒,9.9,10,13,0.33,0.65,9.1
木柵站,2026/01/24 11:00,27,細懸浮微粒,10.1,8,14,0.35,0.59,10.7
木柵站,2026/01/24 12:00,28,細懸浮微粒,9.8,6,13,0.36,0.71,7.4
木柵站,2026/01/24 13:00,28,細懸浮微粒,11,4,11,0.33,0.81,5.6
木柵站,2026/01/24 14:00,25,細懸浮微粒,12.2,5,10,0.32,0.83,4.8
木柵站,2026/01/24 15:00,23,細懸浮微粒,12.4,5,12,0.32,0.73,6.6
木柵站,2026/01/24 16:00,24,細懸浮微粒,12.1,7,11,0.35,0.76,7
木柵站,2026/01/24 17:00,25,細懸浮微粒,11.3,6,11,0.38,0.81,9.2
木柵站,2026/01/24 18:00,26,細懸浮微粒,10.4,8,11,0.4,0.42,8.6
木柵站,2026/01/24 19:00,26,細懸浮微粒,10.4,6,9,0.41,0.58,9.7
木柵站,2026/01/24 20:00,28,細懸浮微粒,11.2,9,9,0.36,0.63,6.1
木柵站,2026/01/24 21:00,30,細懸浮微粒,11.4,9,12,0.39,0.53,8.5
木柵站,2026/01/24 22:00,28,細懸浮微粒,11.1,6,11,0.4,0.54,5.8
木柵站,2026/01/24 23:00,31,細懸浮微粒,12.3,10,9,0.4,0.48,4.4
木柵站,2026/01/25 00:00,29,細懸浮微粒,11.7,6,11,0.37,0.47,3.7
木柵站,2026/01/25 01:00,25,細懸浮微粒,11.5,1,9,0.36,0.7,2.6
木柵站,2026/01/25 02:00,24,細懸浮微粒,12.5,4,12,0.33,0.53,2
木柵站,2026/01/25 03:00,20,細懸浮微粒,12.3,4,13,0.31,0.51,2
木柵站,2026/01/25 04:00,20,細懸浮微粒,11.5,6,9,0.32,0.43,2.7
木柵站,2026/01/25 05:00,23,細懸浮微粒,8.7,6,9,0.32,0.55,4.7
木柵站,2026/01/25 06:00,24,細懸浮微粒,6,7,11,0.33,0.73,8.9
木柵站,2026/01/25 07:00,27,細懸浮微粒,3.4,9,19,0.38,0.83,8.4
木柵站,2026/01/25 08:00,31,二氧化氮小時值,3.3,6,15,0.37,0.86,12.9
木柵站,2026/01/25 09:00,27,細懸浮微粒,6,7,12,0.36,0.73,6.2
木柵站,2026/01/25 10:00,25,細懸浮微粒,10.6,4,8,0.31,0.76,5.6
木柵站,2026/01/25 11:00,20,懸浮微粒,12.1,1,12,0.25,0.81,4.8
木柵站,2026/01/25 12:00,19,細懸浮微粒,14.1,6,13,0.33,0.44,4.4
木柵站,2026/01/25 13:00,20,細懸浮微粒,16,6,9,0.32,0.4,3.9
木柵站,2026/01/25 14:00,19,懸浮微粒,15.6,2,12,0.33,0.55,3.7
木柵站,2026/01/25 15:00,21,懸浮微粒,20.6,3,19,0.34,0.57,2.2
木柵站,2026/01/25 16:00,24,懸浮微粒,26.1,7,23,0.36,0.49,2.3
木柵站,2026/01/25 17:00,26,懸浮微粒,22.1,11,14,0.35,0.55,4.3
木柵站,2026/01/25 18:00,29,細懸浮微粒,16.9,12,22,0.39,0.59,4.6
木柵站,2026/01/25 19:00,42,二氧化氮小時值,10.7,10,14,0.46,0.65,17.6
木柵站,2026/01/25 20:00,50,二氧化氮小時值,6.2,9,24,0.39,0.54,21.1
木柵站,2026/01/25 21:00,47,二氧化氮小時值,4.7,10,20,0.43,0.53,19.8
木柵站,2026/01/25 22:00,38,二氧化氮小時值,4.9,11,15,0.43,0.47,16
木柵站,2026/01/25 23:00,34,細懸浮微粒,4.6,7,18,0.42,0.46,13.3
木柵站,2026/01/26 00:00,34,細懸浮微粒,5,8,16,0.38,0.55,12
木柵站,2026/01/26 01:00,34,細懸浮微粒,7.1,8,17,0.36,0.72,6.2
木柵站,2026/01/26 02:00,35,細懸浮微粒,9.1,11,17,0.31,0.82,5.4
木柵站,2026/01/26 03:00,36,細懸浮微粒,8.3,8,22,0.28,0.77,6.5
木柵站,2026/01/26 04:00,43,細懸浮微粒,6.1,18,15,0.39,0.31,6.8
木柵站,2026/01/26 05:00,46,細懸浮微粒,4.4,13,24,0.42,0.33,10.2
木柵站,2026/01/26 06:00,50,細懸浮微粒,2.8,17,28,0.43,0.86,16.3
木柵站,2026/01/26 07:00,54,細懸浮微粒,2.4,17,27,0.47,0.95,15.8
木柵站,2026/01/26 08:00,56,細懸浮微粒,2.5,21,43,0.49,0.76,20.9
木柵站,2026/01/26 09:00,61,細懸浮微粒,2.9,22,41,0.52,0.65,19.2
木柵站,2026/01/26 10:00,65,細懸浮微粒,4.8,24,55,0.45,0.78,21.1
木柵站,2026/01/26 11:00,68,細懸浮微粒,5.6,22,63,0.44,0.76,23.9
木柵站,2026/01/26 12:00,72,細懸浮微粒,6.9,25,51,0.44,0.92,18.1
木柵站,2026/01/26 13:00,73,細懸浮微粒,10.1,21,49,0.41,1.03,14.7
木柵站,2026/01/26 14:00,72,細懸浮微粒,13.6,18,39,0.33,0.64,13.8
木柵站,2026/01/26 15:00,74,細懸浮微粒,15.2,23,52,0.31,0.73,15.5
木柵站,2026/01/26 16:00,74,細懸浮微粒,15.2,25,51,0.39,0.84,23.1
木柵站,2026/01/26 17:00,77,細懸浮微粒,9.8,24,63,0.48,0.87,35
木柵站,2026/01/26 18:00,80,細懸浮微粒,6.8,25,56,0.57,0.61,30.6
木柵站,2026/01/26 19:00,83,細懸浮微粒,5.9,27,52,0.59,0.29,29.5
木柵站,2026/01/26 20:00,82,細懸浮微粒,4.3,22,49,0.44,0.1,27.5
木柵站,2026/01/26 21:00,81,細懸浮微粒,3,22,54,0.45,0.1,29
木柵站,2026/01/26 22:00,81,細懸浮微粒,5.3,24,52,0.38,0.31,16.9
木柵站,2026/01/26 23:00,82,細懸浮微粒,7.1,28,43,0.29,0.1,12
木柵站,2026/01/27 00:00,84,細懸浮微粒,7.7,28,57,0.37,-,11.5
木柵站,2026/01/27 01:00,88,細懸浮微粒,6.7,31,54,0.39,-,11.2
木柵站,2026/01/27 02:00,91,細懸浮微粒,5.6,28,45,0.36,-,9.2
木柵站,2026/01/27 03:00,88,細懸浮微粒,4.7,20,39,0.35,-,9.7
木柵站,2026/01/27 04:00,84,細懸浮微粒,5,18,34,0.36,-,5.4
木柵站,2026/01/27 05:00,75,細懸浮微粒,7.4,11,25,0.36,-,6.2
木柵站,2026/01/27 06:00,70,細懸浮微粒,6.6,16,26,0.34,-,10
木柵站,2026/01/27 07:00,66,細懸浮微粒,6.5,13,28,0.35,-,12.4
木柵站,2026/01/27 08:00,62,細懸浮微粒,6.5,10,28,0.36,-,12.3
木柵站,2026/01/27 09:00,61,細懸浮微粒,7.8,13,30,0.36,-,13
木柵站,2026/01/27 10:00,59,細懸浮微粒,18.5,13,3,0.23,-,14.7
木柵站,2026/01/27 11:00,58,細懸浮微粒,-,-,-,-,-,-
木柵站,2026/01/27 12:00,56,細懸浮微粒,-,11,54,-,-,-
木柵站,2026/01/27 13:00,57,懸浮微粒,15,9,59,0.45,0.24,11.8
木柵站,2026/01/27 14:00,56,懸浮微粒,9.1,8,7,0.51,0.5,9.7
木柵站,2026/01/27 15:00,50,懸浮微粒,9.1,9,9,0.49,0.4,11.3
木柵站,2026/01/27 16:00,39,懸浮微粒,9.3,8,12,0.34,0.48,10.4
木柵站,2026/01/27 17:00,37,細懸浮微粒,9.9,6,13,0.34,0.49,8.8
木柵站,2026/01/27 18:00,36,細懸浮微粒,9.9,9,13,0.36,0.71,9.7
木柵站,2026/01/27 19:00,36,細懸浮微粒,9.9,10,13,0.33,0.65,9.2
木柵站,2026/01/27 20:00,35,細懸浮微粒,9.7,7,14,0.38,0.63,9.9
木柵站,2026/01/27 21:00,38,細懸浮微粒,9.9,12,14,0.39,0.47,8.8
木柵站,2026/01/27 22:00,38,細懸浮微粒,9.5,10,14,0.4,0.76,7.3
木柵站,2026/01/27 23:00,41,細懸浮微粒,11.8,14,22,0.4,0.76,3.9
木柵站,2026/01/28 00:00,44,細懸浮微粒,13.3,13,19,0.39,0.72,2.8
木柵站,2026/01/28 01:00,45,細懸浮微粒,13.4,13,20,0.41,0.66,2.8
木柵站,2026/01/28 02:00,45,細懸浮微粒,13.4,9,17,0.37,0.62,2.1
木柵站,2026/01/28 03:00,40,細懸浮微粒,13.5,5,13,0.41,0.5,2.3
木柵站,2026/01/28 04:00,35,細懸浮微粒,13.8,5,13,0.38,0.37,2.4
木柵站,2026/01/28 05:00,35,細懸浮微粒,13.5,11,14,0.37,0.34,2.7
木柵站,2026/01/28 06:00,34,細懸浮微粒,12.8,7,22,0.4,0.5,6
木柵站,2026/01/28 07:00,38,二氧化氮小時值,10.8,10,27,0.44,0.61,15.9
木柵站,2026/01/28 08:00,44,細懸浮微粒,9.1,17,33,0.43,0.74,15.9
木柵站,2026/01/28 09:00,49,細懸浮微粒,8.8,19,34,0.43,0.63,19.4
木柵站,2026/01/28 10:00,56,細懸浮微粒,8.5,22,36,0.43,0.5,18.5
木柵站,2026/01/28 11:00,59,細懸浮微粒,8.3,17,32,0.41,0.41,17.9
木柵站,2026/01/28 12:00,57,細懸浮微粒,8.8,12,26,0.4,0.66,14.6
木柵站,2026/01/28 13:00,54,細懸浮微粒,9.3,12,23,0.41,1.12,14.8
木柵站,2026/01/28 14:00,52,細懸浮微粒,10.8,13,23,0.39,0.93,12.8
木柵站,2026/01/28 15:00,52,細懸浮微粒,10.4,14,24,0.38,0.87,15.2
木柵站,2026/01/28 16:00,53,細懸浮微粒,9.7,13,18,0.39,1.2,15.4
木柵站,2026/01/28 17:00,53,細懸浮微粒,9.1,11,25,0.39,0.94,15.2
木柵站,2026/01/28 18:00,52,細懸浮微粒,8.2,10,23,0.41,0.94,15.8
木柵站,2026/01/28 19:00,51,細懸浮微粒,8.7,10,22,0.4,0.7,10.8
木柵站,2026/01/28 20:00,50,細懸浮微粒,9.6,13,20,0.39,0.77,8.9
木柵站,2026/01/28 21:00,51,細懸浮微粒,10.4,16,26,0.38,0.71,8.7
木柵站,2026/01/28 22:00,52,細懸浮微粒,11,14,22,0.34,0.76,7.7
木柵站,2026/01/28 23:00,52,細懸浮微粒,11.7,13,20,0.33,0.61,4.4
木柵站,2026/01/29 00:00,52,細懸浮微粒,13.8,12,35,0.33,0.61,2.5
木柵站,2026/01/29 01:00,51,細懸浮微粒,14.8,12,23,0.31,0.54,2
木柵站,2026/01/29 02:00,50,細懸浮微粒,15.4,12,38,0.31,0.64,1.4
木柵站,2026/01/29 03:00,51,細懸浮微粒,15.4,16,33,0.3,0.58,1.8
木柵站,2026/01/29 04:00,54,細懸浮微粒,15.2,19,35,0.34,0.66,1.7
木柵站,2026/01/29 05:00,55,細懸浮微粒,14.8,14,30,0.35,0.48,2.7
木柵站,2026/01/29 06:00,56,細懸浮微粒,13.5,13,40,0.37,0.63,6.9
木柵站,2026/01/29 07:00,54,細懸浮微粒,9.8,11,39,0.38,0.71,16.8
木柵站,2026/01/29 08:00,55,懸浮微粒,9,15,39,0.33,0.72,9.8
木柵站,2026/01/29 09:00,57,懸浮微粒,11.3,13,41,0.3,0.76,8.1
木柵站,2026/01/29 10:00,59,懸浮微粒,11.7,11,46,0.28,0.85,9.4
木柵站,2026/01/29 11:00,60,懸浮微粒,12.2,11,41,0.24,0.66,6.6
木柵站,2026/01/29 12:00,62,懸浮微粒,13.7,13,45,0.34,0.81,5.8
木柵站,2026/01/29 13:00,64,懸浮微粒,13.8,13,50,0.34,0.72,6
木柵站,2026/01/29 14:00,64,懸浮微粒,13.6,17,46,0.34,0.72,5.9
木柵站,2026/01/29 15:00,65,懸浮微粒,12.4,18,43,0.36,0.72,11.2
木柵站,2026/01/29 16:00,64,懸浮微粒,10.8,12,38,0.35,0.8,12
木柵站,2026/01/29 17:00,62,懸浮微粒,11.9,11,35,0.35,0.76,8.7
木柵站,2026/01/29 18:00,60,懸浮微粒,11.7,11,31,0.37,0.75,8.2
木柵站,2026/01/29 19:00,57,懸浮微粒,12.3,14,28,0.35,0.66,7.8
木柵站,2026/01/29 20:00,55,懸浮微粒,11.8,13,27,0.34,0.6,6.3
木柵站,2026/01/29 21:00,54,懸浮微粒,12.3,11,27,0.31,0.63,6.2
木柵站,2026/01/29 22:00,50,懸浮微粒,13.1,10,18,0.28,0.71,3.8
木柵站,2026/01/29 23:00,48,懸浮微粒,13.9,6,21,0.27,0.76,2.2
木柵站,2026/01/30 00:00,44,懸浮微粒,15,4,18,0.33,0.76,1.5
木柵站,2026/01/30 01:00,41,懸浮微粒,15.1,10,21,0.36,0.64,1.4
木柵站,2026/01/30 02:00,40,懸浮微粒,14.8,9,23,0.35,0.83,1.4
木柵站,2026/01/30 03:00,39,懸浮微粒,13.7,10,23,0.33,0.91,2
木柵站,2026/01/30 04:00,40,細懸浮微粒,12.1,11,21,0.3,0.68,3.4
木柵站,2026/01/30 05:00,41,細懸浮微粒,9.8,11,27,0.32,0.51,6.5
木柵站,2026/01/30 06:00,43,細懸浮微粒,6.3,13,20,0.35,0.45,17.1
木柵站,2026/01/30 07:00,52,二氧化氮小時值,3,8,25,0.4,0.6,23.8
木柵站,2026/01/30 08:00,51,二氧化氮小時值,2.5,6,25,0.35,0.9,22.1
木柵站,2026/01/30 09:00,51,二氧化氮小時值,2.9,19,30,0.38,0.92,22.7
木柵站,2026/01/30 10:00,50,二氧化氮小時值,3.6,11,30,0.39,0.87,21.2
木柵站,2026/01/30 11:00,43,細懸浮微粒,5.9,9,22,0.38,0.61,15.1
木柵站,2026/01/30 12:00,45,細懸浮微粒,9.8,8,23,0.34,0.76,9.5
木柵站,2026/01/30 13:00,41,細懸浮微粒,11.6,11,20,0.32,0.74,9.3
木柵站,2026/01/30 14:00,43,細懸浮微粒,14.4,13,32,0.31,0.89,10.1
木柵站,2026/01/30 15:00,48,細懸浮微粒,15.6,18,43,0.32,1.08,18.4
木柵站,2026/01/30 16:00,54,懸浮微粒,12.7,19,55,0.42,0.89,21.7
木柵站,2026/01/30 17:00,60,懸浮微粒,10.6,22,53,0.44,0.78,23
木柵站,2026/01/30 18:00,65,懸浮微粒,8.8,21,56,0.46,0.66,22
木柵站,2026/01/30 19:00,67,懸浮微粒,8,24,54,0.5,0.67,21
木柵站,2026/01/30 20:00,69,懸浮微粒,7.7,21,56,0.42,0.79,19.1
木柵站,2026/01/30 21:00,72,懸浮微粒,7.9,23,65,0.36,0.63,13.8
木柵站,2026/01/30 22:00,74,懸浮微粒,8.6,20,61,0.32,1.15,11.6
木柵站,2026/01/30 23:00,78,懸浮微粒,8.1,20,67,0.29,1.3,12.8
木柵站,2026/01/31 00:00,78,懸浮微粒,9.6,15,44,0.36,0.9,9.6
木柵站,2026/01/31 01:00,76,懸浮微粒,9.7,12,45,0.36,0.75,7.9
木柵站,2026/01/31 02:00,72,懸浮微粒,9.8,10,34,0.34,0.86,5.6
木柵站,2026/01/31 03:00,66,懸浮微粒,9.4,15,26,0.3,0.89,5.4
木柵站,2026/01/31 04:00,62,懸浮微粒,9.1,8,28,0.3,0.54,5.9
木柵站,2026/01/31 05:00,58,懸浮微粒,8.9,12,23,0.29,0.31,5.2
木柵站,2026/01/31 06:00,55,懸浮微粒,8.4,8,22,0.3,0.9,4.8
木柵站,2026/01/31 07:00,54,懸浮微粒,8.1,14,27,0.3,0.88,6.4
木柵站,2026/01/31 08:00,51,懸浮微粒,6.8,11,22,0.38,0.72,15.5
木柵站,2026/01/31 09:00,47,懸浮微粒,7.2,7,15,0.4,0.68,14.6
木柵站,2026/01/31 10:00,42,懸浮微粒,7.3,5,15,0.39,0.96,14.3
木柵站,2026/01/31 11:00,36,懸浮微粒,8.5,5,14,0.39,0.88,12.8
木柵站,2026/01/31 12:00,32,懸浮微粒,9,5,14,0.36,0.75,10.3
木柵站,2026/01/31 13:00,29,懸浮微粒,10.4,3,13,0.35,0.58,9.4
木柵站,2026/01/31 14:00,27,懸浮微粒,10.7,1,11,0.33,0.9,10
木柵站,2026/01/31 15:00,26,二氧化氮小時值,10.5,8,13,0.34,0.76,11.1
木柵站,2026/01/31 16:00,25,二氧化氮小時值,11,6,13,0.34,0.66,10.3
木柵站,2026/01/31 17:00,23,懸浮微粒,11.9,5,12,0.34,0.69,6
木柵站,2026/01/31 18:00,24,細懸浮微粒,13.1,4,12,0.34,0.46,5.7
木柵站,2026/01/31 19:00,22,懸浮微粒,13.5,4,12,0.36,0.54,6
木柵站,2026/01/31 20:00,22,細懸浮微粒,13.7,9,14,0.33,0.81,4.7
木柵站,2026/01/31 21:00,22,細懸浮微粒,13.7,6,10,0.32,0.78,4.8
木柵站,2026/01/31 22:00,23,細懸浮微粒,13.5,6,10,0.31,0.89,6
木柵站,2026/01/31 23:00,24,細懸浮微粒,13,5,13,0.32,0.84,4.7
木柵站,2026/02/01 00:00,26,細懸浮微粒,14.2,11,12,0.32,0.73,2.9
木柵站,2026/02/01 01:00,27,細懸浮微粒,14.4,7,12,0.31,0.69,1.8
木柵站,2026/02/01 02:00,26,細懸浮微粒,15.2,3,12,0.31,0.65,1.7
木柵站,2026/02/01 03:00,24,細懸浮微粒,15.4,4,12,0.32,0.86,2.7
木柵站,2026/02/01 04:00,24,細懸浮微粒,15.2,9,12,0.34,1.03,2.6
木柵站,2026/02/01 05:00,24,細懸浮微粒,14.5,7,6,0.35,0.78,2.5
木柵站,2026/02/01 06:00,26,細懸浮微粒,13.2,6,4,0.37,0.81,5.1
木柵站,2026/02/01 07:00,37,二氧化氮小時值,9.2,14,9,0.39,0.77,15.4
木柵站,2026/02/01 08:00,40,二氧化氮小時值,5.5,10,13,0.35,0.65,16.9
木柵站,2026/02/01 09:00,36,細懸浮微粒,5.6,10,16,0.33,0.65,13.2
木柵站,2026/02/01 10:00,37,細懸浮微粒,8.2,8,15,0.32,0.51,10
木柵站,2026/02/01 11:00,35,細懸浮微粒,9.3,9,11,0.27,0.39,8
木柵站,2026/02/01 12:00,34,細懸浮微粒,10.6,9,10,0.26,0.7,9.6
木柵站,2026/02/01 13:00,33,細懸浮微粒,10.6,7,11,0.26,0.9,10.1
木柵站,2026/02/01 14:00,31,細懸浮微粒,11.9,4,10,0.22,0.87,8.2
木柵站,2026/02/01 15:00,29,細懸浮微粒,11.9,5,13,0.25,0.61,10.6
木柵站,2026/02/01 16:00,35,二氧化氮小時值,9.6,7,15,0.36,0.89,14.5
木柵站,2026/02/01 17:00,29,二氧化氮小時值,8.7,6,15,0.37,0.9,12.1
木柵站,2026/02/01 18:00,27,細懸浮微粒,10,4,17,0.43,0.38,8
木柵站,2026/02/01 19:00,25,細懸浮微粒,12.7,4,10,0.41,0.39,6
木柵站,2026/02/01 20:00,24,細懸浮微粒,12.5,7,9,0.32,0.64,5.8
木柵站,2026/02/01 21:00,24,細懸浮微粒,12.8,7,11,0.3,0.69,6.9
木柵站,2026/02/01 22:00,24,細懸浮微粒,11.6,5,15,0.34,0.77,7.6
木柵站,2026/02/01 23:00,25,細懸浮微粒,10.1,7,14,0.31,0.74,6.7
木柵站,2026/02/02 00:00,25,細懸浮微粒,10.2,7,17,0.34,0.76,4.4
木柵站,2026/02/02 01:00,24,細懸浮微粒,11.8,6,16,0.38,0.65,2.8
木柵站,2026/02/02 02:00,25,細懸浮微粒,13.5,6,13,0.36,0.69,2.3
木柵站,2026/02/02 03:00,25,細懸浮微粒,14.8,7,12,0.34,0.68,2.9
木柵站,2026/02/02 04:00,24,細懸浮微粒,15.2,5,12,0.32,0.92,3.3
木柵站,2026/02/02 05:00,27,細懸浮微粒,14.6,11,12,0.35,0.98,4.9
木柵站,2026/02/02 06:00,32,二氧化氮小時值,12.6,8,18,0.39,0.81,13.4
木柵站,2026/02/02 07:00,44,二氧化氮小時值,7.8,12,15,0.42,0.68,18.5
木柵站,2026/02/02 08:00,51,二氧化氮小時值,4.9,11,24,0.35,0.73,22.7
木柵站,2026/02/02 09:00,52,二氧化氮小時值,5.4,11,24,0.36,0.86,23.5
木柵站,2026/02/02 10:00,50,二氧化氮小時值,18.1,14,27,0.35,1.16,21.3
木柵站,2026/02/02 11:00,44,細懸浮微粒,18.2,14,14,0.36,0.98,14.5
木柵站,2026/02/02 12:00,45,細懸浮微粒,19.4,12,13,0.38,0.93,12.8
木柵站,2026/02/02 13:00,44,細懸浮微粒,26.4,8,19,0.43,0.81,11.6
木柵站,2026/02/02 14:00,42,細懸浮微粒,27.8,8,15,0.44,0.7,13.2
木柵站,2026/02/02 15:00,39,細懸浮微粒,29.3,8,21,0.46,0.72,14.8
木柵站,2026/02/02 16:00,41,細懸浮微粒,31,14,18,0.37,0.64,16.5
木柵站,2026/02/02 17:00,42,細懸浮微粒,29.1,10,12,0.33,0.46,14.6
木柵站,2026/02/02 18:00,48,細懸浮微粒,25.7,17,32,0.38,0.58,11
木柵站,2026/02/02 19:00,53,細懸浮微粒,21.6,18,26,0.38,0.96,7.3
木柵站,2026/02/02 20:00,58,細懸浮微粒,20.9,24,23,0.36,1.4,6.8
木柵站,2026/02/02 21:00,62,細懸浮微粒,20.9,19,31,0.35,1.3,6.8
木柵站,2026/02/02 22:00,62,細懸浮微粒,20.9,16,34,0.38,1.07,6.7
木柵站,2026/02/02 23:00,65,細懸浮微粒,18.7,23,38,0.37,0.88,4.3
木柵站,2026/02/03 00:00,67,細懸浮微粒,18.5,26,52,0.38,0.79,3.5
木柵站,2026/02/03 01:00,74,細懸浮微粒,18.3,32,64,0.4,0.68,2.7
木柵站,2026/02/03 02:00,79,細懸浮微粒,17.1,25,56,0.41,0.72,2.4
木柵站,2026/02/03 03:00,81,細懸浮微粒,17,24,56,0.44,0.56,2.2
木柵站,2026/02/03 04:00,83,細懸浮微粒,17,26,59,0.34,0.64,2.1
木柵站,2026/02/03 05:00,81,細懸浮微粒,17.5,23,49,0.32,0.52,2.6
木柵站,2026/02/03 06:00,81,細懸浮微粒,19.4,23,47,0.32,0.37,4.4
木柵站,2026/02/03 07:00,84,細懸浮微粒,30.8,29,55,0.33,0.47,15.5
木柵站,2026/02/03 08:00,84,細懸浮微粒,34.2,25,55,0.38,0.61,18.4
木柵站,2026/02/03 09:00,89,細懸浮微粒,30,33,54,0.39,0.55,13.5
木柵站,2026/02/03 10:00,92,細懸浮微粒,28.9,-,-,0.31,0.75,9.4
木柵站,2026/02/03 11:00,92,細懸浮微粒,33.5,28,49,0.33,0.88,8.6
木柵站,2026/02/03 12:00,89,細懸浮微粒,34.4,19,42,0.34,1.28,9.5
木柵站,2026/02/03 13:00,85,細懸浮微粒,34.2,26,39,0.36,1.18,10
木柵站,2026/02/03 14:00,83,細懸浮微粒,34.1,21,44,0.37,1.15,9.7
木柵站,2026/02/03 15:00,80,細懸浮微粒,35.1,20,47,0.35,1.04,8.7
木柵站,2026/02/03 16:00,79,細懸浮微粒,36,19,50,0.35,0.72,7.4
木柵站,2026/02/03 17:00,75,細懸浮微粒,33,17,42,0.38,0.59,10.1
木柵站,2026/02/03 18:00,74,細懸浮微粒,34,19,38,0.36,0.88,8.1
木柵站,2026/02/03 19:00,70,細懸浮微粒,35.2,15,34,0.34,0.76,7.1
木柵站,2026/02/03 20:00,67,細懸浮微粒,36.1,13,26,0.31,0.65,4.9
木柵站,2026/02/03 21:00,63,細懸浮微粒,35,13,29,0.29,0.61,5.7
木柵站,2026/02/03 22:00,60,細懸浮微粒,35.7,12,26,0.27,0.61,4.4
木柵站,2026/02/03 23:00,55,細懸浮微粒,36.5,9,26,0.23,0.62,3.4
木柵站,2026/02/04 00:00,54,細懸浮微粒,36.1,11,27,0.3,0.83,2.4
木柵站,2026/02/04 01:00,51,細懸浮微粒,32.8,10,24,0.33,0.85,2.3
木柵站,2026/02/04 02:00,48,懸浮微粒,22,9,23,0.33,0.85,4.6
木柵站,2026/02/04 03:00,45,懸浮微粒,18.3,6,22,0.34,0.62,6.4
木柵站,2026/02/04 04:00,44,懸浮微粒,15.9,10,26,0.38,0.53,6.5
木柵站,2026/02/04 05:00,41,懸浮微粒,8.5,10,20,0.43,0.79,12.2
木柵站,2026/02/04 06:00,39,懸浮微粒,6.5,7,20,0.42,0.94,14.3
木柵站,2026/02/04 07:00,43,二氧化氮小時值,5.1,8,15,0.49,1.1,18.1
木柵站,2026/02/04 08:00,47,二氧化氮小時值,5.5,13,26,0.52,1.09,19.8
木柵站,2026/02/04 09:00,38,細懸浮微粒,22.7,10,27,0.34,0.69,9.1
木柵站,2026/02/04 10:00,39,懸浮微粒,24.9,9,26,0.35,0.86,10.9
木柵站,2026/02/04 11:00,46,細懸浮微粒,33.5,19,29,0.36,1.09,10.7
木柵站,2026/02/04 12:00,49,細懸浮微粒,47.7,16,29,0.32,0.94,9
木柵站,2026/02/04 13:00,54,細懸浮微粒,60.2,20,31,0.38,0.87,12.7
木柵站,2026/02/04 14:00,58,細懸浮微粒,56.7,19,51,0.48,1.29,22.6
木柵站,2026/02/04 15:00,63,細懸浮微粒,38.4,25,48,0.41,1.81,25.6
木柵站,2026/02/04 16:00,64,細懸浮微粒,35.1,18,52,0.39,1.6,26.7
木柵站,2026/02/04 17:00,64,細懸浮微粒,24.1,18,44,0.39,2.38,29.4
木柵站,2026/02/04 18:00,67,細懸浮微粒,12.3,22,47,0.46,1.46,27.5
木柵站,2026/02/04 19:00,66,細懸浮微粒,6.9,18,34,0.5,1.11,27.8
木柵站,2026/02/04 20:00,61,細懸浮微粒,9.5,6,29,0.37,1.02,20.6
木柵站,2026/02/04 21:00,58,細懸浮微粒,6.5,9,26,0.43,0.83,21
木柵站,2026/02/04 22:00,55,細懸浮微粒,7.2,13,26,0.4,0.96,18.5
木柵站,2026/02/04 23:00,53,細懸浮微粒,7.1,13,25,0.41,0.9,16.6
木柵站,2026/02/05 00:00,54,細懸浮微粒,8.1,11,16,0.34,1.05,14.5
木柵站,2026/02/05 01:00,51,細懸浮微粒,7.7,6,19,0.39,0.83,12
木柵站,2026/02/05 02:00,47,細懸浮微粒,6.7,7,18,0.34,0.85,12.3
木柵站,2026/02/05 03:00,42,細懸浮微粒,6.4,9,23,0.34,0.87,13.3
木柵站,2026/02/05 04:00,41,細懸浮微粒,5.8,12,27,0.4,1,12
木柵站,2026/02/05 05:00,43,細懸浮微粒,6.4,11,12,0.37,1.02,11.7
木柵站,2026/02/05 06:00,42,細懸浮微粒,3.5,9,19,0.43,1.04,14.7
木柵站,2026/02/05 07:00,41,細懸浮微粒,4.4,10,28,0.42,0.88,15.7
木柵站,2026/02/05 08:00,40,細懸浮微粒,4.9,10,20,0.44,1.28,16
木柵站,2026/02/05 09:00,40,細懸浮微粒,10.7,10,33,0.45,1.42,16
木柵站,2026/02/05 10:00,42,細懸浮微粒,20.3,13,24,0.4,1.35,13.6
木柵站,2026/02/05 11:00,42,細懸浮微粒,33.8,10,20,0.33,1.26,12.1
木柵站,2026/02/05 12:00,44,細懸浮微粒,50,14,32,0.41,1.03,15.7
木柵站,2026/02/05 13:00,46,細懸浮微粒,55.8,12,27,0.34,0.97,11
木柵站,2026/02/05 14:00,53,細懸浮微粒,51.9,23,35,0.45,1.32,22.2
木柵站,2026/02/05 15:00,55,細懸浮微粒,30.3,16,33,0.42,1.45,26.2
木柵站,2026/02/05 16:00,59,二氧化氮小時值,15.3,12,33,0.48,1.24,35.9
木柵站,2026/02/05 17:00,60,細懸浮微粒,13.2,22,29,0.46,1.01,33.4
木柵站,2026/02/05 18:00,59,二氧化氮小時值,10.2,13,41,0.6,1.13,35.6
木柵站,2026/02/05 19:00,56,二氧化氮小時值,8.9,13,32,0.58,0.94,31.1
木柵站,2026/02/05 20:00,56,細懸浮微粒,8.5,12,27,0.42,1.38,25.5
木柵站,2026/02/05 21:00,54,細懸浮微粒,5.9,15,26,0.43,1.44,24.7
木柵站,2026/02/05 22:00,56,細懸浮微粒,5.6,16,23,0.39,1.14,20.6
木柵站,2026/02/05 23:00,55,細懸浮微粒,5.6,10,24,0.33,1.04,16.2
木柵站,2026/02/06 00:00,52,細懸浮微粒,6.7,7,23,0.3,0.92,13.1
木柵站,2026/02/06 01:00,48,細懸浮微粒,5.9,7,18,0.27,0.77,11.1
木柵站,2026/02/06 02:00,41,懸浮微粒,5.8,7,23,0.24,0.89,9.7
木柵站,2026/02/06 03:00,42,細懸浮微粒,5.9,13,22,0.21,0.97,9
木柵站,2026/02/06 04:00,44,細懸浮微粒,5.6,11,20,0.34,1.12,9.1
木柵站,2026/02/06 05:00,49,細懸浮微粒,4.6,18,20,0.32,1.07,11.1
木柵站,2026/02/06 06:00,48,細懸浮微粒,3.6,8,24,0.39,0.95,10.8
木柵站,2026/02/06 07:00,48,細懸浮微粒,3.1,12,27,0.45,1.12,12.2
木柵站,2026/02/06 08:00,49,細懸浮微粒,6.8,13,29,0.46,1.27,13.6
木柵站,2026/02/06 09:00,49,細懸浮微粒,9.6,18,40,0.53,1.38,20.3
木柵站,2026/02/06 10:00,55,細懸浮微粒,16,23,49,0.53,1.63,24.8
木柵站,2026/02/06 11:00,65,細懸浮微粒,15.8,31,55,0.78,1.85,39.4
木柵站,2026/02/06 12:00,72,細懸浮微粒,20,27,56,0.44,1.48,33.9
木柵站,2026/02/06 13:00,75,細懸浮微粒,15.7,22,41,0.28,1.08,28
木柵站,2026/02/06 14:00,73,細懸浮微粒,19.8,16,47,0.17,1,21.5
木柵站,2026/02/06 15:00,71,細懸浮微粒,22.4,22,45,0.15,0.83,17.2
木柵站,2026/02/06 16:00,70,細懸浮微粒,17.4,21,44,0.29,1.01,22.6
木柵站,2026/02/06 17:00,69,細懸浮微粒,16.2,19,51,0.35,1.04,20.7
木柵站,2026/02/06 18:00,71,細懸浮微粒,28.8,18,30,0.38,0.96,15
木柵站,2026/02/06 19:00,72,細懸浮微粒,35.7,21,38,0.37,0.88,12.7
木柵站,2026/02/06 20:00,72,細懸浮微粒,37.9,19,47,0.39,1.04,9.4
木柵站,2026/02/06 21:00,73,細懸浮微粒,38.1,21,39,0.38,0.82,8
木柵站,2026/02/06 22:00,71,細懸浮微粒,37.1,14,39,0.4,0.62,7.1
木柵站,2026/02/06 23:00,66,細懸浮微粒,35.3,14,33,0.39,0.57,6.3
木柵站,2026/02/07 00:00,63,細懸浮微粒,28.9,13,31,0.41,0.95,8.6
木柵站,2026/02/07 01:00,59,細懸浮微粒,33.2,13,26,0.34,1.01,5.4
木柵站,2026/02/07 02:00,55,細懸浮微粒,39.7,7,11,0.27,1,2.5
木柵站,2026/02/07 03:00,50,細懸浮微粒,41.2,4,9,0.26,0.72,2
木柵站,2026/02/07 04:00,44,細懸浮微粒,41,6,7,0.26,0.77,1.9
木柵站,2026/02/07 05:00,36,細懸浮微粒,39.5,4,11,0.29,0.78,2.4
木柵站,2026/02/07 06:00,35,細懸浮微粒,37.4,8,13,0.31,0.65,3.6
木柵站,2026/02/07 07:00,36,細懸浮微粒,35.7,10,14,0.33,0.64,5.8
木柵站,2026/02/07 08:00,35,臭氧8小時,34.6,7,14,0.33,0.63,6.6
木柵站,2026/02/07 09:00,35,臭氧8小時,35.2,6,13,0.33,0.69,8.8
木柵站,2026/02/07 10:00,34,臭氧8小時,29.4,7,21,0.35,1,10.8
木柵站,2026/02/07 11:00,33,臭氧8小時,31.9,6,13,0.37,0.88,9.4
木柵站,2026/02/07 12:00,32,臭氧8小時,33.6,14,14,0.38,0.63,7.9
木柵站,2026/02/07 13:00,34,細懸浮微粒,35.9,10,13,0.42,0.53,7.5
木柵站,2026/02/07 14:00,36,細懸浮微粒,34.9,11,13,0.41,1.01,9.3
木柵站,2026/02/07 15:00,40,細懸浮微粒,33.8,11,21,0.43,0.98,10.4
木柵站,2026/02/07 16:00,40,細懸浮微粒,38.1,12,25,0.36,1.01,8.9
木柵站,2026/02/07 17:00,41,細懸浮微粒,40.2,10,19,0.36,0.92,7.6
木柵站,2026/02/07 18:00,44,細懸浮微粒,40.1,15,26,0.38,1.07,7.3
木柵站,2026/02/07 19:00,46,細懸浮微粒,39.5,13,19,0.36,1.19,6.3
木柵站,2026/02/07 20:00,50,細懸浮微粒,40.4,18,32,0.31,1.02,6.2
木柵站,2026/02/07 21:00,54,細懸浮微粒,41.5,17,25,0.33,0.75,4.7
木柵站,2026/02/07 22:00,55,細懸浮微粒,40.2,15,23,0.31,0.98,5.1
木柵站,2026/02/07 23:00,57,細懸浮微粒,42.6,15,33,0.32,1.1,4.1
木柵站,2026/02/08 00:00,59,細懸浮微粒,43.2,21,33,0.27,1.18,2.8
木柵站,2026/02/08 01:00,59,細懸浮微粒,42.9,15,25,0.29,1.19,2.4
木柵站,2026/02/08 02:00,61,細懸浮微粒,39.4,20,33,0.29,1.12,2.5
木柵站,2026/02/08 03:00,62,細懸浮微粒,38.6,16,27,0.24,0.83,2.3
木柵站,2026/02/08 04:00,62,細懸浮微粒,38.2,19,42,0.31,0.87,2.4
木柵站,2026/02/08 05:00,69,細懸浮微粒,36.6,28,45,0.35,0.72,2.9
木柵站,2026/02/08 06:00,71,細懸浮微粒,34.4,24,55,0.39,1,3.9
木柵站,2026/02/08 07:00,77,細懸浮微粒,29.7,27,51,0.45,0.96,7.7
木柵站,2026/02/08 08:00,82,細懸浮微粒,26.9,29,52,0.37,0.96,9.7
木柵站,2026/02/08 09:00,83,細懸浮微粒,26.1,29,58,0.36,0.85,12.3
木柵站,2026/02/08 10:00,85,細懸浮微粒,26.8,26,58,0.38,1.13,13
木柵站,2026/02/08 11:00,87,細懸浮微粒,30.8,28,49,0.38,1.24,10.2
木柵站,2026/02/08 12:00,90,細懸浮微粒,32.5,34,62,0.34,1.15,11.9
木柵站,2026/02/08 13:00,93,細懸浮微粒,35.6,32,56,0.31,1.03,8.7
木柵站,2026/02/08 14:00,95,細懸浮微粒,37.4,28,55,0.34,0.98,10.7
木柵站,2026/02/08 15:00,97,細懸浮微粒,38.4,29,57,0.36,0.98,10.2
木柵站,2026/02/08 16:00,96,細懸浮微粒,40.1,29,50,0.32,1.02,8.7
木柵站,2026/02/08 17:00,93,細懸浮微粒,42.3,25,56,0.32,1.05,6.9
木柵站,2026/02/08 18:00,94,細懸浮微粒,42.1,29,50,0.35,0.79,6.4
木柵站,2026/02/08 19:00,94,細懸浮微粒,41.2,28,54,0.36,1.29,7
木柵站,2026/02/08 20:00,91,細懸浮微粒,39,23,57,0.34,1.29,7.9
木柵站,2026/02/08 21:00,89,細懸浮微粒,40.7,21,44,0.31,0.96,5.2
木柵站,2026/02/08 22:00,86,細懸浮微粒,40.7,21,44,0.29,0.71,3.5
木柵站,2026/02/08 23:00,81,細懸浮微粒,40,18,34,0.28,0.55,3
木柵站,2026/02/09 00:00,77,細懸浮微粒,39.3,18,37,0.29,0.77,2.3
木柵站,2026/02/09 01:00,73,細懸浮微粒,38.2,15,30,0.27,0.59,2
木柵站,2026/02/09 02:00,68,細懸浮微粒,37.8,11,21,0.24,0.43,2
木柵站,2026/02/09 03:00,63,細懸浮微粒,37,11,23,0.22,0.56,2.1
木柵站,2026/02/09 04:00,58,細懸浮微粒,39.3,9,28,0.28,0.74,1.7
木柵站,2026/02/09 05:00,55,細懸浮微粒,38.9,10,27,0.31,0.58,2.5
木柵站,2026/02/09 06:00,51,細懸浮微粒,36.6,7,18,0.3,0.63,4.6
木柵站,2026/02/09 07:00,45,懸浮微粒,35.1,5,16,0.28,0.74,5
木柵站,2026/02/09 08:00,42,細懸浮微粒,32.2,9,16,0.31,0.92,9.4
木柵站,2026/02/09 09:00,40,細懸浮微粒,28.8,10,26,0.32,0.84,15
木柵站,2026/02/09 10:00,38,細懸浮微粒,32.6,8,22,0.29,0.79,10.3
木柵站,2026/02/09 11:00,38,細懸浮微粒,33.3,8,14,0.25,0.77,10.8
木柵站,2026/02/09 12:00,35,懸浮微粒,34.4,6,18,0.32,0.98,9
木柵站,2026/02/09 13:00,33,懸浮微粒,34.3,6,22,0.32,1.1,8.7
木柵站,2026/02/09 14:00,31,懸浮微粒,34.5,5,14,0.31,0.72,9.4
木柵站,2026/02/09 15:00,32,懸浮微粒,36.3,5,19,0.31,0.77,7.2
木柵站,2026/02/09 16:00,33,懸浮微粒,34.1,7,23,0.33,0.66,9
木柵站,2026/02/09 17:00,32,臭氧8小時,32.7,8,19,0.36,0.65,11.1
木柵站,2026/02/09 18:00,34,懸浮微粒,33.1,10,23,0.36,0.91,8.7
木柵站,2026/02/09 19:00,32,懸浮微粒,34,8,14,0.36,0.99,6.9
木柵站,2026/02/09 20:00,32,細懸浮微粒,34.2,8,15,0.36,1.04,8.9
木柵站,2026/02/09 21:00,31,臭氧8小時,30.6,4,21,0.38,0.92,10.2
木柵站,2026/02/09 22:00,33,二氧化氮小時值,23.9,8,21,0.41,0.97,13.8
木柵站,2026/02/09 23:00,30,懸浮微粒,20.3,7,14,0.46,0.81,12.7
木柵站,2026/02/10 00:00,29,懸浮微粒,18.8,7,12,0.44,0.8,10.9
木柵站,2026/02/10 01:00,29,細懸浮微粒,17.7,8,13,0.42,0.72,9.2
木柵站,2026/02/10 02:00,27,細懸浮微粒,14.6,4,13,0.37,1.13,7.8
木柵站,2026/02/10 03:00,24,細懸浮微粒,13,2,10,0.32,1.24,7.6
木柵站,2026/02/10 04:00,27,細懸浮微粒,12.3,11,21,0.35,0.94,7.6
木柵站,2026/02/10 05:00,27,細懸浮微粒,10.7,8,13,0.33,0.66,8.3
木柵站,2026/02/10 06:00,29,細懸浮微粒,6.7,8,13,0.34,1,11.8
木柵站,2026/02/10 07:00,33,二氧化氮小時值,4.7,7,22,0.45,1.25,13.8
木柵站,2026/02/10 08:00,35,細懸浮微粒,8.8,16,27,0.42,1.2,13.1
木柵站,2026/02/10 09:00,46,細懸浮微粒,19.4,23,38,0.44,1.24,15.8
木柵站,2026/02/10 10:00,51,細懸浮微粒,24.7,16,44,0.43,1.41,14.5
木柵站,2026/02/10 11:00,55,細懸浮微粒,32.1,16,33,0.37,1.22,10.9
木柵站,2026/02/10 12:00,57,細懸浮微粒,48.1,19,42,0.4,1.25,12
木柵站,2026/02/10 13:00,58,細懸浮微粒,59.4,20,49,0.46,1.5,17.3
木柵站,2026/02/10 14:00,59,細懸浮微粒,47.5,15,44,0.35,1.18,15.1
木柵站,2026/02/10 15:00,59,細懸浮微粒,41.4,14,37,0.32,0.88,13.7
木柵站,2026/02/10 16:00,60,細懸浮微粒,33.6,18,28,0.39,1.02,18.7
木柵站,2026/02/10 17:00,58,細懸浮微粒,24.6,14,27,0.41,0.97,19.3
木柵站,2026/02/10 18:00,60,細懸浮微粒,19.3,16,31,0.48,0.98,23.9
木柵站,2026/02/10 19:00,63,細懸浮微粒,14,20,28,0.49,0.95,24.1
木柵站,2026/02/10 20:00,63,細懸浮微粒,10.1,17,27,0.48,1.29,25
木柵站,2026/02/10 21:00,61,細懸浮微粒,8.5,13,24,0.45,1.11,21.7
木柵站,2026/02/10 22:00,59,細懸浮微粒,10,11,20,0.37,1.04,16.6
木柵站,2026/02/10 23:00,57,細懸浮微粒,10.3,15,24,0.38,0.8,14.5
木柵站,2026/02/11 00:00,56,細懸浮微粒,7.5,15,22,0.38,0.93,15.3
木柵站,2026/02/11 01:00,56,細懸浮微粒,9.5,14,17,0.36,0.77,12.5
木柵站,2026/02/11 02:00,55,細懸浮微粒,7.1,11,15,0.32,0.55,11.9
木柵站,2026/02/11 03:00,54,細懸浮微粒,7.4,11,15,0.32,0.65,10.5
木柵站,2026/02/11 04:00,50,細懸浮微粒,8.1,9,16,0.33,0.77,8.5
木柵站,2026/02/11 05:00,47,細懸浮微粒,7.8,9,15,0.33,0.81,8
木柵站,2026/02/11 06:00,49,細懸浮微粒,5.9,15,21,0.4,0.81,10.8
木柵站,2026/02/11 07:00,51,細懸浮微粒,4.1,17,30,0.59,1.18,12.5
木柵站,2026/02/11 08:00,57,細懸浮微粒,7.7,23,39,0.45,1.48,14.4
木柵站,2026/02/11 09:00,60,細懸浮微粒,23.6,17,39,0.34,1.75,13.7
木柵站,2026/02/11 10:00,61,細懸浮微粒,34.1,16,35,0.23,1.39,10.2
木柵站,2026/02/11 11:00,60,細懸浮微粒,31.6,15,26,0.23,0.93,10.1
木柵站,2026/02/11 12:00,56,細懸浮微粒,29.5,13,27,0.4,0.79,10.3
木柵站,2026/02/11 13:00,55,細懸浮微粒,30.2,13,27,0.39,0.74,7.8
木柵站,2026/02/11 14:00,53,細懸浮微粒,29,11,9,0.38,0.77,9.3
木柵站,2026/02/11 15:00,52,細懸浮微粒,30,11,26,0.39,0.75,9
木柵站,2026/02/11 16:00,55,細懸浮微粒,27.8,19,45,0.37,1.21,12.8
木柵站,2026/02/11 17:00,59,細懸浮微粒,26.9,21,51,0.41,0.96,14.8
木柵站,2026/02/11 18:00,64,細懸浮微粒,30,23,39,0.41,0.75,10.7
木柵站,2026/02/11 19:00,66,細懸浮微粒,28.3,17,29,0.47,0.76,10.7
木柵站,2026/02/11 20:00,65,細懸浮微粒,27.2,18,34,0.42,0.69,9.8
木柵站,2026/02/11 21:00,66,細懸浮微粒,27.8,21,50,0.45,0.62,9.3
木柵站,2026/02/11 23:00,68,細懸浮微粒,32.8,22,38,0.39,1.03,5.5
木柵站,2026/02/12 00:00,68,細懸浮微粒,37.9,18,33,0.37,0.95,4.5
木柵站,2026/02/12 01:00,67,細懸浮微粒,41.1,17,37,0.38,0.95,2.6
木柵站,2026/02/12 02:00,73,細懸浮微粒,43.9,29,58,0.34,0.79,2.5
木柵站,2026/02/12 03:00,79,細懸浮微粒,44.2,32,65,0.37,0.81,2.5
木柵站,2026/02/12 04:00,83,細懸浮微粒,43.4,28,68,0.36,0.98,2.9
木柵站,2026/02/12 05:00,89,細懸浮微粒,42.6,29,70,0.37,0.94,3.8
木柵站,2026/02/12 06:00,90,細懸浮微粒,35.3,30,68,0.41,0.83,10.7
木柵站,2026/02/12 07:00,89,細懸浮微粒,29.1,26,60,0.39,0.98,14.8
木柵站,2026/02/12 08:00,88,細懸浮微粒,35.2,24,63,0.39,1.29,8.6
木柵站,2026/02/12 09:00,87,細懸浮微粒,39.2,25,58,0.34,1.19,6.3
木柵站,2026/02/12 10:00,83,細懸浮微粒,-,19,59,-,-,-
木柵站,2026/02/12 11:00,82,懸浮微粒,40.1,19,60,0.31,0.82,5.6
木柵站,2026/02/12 12:00,82,懸浮微粒,40.3,14,54,0.34,0.86,5
木柵站,2026/02/12 13:00,81,懸浮微粒,40.4,15,48,0.32,0.79,4.5
木柵站,2026/02/12 14:00,78,懸浮微粒,38.5,13,42,0.32,1.04,4.8
木柵站,2026/02/12 15:00,75,懸浮微粒,37.4,13,45,0.32,0.95,5.2
木柵站,2026/02/12 16:00,73,懸浮微粒,34.9,14,48,0.38,1.24,7.9
木柵站,2026/02/12 17:00,72,懸浮微粒,32.6,17,47,0.41,1.23,10.4
木柵站,2026/02/12 18:00,71,懸浮微粒,34.4,13,43,0.4,1.01,8.2
木柵站,2026/02/12 19:00,70,懸浮微粒,36,16,41,0.39,0.91,7.1
木柵站,2026/02/12 20:00,68,懸浮微粒,35.9,15,40,0.39,0.69,7.5
木柵站,2026/02/12 21:00,65,懸浮微粒,35.4,15,38,0.37,0.49,7.1
木柵站,2026/02/12 22:00,63,懸浮微粒,34,13,36,0.36,0.74,6.4
木柵站,2026/02/12 23:00,60,懸浮微粒,32.6,12,27,0.36,0.68,5.2
木柵站,2026/02/13 00:00,57,懸浮微粒,30.7,16,30,0.33,0.96,3.9
木柵站,2026/02/13 01:00,57,細懸浮微粒,24.1,19,24,0.35,0.74,5.1
木柵站,2026/02/13 02:00,55,細懸浮微粒,18.2,9,25,0.34,0.78,6.4
木柵站,2026/02/13 03:00,54,細懸浮微粒,16.7,10,25,0.33,0.91,6.3
木柵站,2026/02/13 04:00,54,細懸浮微粒,13,16,21,0.37,0.91,8.9
木柵站,2026/02/13 05:00,50,細懸浮微粒,9.1,9,25,0.39,0.88,10.3
木柵站,2026/02/13 06:00,52,細懸浮微粒,5.9,15,25,0.44,0.63,11.6
木柵站,2026/02/13 07:00,52,細懸浮微粒,5.3,12,22,0.52,0.86,15.2
木柵站,2026/02/13 08:00,49,細懸浮微粒,13.6,10,23,0.38,1.04,10.6
木柵站,2026/02/13 09:00,50,細懸浮微粒,17.8,12,28,0.4,1.15,12.6
木柵站,2026/02/13 10:00,52,細懸浮微粒,23.4,19,32,0.42,1.45,14.6
木柵站,2026/02/13 11:00,56,細懸浮微粒,32.9,20,36,0.38,1.7,14.9
木柵站,2026/02/13 12:00,54,細懸浮微粒,47.9,8,25,0.35,1.17,10.2
木柵站,2026/02/13 13:00,58,細懸浮微粒,62.9,21,49,0.45,1.66,16
木柵站,2026/02/13 14:00,62,細懸浮微粒,61.5,25,55,0.45,2.09,18.7
木柵站,2026/02/13 15:00,65,細懸浮微粒,56,25,53,0.43,1.75,18.1
木柵站,2026/02/13 16:00,71,細懸浮微粒,47.3,23,52,0.38,2.69,20.1
木柵站,2026/02/13 17:00,70,細懸浮微粒,32.5,15,49,0.44,1.64,27.4
木柵站,2026/02/13 18:00,69,細懸浮微粒,21.9,20,45,0.47,1.14,26.5
木柵站,2026/02/13 19:00,68,細懸浮微粒,12.4,21,39,0.56,1.01,29.5
木柵站,2026/02/13 20:00,67,細懸浮微粒,11.1,16,28,0.43,0.81,24
木柵站,2026/02/13 21:00,69,細懸浮微粒,10.6,20,22,0.39,0.58,19.7
木柵站,2026/02/13 22:00,66,細懸浮微粒,10.3,13,21,0.36,0.79,16.5
木柵站,2026/02/13 23:00,61,細懸浮微粒,8.5,10,23,0.35,0.67,15.9
木柵站,2026/02/14 00:00,59,細懸浮微粒,7.3,10,16,0.43,0.47,15.2
木柵站,2026/02/14 01:00,56,細懸浮微粒,7.2,14,17,0.44,0.79,14.4
木柵站,2026/02/14 02:00,54,細懸浮微粒,7.8,10,24,0.42,0.63,11.6
木柵站,2026/02/14 03:00,52,細懸浮微粒,6.5,10,20,0.42,0.51,10.1
木柵站,2026/02/14 04:00,51,細懸浮微粒,5.6,11,20,0.38,0.72,9.5
木柵站,2026/02/14 05:00,50,細懸浮微粒,3.9,13,26,0.44,0.76,10.3
木柵站,2026/02/14 06:00,49,細懸浮微粒,3.7,11,24,0.4,0.96,9.8
木柵站,2026/02/14 07:00,52,細懸浮微粒,5.7,18,21,0.39,0.85,8.8
木柵站,2026/02/14 08:00,54,細懸浮微粒,11.8,16,26,0.4,0.85,8.2
木柵站,2026/02/14 09:00,53,細懸浮微粒,19.2,14,28,0.34,0.79,7.5
木柵站,2026/02/14 10:00,55,細懸浮微粒,27.3,15,26,0.34,1.03,8.2
木柵站,2026/02/14 11:00,53,細懸浮微粒,43.4,11,26,0.27,1.4,7.8
木柵站,2026/02/14 12:00,54,細懸浮微粒,55.8,18,36,0.41,1.31,7.5
木柵站,2026/02/14 13:00,57,細懸浮微粒,66.7,20,33,0.44,1.23,7.6
木柵站,2026/02/14 14:00,61,細懸浮微粒,75,23,45,0.51,1.22,12.8
木柵站,2026/02/14 15:00,65,細懸浮微粒,66.1,19,43,0.48,1.19,13.1
木柵站,2026/02/14 16:00,69,細懸浮微粒,53.1,24,41,0.35,2.35,15.4
木柵站,2026/02/14 17:00,69,細懸浮微粒,39.4,19,37,0.32,1.89,15.8
木柵站,2026/02/14 18:00,71,細懸浮微粒,33.1,24,32,0.4,0.98,17.7
木柵站,2026/02/14 19:00,69,細懸浮微粒,23.1,15,28,0.5,0.54,21.6
木柵站,2026/02/14 20:00,67,細懸浮微粒,21.5,17,33,0.46,1.06,17.7
木柵站,2026/02/14 21:00,67,細懸浮微粒,17.4,17,26,0.46,1.08,17.2
木柵站,2026/02/14 22:00,65,細懸浮微粒,16.7,18,27,0.43,0.66,16
木柵站,2026/02/14 23:00,67,細懸浮微粒,18.3,19,29,0.36,0.29,10.7
木柵站,2026/02/15 00:00,66,細懸浮微粒,12.6,14,29,0.44,0.75,13.2
木柵站,2026/02/15 01:00,66,細懸浮微粒,13.1,19,27,0.38,0.95,8.5
木柵站,2026/02/15 02:00,63,細懸浮微粒,13.8,12,26,0.36,0.78,7.4
木柵站,2026/02/15 03:00,62,細懸浮微粒,12.9,16,18,0.33,0.63,5.8
木柵站,2026/02/15 04:00,62,細懸浮微粒,11,18,28,0.39,0.87,6.6
木柵站,2026/02/15 05:00,62,細懸浮微粒,9.9,18,22,0.39,1,6.3
木柵站,2026/02/15 06:00,62,細懸浮微粒,7.9,15,19,0.46,0.56,7
木柵站,2026/02/15 07:00,60,細懸浮微粒,10.4,13,24,0.39,0.79,6.7
木柵站,2026/02/15 08:00,57,細懸浮微粒,18.9,11,22,0.45,0.58,5.9
木柵站,2026/02/15 09:00,57,細懸浮微粒,29.5,17,26,0.47,0.12,5.6
木柵站,2026/02/15 10:00,56,細懸浮微粒,38.7,13,30,0.44,1.53,6.6
木柵站,2026/02/15 11:00,55,細懸浮微粒,46.5,12,22,0.44,2.03,7.9
木柵站,2026/02/15 12:00,56,細懸浮微粒,50.9,14,25,0.34,1.57,6.7
木柵站,2026/02/15 13:00,56,細懸浮微粒,51,18,30,0.33,2.51,8.3
木柵站,2026/02/15 14:00,59,細懸浮微粒,48.6,19,31,0.28,3.55,8.5
木柵站,2026/02/15 15:00,57,細懸浮微粒,44.5,10,22,0.28,3.62,8
木柵站,2026/02/15 16:00,57,細懸浮微粒,41.1,15,26,0.32,3.02,7.6
木柵站,2026/02/15 17:00,53,細懸浮微粒,38,9,25,0.23,0.86,3
木柵站,2026/02/15 18:00,53,細懸浮微粒,33.5,17,29,0.38,0.88,13.9
木柵站,2026/02/15 19:00,57,細懸浮微粒,19.5,21,41,0.47,0.9,21.1
木柵站,2026/02/15 20:00,60,細懸浮微粒,13.8,20,33,0.51,0.9,19.7
木柵站,2026/02/15 21:00,61,細懸浮微粒,11.5,13,23,0.47,1.07,16.7
木柵站,2026/02/15 22:00,58,細懸浮微粒,11.9,10,28,0.43,1.02,13.1
木柵站,2026/02/15 23:00,54,細懸浮微粒,11.4,10,19,0.4,0.87,11.7
木柵站,2026/02/16 00:00,50,細懸浮微粒,9.5,10,21,0.36,1.05,10.2
木柵站,2026/02/16 01:00,51,細懸浮微粒,8.2,15,22,0.42,0.94,10.7
木柵站,2026/02/16 02:00,60,細懸浮微粒,11.4,33,48,0.49,1.04,16.1
木柵站,2026/02/16 03:00,76,細懸浮微粒,12.4,43,61,0.46,0.94,13.2
木柵站,2026/02/16 04:00,93,細懸浮微粒,11.9,49,61,0.44,0.94,10.7
木柵站,2026/02/16 05:00,104,細懸浮微粒,10.5,39,54,0.42,1.09,9.2
木柵站,2026/02/16 06:00,108,細懸浮微粒,12.8,37,52,0.39,0.98,8
木柵站,2026/02/16 07:00,105,細懸浮微粒,15,31,44,0.37,0.87,7.2
木柵站,2026/02/16 08:00,101,細懸浮微粒,17.4,32,42,0.38,0.73,6.8
木柵站,2026/02/16 09:00,102,細懸浮微粒,18.5,34,45,0.38,1.03,7.1
木柵站,2026/02/16 10:00,101,細懸浮微粒,21.3,29,50,0.51,0.8,11
木柵站,2026/02/16 11:00,104,細懸浮微粒,28,33,38,0.49,0.86,11.2
木柵站,2026/02/16 12:00,102,細懸浮微粒,39.4,21,30,0.36,1.49,9.1
木柵站,2026/02/16 13:00,95,細懸浮微粒,37.9,15,34,0.32,1.34,8.3
木柵站,2026/02/16 14:00,89,細懸浮微粒,38.6,16,43,0.31,0.95,7.4
木柵站,2026/02/16 15:00,85,細懸浮微粒,49.4,28,71,0.3,0.4,4.3
木柵站,2026/02/16 16:00,87,細懸浮微粒,52.8,31,78,0.4,0.82,4.8
木柵站,2026/02/16 17:00,89,細懸浮微粒,46.6,25,55,0.41,0.84,5.1
木柵站,2026/02/16 18:00,87,細懸浮微粒,43.2,17,40,0.35,0.71,3.5
木柵站,2026/02/16 19:00,83,細懸浮微粒,42.1,21,40,0.35,0.92,3.8
木柵站,2026/02/16 20:00,76,細懸浮微粒,41.7,16,44,0.33,0.98,4
木柵站,2026/02/16 21:00,72,細懸浮微粒,39.9,19,36,0.34,0.78,4.8
木柵站,2026/02/16 22:00,71,細懸浮微粒,39.3,18,27,0.34,0.97,4.7
木柵站,2026/02/16 23:00,68,細懸浮微粒,43,17,22,0.35,0.67,3.4
木柵站,2026/02/17 00:00,68,細懸浮微粒,45.7,17,25,0.35,0.87,2.9
木柵站,2026/02/17 01:00,62,細懸浮微粒,48.7,6,9,0.39,0.85,2.2
木柵站,2026/02/17 02:00,57,細懸浮微粒,46.7,6,10,0.35,0.93,2.1
木柵站,2026/02/17 03:00,50,細懸浮微粒,44.4,5,9,0.32,0.94,2
木柵站,2026/02/17 04:00,40,臭氧8小時,41.1,2,10,0.29,0.78,1.7
木柵站,2026/02/17 05:00,40,臭氧8小時,40,4,11,0.3,0.89,2.1
木柵站,2026/02/17 06:00,40,臭氧8小時,36.8,6,12,0.27,0.72,3.1
木柵站,2026/02/17 07:00,39,臭氧8小時,33.4,5,12,0.32,0.46,5.8
木柵站,2026/02/17 08:00,37,臭氧8小時,31.8,4,20,0.34,0.74,5.6
木柵站,2026/02/17 09:00,36,臭氧8小時,32.6,6,13,0.32,1.17,5.8
木柵站,2026/02/17 10:00,34,臭氧8小時,32.9,10,12,0.3,1.23,5
木柵站,2026/02/17 11:00,33,臭氧8小時,35,9,9,0.31,0.95,5.5
木柵站,2026/02/17 12:00,32,臭氧8小時,34.9,6,9,0.3,1.06,4.9
木柵站,2026/02/17 13:00,31,臭氧8小時,30.2,6,8,0.27,1.11,5.2
木柵站,2026/02/17 14:00,31,臭氧8小時,33.5,5,10,0.3,1.04,5.9
木柵站,2026/02/17 15:00,30,臭氧8小時,32.4,6,17,0.28,1.23,5.5
木柵站,2026/02/17 16:00,31,臭氧8小時,32,9,15,0.32,1.08,6
木柵站,2026/02/17 17:00,30,臭氧8小時,29.7,8,15,0.35,0.98,5.7
木柵站,2026/02/17 18:00,31,細懸浮微粒,29.6,10,23,0.34,1.09,5.9
木柵站,2026/02/17 19:00,34,細懸浮微粒,31.2,10,22,0.33,0.62,3.9
木柵站,2026/02/17 20:00,38,細懸浮微粒,30.6,14,14,0.32,1.03,4
木柵站,2026/02/17 21:00,40,細懸浮微粒,31.1,11,15,0.3,1.1,4.5
木柵站,2026/02/17 22:00,42,細懸浮微粒,31.6,12,16,0.31,0.74,3
木柵站,2026/02/17 23:00,39,細懸浮微粒,29.6,6,18,0.34,0.63,3.4
木柵站,2026/02/18 00:00,33,細懸浮微粒,27.8,3,13,0.32,0.61,3.3
木柵站,2026/02/18 01:00,31,細懸浮微粒,27.6,7,13,0.34,0.66,3.1
木柵站,2026/02/18 02:00,28,臭氧8小時,32,4,10,0.34,1.16,2.3
木柵站,2026/02/18 03:00,28,臭氧8小時,32.9,6,10,0.3,1.37,1.8
木柵站,2026/02/18 04:00,28,臭氧8小時,32.7,6,23,0.34,1.01,1.9
木柵站,2026/02/18 05:00,32,細懸浮微粒,32,13,28,0.34,0.99,2
木柵站,2026/02/18 06:00,33,細懸浮微粒,32.4,8,26,0.34,0.77,2.8
木柵站,2026/02/18 07:00,37,懸浮微粒,-,10,30,0.38,0.53,4.6
木柵站,2026/02/18 08:00,41,懸浮微粒,-,8,33,0.32,0.85,5.2
木柵站,2026/02/18 09:00,41,懸浮微粒,39.3,8,27,0.31,0.87,4.4
木柵站,2026/02/18 10:00,44,懸浮微粒,43.9,11,34,0.29,0.69,4.4
木柵站,2026/02/18 11:00,45,懸浮微粒,41,11,31,0.32,0.52,4.8
木柵站,2026/02/18 12:00,46,懸浮微粒,45.5,12,31,0.28,0.51,5.2
木柵站,2026/02/18 13:00,50,懸浮微粒,39.6,16,37,0.29,0.46,5.7
木柵站,2026/02/18 14:00,52,懸浮微粒,39.5,15,37,0.33,0.88,5.5
木柵站,2026/02/18 15:00,54,細懸浮微粒,46.9,21,37,0.33,1.28,5.6
木柵站,2026/02/18 16:00,59,細懸浮微粒,41.4,21,39,0.4,1.08,6.9
木柵站,2026/02/18 17:00,64,細懸浮微粒,40.2,26,40,0.41,1.17,7.7
木柵站,2026/02/18 18:00,67,細懸浮微粒,49.5,21,40,0.37,1.03,5.3
木柵站,2026/02/18 19:00,70,細懸浮微粒,45.3,25,44,0.44,0.55,5.7
木柵站,2026/02/18 20:00,72,細懸浮微粒,50.3,21,37,0.38,0.76,4.2
木柵站,2026/02/18 21:00,74,細懸浮微粒,58.2,26,43,0.35,1.05,3.7
木柵站,2026/02/18 22:00,76,細懸浮微粒,58.5,22,50,0.41,1.19,3.7
木柵站,2026/02/18 23:00,77,細懸浮微粒,57.5,24,42,0.42,1.05,3.4
木柵站,2026/02/19 00:00,78,細懸浮微粒,57.5,22,45,0.37,0.71,3.1
木柵站,2026/02/19 01:00,80,細懸浮微粒,55.4,28,50,0.38,0.63,2.5
木柵站,2026/02/19 02:00,83,細懸浮微粒,56.7,26,50,0.37,0.92,2.5
木柵站,2026/02/19 03:00,82,細懸浮微粒,57.7,22,39,0.32,0.79,2.2
木柵站,2026/02/19 04:00,83,細懸浮微粒,55.4,22,40,0.35,0.96,2.4
木柵站,2026/02/19 05:00,80,細懸浮微粒,56,23,40,0.36,0.92,2.6
木柵站,2026/02/19 06:00,81,細懸浮微粒,52.7,26,47,0.34,1.05,4.4
木柵站,2026/02/19 07:00,82,細懸浮微粒,-,24,44,0.39,1.1,7.1
木柵站,2026/02/19 08:00,81,細懸浮微粒,33.4,21,47,0.41,1.03,7.4
木柵站,2026/02/19 09:00,80,細懸浮微粒,33.2,22,51,0.41,0.92,8
木柵站,2026/02/19 10:00,79,細懸浮微粒,34.1,21,53,0.34,0.85,8.2
木柵站,2026/02/19 11:00,78,細懸浮微粒,34.8,22,43,0.33,0.7,7.7
木柵站,2026/02/19 12:00,79,細懸浮微粒,34.9,24,48,0.36,0.61,7.3
木柵站,2026/02/19 13:00,77,細懸浮微粒,35.4,20,39,0.36,0.44,5.9
木柵站,2026/02/19 14:00,76,細懸浮微粒,39.9,20,48,0.32,0.8,3.3
木柵站,2026/02/19 15:00,73,細懸浮微粒,42.2,15,45,0.32,0.79,3.2
木柵站,2026/02/19 16:00,67,細懸浮微粒,38.8,11,46,0.41,0.71,7.7
木柵站,2026/02/19 17:00,67,細懸浮微粒,34.1,21,38,0.41,0.83,9.3
木柵站,2026/02/19 18:00,68,細懸浮微粒,30.9,22,30,0.43,0.98,10.3
木柵站,2026/02/19 19:00,67,細懸浮微粒,27.9,15,31,0.43,1.24,8.5
木柵站,2026/02/19 20:00,69,細懸浮微粒,16.3,18,28,0.48,0.53,14.7
木柵站,2026/02/19 21:00,69,細懸浮微粒,19.7,21,34,0.41,0.3,11.7
木柵站,2026/02/19 22:00,65,細懸浮微粒,15.7,15,27,0.41,0.57,10.9
木柵站,2026/02/19 23:00,66,細懸浮微粒,14.5,19,33,0.43,0.35,10.7
木柵站,2026/02/20 00:00,69,細懸浮微粒,10.7,26,26,0.4,0.7,10.8
木柵站,2026/02/20 01:00,68,細懸浮微粒,11.6,17,19,0.4,1.19,7.9
木柵站,2026/02/20 02:00,69,細懸浮微粒,10.8,19,24,0.38,0.61,6.6
木柵站,2026/02/20 03:00,68,細懸浮微粒,11.5,16,25,0.35,0.36,5.6
木柵站,2026/02/20 04:00,64,細懸浮微粒,9.5,13,23,0.33,0.57,6.1
木柵站,2026/02/20 05:00,62,細懸浮微粒,9.9,15,21,0.3,0.6,5.2
木柵站,2026/02/20 06:00,61,細懸浮微粒,8.1,17,21,0.33,0.84,7.9
木柵站,2026/02/20 07:00,62,細懸浮微粒,20.8,18,32,0.27,0.91,6.2
木柵站,2026/02/20 08:00,64,細懸浮微粒,24.2,19,28,0.34,1.29,6.1
木柵站,2026/02/20 09:00,67,細懸浮微粒,28.3,22,38,0.34,1.1,6.5
木柵站,2026/02/20 10:00,73,細懸浮微粒,31.5,29,45,0.37,0.82,6.2
木柵站,2026/02/20 11:00,75,細懸浮微粒,35,24,39,0.38,0.46,6.3
木柵站,2026/02/20 12:00,77,細懸浮微粒,37.8,25,49,0.33,0.98,7
木柵站,2026/02/20 13:00,81,細懸浮微粒,39.1,28,50,0.36,0.76,8.3
木柵站,2026/02/20 14:00,78,細懸浮微粒,34.9,21,43,0.33,1.23,9.9
木柵站,2026/02/20 15:00,78,細懸浮微粒,38,21,42,0.29,1.09,7
木柵站,2026/02/20 16:00,76,細懸浮微粒,39.4,19,35,0.33,1.33,5.8
木柵站,2026/02/20 17:00,76,細懸浮微粒,36.2,25,47,0.39,1.86,9.2
木柵站,2026/02/20 18:00,78,細懸浮微粒,32.5,23,41,0.41,1.77,9.9
木柵站,2026/02/20 19:00,79,細懸浮微粒,30.2,22,35,0.39,1.48,10.6
木柵站,2026/02/20 20:00,79,細懸浮微粒,27.4,20,34,0.36,0.59,10.5
木柵站,2026/02/20 21:00,79,細懸浮微粒,26.8,23,40,0.36,0.31,9.1
木柵站,2026/02/20 22:00,78,細懸浮微粒,26.8,24,37,0.36,0.78,7.8
木柵站,2026/02/20 23:00,77,細懸浮微粒,23.6,19,36,0.35,1.01,6.9
木柵站,2026/02/21 00:00,75,細懸浮微粒,18.6,18,32,0.37,0.71,6.8
木柵站,2026/02/21 01:00,72,細懸浮微粒,12.9,18,26,0.47,0.4,9
木柵站,2026/02/21 02:00,71,細懸浮微粒,13.4,20,28,0.42,0.58,5.9
木柵站,2026/02/21 03:00,70,細懸浮微粒,9.8,18,27,0.42,0.28,6.2
木柵站,2026/02/21 04:00,68,細懸浮微粒,7.8,14,28,0.35,0.34,6.1
木柵站,2026/02/21 05:00,65,細懸浮微粒,7.5,14,27,0.31,0.39,4.8
木柵站,2026/02/21 06:00,64,細懸浮微粒,5.2,18,22,0.31,1.03,6.8
木柵站,2026/02/21 07:00,63,細懸浮微粒,5.2,16,24,0.34,1,6.9
木柵站,2026/02/21 08:00,63,細懸浮微粒,11.4,16,35,0.44,0.87,8.5
木柵站,2026/02/21 09:00,64,細懸浮微粒,24,18,37,0.39,1.19,7.2
木柵站,2026/02/21 10:00,65,細懸浮微粒,32.7,21,44,0.3,2.09,6.3
木柵站,2026/02/21 11:00,66,細懸浮微粒,35,19,31,0.28,3.87,7.1
木柵站,2026/02/21 12:00,66,細懸浮微粒,41.2,17,38,0.37,2.55,5.8
木柵站,2026/02/21 13:00,67,細懸浮微粒,48.7,20,41,0.45,1.61,6.8
木柵站,2026/02/21 14:00,65,細懸浮微粒,41.6,18,42,0.42,3.56,10.5
木柵站,2026/02/21 15:00,62,細懸浮微粒,38.3,11,36,0.4,2.74,11.5
木柵站,2026/02/21 16:00,63,細懸浮微粒,33.8,19,36,0.42,1.73,13.4
木柵站,2026/02/21 17:00,65,細懸浮微粒,30.2,22,45,0.44,1.05,14.6
木柵站,2026/02/21 18:00,68,細懸浮微粒,27.4,24,43,0.47,0.94,15.4
木柵站,2026/02/21 19:00,74,細懸浮微粒,22.4,26,46,0.53,0.73,16.5
木柵站,2026/02/21 20:00,72,細懸浮微粒,9.4,15,24,0.44,0.82,18.2
木柵站,2026/02/21 21:00,71,細懸浮微粒,5.5,17,34,0.43,0.69,17.5
木柵站,2026/02/21 22:00,68,細懸浮微粒,5.3,17,25,0.4,0.95,14.9
木柵站,2026/02/21 23:00,62,細懸浮微粒,5.6,12,27,0.38,1.08,11.9
木柵站,2026/02/22 00:00,64,細懸浮微粒,5.4,19,24,0.41,1.21,10.2
木柵站,2026/02/22 01:00,61,細懸浮微粒,4.9,12,24,0.44,1.08,8.8
木柵站,2026/02/22 02:00,63,細懸浮微粒,5.2,21,23,0.4,0.97,6.6
木柵站,2026/02/22 03:00,65,細懸浮微粒,4.8,17,23,0.4,0.87,6.2
木柵站,2026/02/22 04:00,62,細懸浮微粒,4.7,13,23,0.36,1.11,5.9
木柵站,2026/02/22 05:00,63,細懸浮微粒,3.8,15,23,0.34,1.08,6.6
木柵站,2026/02/22 06:00,59,細懸浮微粒,3.1,14,29,0.4,0.74,8.3
木柵站,2026/02/22 07:00,57,細懸浮微粒,3.1,16,27,0.44,1.2,10.2
木柵站,2026/02/22 08:00,58,細懸浮微粒,5.7,15,42,0.46,0.89,9.5
木柵站,2026/02/22 09:00,60,細懸浮微粒,16.4,19,35,0.41,0.69,7.9
木柵站,2026/02/22 10:00,63,細懸浮微粒,32.7,21,42,0.33,1.58,6
木柵站,2026/02/22 11:00,65,細懸浮微粒,39,19,35,0.3,1.75,4.7
木柵站,2026/02/22 12:00,68,細懸浮微粒,44.9,23,41,0.41,1.45,6.8
木柵站,2026/02/22 13:00,68,細懸浮微粒,49.6,17,38,0.4,1.42,6.9
木柵站,2026/02/22 14:00,70,細懸浮微粒,58.5,26,43,0.45,1.65,8.1
木柵站,2026/02/22 15:00,71,細懸浮微粒,48.2,21,36,0.43,2.9,12.5
木柵站,2026/02/22 16:00,73,細懸浮微粒,36.1,24,39,0.4,2.69,15.7
木柵站,2026/02/22 17:00,79,細懸浮微粒,35.8,30,47,0.31,1.06,12.1
木柵站,2026/02/22 18:00,80,細懸浮微粒,35.6,26,44,0.32,1.17,10.1
木柵站,2026/02/22 19:00,82,細懸浮微粒,37.1,24,39,0.33,1.2,8.6
木柵站,2026/02/22 20:00,83,細懸浮微粒,38.2,23,37,0.4,1.28,7.3
木柵站,2026/02/22 21:00,83,細懸浮微粒,37.5,28,37,0.43,0.88,5.4
木柵站,2026/02/22 22:00,82,細懸浮微粒,37.7,21,30,0.43,0.97,4.2
木柵站,2026/02/22 23:00,77,細懸浮微粒,40,14,29,0.37,1.05,2.7
木柵站,2026/02/23 00:00,72,細懸浮微粒,39.4,11,30,0.37,0.81,2.1
木柵站,2026/02/23 01:00,68,細懸浮微粒,37.8,17,27,0.35,0.95,2
木柵站,2026/02/23 02:00,67,細懸浮微粒,36.9,19,29,0.34,0.84,1.6
木柵站,2026/02/23 03:00,67,細懸浮微粒,34,17,27,0.32,0.81,1.7
木柵站,2026/02/23 04:00,67,細懸浮微粒,31.7,13,23,0.31,0.62,1.7
木柵站,2026/02/23 05:00,65,細懸浮微粒,29.9,17,23,0.34,0.63,3.2
木柵站,2026/02/23 06:00,62,細懸浮微粒,28.6,15,40,0.36,0.96,6.3
木柵站,2026/02/23 07:00,61,細懸浮微粒,20.4,16,29,0.37,0.94,15.5
木柵站,2026/02/23 08:00,59,細懸浮微粒,26.1,11,27,0.33,1.27,8.8
木柵站,2026/02/23 09:00,55,細懸浮微粒,28.3,12,25,0.24,1.34,8.5
木柵站,2026/02/23 10:00,52,細懸浮微粒,29.9,10,33,0.25,0.98,7
木柵站,2026/02/23 11:00,47,細懸浮微粒,30.3,6,25,0.25,0.79,6.3
木柵站,2026/02/23 12:00,44,細懸浮微粒,32.2,6,15,0.24,0.95,3.3
木柵站,2026/02/23 13:00,41,懸浮微粒,32.7,7,18,0.23,1.08,3.7
木柵站,2026/02/23 14:00,36,細懸浮微粒,33,7,14,0.24,0.94,2.5
木柵站,2026/02/23 15:00,33,細懸浮微粒,32,4,15,0.23,0.88,2.5
木柵站,2026/02/23 16:00,34,懸浮微粒,31.9,6,20,0.31,0.96,1.8
木柵站,2026/02/23 17:00,35,懸浮微粒,31.9,5,25,0.3,0.97,3
木柵站,2026/02/23 18:00,35,懸浮微粒,33.6,8,19,0.29,0.93,2.6
木柵站,2026/02/23 19:00,34,懸浮微粒,34.3,8,17,0.33,1.06,2.5
木柵站,2026/02/23 20:00,33,懸浮微粒,33.4,8,18,0.34,0.86,2.3
木柵站,2026/02/23 21:00,33,細懸浮微粒,32.6,12,20,0.36,0.81,3
木柵站,2026/02/23 22:00,32,細懸浮微粒,31.6,7,16,0.36,1.08,3.2
木柵站,2026/02/23 23:00,31,懸浮微粒,31.4,3,22,0.35,1.08,2.6
木柵站,2026/02/24 00:00,33,懸浮微粒,27.6,8,23,0.34,0.9,5.1
木柵站,2026/02/24 01:00,38,懸浮微粒,22.3,10,38,0.49,0.81,8.3
木柵站,2026/02/24 02:00,42,懸浮微粒,18.5,12,29,0.43,0.92,6.3
木柵站,2026/02/24 03:00,42,懸浮微粒,14.5,16,22,0.41,1.04,6.4
木柵站,2026/02/24 04:00,45,細懸浮微粒,12.4,14,31,0.37,0.73,7.3
木柵站,2026/02/24 05:00,46,細懸浮微粒,5.5,10,33,0.37,0.89,12.8
木柵站,2026/02/24 06:00,50,細懸浮微粒,4.2,17,32,0.41,1.02,13.1
木柵站,2026/02/24 07:00,51,細懸浮微粒,4.9,16,25,0.43,1.45,13.5
木柵站,2026/02/24 08:00,51,細懸浮微粒,-,13,37,0.56,1.33,15.4
木柵站,2026/02/24 09:00,54,細懸浮微粒,10.8,16,36,0.45,1.15,12.4
木柵站,2026/02/24 10:00,52,細懸浮微粒,15,12,34,0.39,1.3,15.1
木柵站,2026/02/24 11:00,54,懸浮微粒,18,13,34,0.44,1.31,16.6
木柵站,2026/02/24 12:00,55,細懸浮微粒,20,17,37,0.43,1.15,20.5
木柵站,2026/02/24 13:00,59,細懸浮微粒,26.1,23,53,0.52,1.05,24.2
木柵站,2026/02/24 14:00,61,細懸浮微粒,-,-,-,-,-,-
木柵站,2026/02/24 15:00,64,細懸浮微粒,-,18,-,-,-,-
木柵站,2026/02/24 16:00,62,細懸浮微粒,16.2,14,-,0.39,0.94,24.1
木柵站,2026/02/24 17:00,59,細懸浮微粒,10.3,15,45,0.4,0.95,22.3
木柵站,2026/02/24 18:00,64,懸浮微粒,9.3,19,47,0.36,0.7,21.4
木柵站,2026/02/24 19:00,63,懸浮微粒,6.4,16,38,0.4,0.87,24.3
木柵站,2026/02/24 20:00,62,懸浮微粒,3.6,17,35,0.48,1.19,23.1
木柵站,2026/02/24 21:00,62,細懸浮微粒,3.7,17,34,0.45,0.95,19.5
木柵站,2026/02/24 22:00,64,細懸浮微粒,3.7,21,53,0.44,0.65,20.3
木柵站,2026/02/24 23:00,67,細懸浮微粒,8,21,55,0.35,0.88,15.2
木柵站,2026/02/25 00:00,67,細懸浮微粒,20.9,17,35,0.27,1.12,7.7
木柵站,2026/02/25 01:00,65,細懸浮微粒,26,15,31,0.29,1.38,5.3
木柵站,2026/02/25 02:00,58,細懸浮微粒,27.1,5,9,0.28,2,6
木柵站,2026/02/25 03:00,53,細懸浮微粒,32.4,8,12,0.26,1.45,3
木柵站,2026/02/25 04:00,47,細懸浮微粒,33.4,6,14,0.22,1.37,3.7
木柵站,2026/02/25 05:00,38,細懸浮微粒,32.1,2,9,0.25,1.3,4.6
木柵站,2026/02/25 06:00,34,細懸浮微粒,31.4,3,5,0.3,1.41,6.3
木柵站,2026/02/25 07:00,36,二氧化氮小時值,24,2,7,0.36,1.24,15.2
木柵站,2026/02/25 08:00,42,二氧化氮小時值,20,2,10,0.37,1.18,17.7
木柵站,2026/02/25 09:00,34,二氧化氮小時值,24.4,8,19,0.39,0.88,14.2
木柵站,2026/02/25 10:00,28,懸浮微粒,27.5,8,23,0.38,0.91,11.2
木柵站,2026/02/25 11:00,32,懸浮微粒,24,7,31,0.38,0.83,12.8
木柵站,2026/02/25 12:00,36,懸浮微粒,25.1,12,34,0.36,0.62,10.7
木柵站,2026/02/25 13:00,38,懸浮微粒,25.3,9,26,0.37,0.33,11
木柵站,2026/02/25 14:00,38,懸浮微粒,25.3,9,21,0.38,0.55,13.5
木柵站,2026/02/25 15:00,37,懸浮微粒,25.2,11,21,0.38,0.73,12.5
木柵站,2026/02/25 16:00,35,懸浮微粒,25.3,9,24,0.36,0.67,13.1
木柵站,2026/02/25 17:00,38,懸浮微粒,26.7,9,31,0.4,0.62,9.9
木柵站,2026/02/25 18:00,40,懸浮微粒,25.8,7,25,0.42,1.08,10
木柵站,2026/02/25 19:00,40,懸浮微粒,25.9,6,18,0.41,1.06,8.9
木柵站,2026/02/25 20:00,40,懸浮微粒,27.4,5,22,0.35,0.77,6.7
木柵站,2026/02/25 21:00,38,懸浮微粒,28.7,8,20,0.35,0.55,5.5
木柵站,2026/02/25 22:00,38,懸浮微粒,28.7,11,23,0.32,0.47,5.8
木柵站,2026/02/25 23:00,38,懸浮微粒,30.2,8,23,0.32,0.63,3.2
木柵站,2026/02/26 00:00,36,懸浮微粒,30,8,17,0.31,0.55,2.3
木柵站,2026/02/26 01:00,35,懸浮微粒,30.5,8,18,0.33,0.69,1.7
木柵站,2026/02/26 02:00,36,懸浮微粒,30.3,7,25,0.31,0.8,1.7
木柵站,2026/02/26 03:00,34,懸浮微粒,30.1,8,17,0.31,0.73,1.9
木柵站,2026/02/26 04:00,35,懸浮微粒,30.1,8,23,0.34,0.81,2
木柵站,2026/02/26 05:00,36,懸浮微粒,29.6,6,23,0.35,0.97,3.8
木柵站,2026/02/26 06:00,35,懸浮微粒,28.4,6,22,0.37,1.08,5.3
木柵站,2026/02/26 07:00,38,懸浮微粒,24.4,4,29,0.4,1,10.8
木柵站,2026/02/26 08:00,40,懸浮微粒,-,8,28,0.37,1.06,10.6
木柵站,2026/02/26 09:00,40,懸浮微粒,26.1,5,22,0.33,0.88,8.6
木柵站,2026/02/26 10:00,38,懸浮微粒,24.6,4,15,0.31,0.98,9.3
木柵站,2026/02/26 11:00,34,懸浮微粒,23.7,6,15,0.28,1.26,11.8
木柵站,2026/02/26 12:00,35,懸浮微粒,24.2,6,26,0.32,1.02,12.5
木柵站,2026/02/26 13:00,37,懸浮微粒,25.1,8,30,0.31,1.68,12.3
木柵站,2026/02/26 14:00,46,二氧化氮小時值,20.7,9,37,0.32,2.88,19.3
木柵站,2026/02/26 15:00,49,懸浮微粒,19.4,10,38,0.3,2.05,19.4
木柵站,2026/02/26 16:00,55,二氧化氮小時值,13.3,8,45,0.47,1.62,28.6
木柵站,2026/02/26 17:00,55,懸浮微粒,13.1,14,40,0.47,1.84,27.1
木柵站,2026/02/26 18:00,55,懸浮微粒,16.3,15,35,0.45,1.49,21.4
木柵站,2026/02/26 19:00,55,懸浮微粒,16,13,33,0.48,0.81,20.3
木柵站,2026/02/26 20:00,57,懸浮微粒,12.1,22,53,0.48,1.3,22.7
木柵站,2026/02/26 21:00,60,懸浮微粒,13.3,17,50,0.54,1.28,22.7
木柵站,2026/02/26 22:00,62,懸浮微粒,15.5,17,40,0.44,1.25,14.9
木柵站,2026/02/26 23:00,65,懸浮微粒,13.7,19,45,0.47,1.13,18
木柵站,2026/02/27 00:00,66,懸浮微粒,14.1,19,51,0.38,1.2,17.8
木柵站,2026/02/27 01:00,65,懸浮微粒,15,21,44,0.33,0.87,13.2
木柵站,2026/02/27 02:00,62,懸浮微粒,22.5,8,21,0.21,0.47,8
木柵站,2026/02/27 03:00,58,懸浮微粒,19.4,6,20,0.2,0.52,8.7
木柵站,2026/02/27 04:00,51,懸浮微粒,17.9,6,16,0.33,0.79,9.8
木柵站,2026/02/27 05:00,44,懸浮微粒,20.2,5,12,0.31,0.85,6.9
木柵站,2026/02/27 06:00,40,懸浮微粒,17.4,6,11,0.31,0.99,9.7
木柵站,2026/02/27 07:00,39,懸浮微粒,30.6,8,20,0.25,0.88,5.7
木柵站,2026/02/27 08:00,36,懸浮微粒,28.7,4,14,0.3,0.81,9.7
木柵站,2026/02/27 09:00,33,懸浮微粒,24.6,4,13,0.34,0.79,9.9
木柵站,2026/02/27 10:00,34,懸浮微粒,26.1,6,20,0.39,0.9,12.1
木柵站,2026/02/27 11:00,30,懸浮微粒,30.3,6,13,0.38,1.17,7.8
木柵站,2026/02/27 12:00,28,懸浮微粒,30.2,7,17,0.31,0.88,5.7
木柵站,2026/02/27 13:00,27,懸浮微粒,32.9,8,16,0.34,0.96,6.1
木柵站,2026/02/27 14:00,28,細懸浮微粒,33.2,10,18,0.38,1.22,9.9
木柵站,2026/02/27 15:00,34,細懸浮微粒,30.5,14,30,0.35,1.12,10.8
木柵站,2026/02/27 16:00,36,細懸浮微粒,31.1,10,24,0.36,0.91,10.2
木柵站,2026/02/27 17:00,40,細懸浮微粒,36.2,13,28,0.39,0.68,7
木柵站,2026/02/27 18:00,41,細懸浮微粒,37.3,11,25,0.38,0.85,7.4
木柵站,2026/02/27 19:00,41,細懸浮微粒,35.7,12,22,0.38,0.8,6.6
木柵站,2026/02/27 20:00,44,細懸浮微粒,29.8,13,23,0.38,1.29,7.7
木柵站,2026/02/27 21:00,43,細懸浮微粒,29.4,10,25,0.37,1.34,8
木柵站,2026/02/27 22:00,44,細懸浮微粒,28.4,11,24,0.39,1.1,7.7
木柵站,2026/02/27 23:00,41,細懸浮微粒,29.4,6,20,0.36,0.92,5.2
木柵站,2026/02/28 00:00,37,懸浮微粒,32,5,18,0.33,1.01,4.4
木柵站,2026/02/28 01:00,35,懸浮微粒,32.2,7,16,0.33,0.87,3
木柵站,2026/02/28 02:00,36,懸浮微粒,28.5,7,24,0.31,0.93,2.4
木柵站,2026/02/28 03:00,34,懸浮微粒,27.5,4,15,0.33,0.98,1.9
木柵站,2026/02/28 04:00,32,懸浮微粒,25.9,1,13,0.22,1.07,1.9
木柵站,2026/02/28 05:00,30,懸浮微粒,26.4,1,12,0.26,0.88,2.7
木柵站,2026/02/28 06:00,29,懸浮微粒,27.1,6,22,0.25,0.91,4
木柵站,2026/02/28 07:00,30,懸浮微粒,26.3,10,18,0.28,0.88,5.5
木柵站,2026/02/28 08:00,31,懸浮微粒,-,10,20,0.36,0.85,5.5
木柵站,2026/02/28 09:00,33,懸浮微粒,33.6,9,25,0.35,0.92,8.3
木柵站,2026/02/28 10:00,35,懸浮微粒,35.1,10,27,0.32,0.76,5.3
木柵站,2026/02/28 11:00,35,懸浮微粒,36.8,6,19,0.31,0.86,4.8
木柵站,2026/02/28 12:00,34,懸浮微粒,36.9,5,16,0.32,0.98,4.4
木柵站,2026/02/28 13:00,33,懸浮微粒,35.5,10,19,0.35,0.95,4.4
木柵站,2026/02/28 14:00,32,臭氧8小時,35.9,6,14,0.33,0.79,5.2
木柵站,2026/02/28 15:00,33,臭氧8小時,35,8,22,0.34,0.74,5.9
木柵站,2026/02/28 16:00,34,細懸浮微粒,33.1,12,18,0.34,0.78,7.4
木柵站,2026/02/28 17:00,34,細懸浮微粒,33,8,14,0.38,0.93,5.8
木柵站,2026/02/28 18:00,34,細懸浮微粒,31.3,6,13,0.36,0.91,7.3
木柵站,2026/02/28 19:00,31,臭氧8小時,26,3,14,0.4,0.68,9.3
木柵站,2026/02/28 20:00,29,臭氧8小時,24.6,2,16,0.36,0.82,7.6
木柵站,2026/02/28 21:00,28,臭氧8小時,26.1,6,13,0.36,0.92,7.7
木柵站,2026/02/28 22:00,27,臭氧8小時,25.8,4,19,0.36,0.92,7.9
木柵站,2026/02/28 23:00,27,懸浮微粒,26.9,3,18,0.33,0.85,4.7
木柵站,2026/03/01 00:00,26,臭氧8小時,30.4,4,8,0.29,1.01,2.9
木柵站,2026/03/01 01:00,25,臭氧8小時,28.7,4,11,0.32,1.21,2.9
木柵站,2026/03/01 02:00,25,臭氧8小時,23.4,6,12,0.33,0.67,3.1
木柵站,2026/03/01 03:00,24,臭氧8小時,21.7,4,9,0.32,0.47,3
木柵站,2026/03/01 04:00,24,臭氧8小時,22.7,6,10,0.34,0.84,2.2
木柵站,2026/03/01 05:00,23,臭氧8小時,20,6,12,0.32,1.06,4
木柵站,2026/03/01 06:00,23,臭氧8小時,21.5,5,14,0.33,0.93,4.3
木柵站,2026/03/01 07:00,23,懸浮微粒,28.8,8,21,0.32,0.88,5.4
木柵站,2026/03/01 08:00,53,二氧化氮小時值,28.4,-,-,0.41,1.04,25.5
木柵站,2026/03/01 09:00,30,二氧化氮小時值,35.2,1,15,0.38,1,12.5
木柵站,2026/03/01 10:00,30,二氧化氮小時值,31.5,2,18,0.32,1.58,12.7
木柵站,2026/03/01 11:00,36,二氧化氮小時值,31.5,5,11,0.32,1.54,15.1
木柵站,2026/03/01 12:00,46,二氧化氮小時值,27.6,9,14,0.34,1.07,19.2
木柵站,2026/03/01 13:00,52,二氧化氮小時值,25,7,14,0.34,1.18,24.5
木柵站,2026/03/01 14:00,52,二氧化氮小時值,24.5,6,17,0.33,1.45,24.1
木柵站,2026/03/01 15:00,53,二氧化氮小時值,22.3,9,18,0.33,1.36,26.5
木柵站,2026/03/01 16:00,55,二氧化氮小時值,20.6,11,24,0.4,1.31,29.3
木柵站,2026/03/01 17:00,53,二氧化氮小時值,22,15,37,0.44,1.59,25.6
木柵站,2026/03/01 18:00,37,細懸浮微粒,19.2,9,21,0.35,1.28,13.4
木柵站,2026/03/01 19:00,38,懸浮微粒,16,6,23,0.32,0.96,10.4
木柵站,2026/03/01 20:00,40,二氧化氮小時值,10.1,7,25,0.45,1.09,16.9
木柵站,2026/03/01 21:00,41,二氧化氮小時值,6.4,9,28,0.46,0.91,17.2
木柵站,2026/03/01 22:00,38,懸浮微粒,9,10,20,0.35,1.06,12.1
木柵站,2026/03/01 23:00,38,懸浮微粒,7.3,7,21,0.41,1.08,13
木柵站,2026/03/02 00:00,42,二氧化氮小時值,13.9,16,33,0.36,1.04,17.5
木柵站,2026/03/02 01:00,43,懸浮微粒,23.4,9,31,0.29,1.08,9.9
木柵站,2026/03/02 02:00,45,懸浮微粒,38.1,7,27,0.22,1.03,4.3
木柵站,2026/03/02 03:00,44,懸浮微粒,34.1,10,18,0.2,1.08,3.7
木柵站,2026/03/02 04:00,41,懸浮微粒,25.1,7,19,0.27,0.74,4.1
木柵站,2026/03/02 05:00,35,懸浮微粒,11.5,8,13,0.32,0.78,8.9
木柵站,2026/03/02 06:00,33,懸浮微粒,5.8,5,18,0.37,0.89,10.8
木柵站,2026/03/02 07:00,35,懸浮微粒,9,2,25,0.44,1.04,10.1
木柵站,2026/03/02 08:00,34,懸浮微粒,15,5,17,0.32,1.13,11.2
木柵站,2026/03/02 09:00,36,懸浮微粒,22.4,9,23,0.38,1.46,11.4
木柵站,2026/03/02 10:00,46,二氧化氮小時值,24.3,15,34,0.53,1.36,19.2
木柵站,2026/03/02 11:00,51,二氧化氮小時值,18.3,18,41,0.51,1.29,22.4
木柵站,2026/03/02 12:00,50,懸浮微粒,19.9,9,40,0.37,1.27,19.4
木柵站,2026/03/02 13:00,53,懸浮微粒,19.1,13,39,0.32,1.03,19.6
木柵站,2026/03/02 14:00,53,懸浮微粒,20.5,16,33,0.31,1.12,19.6
木柵站,2026/03/02 15:00,53,懸浮微粒,22.2,13,35,0.29,1,16.5
木柵站,2026/03/02 16:00,53,懸浮微粒,21.2,19,39,0.37,0.97,18.7
木柵站,2026/03/02 17:00,54,懸浮微粒,24.3,9,33,0.33,0.7,15.7
木柵站,2026/03/02 18:00,54,懸浮微粒,24.5,12,32,0.33,0.61,14.9
木柵站,2026/03/02 19:00,52,懸浮微粒,20.6,11,23,0.33,0.52,13.8
木柵站,2026/03/02 20:00,51,懸浮微粒,20.9,15,29,0.4,0.9,14
木柵站,2026/03/02 21:00,54,細懸浮微粒,36.1,18,20,0.41,1.44,8.1
木柵站,2026/03/02 22:00,53,細懸浮微粒,39.1,10,22,0.39,1.06,6.2
木柵站,2026/03/02 23:00,50,細懸浮微粒,42.2,6,13,0.31,1.41,4.3
木柵站,2026/03/03 00:00,48,細懸浮微粒,43,10,21,0.29,1.26,3.6
木柵站,2026/03/03 01:00,45,細懸浮微粒,41.4,13,27,0.32,1.07,3.2
木柵站,2026/03/03 02:00,46,細懸浮微粒,44.2,13,29,0.29,1.09,2.6
木柵站,2026/03/03 03:00,51,細懸浮微粒,43.9,16,33,0.27,0.94,2.1
木柵站,2026/03/03 04:00,53,細懸浮微粒,41.5,17,31,0.32,0.95,2.9
木柵站,2026/03/03 05:00,53,細懸浮微粒,37.9,11,35,0.36,1.55,4.6
木柵站,2026/03/03 06:00,53,細懸浮微粒,32.3,13,29,0.41,1.23,5.8
木柵站,2026/03/03 07:00,49,細懸浮微粒,27.8,7,28,0.45,1.41,8.7
木柵站,2026/03/03 08:00,48,細懸浮微粒,23.3,15,29,0.38,1.74,14
木柵站,2026/03/03 09:00,46,細懸浮微粒,20.5,10,23,0.35,1.33,16.3
木柵站,2026/03/03 10:00,44,細懸浮微粒,20.3,9,13,0.35,0.93,17.3
木柵站,2026/03/03 11:00,44,細懸浮微粒,22.2,7,20,0.31,0.87,14.8
木柵站,2026/03/03 12:00,39,細懸浮微粒,32,6,11,0.28,0.97,11.5
木柵站,2026/03/03 13:00,37,細懸浮微粒,37.8,8,11,0.27,1.09,9.9
木柵站,2026/03/03 14:00,32,細懸浮微粒,24.6,2,7,0.2,-,11.3
木柵站,2026/03/03 15:00,30,二氧化氮小時值,23.9,1,5,0.17,1.39,12.8
木柵站,2026/03/03 16:00,40,二氧化氮小時值,20.8,4,19,0.39,0.74,17
木柵站,2026/03/03 17:00,26,二氧化氮小時值,26.3,5,20,0.5,0.47,11
木柵站,2026/03/03 18:00,33,二氧化氮小時值,25.2,5,17,0.54,0.76,14
木柵站,2026/03/03 19:00,35,二氧化氮小時值,24.1,7,13,0.55,0.94,14.5
木柵站,2026/03/03 20:00,27,懸浮微粒,26.9,7,20,0.38,0.94,10.4
木柵站,2026/03/03 21:00,25,懸浮微粒,29,8,15,0.31,0.82,8.1
木柵站,2026/03/03 22:00,25,懸浮微粒,31.1,4,16,0.3,0.99,7.3
木柵站,2026/03/03 23:00,26,懸浮微粒,34.1,6,16,0.26,0.83,4
木柵站,2026/03/04 00:00,27,臭氧8小時,35.8,6,19,0.29,0.55,3
木柵站,2026/03/04 01:00,28,懸浮微粒,37.3,5,22,0.28,0.42,2.3
木柵站,2026/03/04 02:00,30,懸浮微粒,36.9,14,19,0.27,0.57,1.9
木柵站,2026/03/04 03:00,33,懸浮微粒,37.2,9,24,0.28,0.59,1.4
木柵站,2026/03/04 04:00,36,懸浮微粒,36.6,4,29,0.29,0.42,1.3
木柵站,2026/03/04 05:00,34,懸浮微粒,36.4,4,17,0.26,0.71,1.9
木柵站,2026/03/04 06:00,35,懸浮微粒,35.2,3,22,0.32,0.64,4.3
木柵站,2026/03/04 07:00,35,懸浮微粒,31.4,6,19,0.35,0.65,8.2
木柵站,2026/03/04 08:00,41,二氧化氮小時值,24.1,5,23,0.37,1.12,17.2
木柵站,2026/03/04 09:00,40,二氧化氮小時值,21.5,4,20,0.32,1.32,16.9
木柵站,2026/03/04 10:00,34,懸浮微粒,25.6,6,19,0.29,0.84,12.6
木柵站,2026/03/04 11:00,37,二氧化氮小時值,23.7,8,16,0.29,0.83,15.5
木柵站,2026/03/04 12:00,32,二氧化氮小時值,26.5,4,15,0.35,1.02,13.5
木柵站,2026/03/04 13:00,32,二氧化氮小時值,25.4,14,13,0.3,0.87,13.3
木柵站,2026/03/04 14:00,34,二氧化氮小時值,24.2,10,18,0.28,0.66,14.4
木柵站,2026/03/04 15:00,35,二氧化氮小時值,22.5,8,20,0.3,0.83,14.9
木柵站,2026/03/04 16:00,47,二氧化氮小時值,19.8,6,17,0.4,1.15,19.9
木柵站,2026/03/04 17:00,41,二氧化氮小時值,21.8,6,11,0.45,1.17,17.4
木柵站,2026/03/04 18:00,42,二氧化氮小時值,22.5,6,14,0.44,0.66,17.5
木柵站,2026/03/04 19:00,36,二氧化氮小時值,22,7,14,0.5,0.45,15.3
木柵站,2026/03/04 20:00,31,二氧化氮小時值,24.8,6,13,0.34,0.68,12.9
木柵站,2026/03/04 21:00,27,細懸浮微粒,24.5,6,15,0.34,0.63,11.1
木柵站,2026/03/04 22:00,28,細懸浮微粒,23.5,7,13,0.32,0.61,10.1
木柵站,2026/03/04 23:00,26,細懸浮微粒,20.3,4,10,0.26,0.75,7.6
木柵站,2026/03/05 00:00,23,細懸浮微粒,26.7,1,11,0.31,0.59,4.1
木柵站,2026/03/05 01:00,23,懸浮微粒,32.8,1,18,0.3,0.74,2.1
木柵站,2026/03/05 02:00,25,懸浮微粒,29.7,7,20,0.34,0.8,1.8
木柵站,2026/03/05 03:00,29,懸浮微粒,29.8,9,27,0.33,0.77,1.6
木柵站,2026/03/05 04:00,32,懸浮微粒,27,11,24,0.28,0.77,1.6
木柵站,2026/03/05 05:00,34,懸浮微粒,28.3,8,24,0.29,0.72,2.6
木柵站,2026/03/05 06:00,35,懸浮微粒,29.1,8,21,0.29,0.72,4.4
木柵站,2026/03/05 07:00,33,懸浮微粒,26.1,8,17,0.33,0.74,10.2
木柵站,2026/03/05 08:00,36,二氧化氮小時值,22.6,5,9,0.37,0.91,15.1
木柵站,2026/03/05 09:00,40,二氧化氮小時值,19.7,6,12,0.37,0.94,16.8
木柵站,2026/03/05 10:00,39,二氧化氮小時值,20.5,5,14,0.36,0.95,16.4
木柵站,2026/03/05 11:00,25,懸浮微粒,26.2,5,13,0.29,0.99,10
木柵站,2026/03/05 12:00,25,懸浮微粒,28.3,4,10,0.23,1.15,8.3
木柵站,2026/03/05 13:00,23,懸浮微粒,26.6,4,9,0.23,1.3,9.6
木柵站,2026/03/05 14:00,26,二氧化氮小時值,25.8,9,11,0.23,0.73,10.8
木柵站,2026/03/05 15:00,26,二氧化氮小時值,24.1,6,14,0.21,0.63,11.1
木柵站,2026/03/05 16:00,41,二氧化氮小時值,19.6,9,18,0.37,0.81,17.2
木柵站,2026/03/05 17:00,32,二氧化氮小時值,19.3,10,15,0.42,0.94,13.3
木柵站,2026/03/05 18:00,39,二氧化氮小時值,17.1,6,13,0.45,0.78,16.3
木柵站,2026/03/05 19:00,37,二氧化氮小時值,16.5,5,17,0.47,0.75,15.5
木柵站,2026/03/05 20:00,30,二氧化氮小時值,15,5,20,0.35,0.61,12.6
木柵站,2026/03/05 21:00,25,二氧化氮小時值,17.9,6,11,0.33,0.71,10.6
木柵站,2026/03/05 22:00,33,二氧化氮小時值,11.2,5,19,0.36,0.8,13.7
木柵站,2026/03/05 23:00,25,二氧化氮小時值,7.8,7,12,0.35,0.9,10.6
木柵站,2026/03/06 00:00,25,二氧化氮小時值,6.1,4,13,0.33,0.96,10.3
木柵站,2026/03/06 01:00,29,二氧化氮小時值,3.4,1,18,0.42,0.78,12.3
木柵站,2026/03/06 02:00,25,懸浮微粒,3.8,3,15,0.4,0.85,10.4
木柵站,2026/03/06 03:00,28,懸浮微粒,5.4,4,22,0.36,0.88,7.3
木柵站,2026/03/06 04:00,29,懸浮微粒,3.5,2,18,0.34,1.07,9.6
木柵站,2026/03/06 05:00,29,懸浮微粒,17.7,5,17,0.29,1.28,6.7
木柵站,2026/03/06 06:00,30,懸浮微粒,23.7,8,21,0.29,1.06,7.7
木柵站,2026/03/06 07:00,28,懸浮微粒,22.5,8,12,0.32,1.06,9.3
木柵站,2026/03/06 08:00,26,懸浮微粒,22,5,12,0.28,1.08,10.6
木柵站,2026/03/06 09:00,30,二氧化氮小時值,21.5,7,21,0.3,0.97,12.6
木柵站,2026/03/06 10:00,35,二氧化氮小時值,19.1,8,24,0.37,1.08,14.9
木柵站,2026/03/06 11:00,30,二氧化氮小時值,23.9,5,17,0.38,1.07,12.6
木柵站,2026/03/06 12:00,33,懸浮微粒,30.2,7,22,0.38,1.28,8.5
木柵站,2026/03/06 13:00,30,懸浮微粒,30.7,6,11,0.39,1.13,7.8
木柵站,2026/03/06 14:00,30,懸浮微粒,29.7,3,20,0.38,1.21,9.4
木柵站,2026/03/06 15:00,29,懸浮微粒,29.7,12,17,0.39,1.45,10.6
木柵站,2026/03/06 16:00,36,二氧化氮小時值,28.7,10,25,0.31,1.26,15.1
木柵站,2026/03/06 17:00,33,細懸浮微粒,35.4,10,20,0.32,1.06,10.1
木柵站,2026/03/06 18:00,40,細懸浮微粒,33.2,16,18,0.34,1.05,13
木柵站,2026/03/06 19:00,39,細懸浮微粒,33.1,9,24,0.29,1.26,11.4
木柵站,2026/03/06 20:00,44,細懸浮微粒,36.9,16,20,0.31,1.31,7.8
木柵站,2026/03/06 21:00,49,細懸浮微粒,38.5,17,36,0.35,0.79,6.2
木柵站,2026/03/06 22:00,50,細懸浮微粒,38.7,16,38,0.34,1.09,4.8
木柵站,2026/03/06 23:00,55,細懸浮微粒,39.1,19,50,0.34,1.24,4.1
木柵站,2026/03/07 00:00,58,細懸浮微粒,40.1,20,48,0.32,1.42,3.2
木柵站,2026/03/07 01:00,63,細懸浮微粒,41.9,25,50,0.32,1.24,2.3
木柵站,2026/03/07 02:00,66,細懸浮微粒,42.7,18,59,0.34,0.71,2.2
木柵站,2026/03/07 03:00,68,細懸浮微粒,42.6,22,57,0.37,0.76,2.1
木柵站,2026/03/07 04:00,72,懸浮微粒,43.9,23,69,0.34,0.87,2.1
木柵站,2026/03/07 05:00,77,懸浮微粒,43.7,24,68,0.33,1.01,2.4
木柵站,2026/03/07 06:00,80,懸浮微粒,42.1,23,66,0.32,0.61,3.2
木柵站,2026/03/07 07:00,81,懸浮微粒,39.4,21,55,0.35,0.6,5.8
木柵站,2026/03/07 08:00,82,懸浮微粒,38.7,23,62,0.35,0.8,6.6
木柵站,2026/03/07 09:00,81,懸浮微粒,38.9,27,57,0.35,0.88,6
木柵站,2026/03/07 10:00,81,懸浮微粒,40.3,24,55,0.32,0.97,5.4
木柵站,2026/03/07 11:00,83,懸浮微粒,38.7,25,65,0.33,0.94,7.6
木柵站,2026/03/07 12:00,84,細懸浮微粒,40.1,27,60,0.33,0.9,6.4
木柵站,2026/03/07 13:00,83,懸浮微粒,39,21,56,0.3,1.05,7.1
木柵站,2026/03/07 14:00,83,懸浮微粒,39.4,24,55,0.29,0.79,6.2
木柵站,2026/03/07 15:00,83,懸浮微粒,37.5,21,65,0.29,0.7,7.8
木柵站,2026/03/07 16:00,83,懸浮微粒,37.9,17,59,0.31,0.94,7.1
木柵站,2026/03/07 17:00,81,懸浮微粒,37.8,18,51,0.32,1.03,6.5
木柵站,2026/03/07 18:00,78,懸浮微粒,37,18,40,0.31,1.14,7
木柵站,2026/03/07 19:00,74,懸浮微粒,37.8,17,41,0.29,1.23,5.1
木柵站,2026/03/07 20:00,71,懸浮微粒,37.6,18,46,0.3,0.97,4.2
木柵站,2026/03/07 21:00,69,懸浮微粒,38.7,11,37,0.31,0.9,4
木柵站,2026/03/07 22:00,66,懸浮微粒,40.1,18,29,0.29,0.88,3.2
木柵站,2026/03/07 23:00,62,懸浮微粒,38.1,11,24,0.28,0.77,3
木柵站,2026/03/08 00:00,57,細懸浮微粒,36.4,12,23,0.27,0.62,2.5
木柵站,2026/03/08 01:00,55,細懸浮微粒,35.8,8,16,0.25,0.81,1.7
木柵站,2026/03/08 02:00,51,細懸浮微粒,38.8,11,19,0.22,0.99,0.9
木柵站,2026/03/08 03:00,51,細懸浮微粒,38.9,13,19,0.22,0.92,1.3
木柵站,2026/03/08 04:00,50,細懸浮微粒,38.6,11,24,0.29,0.75,1.3
木柵站,2026/03/08 05:00,49,細懸浮微粒,35.7,10,28,0.31,0.74,2.9
木柵站,2026/03/08 06:00,45,細懸浮微粒,31.6,6,24,0.31,0.77,5.7
木柵站,2026/03/08 07:00,42,懸浮微粒,31.9,5,23,0.32,1,5.6
木柵站,2026/03/08 08:00,41,懸浮微粒,35.5,12,26,0.31,1.1,4.1
木柵站,2026/03/08 09:00,42,懸浮微粒,36.1,10,31,0.27,1.01,4.4
木柵站,2026/03/08 10:00,47,懸浮微粒,33.6,13,45,0.27,0.97,8.4
木柵站,2026/03/08 11:00,51,懸浮微粒,36.3,16,41,0.28,1.07,6
木柵站,2026/03/08 12:00,51,懸浮微粒,37.1,11,22,0.33,0.78,5.2
木柵站,2026/03/08 13:00,50,懸浮微粒,36.6,14,26,0.36,1.21,6.1
木柵站,2026/03/08 14:00,50,細懸浮微粒,37.7,14,27,0.34,1.17,5.9
木柵站,2026/03/08 15:00,47,細懸浮微粒,36.3,10,19,0.36,1.11,7.7
木柵站,2026/03/08 16:00,46,懸浮微粒,32.8,6,32,0.37,0.89,10
木柵站,2026/03/08 17:00,43,懸浮微粒,31.4,4,18,0.36,0.84,10
木柵站,2026/03/08 18:00,40,懸浮微粒,29.2,8,14,0.42,0.93,10.2
木柵站,2026/03/08 19:00,37,懸浮微粒,30.6,8,11,0.38,0.89,7.9
木柵站,2026/03/08 20:00,33,細懸浮微粒,28.8,6,10,0.35,1.25,8.8
木柵站,2026/03/08 21:00,35,細懸浮微粒,31.8,8,14,0.32,1.15,6.5
木柵站,2026/03/08 22:00,34,細懸浮微粒,33.3,8,16,0.29,0.64,5.2
木柵站,2026/03/08 23:00,32,細懸浮微粒,34.1,7,14,0.27,0.59,3.6
木柵站,2026/03/09 00:00,31,細懸浮微粒,33.7,5,13,0.29,0.93,2.7
木柵站,2026/03/09 01:00,29,臭氧8小時,32.4,4,12,0.34,1.17,2.4
木柵站,2026/03/09 02:00,30,臭氧8小時,30.7,3,10,0.3,1.07,2
木柵站,2026/03/09 03:00,30,臭氧8小時,35.7,6,-,0.27,0.9,1.6
木柵站,2026/03/09 04:00,31,臭氧8小時,39.4,5,-,0.33,0.99,1.7
木柵站,2026/03/09 05:00,32,臭氧8小時,39.7,2,3,0.36,1,2
木柵站,2026/03/09 06:00,33,臭氧8小時,39.3,5,3,0.38,0.71,3.3
木柵站,2026/03/09 07:00,33,臭氧8小時,36.1,13,3,0.41,0.67,6.5
木柵站,2026/03/09 08:00,33,臭氧8小時,34.3,10,3,0.34,1.26,9
木柵站,2026/03/09 09:00,34,細懸浮微粒,30.9,13,22,0.34,1.62,13
木柵站,2026/03/09 10:00,38,細懸浮微粒,32.7,12,26,0.35,1.16,10.8
木柵站,2026/03/09 11:00,37,細懸浮微粒,34.6,10,21,0.37,0.94,9.7
木柵站,2026/03/09 12:00,42,細懸浮微粒,35.3,15,36,0.34,1.17,10
木柵站,2026/03/09 13:00,45,細懸浮微粒,37.4,16,30,0.32,1.32,8.5
木柵站,2026/03/09 14:00,49,細懸浮微粒,-,15,17,-,-,-
木柵站,2026/03/09 15:00,51,細懸浮微粒,-,14,26,0.27,1.83,10.3
木柵站,2026/03/09 16:00,50,細懸浮微粒,30.8,9,20,0.39,0.94,12.3
木柵站,2026/03/09 17:00,47,細懸浮微粒,34,8,33,0.49,0.57,10.2
木柵站,2026/03/09 18:00,44,細懸浮微粒,35.4,9,20,0.53,0.89,9.1
木柵站,2026/03/09 19:00,40,細懸浮微粒,38.7,8,9,0.49,1.2,6.7
木柵站,2026/03/09 20:00,42,細懸浮微粒,40.7,12,19,0.33,0.71,4.7
木柵站,2026/03/09 21:00,43,細懸浮微粒,38.9,10,20,0.35,0.61,6.4
木柵站,2026/03/09 22:00,42,細懸浮微粒,37.8,8,34,0.37,0.9,6.2
木柵站,2026/03/09 23:00,43,細懸浮微粒,39,11,16,0.38,0.87,3.9
木柵站,2026/03/10 00:00,44,細懸浮微粒,38.6,14,23,0.28,0.92,3.9
木柵站,2026/03/10 01:00,43,細懸浮微粒,40.2,9,32,0.24,0.92,2.2
木柵站,2026/03/10 02:00,44,細懸浮微粒,41.8,12,30,0.22,1.02,1.9
木柵站,2026/03/10 03:00,45,懸浮微粒,41.2,11,34,0.27,0.85,1.7
木柵站,2026/03/10 04:00,46,懸浮微粒,42.1,12,27,0.29,0.73,1.9
木柵站,2026/03/10 05:00,47,懸浮微粒,42,12,34,0.32,0.94,3.5
木柵站,2026/03/10 06:00,46,懸浮微粒,40.8,12,25,0.31,0.97,6.8
木柵站,2026/03/10 07:00,50,細懸浮微粒,34.3,16,29,0.39,0.89,15.2
木柵站,2026/03/10 08:00,50,細懸浮微粒,30.5,13,34,0.41,0.81,18
木柵站,2026/03/10 09:00,51,細懸浮微粒,31.6,13,26,0.4,0.68,17.2
木柵站,2026/03/10 10:00,55,細懸浮微粒,26.9,21,26,0.42,0.64,19.4
木柵站,2026/03/10 11:00,57,細懸浮微粒,27.6,19,28,0.4,0.9,20.1
木柵站,2026/03/10 12:00,59,細懸浮微粒,33.6,17,27,0.34,0.8,14.5
木柵站,2026/03/10 13:00,62,細懸浮微粒,33.8,17,25,0.33,0.91,14
木柵站,2026/03/10 14:00,58,細懸浮微粒,36.9,12,30,0.27,0.58,11.4
木柵站,2026/03/10 15:00,59,細懸浮微粒,35.3,19,29,0.32,0.46,13.1
木柵站,2026/03/10 16:00,58,細懸浮微粒,29.7,13,36,0.35,0.95,19.9
木柵站,2026/03/10 17:00,57,細懸浮微粒,28.8,13,38,0.39,1.1,20.2
木柵站,2026/03/10 18:00,59,細懸浮微粒,26.6,17,31,0.41,0.78,19
木柵站,2026/03/10 19:00,55,細懸浮微粒,29,10,33,0.37,0.77,16.8
木柵站,2026/03/10 20:00,55,細懸浮微粒,32.2,12,33,0.31,0.89,11
木柵站,2026/03/10 21:00,57,細懸浮微粒,33.3,17,30,0.32,0.91,12
木柵站,2026/03/10 22:00,56,細懸浮微粒,32.9,16,25,0.33,0.91,9.8
木柵站,2026/03/10 23:00,54,細懸浮微粒,32.4,9,27,0.38,0.79,6.8
木柵站,2026/03/11 00:00,53,細懸浮微粒,33.6,10,27,0.27,0.88,4.3
木柵站,2026/03/11 01:00,51,細懸浮微粒,34,13,25,0.3,0.83,2.8
木柵站,2026/03/11 02:00,48,細懸浮微粒,30.5,10,26,0.24,0.72,2.6
木柵站,2026/03/11 03:00,49,細懸浮微粒,26.6,13,29,0.28,0.67,2.9
木柵站,2026/03/11 04:00,50,細懸浮微粒,25.2,12,19,0.29,0.94,3.8
木柵站,2026/03/11 05:00,46,細懸浮微粒,28.5,8,24,0.3,1.21,6.1
木柵站,2026/03/11 06:00,43,細懸浮微粒,24.3,7,25,0.39,1.2,16.7
木柵站,2026/03/11 07:00,43,二氧化氮小時值,24.3,8,27,0.45,1.1,18.1
木柵站,2026/03/11 08:00,44,懸浮微粒,31,10,29,0.3,1.23,14.2
木柵站,2026/03/11 09:00,45,懸浮微粒,34.6,11,30,0.27,2.65,13.9
木柵站,2026/03/11 10:00,47,懸浮微粒,39.1,12,34,0.24,2.23,10
木柵站,2026/03/11 11:00,48,懸浮微粒,41.3,8,28,0.22,1.81,9.8
木柵站,2026/03/11 12:00,47,懸浮微粒,44.6,8,27,0.28,2.04,7.4
木柵站,2026/03/11 13:00,45,懸浮微粒,45.4,7,21,0.29,1.82,7.2
木柵站,2026/03/11 14:00,44,懸浮微粒,42.5,8,27,0.3,2.64,9.2
木柵站,2026/03/11 15:00,43,懸浮微粒,46.1,10,27,0.29,2.17,7.5
木柵站,2026/03/11 16:00,41,懸浮微粒,42.6,11,17,0.33,1.27,11.9
木柵站,2026/03/11 17:00,43,懸浮微粒,42.1,9,29,0.36,0.67,10.4
木柵站,2026/03/11 18:00,43,懸浮微粒,36,9,26,0.41,1.05,15.4
木柵站,2026/03/11 19:00,45,二氧化氮小時值,29.4,8,20,0.49,1.07,18.9
木柵站,2026/03/11 20:00,42,懸浮微粒,28.7,11,22,0.37,1.03,13.2
木柵站,2026/03/11 21:00,40,細懸浮微粒,25.4,13,22,0.36,0.97,12.2
木柵站,2026/03/11 22:00,39,細懸浮微粒,28.2,9,25,0.3,0.98,6.1
木柵站,2026/03/11 23:00,42,細懸浮微粒,27.3,12,22,0.29,0.79,4.9
木柵站,2026/03/12 00:00,40,細懸浮微粒,28.3,8,18,0.26,0.9,3.6
木柵站,2026/03/12 01:00,37,懸浮微粒,31.2,5,20,0.27,0.74,1.7
木柵站,2026/03/12 02:00,37,懸浮微粒,33.7,8,26,0.27,0.72,1.7
木柵站,2026/03/12 03:00,39,懸浮微粒,38.7,9,31,0.27,1,2.3
木柵站,2026/03/12 04:00,41,懸浮微粒,40.4,8,25,0.32,1.45,2.6
木柵站,2026/03/12 05:00,41,懸浮微粒,38.8,13,22,0.35,1.3,4
木柵站,2026/03/12 06:00,42,懸浮微粒,32,13,30,0.4,1.08,12
木柵站,2026/03/12 07:00,43,懸浮微粒,33.4,11,31,0.44,0.97,12
木柵站,2026/03/12 08:00,46,懸浮微粒,36.4,10,34,0.3,1.02,10.5
木柵站,2026/03/12 09:00,49,懸浮微粒,39.2,10,33,0.25,1.06,7.8
木柵站,2026/03/12 10:00,50,懸浮微粒,41.4,12,34,0.24,0.95,7.5
木柵站,2026/03/12 11:00,52,懸浮微粒,44.4,10,37,0.25,0.78,6.2
木柵站,2026/03/12 12:00,52,懸浮微粒,44.5,8,31,0.3,0.84,6.1
木柵站,2026/03/12 13:00,53,懸浮微粒,47.5,17,35,0.33,0.72,5.9
木柵站,2026/03/12 14:00,55,懸浮微粒,47.3,19,42,0.33,0.94,7.9
木柵站,2026/03/12 15:00,55,懸浮微粒,46.6,18,37,0.35,0.97,6.5
木柵站,2026/03/12 16:00,58,細懸浮微粒,45.5,15,42,0.33,1.14,9.3
木柵站,2026/03/12 17:00,59,懸浮微粒,44.9,16,41,0.34,0.88,9.8
木柵站,2026/03/12 18:00,58,細懸浮微粒,45.7,19,33,0.34,0.94,8.6
木柵站,2026/03/12 19:00,58,懸浮微粒,41.2,12,36,0.37,1.02,9.7
木柵站,2026/03/12 20:00,58,懸浮微粒,35.3,14,38,0.34,1.05,8.7
木柵站,2026/03/12 21:00,58,細懸浮微粒,26,17,34,0.43,1.19,16.7
木柵站,2026/03/12 22:00,60,細懸浮微粒,25.4,23,38,0.44,0.76,16.2
木柵站,2026/03/12 23:00,65,細懸浮微粒,23.4,22,37,0.44,0.69,13.5
木柵站,2026/03/13 00:00,69,細懸浮微粒,24.6,22,38,0.39,0.97,10.6
木柵站,2026/03/13 01:00,69,細懸浮微粒,24.5,17,33,0.31,1,7.8
木柵站,2026/03/13 02:00,70,細懸浮微粒,26.5,24,40,0.3,0.95,6.3
木柵站,2026/03/13 03:00,74,細懸浮微粒,31.5,29,40,0.31,0.82,5.3
木柵站,2026/03/13 04:00,77,細懸浮微粒,29,27,43,0.37,0.96,5.9
木柵站,2026/03/13 05:00,83,細懸浮微粒,24.4,29,48,0.42,1,8.1
木柵站,2026/03/13 06:00,83,細懸浮微粒,20.1,22,38,0.42,1.06,13.6
木柵站,2026/03/13 07:00,80,細懸浮微粒,18.2,20,41,0.49,1.05,20.2
木柵站,2026/03/13 08:00,84,細懸浮微粒,27.1,31,54,0.39,1.28,19.6
木柵站,2026/03/13 09:00,86,細懸浮微粒,45.1,31,58,0.25,1.6,9.5
木柵站,2026/03/13 10:00,84,細懸浮微粒,45.8,18,55,0.23,1.33,6.5
木柵站,2026/03/13 11:00,82,細懸浮微粒,46,16,55,0.19,0.83,6.3
木柵站,2026/03/13 12:00,79,細懸浮微粒,46,23,42,0.29,1.03,5.5
木柵站,2026/03/13 13:00,74,細懸浮微粒,46,17,44,0.3,1.02,5.7
木柵站,2026/03/13 14:00,74,細懸浮微粒,46.2,18,53,0.28,0.9,5
木柵站,2026/03/13 15:00,71,細懸浮微粒,45.6,13,43,0.28,0.83,6.1
木柵站,2026/03/13 16:00,72,懸浮微粒,41.6,16,59,0.35,0.42,10.2
木柵站,2026/03/13 17:00,70,懸浮微粒,41.8,18,37,0.38,0.48,10
木柵站,2026/03/13 18:00,68,懸浮微粒,42.3,17,39,0.39,0.74,9.1
木柵站,2026/03/13 19:00,68,細懸浮微粒,41.1,20,37,0.37,0.89,9.1
木柵站,2026/03/13 20:00,66,細懸浮微粒,36.6,15,35,0.39,0.8,11.3
木柵站,2026/03/13 21:00,66,細懸浮微粒,30.4,23,31,0.4,0.73,12.9
木柵站,2026/03/13 22:00,66,細懸浮微粒,30.9,17,34,0.37,0.72,10.9
木柵站,2026/03/13 23:00,64,細懸浮微粒,31.5,15,30,0.39,0.86,6.8
木柵站,2026/03/14 00:00,63,細懸浮微粒,32.7,15,28,0.35,1.07,4.4
木柵站,2026/03/14 01:00,60,細懸浮微粒,32.7,14,21,0.37,1.13,3.5
木柵站,2026/03/14 02:00,61,細懸浮微粒,33.9,19,29,0.33,1.11,3.1
木柵站,2026/03/14 03:00,62,細懸浮微粒,34.4,17,28,0.35,1.02,2.3
木柵站,2026/03/14 04:00,62,細懸浮微粒,35.3,16,29,0.33,1.16,2.1
木柵站,2026/03/14 05:00,66,細懸浮微粒,35.5,22,31,0.28,1.11,3.1
木柵站,2026/03/14 06:00,68,細懸浮微粒,33.9,23,30,0.31,0.88,4
木柵站,2026/03/14 07:00,69,細懸浮微粒,31.9,20,32,0.32,0.87,7.3
木柵站,2026/03/14 08:00,69,細懸浮微粒,34.5,17,39,0.37,1.05,8.8
木柵站,2026/03/14 09:00,66,細懸浮微粒,43,15,45,0.29,1.07,5.4
木柵站,2026/03/14 10:00,61,細懸浮微粒,44,11,55,0.25,1.01,4.4
木柵站,2026/03/14 11:00,63,懸浮微粒,44.9,13,55,0.24,1.03,4.7
木柵站,2026/03/14 12:00,63,懸浮微粒,44.8,16,34,0.32,0.88,5.1
木柵站,2026/03/14 13:00,62,懸浮微粒,45.9,13,35,0.31,0.59,4.2
木柵站,2026/03/14 14:00,62,懸浮微粒,46.3,11,49,0.3,0.9,3.6
木柵站,2026/03/14 15:00,61,懸浮微粒,46.9,11,43,0.31,0.96,4.1
木柵站,2026/03/14 16:00,63,懸浮微粒,46.6,18,41,0.31,0.84,3.9
木柵站,2026/03/14 17:00,63,懸浮微粒,44.9,11,38,0.34,0.95,5.5
木柵站,2026/03/14 18:00,60,懸浮微粒,43.2,18,24,0.36,0.72,6
木柵站,2026/03/14 19:00,57,細懸浮微粒,42,15,23,0.36,0.77,6.8
木柵站,2026/03/14 20:00,55,細懸浮微粒,41.5,14,29,0.33,0.79,6.3
木柵站,2026/03/14 21:00,54,細懸浮微粒,39.7,11,23,0.35,0.76,6.9
木柵站,2026/03/14 22:00,53,細懸浮微粒,38.5,13,25,0.34,0.59,6.4
木柵站,2026/03/14 23:00,52,細懸浮微粒,37.7,12,25,0.36,0.62,5.4
木柵站,2026/03/15 00:00,51,細懸浮微粒,38.6,12,22,0.32,0.77,3.5
木柵站,2026/03/15 01:00,49,細懸浮微粒,29.3,8,24,0.31,0.73,9.6
木柵站,2026/03/15 02:00,48,細懸浮微粒,25.9,12,22,0.28,0.71,8.8
木柵站,2026/03/15 03:00,48,細懸浮微粒,25.1,11,21,0.29,0.86,5.5
木柵站,2026/03/15 04:00,46,細懸浮微粒,23,11,24,0.33,0.67,4.7
木柵站,2026/03/15 05:00,48,細懸浮微粒,21.7,12,22,0.33,0.49,4.3
木柵站,2026/03/15 06:00,46,細懸浮微粒,20.9,10,22,0.33,0.7,7.1
木柵站,2026/03/15 07:00,45,細懸浮微粒,22,10,23,0.38,0.88,6.7
木柵站,2026/03/15 08:00,45,細懸浮微粒,29.6,12,26,0.36,0.95,6.6
木柵站,2026/03/15 09:00,45,細懸浮微粒,40,12,39,0.29,0.85,3.7
木柵站,2026/03/15 10:00,46,懸浮微粒,42.5,12,32,0.21,0.83,3.5
木柵站,2026/03/15 11:00,50,懸浮微粒,42.9,11,39,0.24,0.92,4.4
木柵站,2026/03/15 12:00,50,懸浮微粒,42.8,9,24,0.25,0.93,4.9
木柵站,2026/03/15 13:00,47,懸浮微粒,42.8,12,25,0.27,0.87,4.5
木柵站,2026/03/15 14:00,48,懸浮微粒,43.7,11,31,0.26,0.87,2.9
木柵站,2026/03/15 15:00,48,懸浮微粒,43.3,11,37,0.25,0.97,3.3
木柵站,2026/03/15 16:00,49,懸浮微粒,42.9,12,26,0.31,1.23,4.9
木柵站,2026/03/15 17:00,51,懸浮微粒,41.4,13,36,0.35,1.25,7.1
木柵站,2026/03/15 18:00,51,懸浮微粒,38,11,26,0.37,1.36,9.4
木柵站,2026/03/15 19:00,51,懸浮微粒,36,10,33,0.38,1.18,9
木柵站,2026/03/15 20:00,49,懸浮微粒,31.5,13,19,0.35,0.86,8.9
木柵站,2026/03/15 21:00,45,懸浮微粒,30.6,8,23,0.35,0.93,6.2
木柵站,2026/03/15 22:00,44,懸浮微粒,25.5,9,22,0.34,0.82,8.3
木柵站,2026/03/15 23:00,40,懸浮微粒,24.4,6,19,0.33,0.64,7.6
木柵站,2026/03/16 00:00,40,懸浮微粒,24.3,9,21,0.34,1.02,5.4
木柵站,2026/03/16 01:00,39,懸浮微粒,25.4,7,19,0.32,0.98,3.8
木柵站,2026/03/16 02:00,37,懸浮微粒,25.1,11,18,0.29,0.9,2.6
木柵站,2026/03/16 03:00,39,細懸浮微粒,21.7,10,14,0.24,1.01,3.6
木柵站,2026/03/16 04:00,37,細懸浮微粒,17.8,7,17,0.31,0.89,6.7
木柵站,2026/03/16 05:00,34,細懸浮微粒,16.3,4,17,0.32,1.02,6.3
木柵站,2026/03/16 06:00,32,懸浮微粒,14.4,7,24,0.35,1.03,9.4
木柵站,2026/03/16 07:00,32,懸浮微粒,18.9,8,18,0.41,0.98,10.2
木柵站,2026/03/16 08:00,35,懸浮微粒,28.7,9,29,0.33,0.9,9.8
木柵站,2026/03/16 09:00,39,懸浮微粒,36.3,7,31,0.25,0.75,6.2
木柵站,2026/03/16 10:00,43,懸浮微粒,39.1,11,38,0.26,0.48,5.2
木柵站,2026/03/16 11:00,46,懸浮微粒,40.3,9,31,0.26,0.43,4.7
木柵站,2026/03/16 12:00,46,懸浮微粒,41.6,8,28,0.29,0.67,2.9
木柵站,2026/03/16 13:00,46,懸浮微粒,40.6,9,26,0.3,0.72,3.9
木柵站,2026/03/16 14:00,42,懸浮微粒,42.1,8,19,0.29,0.78,3.1
木柵站,2026/03/16 15:00,41,懸浮微粒,42,6,24,0.3,0.84,2.8
木柵站,2026/03/16 16:00,41,懸浮微粒,42.4,13,25,0.29,0.77,3.2
木柵站,2026/03/16 17:00,41,懸浮微粒,40.9,13,24,0.3,0.66,3.3
木柵站,2026/03/16 18:00,41,細懸浮微粒,39.6,12,18,0.31,0.72,5.1
木柵站,2026/03/16 19:00,46,細懸浮微粒,38.5,13,18,0.31,0.79,4.8
木柵站,2026/03/16 20:00,44,細懸浮微粒,30.6,9,24,0.37,0.89,12.3
木柵站,2026/03/16 21:00,47,細懸浮微粒,26.7,16,20,0.36,0.89,12
木柵站,2026/03/16 22:00,45,細懸浮微粒,25,10,24,0.32,0.85,7.7
木柵站,2026/03/16 23:00,45,細懸浮微粒,20.9,12,19,0.34,0.66,8.5
木柵站,2026/03/17 00:00,46,細懸浮微粒,18.5,9,24,0.34,0.74,9.2
木柵站,2026/03/17 01:00,42,細懸浮微粒,17,9,19,0.35,1.04,9.8
木柵站,2026/03/17 02:00,42,細懸浮微粒,19.2,10,17,0.33,0.99,8.3
木柵站,2026/03/17 03:00,40,細懸浮微粒,20.7,7,21,0.29,0.85,6.2
木柵站,2026/03/17 04:00,41,細懸浮微粒,18.3,11,23,0.35,1.12,5.3
木柵站,2026/03/17 06:00,41,細懸浮微粒,12.8,11,23,0.4,1.17,12.9
木柵站,2026/03/17 07:00,45,二氧化氮小時值,11.3,11,30,0.48,1.06,18.9
木柵站,2026/03/17 08:00,44,細懸浮微粒,18.7,11,29,-,-,-
木柵站,2026/03/17 09:00,46,細懸浮微粒,26,16,36,0.44,1.27,15.4
木柵站,2026/03/17 10:00,49,細懸浮微粒,34.8,15,28,0.4,1.14,14.8
木柵站,2026/03/17 11:00,49,細懸浮微粒,41.1,11,27,0.3,0.9,9.1
木柵站,2026/03/17 12:00,54,細懸浮微粒,40.9,21,45,0.42,1.11,20.1
木柵站,2026/03/17 13:00,61,細懸浮微粒,43.6,29,53,0.41,1.26,20.9
木柵站,2026/03/17 14:00,67,細懸浮微粒,49.9,26,64,0.38,1.66,18.6
木柵站,2026/03/17 15:00,74,細懸浮微粒,46.1,25,60,0.41,1.83,22.8
木柵站,2026/03/17 16:00,78,細懸浮微粒,36.7,26,51,0.39,1.4,27.2
木柵站,2026/03/17 17:00,76,細懸浮微粒,26.5,23,41,0.42,1.05,29
木柵站,2026/03/17 18:00,74,細懸浮微粒,15.3,17,32,0.45,1.37,30.3
木柵站,2026/03/17 19:00,74,細懸浮微粒,17.5,21,36,0.43,1.31,23.9
木柵站,2026/03/17 20:00,73,細懸浮微粒,13.9,21,31,0.45,1.36,26.7
木柵站,2026/03/17 21:00,73,細懸浮微粒,11,20,29,0.49,1.26,26.4
木柵站,2026/03/17 22:00,74,細懸浮微粒,10.5,19,30,0.44,1.4,22.7
木柵站,2026/03/17 23:00,74,細懸浮微粒,11.6,20,23,0.37,1.21,17.2
木柵站,2026/03/18 00:00,73,細懸浮微粒,12.6,19,27,0.3,1.1,12.2
木柵站,2026/03/18 01:00,70,細懸浮微粒,9.8,14,19,0.34,0.78,14.4
木柵站,2026/03/18 02:00,67,細懸浮微粒,6.9,16,26,0.33,1.13,15.3
木柵站,2026/03/18 03:00,63,細懸浮微粒,9.4,11,22,0.23,1.28,9.1
木柵站,2026/03/18 04:00,57,細懸浮微粒,6.9,9,19,0.33,1.01,8.7
木柵站,2026/03/18 05:00,56,細懸浮微粒,6.2,13,22,0.34,0.91,9.4
木柵站,2026/03/18 06:00,53,細懸浮微粒,5.3,10,18,0.37,0.94,9.9
木柵站,2026/03/18 07:00,51,細懸浮微粒,6.2,10,30,0.5,1.15,13.6
木柵站,2026/03/18 08:00,52,細懸浮微粒,15,13,23,0.38,0.81,11.7
木柵站,2026/03/18 09:00,50,細懸浮微粒,21.6,12,33,0.39,0.87,16.2
木柵站,2026/03/18 10:00,54,細懸浮微粒,41.1,19,37,0.39,1.74,16.2
木柵站,2026/03/18 11:00,56,細懸浮微粒,48.7,18,40,0.34,1.94,12
木柵站,2026/03/18 12:00,57,細懸浮微粒,57.9,17,40,0.37,1.55,13.2
木柵站,2026/03/18 13:00,61,細懸浮微粒,61.5,21,34,0.31,1.47,9.1
木柵站,2026/03/18 14:00,60,細懸浮微粒,56.3,15,44,0.29,1.12,9
木柵站,2026/03/18 15:00,60,細懸浮微粒,47.8,17,37,0.31,4.13,18.8
木柵站,2026/03/18 16:00,63,細懸浮微粒,36.3,21,37,0.35,4.75,26.4
木柵站,2026/03/18 17:00,62,細懸浮微粒,33.3,18,35,0.34,4.54,27.5
木柵站,2026/03/18 18:00,67,細懸浮微粒,23.8,23,44,0.36,2.62,31.2
木柵站,2026/03/18 19:00,71,細懸浮微粒,20.9,24,37,0.31,1.32,21.1
木柵站,2026/03/18 20:00,70,細懸浮微粒,15.8,18,37,0.41,1.34,21.8
木柵站,2026/03/18 21:00,70,細懸浮微粒,13.8,16,24,0.48,1.01,19.3
木柵站,2026/03/18 22:00,68,細懸浮微粒,13.2,18,27,0.47,1.36,16.9
木柵站,2026/03/18 23:00,66,細懸浮微粒,12.9,17,23,0.44,1.32,14
木柵站,2026/03/19 00:00,62,細懸浮微粒,10.7,10,25,0.35,1.2,14.4
木柵站,2026/03/19 01:00,63,細懸浮微粒,12.5,20,24,0.33,0.91,12
木柵站,2026/03/19 02:00,63,細懸浮微粒,12.5,17,29,0.29,0.78,11
木柵站,2026/03/19 03:00,61,細懸浮微粒,14.8,13,28,0.32,0.68,6.8
木柵站,2026/03/19 04:00,61,細懸浮微粒,13.3,12,27,0.32,0.74,7.3
木柵站,2026/03/19 05:00,58,細懸浮微粒,8.5,13,29,0.37,0.57,12.5
木柵站,2026/03/19 06:00,56,細懸浮微粒,6.2,14,33,0.49,0.82,14.7
木柵站,2026/03/19 07:00,55,細懸浮微粒,22.1,14,28,0.48,0.84,11.9
木柵站,2026/03/19 08:00,53,細懸浮微粒,30.3,10,35,0.35,0.93,11.7
木柵站,2026/03/19 09:00,53,細懸浮微粒,30.6,13,41,0.34,1.18,13.8
木柵站,2026/03/19 10:00,51,懸浮微粒,32.4,11,29,0.34,0.94,12.5
木柵站,2026/03/19 11:00,51,懸浮微粒,35,9,25,0.34,0.82,10.4
木柵站,2026/03/19 12:00,48,懸浮微粒,36.6,6,20,0.37,1.26,10.2
木柵站,2026/03/19 13:00,43,懸浮微粒,38.4,8,18,0.39,1.13,9
木柵站,2026/03/19 14:00,40,懸浮微粒,37.8,5,20,0.4,1.06,11.7
木柵站,2026/03/19 15:00,40,懸浮微粒,39.2,6,25,0.41,1.05,10.1
木柵站,2026/03/19 16:00,40,懸浮微粒,39.2,8,21,0.41,1.32,12
木柵站,2026/03/19 17:00,40,二氧化氮小時值,33.8,9,10,0.43,1.53,16.7
木柵站,2026/03/19 18:00,34,臭氧8小時,35.2,6,10,0.43,1.09,12.4
木柵站,2026/03/19 19:00,34,臭氧8小時,34.9,3,11,0.43,0.76,11.3
木柵站,2026/03/19 20:00,34,臭氧8小時,35.9,7,13,0.37,1.11,9.3
木柵站,2026/03/19 21:00,34,臭氧8小時,34.2,7,14,0.36,1.13,8.7
木柵站,2026/03/19 22:00,33,臭氧8小時,32.9,7,17,0.35,1,8.2
木柵站,2026/03/19 23:00,33,臭氧8小時,36.5,6,19,0.3,0.84,4.3
木柵站,2026/03/20 00:00,33,臭氧8小時,37.6,7,12,0.34,0.84,3.8
木柵站,2026/03/20 01:00,33,臭氧8小時,39.7,10,23,-,0.95,2.3
木柵站,2026/03/20 02:00,33,臭氧8小時,-,12,20,-,0.82,2.7
木柵站,2026/03/20 03:00,40,細懸浮微粒,-,17,26,-,0.89,2.3
木柵站,2026/03/20 04:00,42,細懸浮微粒,-,11,24,-,0.96,2.7
木柵站,2026/03/20 05:00,47,細懸浮微粒,-,16,17,-,0.97,2.8
木柵站,2026/03/20 06:00,47,細懸浮微粒,-,11,14,-,0.97,6.4
木柵站,2026/03/20 07:00,45,細懸浮微粒,-,11,25,-,1.09,9.6
木柵站,2026/03/20 08:00,50,細懸浮微粒,-,18,31,-,0.91,10.7
木柵站,2026/03/20 09:00,55,細懸浮微粒,40.9,24,35,0.38,0.8,9.5
木柵站,2026/03/20 10:00,60,細懸浮微粒,43,20,35,0.34,0.81,7.7
木柵站,2026/03/20 11:00,67,細懸浮微粒,44,26,44,0.32,0.75,6.9
木柵站,2026/03/20 12:00,68,細懸浮微粒,44.6,17,40,0.38,0.87,6
木柵站,2026/03/20 13:00,67,細懸浮微粒,43.1,18,39,0.34,0.85,6.2
木柵站,2026/03/20 14:00,64,細懸浮微粒,42.8,12,39,0.34,1.16,5.3
木柵站,2026/03/20 15:00,60,細懸浮微粒,39.7,14,41,0.35,1.26,8
木柵站,2026/03/20 16:00,62,細懸浮微粒,34.1,20,41,0.37,0.61,15.3
木柵站,2026/03/20 17:00,59,細懸浮微粒,37.8,12,31,0.35,0.84,11.4
木柵站,2026/03/20 18:00,60,細懸浮微粒,41.2,13,16,0.36,0.86,7.6
木柵站,2026/03/20 19:00,60,細懸浮微粒,37,13,23,0.35,0.93,11
木柵站,2026/03/20 20:00,58,細懸浮微粒,33.5,15,18,0.31,1.04,10.5
木柵站,2026/03/20 21:00,56,細懸浮微粒,31.3,12,34,0.31,1.11,11.7
木柵站,2026/03/20 22:00,54,細懸浮微粒,28.3,10,36,0.33,1.06,11.6
木柵站,2026/03/20 23:00,52,細懸浮微粒,26,12,27,0.33,1.01,10.2
木柵站,2026/03/21 00:00,50,懸浮微粒,28,9,20,0.35,0.93,9.6
木柵站,2026/03/21 01:00,46,懸浮微粒,46.7,6,21,0.31,1.1,2
木柵站,2026/03/21 02:00,41,細懸浮微粒,45.4,7,7,0.29,0.69,2
木柵站,2026/03/21 03:00,40,細懸浮微粒,44.2,11,21,0.29,0.81,2
木柵站,2026/03/21 04:00,36,細懸浮微粒,44.4,6,15,0.33,1.01,1.9
木柵站,2026/03/21 05:00,35,臭氧8小時,42.5,4,22,0.36,0.98,2.8
木柵站,2026/03/21 06:00,36,臭氧8小時,33.7,7,22,0.4,0.9,7.9
木柵站,2026/03/21 07:00,36,臭氧8小時,28.5,9,17,0.4,0.89,12.4
木柵站,2026/03/21 08:00,36,臭氧8小時,28,10,13,0.37,0.98,14.8
木柵站,2026/03/21 09:00,38,細懸浮微粒,31.4,15,13,0.34,1.14,13.6
木柵站,2026/03/21 10:00,43,細懸浮微粒,34,14,19,0.32,1.02,11
木柵站,2026/03/21 11:00,43,細懸浮微粒,36.9,10,23,0.28,1.14,9.2
木柵站,2026/03/21 12:00,42,細懸浮微粒,36.7,9,21,0.33,1.28,9.9
木柵站,2026/03/21 13:00,41,細懸浮微粒,38,11,23,0.33,1.12,8.8
木柵站,2026/03/21 14:00,39,細懸浮微粒,40.9,9,23,0.34,1.07,7.2
木柵站,2026/03/21 15:00,42,細懸浮微粒,38.8,14,37,0.4,1.14,9.2
木柵站,2026/03/21 16:00,44,細懸浮微粒,36.3,12,22,0.4,1.25,13.1
木柵站,2026/03/21 17:00,44,細懸浮微粒,38.6,9,15,0.41,1.17,7.7
木柵站,2026/03/21 18:00,42,細懸浮微粒,37,5,14,0.42,1,10
木柵站,2026/03/21 19:00,35,臭氧8小時,35.3,2,14,0.43,1.08,9.8
木柵站,2026/03/21 20:00,34,臭氧8小時,32.3,6,14,0.38,1.17,8.5
木柵站,2026/03/21 21:00,33,臭氧8小時,27.5,8,12,0.37,1.11,9.4
木柵站,2026/03/21 22:00,31,臭氧8小時,23.1,7,13,0.38,1.05,9
木柵站,2026/03/21 23:00,32,細懸浮微粒,25.5,9,10,0.31,0.85,5.8
木柵站,2026/03/22 00:00,32,細懸浮微粒,31.5,7,10,0.3,0.92,4.9
木柵站,2026/03/22 01:00,29,細懸浮微粒,18.8,4,11,0.33,0.65,5
木柵站,2026/03/22 02:00,26,細懸浮微粒,22.1,3,9,0.3,0.63,4.9
木柵站,2026/03/22 03:00,24,臭氧8小時,24.2,2,10,0.27,0.5,3.5
木柵站,2026/03/22 04:00,24,臭氧8小時,32.2,1,13,0.33,1.03,3
木柵站,2026/03/22 05:00,24,臭氧8小時,32.5,5,13,0.31,0.89,4.2
木柵站,2026/03/22 06:00,25,臭氧8小時,30.3,8,13,0.38,0.87,5.7
木柵站,2026/03/22 07:00,25,臭氧8小時,24.8,6,18,0.37,0.86,9.5
木柵站,2026/03/22 08:00,25,細懸浮微粒,26.7,8,21,0.33,1.2,9.4
木柵站,2026/03/22 09:00,29,細懸浮微粒,29.1,12,15,0.35,1.38,10.4
木柵站,2026/03/22 10:00,30,細懸浮微粒,32.8,9,15,0.31,1.18,6.9
木柵站,2026/03/22 11:00,32,細懸浮微粒,34.7,9,14,0.32,1.12,6.4
木柵站,2026/03/22 12:00,33,細懸浮微粒,38.1,10,17,0.38,1.16,6.6
木柵站,2026/03/22 13:00,32,細懸浮微粒,39.8,8,23,0.39,1.2,7.5
木柵站,2026/03/22 14:00,34,細懸浮微粒,36.2,11,24,0.38,2.2,11.2
木柵站,2026/03/22 15:00,37,二氧化氮小時值,32,9,32,0.4,1.93,15.4
木柵站,2026/03/22 16:00,38,二氧化氮小時值,30.5,9,27,0.35,1.02,16.1
木柵站,2026/03/22 17:00,42,懸浮微粒,28.8,13,35,0.31,0.71,16.7
木柵站,2026/03/22 18:00,53,懸浮微粒,26.3,18,67,0.27,1.16,16.9
木柵站,2026/03/22 19:00,56,懸浮微粒,23.2,17,45,0.25,1.47,14.6
木柵站,2026/03/22 20:00,60,懸浮微粒,21.1,20,46,0.38,1.03,12.9
木柵站,2026/03/22 21:00,63,懸浮微粒,19.3,22,48,0.39,0.95,12.6
木柵站,2026/03/22 22:00,61,懸浮微粒,18.9,17,40,0.38,0.99,10.9
木柵站,2026/03/22 23:00,60,細懸浮微粒,17.5,13,28,0.38,0.94,8.4
木柵站,2026/03/23 00:00,61,細懸浮微粒,15.8,20,31,0.36,1.05,7.5
木柵站,2026/03/23 01:00,60,細懸浮微粒,15.4,16,28,0.39,1.08,6.5
木柵站,2026/03/23 02:00,62,細懸浮微粒,13.4,19,19,0.35,0.91,5.5
木柵站,2026/03/23 03:00,62,細懸浮微粒,11.6,12,34,0.37,0.81,4.9
木柵站,2026/03/23 04:00,60,細懸浮微粒,12.4,14,30,0.35,0.89,5.2
木柵站,2026/03/23 05:00,59,細懸浮微粒,9.8,14,41,0.38,0.83,6.9
木柵站,2026/03/23 06:00,58,細懸浮微粒,9.7,15,43,0.43,0.81,7.4
木柵站,2026/03/23 07:00,61,細懸浮微粒,7.3,20,32,0.47,0.97,11.6
木柵站,2026/03/23 08:00,62,細懸浮微粒,14.3,19,34,0.4,0.96,10.1
木柵站,2026/03/23 09:00,63,細懸浮微粒,22.2,17,26,0.35,0.9,7.8
木柵站,2026/03/23 10:00,66,細懸浮微粒,27.9,23,32,0.35,2.35,9.9
木柵站,2026/03/23 11:00,65,細懸浮微粒,30.6,16,37,0.38,2.75,10.6
木柵站,2026/03/23 12:00,64,細懸浮微粒,31.5,16,32,0.37,3.05,15
木柵站,2026/03/23 13:00,62,細懸浮微粒,34.5,13,28,0.34,2.98,12.6
木柵站,2026/03/23 14:00,59,細懸浮微粒,33.2,15,37,0.33,2.97,12.6
木柵站,2026/03/23 15:00,61,細懸浮微粒,32.5,19,45,0.3,1.99,10.3
木柵站,2026/03/23 16:00,61,細懸浮微粒,33.2,17,30,0.3,1.4,10.6
木柵站,2026/03/23 17:00,62,細懸浮微粒,34.1,14,22,0.33,1.26,10.7
木柵站,2026/03/23 18:00,59,細懸浮微粒,35.2,9,15,0.33,1.27,9.9
木柵站,2026/03/23 19:00,54,細懸浮微粒,34.6,8,25,0.35,1.47,9.3
木柵站,2026/03/23 20:00,52,細懸浮微粒,29.5,13,25,0.36,1.6,10.6
木柵站,2026/03/23 21:00,50,細懸浮微粒,24,12,28,0.36,1.18,12.5
木柵站,2026/03/23 22:00,51,細懸浮微粒,23.3,14,22,0.35,0.93,10.5
木柵站,2026/03/23 23:00,50,細懸浮微粒,23.8,8,23,0.34,0.76,6.6
木柵站,2026/03/24 00:00,45,細懸浮微粒,19.4,6,20,0.34,0.99,5.8
木柵站,2026/03/24 01:00,44,細懸浮微粒,16.9,10,20,0.38,1.03,6.4
木柵站,2026/03/24 02:00,43,細懸浮微粒,21.4,14,25,0.37,1.25,5.2
木柵站,2026/03/24 03:00,50,細懸浮微粒,26.9,21,50,0.34,1.76,5.1
木柵站,2026/03/24 04:00,50,細懸浮微粒,27.9,8,26,0.33,1.31,3.8
木柵站,2026/03/24 05:00,50,細懸浮微粒,23.9,12,22,0.33,1.14,6
木柵站,2026/03/24 06:00,50,細懸浮微粒,16.4,13,25,0.4,1.37,12.7
木柵站,2026/03/24 07:00,47,細懸浮微粒,17.2,12,25,0.38,1.38,9.7
木柵站,2026/03/24 08:00,48,細懸浮微粒,21.5,11,18,0.38,1.06,7.8
木柵站,2026/03/24 09:00,49,細懸浮微粒,25.8,13,21,0.39,0.96,10.1
木柵站,2026/03/24 10:00,50,細懸浮微粒,27.6,15,33,0.56,1.07,14
木柵站,2026/03/24 11:00,58,細懸浮微粒,37.1,28,53,0.68,1.19,20
木柵站,2026/03/24 12:00,66,細懸浮微粒,44.7,27,63,0.35,1.14,18.1
木柵站,2026/03/24 13:00,73,細懸浮微粒,55.2,29,67,0.34,1.14,15.7
木柵站,2026/03/24 14:00,77,細懸浮微粒,43.5,23,68,0.19,1.1,13.8
木柵站,2026/03/24 15:00,78,細懸浮微粒,37.6,28,75,0.14,1.31,14.8
木柵站,2026/03/24 16:00,82,懸浮微粒,32.5,22,76,0.33,1.11,20.8
木柵站,2026/03/24 17:00,86,懸浮微粒,28.6,28,77,0.4,1.01,23.6
木柵站,2026/03/24 18:00,91,懸浮微粒,23.6,31,86,0.39,1.08,24.7
木柵站,2026/03/24 19:00,96,懸浮微粒,19.6,33,92,0.38,1.09,23.3
木柵站,2026/03/24 20:00,97,懸浮微粒,15.5,28,65,0.4,0.9,21
木柵站,2026/03/24 21:00,99,懸浮微粒,13.6,27,72,0.43,0.89,21.6
木柵站,2026/03/24 22:00,97,懸浮微粒,8.3,20,61,0.52,1.09,25.3
木柵站,2026/03/24 23:00,91,懸浮微粒,9.6,27,52,0.45,1.1,20.7
木柵站,2026/03/25 00:00,88,細懸浮微粒,10.4,26,43,0.39,1.09,19.4
木柵站,2026/03/25 01:00,85,細懸浮微粒,15.7,22,53,0.38,1.06,13.3
木柵站,2026/03/25 02:00,85,細懸浮微粒,10.1,21,44,0.34,1.14,13.8
木柵站,2026/03/25 03:00,84,細懸浮微粒,6.3,24,42,0.34,1.06,15.6
木柵站,2026/03/25 04:00,84,細懸浮微粒,5.6,25,38,0.43,1.08,13.8
木柵站,2026/03/25 05:00,83,細懸浮微粒,7.1,23,39,0.38,1.22,10.6
木柵站,2026/03/25 06:00,85,細懸浮微粒,16.3,27,49,0.38,1.07,14.2
木柵站,2026/03/25 07:00,85,細懸浮微粒,22.4,27,49,0.42,0.93,16.4
木柵站,2026/03/25 08:00,84,細懸浮微粒,25.4,22,45,0.31,0.65,16.4
木柵站,2026/03/25 09:00,81,細懸浮微粒,26.7,19,37,0.35,0.55,17.7
木柵站,2026/03/25 10:00,80,細懸浮微粒,23.2,22,34,0.36,1.1,20.2
木柵站,2026/03/25 11:00,79,細懸浮微粒,29,25,39,0.36,1.2,18
木柵站,2026/03/25 12:00,79,細懸浮微粒,38.2,24,44,0.35,1.14,16.9
木柵站,2026/03/25 13:00,79,細懸浮微粒,37.7,20,35,0.3,1.98,13
木柵站,2026/03/25 14:00,77,細懸浮微粒,38.9,17,39,0.3,1.71,11.4
木柵站,2026/03/25 15:00,71,細懸浮微粒,40.9,11,27,0.32,2.3,10.7
木柵站,2026/03/25 16:00,68,細懸浮微粒,38.2,18,23,0.33,2.29,14.2
木柵站,2026/03/25 17:00,63,細懸浮微粒,39.5,9,23,0.36,1.22,9.8
木柵站,2026/03/25 18:00,59,細懸浮微粒,40.5,12,25,0.38,1.16,10.2
木柵站,2026/03/25 19:00,60,細懸浮微粒,42,17,30,0.38,0.94,8
木柵站,2026/03/25 20:00,60,細懸浮微粒,43.8,18,24,0.4,0.88,6.4
木柵站,2026/03/25 21:00,62,細懸浮微粒,43.3,16,28,0.44,0.78,6.6
木柵站,2026/03/25 22:00,61,細懸浮微粒,42.2,13,29,0.43,1.11,5.7
木柵站,2026/03/25 23:00,61,細懸浮微粒,46.2,19,26,0.39,1.1,3.9
木柵站,2026/03/26 00:00,60,細懸浮微粒,47.6,17,32,0.34,1,3.1
木柵站,2026/03/26 01:00,60,細懸浮微粒,46.9,17,29,0.33,0.86,3
木柵站,2026/03/26 02:00,61,細懸浮微粒,43.3,17,31,0.35,0.83,3.2
木柵站,2026/03/26 03:00,63,細懸浮微粒,42.5,22,34,0.32,0.95,2.8
木柵站,2026/03/26 04:00,62,細懸浮微粒,41.7,13,38,0.33,0.89,2.5
木柵站,2026/03/26 05:00,61,細懸浮微粒,40.9,13,31,0.32,0.68,3.7
木柵站,2026/03/26 06:00,60,細懸浮微粒,38.7,14,33,0.32,0.81,8.5
木柵站,2026/03/26 07:00,59,細懸浮微粒,38.4,18,31,0.33,1,11.9
木柵站,2026/03/26 08:00,60,細懸浮微粒,40.7,18,34,0.33,1.24,11.2
木柵站,2026/03/26 09:00,59,細懸浮微粒,41.9,11,36,0.32,1.32,9.2
木柵站,2026/03/26 10:00,60,細懸浮微粒,40.6,15,34,0.31,1.08,11.5
木柵站,2026/03/26 11:00,58,細懸浮微粒,38,14,37,0.32,0.96,15.5
木柵站,2026/03/26 12:00,56,細懸浮微粒,39.7,14,31,0.27,0.79,14.8
木柵站,2026/03/26 13:00,56,細懸浮微粒,41,13,34,0.27,0.83,11.3
木柵站,2026/03/26 14:00,56,懸浮微粒,41.7,12,42,0.26,0.72,11.7
木柵站,2026/03/26 15:00,56,懸浮微粒,-,-,-,-,-,-
木柵站,2026/03/26 16:00,64,懸浮微粒,37.2,11,66,0.37,0.81,16.4
木柵站,2026/03/26 17:00,72,懸浮微粒,35.5,14,67,0.4,0.75,15.4
木柵站,2026/03/26 18:00,68,懸浮微粒,34,12,26,0.41,1.14,14.4
木柵站,2026/03/26 19:00,63,懸浮微粒,31.4,10,21,0.36,0.92,14.6
木柵站,2026/03/26 20:00,56,懸浮微粒,30.6,9,21,0.37,1.16,11.3
木柵站,2026/03/26 21:00,48,懸浮微粒,23.7,10,19,0.34,1.1,12.7
木柵站,2026/03/26 22:00,44,懸浮微粒,18.1,9,14,0.34,0.93,12.8
木柵站,2026/03/26 23:00,45,細懸浮微粒,20.1,14,15,0.26,0.94,9.4
木柵站,2026/03/27 00:00,45,細懸浮微粒,14.4,11,10,0.35,0.98,10.4
木柵站,2026/03/27 01:00,45,細懸浮微粒,15.3,10,7,0.4,0.86,6.8
木柵站,2026/03/27 02:00,43,細懸浮微粒,12.7,8,20,0.39,0.84,5.7
木柵站,2026/03/27 03:00,45,細懸浮微粒,17.3,16,20,0.38,0.86,6
木柵站,2026/03/27 04:00,51,細懸浮微粒,15.5,20,24,0.36,0.76,7.9
木柵站,2026/03/27 05:00,53,細懸浮微粒,12.3,16,22,0.37,0.75,9.3
木柵站,2026/03/27 06:00,56,細懸浮微粒,7.8,15,18,0.41,0.99,11.1
木柵站,2026/03/27 07:00,55,細懸浮微粒,6.4,12,33,0.44,0.99,15.6
木柵站,2026/03/27 08:00,53,細懸浮微粒,9.9,13,20,0.37,0.82,14.3
木柵站,2026/03/27 09:00,52,細懸浮微粒,9.8,13,23,0.4,0.73,18.4
木柵站,2026/03/27 10:00,51,細懸浮微粒,15.1,10,18,0.4,0.82,19.5
木柵站,2026/03/27 11:00,49,細懸浮微粒,18.2,10,17,0.33,0.7,16.5
木柵站,2026/03/27 12:00,56,二氧化氮小時值,9.6,8,21,0.46,1.1,29.7
木柵站,2026/03/27 13:00,58,二氧化氮小時值,13.8,9,17,0.45,1.44,32.9
木柵站,2026/03/27 14:00,54,二氧化氮小時值,21,9,21,0.41,1.11,27.6
木柵站,2026/03/27 15:00,52,二氧化氮小時值,23.3,12,24,0.36,1.31,24.8
木柵站,2026/03/27 16:00,50,二氧化氮小時值,25.3,13,20,0.31,1.09,21.5
木柵站,2026/03/27 17:00,43,細懸浮微粒,33.4,8,13,0.31,0.8,13.6
木柵站,2026/03/27 18:00,41,二氧化氮小時值,31.2,4,13,0.35,1.01,17.4
木柵站,2026/03/27 19:00,38,二氧化氮小時值,27,3,13,0.4,1.23,16
木柵站,2026/03/27 20:00,37,二氧化氮小時值,23.5,14,17,0.36,1.35,15.5
木柵站,2026/03/27 21:00,37,細懸浮微粒,31,14,24,0.31,1.41,12.5
木柵站,2026/03/27 22:00,44,細懸浮微粒,25.7,16,23,0.3,1.02,10.4
木柵站,2026/03/27 23:00,51,細懸浮微粒,18.7,16,27,0.33,0.97,11.1
木柵站,2026/03/28 00:00,54,細懸浮微粒,20.2,19,18,0.36,1.06,8.3
木柵站,2026/03/28 01:00,53,細懸浮微粒,23.2,11,20,0.4,1.07,5.4
木柵站,2026/03/28 02:00,52,細懸浮微粒,17.4,11,13,0.37,0.9,7
木柵站,2026/03/28 03:00,48,細懸浮微粒,32.3,9,11,0.33,0.8,3.6
木柵站,2026/03/28 04:00,42,細懸浮微粒,36.7,8,10,0.31,0.79,2.8
木柵站,2026/03/28 05:00,38,細懸浮微粒,29.6,5,12,0.37,0.79,5.2
木柵站,2026/03/28 06:00,37,細懸浮微粒,35.1,7,15,0.33,0.79,5.1
木柵站,2026/03/28 07:00,39,細懸浮微粒,32.4,11,17,0.39,0.91,13.8
木柵站,2026/03/28 08:00,40,細懸浮微粒,33.7,10,14,0.37,0.93,12.7
木柵站,2026/03/28 09:00,42,細懸浮微粒,36.5,11,15,0.35,0.78,10.6
木柵站,2026/03/28 10:00,41,細懸浮微粒,34.8,8,21,0.36,0.9,9.7
木柵站,2026/03/28 11:00,42,細懸浮微粒,39.7,13,21,0.34,0.65,8.4
木柵站,2026/03/28 12:00,42,細懸浮微粒,39.2,12,25,0.32,1.13,8.8
木柵站,2026/03/28 13:00,42,細懸浮微粒,38.7,12,24,0.32,1.27,9.4
木柵站,2026/03/28 14:00,42,細懸浮微粒,39.7,8,27,0.3,0.95,9.6
木柵站,2026/03/28 15:00,40,細懸浮微粒,38.9,9,26,0.31,1.05,11
木柵站,2026/03/28 16:00,40,細懸浮微粒,32.5,11,27,0.41,1.16,16.4
木柵站,2026/03/28 17:00,41,細懸浮微粒,31.7,12,28,0.45,1.02,15.4
木柵站,2026/03/28 18:00,44,細懸浮微粒,27,12,17,0.46,1.01,16.7
木柵站,2026/03/28 19:00,46,細懸浮微粒,20.9,13,24,0.52,1.03,14.1
木柵站,2026/03/28 20:00,50,細懸浮微粒,21.6,17,31,0.43,0.83,9.1
木柵站,2026/03/28 21:00,52,細懸浮微粒,23.2,16,33,0.34,0.83,8.5
木柵站,2026/03/28 22:00,54,細懸浮微粒,22,14,27,0.33,0.65,8.1
木柵站,2026/03/28 23:00,55,細懸浮微粒,18.6,16,26,0.32,0.64,7.5
木柵站,2026/03/29 00:00,54,細懸浮微粒,11.7,14,25,0.37,0.88,8
木柵站,2026/03/29 01:00,52,細懸浮微粒,9.8,10,22,0.46,0.91,7.4
木柵站,2026/03/29 02:00,52,細懸浮微粒,9.4,13,19,0.4,1.21,5.3
木柵站,2026/03/29 03:00,50,細懸浮微粒,11.5,10,26,0.38,0.97,5.2
木柵站,2026/03/29 04:00,53,細懸浮微粒,17.2,19,44,0.4,0.99,5.2
木柵站,2026/03/29 05:00,59,細懸浮微粒,21.5,24,45,0.39,0.86,4.6
木柵站,2026/03/29 06:00,63,細懸浮微粒,18.2,21,34,0.41,0.97,5.6
木柵站,2026/03/29 07:00,69,細懸浮微粒,27.1,23,41,0.41,0.79,8.9
木柵站,2026/03/29 08:00,75,細懸浮微粒,35.9,32,51,0.39,1.05,9.8
木柵站,2026/03/29 09:00,85,細懸浮微粒,36.1,44,61,0.56,1.18,13
木柵站,2026/03/29 10:00,86,細懸浮微粒,38.1,21,52,0.4,0.83,12.6
木柵站,2026/03/29 11:00,90,細懸浮微粒,37.3,-,-,0.48,0.74,15
木柵站,2026/03/29 12:00,97,細懸浮微粒,40.9,41,81,0.41,0.76,12.1
木柵站,2026/03/29 13:00,96,細懸浮微粒,45,35,70,0.35,0.71,10.3
木柵站,2026/03/29 14:00,107,細懸浮微粒,45.3,39,70,0.35,0.97,9.6
木柵站,2026/03/29 15:00,109,細懸浮微粒,46.1,35,71,0.34,0.84,9.6
木柵站,2026/03/29 16:00,108,細懸浮微粒,39.9,34,59,0.37,0.88,11.2
木柵站,2026/03/29 17:00,112,細懸浮微粒,35,41,62,0.39,0.87,11.3
木柵站,2026/03/29 18:00,114,細懸浮微粒,32.2,39,67,0.48,0.83,16.3
木柵站,2026/03/29 19:00,118,細懸浮微粒,31.5,41,68,0.42,0.67,12.8
木柵站,2026/03/29 20:00,120,細懸浮微粒,28.5,39,67,0.4,0.8,13.8
木柵站,2026/03/29 21:00,122,細懸浮微粒,19.1,45,63,0.48,0.93,15.7
木柵站,2026/03/29 22:00,119,細懸浮微粒,13.9,27,40,0.44,0.69,11.7
木柵站,2026/03/29 23:00,114,細懸浮微粒,8.7,28,37,0.43,0.81,11.1
木柵站,2026/03/30 00:00,105,細懸浮微粒,5.9,18,40,0.42,0.76,10.3
木柵站,2026/03/30 01:00,96,細懸浮微粒,5.2,23,46,0.47,0.85,9.6
木柵站,2026/03/30 02:00,94,細懸浮微粒,5.7,26,49,0.53,0.96,14
木柵站,2026/03/30 03:00,95,細懸浮微粒,5.7,32,58,0.55,1,12.4
木柵站,2026/03/30 04:00,100,細懸浮微粒,9.2,31,53,0.46,0.87,10.5
木柵站,2026/03/30 05:00,101,細懸浮微粒,6.5,30,44,0.42,1.03,9.4
木柵站,2026/03/30 06:00,97,細懸浮微粒,4.1,22,34,0.44,1.24,11.5
木柵站,2026/03/30 07:00,91,細懸浮微粒,6.6,21,45,0.5,1.32,14.8
木柵站,2026/03/30 08:00,87,細懸浮微粒,12.9,24,44,0.53,1.21,16.3
木柵站,2026/03/30 09:00,84,細懸浮微粒,25.4,26,45,0.47,1.38,14.7
木柵站,2026/03/30 10:00,85,細懸浮微粒,41.2,27,49,0.54,1.11,15.2
木柵站,2026/03/30 11:00,89,細懸浮微粒,50.8,31,47,0.46,1.21,12.6
木柵站,2026/03/30 12:00,97,細懸浮微粒,53.1,39,55,0.44,1.27,12.3
木柵站,2026/03/30 13:00,102,細懸浮微粒,47.2,37,52,0.38,1.03,16
木柵站,2026/03/30 14:00,102,細懸浮微粒,34.8,26,46,0.26,1.14,14.2
木柵站,2026/03/30 15:00,97,細懸浮微粒,31.5,21,42,0.27,1.06,16.8
木柵站,2026/03/30 16:00,89,細懸浮微粒,27.1,19,50,0.37,0.99,22
木柵站,2026/03/30 17:00,83,細懸浮微粒,15.7,23,43,0.38,1.04,26.1
木柵站,2026/03/30 18:00,83,細懸浮微粒,13.5,25,34,0.31,0.87,19.7
木柵站,2026/03/30 19:00,83,細懸浮微粒,12.1,20,31,0.37,0.87,20.4
木柵站,2026/03/30 20:00,84,細懸浮微粒,7.2,24,40,0.46,0.86,20.5
木柵站,2026/03/30 21:00,83,細懸浮微粒,4.6,21,38,0.56,0.84,19.3
木柵站,2026/03/30 22:00,82,細懸浮微粒,5.3,23,38,0.43,0.68,15.9
木柵站,2026/03/30 23:00,82,細懸浮微粒,6.5,24,33,0.38,0.59,12
木柵站,2026/03/31 00:00,80,細懸浮微粒,6.2,23,33,0.33,0.87,9.8
木柵站,2026/03/31 01:00,77,細懸浮微粒,6.8,19,32,0.32,1.05,7
木柵站,2026/03/31 02:00,78,細懸浮微粒,5.8,24,36,0.32,1.1,6.9
木柵站,2026/03/31 03:00,77,細懸浮微粒,5.7,22,34,0.29,0.98,6.8
木柵站,2026/03/31 04:00,76,細懸浮微粒,6,19,37,0.35,0.99,5.7
木柵站,2026/03/31 05:00,76,細懸浮微粒,5.2,20,25,0.36,1.05,7.1
木柵站,2026/03/31 06:00,74,細懸浮微粒,3.2,20,34,0.46,1.15,9.1
木柵站,2026/03/31 07:00,73,細懸浮微粒,4.1,21,39,0.52,1.29,10.9
木柵站,2026/03/31 08:00,74,細懸浮微粒,5.9,21,31,0.52,1.02,12.7
木柵站,2026/03/31 09:00,74,細懸浮微粒,16.9,20,44,0.46,0.95,13.2
木柵站,2026/03/31 10:00,72,細懸浮微粒,27.8,18,26,0.5,1.1,13.4
木柵站,2026/03/31 11:00,71,細懸浮微粒,38.3,19,34,0.56,1.26,14.7
木柵站,2026/03/31 12:00,73,細懸浮微粒,43.1,25,39,0.47,2.03,18.1
木柵站,2026/03/31 13:00,73,細懸浮微粒,39.5,20,43,0.37,3,17.4
木柵站,2026/03/31 14:00,74,細懸浮微粒,28.2,23,50,0.28,2.03,13.6
木柵站,2026/03/31 15:00,79,細懸浮微粒,28.5,30,67,0.35,2.1,17.5
木柵站,2026/03/31 16:00,80,細懸浮微粒,23.7,26,48,0.38,2.07,19.4
木柵站,2026/03/31 17:00,85,細懸浮微粒,19.5,31,59,0.4,1.71,22.3
木柵站,2026/03/31 18:00,86,細懸浮微粒,17.8,23,58,0.39,1.39,21.7
木柵站,2026/03/31 19:00,89,細懸浮微粒,12.1,35,57,0.43,1.13,23.6
木柵站,2026/03/31 20:00,89,細懸浮微粒,9.5,24,53,0.39,1.2,19.7
木柵站,2026/03/31 21:00,87,細懸浮微粒,6.1,24,45,0.4,1.25,18.7
木柵站,2026/03/31 22:00,88,細懸浮微粒,4.9,25,46,0.42,0.84,22.1
木柵站,2026/03/31 23:00,82,細懸浮微粒,9,18,43,0.37,0.79,19.3
木柵站,2026/04/01 00:00,81,細懸浮微粒,12.2,22,38,0.31,0.76,13.2
木柵站,2026/04/01 01:00,79,細懸浮微粒,12.3,18,40,0.28,0.91,9.9
木柵站,2026/04/01 02:00,76,細懸浮微粒,11.9,18,39,0.31,0.89,9.7
木柵站,2026/04/01 03:00,78,細懸浮微粒,9,25,46,0.22,0.88,10.4
木柵站,2026/04/01 04:00,76,細懸浮微粒,9.9,20,37,0.38,0.85,8.2
木柵站,2026/04/01 05:00,76,細懸浮微粒,10.6,20,45,0.34,0.89,8.1
木柵站,2026/04/01 06:00,74,細懸浮微粒,24.7,15,25,0.35,1.07,9.5
木柵站,2026/04/01 07:00,68,細懸浮微粒,31.8,14,15,0.39,0.78,11
木柵站,2026/04/01 08:00,63,細懸浮微粒,34.5,10,15,0.42,0.82,12.4
木柵站,2026/04/01 09:00,57,細懸浮微粒,31.5,8,13,0.43,0.65,16.2
木柵站,2026/04/01 10:00,52,細懸浮微粒,30.3,7,14,0.41,0.58,16
木柵站,2026/04/01 11:00,47,細懸浮微粒,31.3,7,13,0.41,0.69,15.9
木柵站,2026/04/01 12:00,47,二氧化氮小時值,28.5,5,12,0.38,0.84,19.8
木柵站,2026/04/01 13:00,40,細懸浮微粒,32.1,8,13,0.39,1,15.4
木柵站,2026/04/01 14:00,41,二氧化氮小時值,32.5,7,22,0.38,1.01,17.3
木柵站,2026/04/01 15:00,51,二氧化氮小時值,27.4,9,15,0.43,1.03,23.1
木柵站,2026/04/01 16:00,48,二氧化氮小時值,30.5,6,14,0.36,0.97,20.1
木柵站,2026/04/01 17:00,50,二氧化氮小時值,30.5,12,13,0.39,0.79,20.9
木柵站,2026/04/01 18:00,37,二氧化氮小時值,35.6,8,14,0.43,0.8,15.5
木柵站,2026/04/01 19:00,37,二氧化氮小時值,35.7,6,14,0.41,0.93,15.5
木柵站,2026/04/01 20:00,37,二氧化氮小時值,30.9,8,15,0.38,1.42,15.4
木柵站,2026/04/01 21:00,33,二氧化氮小時值,31,7,14,0.39,1.24,13.8
木柵站,2026/04/01 22:00,30,細懸浮微粒,31.4,8,13,0.33,0.77,11
木柵站,2026/04/01 23:00,32,細懸浮微粒,31.7,9,15,0.32,0.85,8.9
木柵站,2026/04/02 00:00,31,細懸浮微粒,26.3,6,16,0.34,0.92,7.2
木柵站,2026/04/02 01:00,31,細懸浮微粒,24.1,8,17,0.33,0.83,5.9
木柵站,2026/04/02 02:00,33,細懸浮微粒,26.2,10,19,0.32,0.77,5.6
木柵站,2026/04/02 03:00,34,細懸浮微粒,28.1,10,16,0.32,0.75,3.5
木柵站,2026/04/02 04:00,34,細懸浮微粒,31.6,6,13,0.31,0.85,2.9
木柵站,2026/04/02 05:00,35,細懸浮微粒,30,11,21,0.31,0.8,5.5
木柵站,2026/04/02 06:00,36,細懸浮微粒,32.5,11,15,0.41,1.28,8
木柵站,2026/04/02 07:00,37,細懸浮微粒,31.6,11,22,0.38,1.28,14.5
木柵站,2026/04/02 08:00,40,細懸浮微粒,43.1,11,26,0.29,1,9.6
木柵站,2026/04/02 09:00,42,細懸浮微粒,44.6,12,27,0.25,1.03,12.1
木柵站,2026/04/02 10:00,39,細懸浮微粒,46.6,7,29,0.25,0.97,12.1
木柵站,2026/04/02 11:00,41,懸浮微粒,49.1,4,30,0.23,0.94,8.2
木柵站,2026/04/02 12:00,44,懸浮微粒,48.7,9,34,0.29,1.17,9.9
木柵站,2026/04/02 13:00,44,懸浮微粒,47.1,12,27,0.27,1.29,12
木柵站,2026/04/02 14:00,46,懸浮微粒,49.9,12,32,0.25,1.19,9.9
木柵站,2026/04/02 15:00,46,懸浮微粒,46.8,15,26,0.25,1.32,12.9
木柵站,2026/04/02 16:00,46,懸浮微粒,51.4,9,29,0.32,1.26,8
木柵站,2026/04/02 17:00,48,懸浮微粒,53.2,11,32,0.35,1.29,5.4
木柵站,2026/04/02 18:00,47,懸浮微粒,52,12,27,0.38,0.99,4.6
木柵站,2026/04/02 19:00,49,懸浮微粒,53.1,12,29,0.38,0.84,3.1
木柵站,2026/04/02 20:00,49,細懸浮微粒,52.4,18,24,0.3,0.97,3.4
木柵站,2026/04/02 21:00,51,細懸浮微粒,52.8,14,23,0.22,1.17,2.3
木柵站,2026/04/02 22:00,52,細懸浮微粒,51.1,14,28,0.23,1.56,3.6
木柵站,2026/04/02 23:00,51,細懸浮微粒,43.3,8,22,0.27,1.61,5.2
木柵站,2026/04/03 00:00,46,細懸浮微粒,31,7,20,0.37,1.17,7.5
木柵站,2026/04/03 01:00,44,細懸浮微粒,42.4,11,16,0.32,0.96,3.2
木柵站,2026/04/03 02:00,44,細懸浮微粒,32.4,13,20,0.33,1.12,3.3
木柵站,2026/04/03 03:00,46,細懸浮微粒,30.2,13,13,0.31,1.13,4.8
木柵站,2026/04/03 04:00,49,細懸浮微粒,30.2,12,17,0.36,0.93,4.1
木柵站,2026/04/03 05:00,49,細懸浮微粒,36.2,11,8,0.33,0.85,3.9
木柵站,2026/04/03 06:00,46,細懸浮微粒,37.9,8,-,0.32,0.99,5.5
木柵站,2026/04/03 07:00,44,細懸浮微粒,34.1,10,3,0.35,0.93,10.2
木柵站,2026/04/03 08:00,44,細懸浮微粒,29.5,14,3,0.37,0.77,13.9
木柵站,2026/04/03 09:00,43,細懸浮微粒,26.8,10,25,0.35,0.8,17
木柵站,2026/04/03 10:00,52,二氧化氮小時值,17.9,12,30,0.43,0.89,24
木柵站,2026/04/03 11:00,53,二氧化氮小時值,16.1,21,50,0.52,0.97,26.2
木柵站,2026/04/03 12:00,56,細懸浮微粒,22.8,21,50,0.47,1.26,20.7
木柵站,2026/04/03 13:00,52,細懸浮微粒,31.3,3,9,0.35,1.31,11.4
木柵站,2026/04/03 14:00,51,細懸浮微粒,40.2,8,20,0.3,0.97,2.8
木柵站,2026/04/03 15:00,44,細懸浮微粒,40,9,23,0.28,0.87,3.7
木柵站,2026/04/03 16:00,37,細懸浮微粒,38,9,23,0.29,0.83,4.2
木柵站,2026/04/03 17:00,39,細懸浮微粒,28.9,8,20,0.33,0.98,7.4
木柵站,2026/04/03 18:00,42,細懸浮微粒,17.9,12,30,0.36,0.9,10
木柵站,2026/04/03 19:00,45,細懸浮微粒,12.3,13,32,0.38,0.9,13.9
木柵站,2026/04/03 20:00,47,懸浮微粒,12.6,12,30,0.4,0.8,11.4
木柵站,2026/04/03 21:00,50,懸浮微粒,11.6,12,30,0.4,0.97,12.1
木柵站,2026/04/03 22:00,48,懸浮微粒,23.4,9,23,0.4,0.82,9.3
木柵站,2026/04/03 23:00,42,懸浮微粒,29,6,16,0.34,0.77,6.4
木柵站,2026/04/04 00:00,35,懸浮微粒,26.5,3,9,0.32,0.93,7.1
木柵站,2026/04/04 01:00,32,懸浮微粒,21.2,6,16,0.4,1.1,5.8
木柵站,2026/04/04 02:00,40,懸浮微粒,35.5,21,50,0.31,0.99,2.7
木柵站,2026/04/04 03:00,48,懸浮微粒,32.1,19,46,0.29,0.77,3
木柵站,2026/04/04 04:00,57,懸浮微粒,29.1,24,57,0.24,0.78,3
木柵站,2026/04/04 05:00,61,細懸浮微粒,28.7,15,36,0.26,0.81,2.8
木柵站,2026/04/04 06:00,61,細懸浮微粒,25.2,19,46,0.31,0.93,4.4
木柵站,2026/04/04 07:00,61,細懸浮微粒,19.2,18,43,0.35,0.95,8.5
木柵站,2026/04/04 08:00,57,細懸浮微粒,15.8,13,32,0.46,0.81,10.4
木柵站,2026/04/04 09:00,61,細懸浮微粒,13.1,22,53,0.46,0.84,12.8
木柵站,2026/04/04 10:00,60,細懸浮微粒,9.9,14,34,0.53,1.26,19.6
木柵站,2026/04/04 11:00,58,細懸浮微粒,13.7,11,27,0.47,1.16,11.5
木柵站,2026/04/04 12:00,58,細懸浮微粒,11,11,27,0.48,0.98,12
木柵站,2026/04/04 13:00,53,懸浮微粒,21.2,8,20,0.41,0.95,12.5
木柵站,2026/04/04 14:00,51,懸浮微粒,28.2,11,27,0.4,1.22,12.6
木柵站,2026/04/04 15:00,51,懸浮微粒,28.8,11,27,0.41,0.91,8.5
木柵站,2026/04/04 16:00,46,懸浮微粒,29,7,18,0.39,0.88,7.7
木柵站,2026/04/04 17:00,43,懸浮微粒,27.6,4,11,0.41,0.72,7.9
木柵站,2026/04/04 18:00,43,懸浮微粒,29,13,32,0.43,1.04,8.9
木柵站,2026/04/04 19:00,41,懸浮微粒,33.6,10,25,0.37,1.19,7.5
木柵站,2026/04/04 20:00,43,懸浮微粒,35.1,12,30,0.33,0.62,6.4
木柵站,2026/04/04 21:00,45,懸浮微粒,31.1,11,27,0.29,0.58,6.4
木柵站,2026/04/04 22:00,41,懸浮微粒,32.2,7,18,0.28,0.81,7.2
木柵站,2026/04/04 23:00,37,懸浮微粒,25.5,4,11,0.31,0.8,7.5
木柵站,2026/04/05 00:00,36,懸浮微粒,23.5,10,25,0.37,0.75,6
木柵站,2026/04/05 01:00,34,懸浮微粒,23.7,7,18,0.37,0.83,4.6
木柵站,2026/04/05 02:00,31,懸浮微粒,19.3,3,9,0.39,0.87,4.9
木柵站,2026/04/05 03:00,30,懸浮微粒,18,5,14,0.4,0.96,4.2
木柵站,2026/04/05 04:00,29,懸浮微粒,17.9,8,20,0.33,1.06,3.2
木柵站,2026/04/05 05:00,30,懸浮微粒,13.1,7,18,0.37,0.91,4
木柵站,2026/04/05 06:00,28,懸浮微粒,12.9,3,9,0.37,0.99,5.9
木柵站,2026/04/05 07:00,26,懸浮微粒,14.3,2,7,0.38,0.97,5.4
木柵站,2026/04/05 08:00,22,懸浮微粒,18.8,4,11,0.42,1.29,6.1
木柵站,2026/04/05 09:00,22,懸浮微粒,24,8,20,0.49,1.12,7.3
木柵站,2026/04/05 10:00,24,懸浮微粒,32.7,6,16,0.49,1.26,5.9
木柵站,2026/04/05 11:00,28,懸浮微粒,42.2,10,25,0.5,1.5,5.9
木柵站,2026/04/05 12:00,33,懸浮微粒,44.9,12,30,0.5,1.54,10.9
木柵站,2026/04/05 13:00,36,二氧化氮小時值,40.7,13,32,0.52,1.54,15.2
木柵站,2026/04/05 14:00,40,懸浮微粒,41.8,12,30,0.41,1.73,10.7
木柵站,2026/04/05 15:00,48,懸浮微粒,40.5,21,50,0.4,2.17,11.3
木柵站,2026/04/05 16:00,53,懸浮微粒,30.5,21,50,0.34,2.62,19.4
木柵站,2026/04/05 17:00,55,懸浮微粒,30.9,16,39,0.33,1.89,15.4
木柵站,2026/04/05 18:00,57,細懸浮微粒,23.4,14,34,0.35,1.09,12.6
木柵站,2026/04/05 19:00,55,懸浮微粒,23.9,12,30,0.29,0.78,8
木柵站,2026/04/05 20:00,52,懸浮微粒,20.8,10,25,0.36,0.96,8.8
木柵站,2026/04/05 21:00,52,懸浮微粒,13.7,13,32,0.39,0.98,11.1
木柵站,2026/04/05 22:00,50,懸浮微粒,10.3,9,23,0.44,0.92,12.3
木柵站,2026/04/05 23:00,47,懸浮微粒,14.9,6,16,0.35,0.85,7.4
木柵站,2026/04/06 00:00,43,懸浮微粒,10.3,4,11,0.32,0.73,8.6
木柵站,2026/04/06 01:00,45,懸浮微粒,10.2,17,41,0.41,0.72,8.2
木柵站,2026/04/06 02:00,47,懸浮微粒,7.7,12,30,0.42,0.74,8.7
木柵站,2026/04/06 03:00,48,懸浮微粒,8.4,11,27,0.34,0.69,6.2
木柵站,2026/04/06 04:00,49,懸浮微粒,12.9,11,27,0.28,0.72,4.1
木柵站,2026/04/06 05:00,46,懸浮微粒,15.3,11,27,0.25,0.8,4.3
木柵站,2026/04/06 06:00,41,懸浮微粒,12.7,6,16,0.3,1,6.7
木柵站,2026/04/06 07:00,37,懸浮微粒,10.4,4,11,0.33,1.07,11.9
木柵站,2026/04/06 08:00,32,懸浮微粒,11.8,3,9,0.47,1.05,13
木柵站,2026/04/06 09:00,26,懸浮微粒,16.3,2,7,0.52,0.97,10.2
木柵站,2026/04/06 10:00,25,懸浮微粒,20.9,6,16,0.51,0.76,9.2
木柵站,2026/04/06 11:00,25,懸浮微粒,25.5,4,11,0.51,0.71,7.2
木柵站,2026/04/06 12:00,31,懸浮微粒,22.7,12,30,0.42,0.94,11.4
木柵站,2026/04/06 13:00,35,懸浮微粒,15.6,13,32,0.4,1.05,13.7
木柵站,2026/04/06 14:00,40,懸浮微粒,16.4,15,36,0.36,0.83,12.3
木柵站,2026/04/06 15:00,42,懸浮微粒,17.5,9,23,0.43,0.76,12.7
木柵站,2026/04/06 16:00,44,懸浮微粒,15.4,15,36,0.39,0.61,10.2
木柵站,2026/04/06 17:00,45,懸浮微粒,6.4,14,34,0.4,0.73,11.1
木柵站,2026/04/06 18:00,43,懸浮微粒,8.8,10,25,0.32,0.94,8.3
木柵站,2026/04/06 19:00,44,懸浮微粒,6.1,9,23,0.37,0.94,10.8
木柵站,2026/04/06 20:00,47,懸浮微粒,4.1,16,39,0.38,0.98,11.3
木柵站,2026/04/06 21:00,50,懸浮微粒,3.5,16,39,0.37,0.96,9.5
木柵站,2026/04/06 22:00,51,懸浮微粒,3,12,30,0.34,1.06,9.9
木柵站,2026/04/06 23:00,54,懸浮微粒,3.3,14,34,0.3,0.85,8.1
木柵站,2026/04/07 00:00,54,懸浮微粒,3.9,16,39,0.32,0.75,7.1
木柵站,2026/04/07 01:00,56,懸浮微粒,5,18,43,0.36,0.89,5.3
木柵站,2026/04/07 02:00,57,懸浮微粒,4.8,16,39,0.31,0.74,5.8
木柵站,2026/04/07 03:00,61,細懸浮微粒,8.5,22,53,0.23,0.7,3.6
木柵站,2026/04/07 04:00,60,細懸浮微粒,8.7,13,32,0.3,0.85,4.1
木柵站,2026/04/07 05:00,60,細懸浮微粒,6.7,18,43,0.31,0.67,6.8
木柵站,2026/04/07 06:00,60,細懸浮微粒,12,13,32,0.35,0.83,9.2
木柵站,2026/04/07 07:00,58,細懸浮微粒,23.1,16,39,0.31,0.93,12.6
木柵站,2026/04/07 08:00,55,懸浮微粒,32.2,5,14,0.31,1.26,9.8
木柵站,2026/04/07 09:00,51,懸浮微粒,27.5,8,20,0.32,1.34,14.5
木柵站,2026/04/07 10:00,48,懸浮微粒,27.8,8,20,0.34,1.89,15.7
木柵站,2026/04/07 11:00,48,懸浮微粒,27,16,39,0.39,2.24,18.1
木柵站,2026/04/07 12:00,47,懸浮微粒,31.5,7,18,0.38,1.84,16.3
木柵站,2026/04/07 13:00,46,懸浮微粒,30.6,8,20,0.38,1.05,14.1
木柵站,2026/04/07 14:00,46,懸浮微粒,32.1,10,25,0.35,0.6,13.7
木柵站,2026/04/07 15:00,37,細懸浮微粒,31.6,6,10,0.36,0.88,13.1
木柵站,2026/04/07 16:00,39,二氧化氮小時值,29.7,3,13,0.3,1.15,16.5
木柵站,2026/04/07 17:00,36,二氧化氮小時值,30.2,5,14,0.31,1.21,15
木柵站,2026/04/07 18:00,30,細懸浮微粒,35.2,11,14,0.35,1.14,12.5
木柵站,2026/04/07 19:00,32,細懸浮微粒,33.8,11,15,0.35,1.16,13
木柵站,2026/04/07 20:00,35,細懸浮微粒,34.8,8,17,0.36,0.97,12.2
木柵站,2026/04/07 21:00,36,細懸浮微粒,35.6,8,22,0.4,0.89,10.2
木柵站,2026/04/07 22:00,35,細懸浮微粒,33.8,9,22,0.34,1.09,9.9
木柵站,2026/04/07 23:00,34,懸浮微粒,38.1,8,28,0.33,0.98,5.1
木柵站,2026/04/08 00:00,38,懸浮微粒,39.6,10,34,0.29,0.94,3.2
木柵站,2026/04/08 01:00,43,懸浮微粒,42.1,16,38,0.35,0.75,1.9
木柵站,2026/04/08 02:00,45,懸浮微粒,44.2,8,29,0.32,0.79,1.9
木柵站,2026/04/08 03:00,45,懸浮微粒,40.1,9,24,0.29,0.76,1.9
木柵站,2026/04/08 04:00,41,懸浮微粒,37.9,6,14,0.29,0.55,2.4
木柵站,2026/04/08 05:00,37,懸浮微粒,39.8,7,18,0.31,0.47,2.4
木柵站,2026/04/08 06:00,37,臭氧8小時,40.5,11,15,0.34,0.92,5.5
木柵站,2026/04/08 07:00,50,二氧化氮小時值,26.2,10,13,0.39,1.08,21.7
木柵站,2026/04/08 08:00,51,二氧化氮小時值,23.8,8,11,0.41,0.83,22
木柵站,2026/04/08 09:00,54,二氧化氮小時值,17.2,8,12,0.39,1.18,26.8
木柵站,2026/04/08 10:00,45,二氧化氮小時值,24.4,6,13,0.33,1.06,19.1
木柵站,2026/04/08 11:00,43,二氧化氮小時值,27.5,6,9,0.31,0.91,17.9
木柵站,2026/04/08 12:00,39,二氧化氮小時值,28.5,3,5,0.28,0.87,16.4
木柵站,2026/04/08 13:00,32,二氧化氮小時值,31,9,10,0.32,0.79,13.5
木柵站,2026/04/08 14:00,32,二氧化氮小時值,29.9,7,13,0.35,0.71,13.6
木柵站,2026/04/08 15:00,32,二氧化氮小時值,29.5,5,14,0.38,1.08,13.4
木柵站,2026/04/08 16:00,37,二氧化氮小時值,25.3,6,13,0.38,0.96,15.5
木柵站,2026/04/08 17:00,51,二氧化氮小時值,10.1,5,23,0.49,0.99,22.3
木柵站,2026/04/08 18:00,41,二氧化氮小時值,7.8,6,19,0.39,0.88,17.2
木柵站,2026/04/08 19:00,51,二氧化氮小時值,3.4,6,28,0.48,1.03,22.5
木柵站,2026/04/08 20:00,47,二氧化氮小時值,4.6,5,9,0.46,0.79,19.6
木柵站,2026/04/08 21:00,39,二氧化氮小時值,3.5,3,28,0.39,0.9,16.4
木柵站,2026/04/08 22:00,36,二氧化氮小時值,2.9,7,26,0.42,0.92,15
木柵站,2026/04/08 23:00,36,二氧化氮小時值,2.3,6,23,0.43,1.04,15.2
木柵站,2026/04/09 00:00,38,懸浮微粒,2.3,9,27,0.43,0.92,14.9
木柵站,2026/04/09 01:00,40,懸浮微粒,2.3,6,32,0.43,0.89,13.6
木柵站,2026/04/09 02:00,44,懸浮微粒,3.2,6,38,0.36,0.86,12.9
木柵站,2026/04/09 03:00,48,懸浮微粒,2.8,5,35,0.3,0.91,10
木柵站,2026/04/09 04:00,49,懸浮微粒,2.4,4,26,0.33,0.93,7.9
木柵站,2026/04/09 05:00,49,懸浮微粒,2.3,2,31,0.4,0.86,7.5
木柵站,2026/04/09 06:00,46,懸浮微粒,2.8,3,22,0.39,1.08,7
木柵站,2026/04/09 07:00,41,懸浮微粒,4.1,7,15,0.42,1.12,8.9
木柵站,2026/04/09 08:00,44,懸浮微粒,10.4,7,30,0.41,0.83,11
木柵站,2026/04/09 09:00,41,懸浮微粒,16.6,6,22,0.54,1.1,13.8
木柵站,2026/04/09 10:00,45,懸浮微粒,23.5,6,35,0.6,1.2,15.4
木柵站,2026/04/09 11:00,48,懸浮微粒,32.7,18,28,0.5,1.03,14.4
木柵站,2026/04/09 12:00,51,懸浮微粒,33.5,16,43,0.33,1.2,8.5
木柵站,2026/04/09 13:00,53,懸浮微粒,34.2,16,34,0.34,0.9,6.4
木柵站,2026/04/09 14:00,54,細懸浮微粒,41.4,23,36,0.42,0.87,9.6
木柵站,2026/04/09 15:00,58,細懸浮微粒,45.7,23,40,0.38,1.03,8.4
木柵站,2026/04/09 16:00,63,細懸浮微粒,40.9,24,49,0.49,1.19,25.2
木柵站,2026/04/09 17:00,69,細懸浮微粒,36.5,25,38,0.42,2.16,26.5
木柵站,2026/04/09 18:00,73,細懸浮微粒,31.5,27,41,0.43,1.26,25.1
木柵站,2026/04/09 19:00,72,細懸浮微粒,26,17,39,0.44,1.16,22.4
木柵站,2026/04/09 20:00,73,細懸浮微粒,10,21,43,0.48,1.2,25
木柵站,2026/04/09 21:00,74,細懸浮微粒,5.4,23,44,0.45,1.27,21.6
木柵站,2026/04/09 22:00,73,細懸浮微粒,4.9,20,43,0.41,0.98,15.7
木柵站,2026/04/09 23:00,74,細懸浮微粒,3.4,20,52,0.37,1.13,16.9
木柵站,2026/04/10 00:00,77,細懸浮微粒,2.7,25,48,0.36,0.98,15.2
木柵站,2026/04/10 01:00,75,細懸浮微粒,2.5,17,50,0.42,0.8,13.3
木柵站,2026/04/10 02:00,75,細懸浮微粒,3.2,21,40,0.42,0.9,11
木柵站,2026/04/10 03:00,77,細懸浮微粒,3.3,25,46,0.28,0.7,10.4
木柵站,2026/04/10 04:00,76,細懸浮微粒,4.2,23,42,0.26,0.82,10.2
木柵站,2026/04/10 05:00,75,細懸浮微粒,5.1,17,42,0.29,0.82,7.8
木柵站,2026/04/10 06:00,73,細懸浮微粒,4.5,19,35,0.39,1.07,8.3
木柵站,2026/04/10 07:00,71,細懸浮微粒,4.3,18,31,0.51,1.21,13
木柵站,2026/04/10 08:00,72,細懸浮微粒,13.6,25,33,0.34,1.07,10.2
木柵站,2026/04/10 09:00,76,細懸浮微粒,21.5,26,37,0.4,1.32,12.8
木柵站,2026/04/10 10:00,76,細懸浮微粒,31.7,20,43,0.42,1.63,15.8
木柵站,2026/04/10 11:00,79,細懸浮微粒,45.9,24,41,0.45,1.78,16
木柵站,2026/04/10 12:00,74,細懸浮微粒,45.5,15,51,0.29,2.11,10.2
木柵站,2026/04/10 13:00,71,細懸浮微粒,42.9,18,34,0.21,1.62,8
木柵站,2026/04/10 14:00,70,細懸浮微粒,42.1,17,29,0.2,1.47,8
木柵站,2026/04/10 15:00,66,細懸浮微粒,39,17,42,0.23,1.23,9.9
木柵站,2026/04/10 16:00,66,細懸浮微粒,36.2,17,43,0.3,1.36,10.6
木柵站,2026/04/10 17:00,66,細懸浮微粒,27.2,17,39,0.36,1.18,16.5
木柵站,2026/04/10 18:00,66,細懸浮微粒,15.8,17,35,0.4,0.91,20.3
木柵站,2026/04/10 19:00,66,細懸浮微粒,9.5,18,35,0.44,1.14,24.6
木柵站,2026/04/10 20:00,67,細懸浮微粒,9.9,20,35,0.37,1,18.6
木柵站,2026/04/10 21:00,66,細懸浮微粒,8.7,18,33,0.34,0.94,16.9
木柵站,2026/04/10 22:00,71,細懸浮微粒,5.7,29,30,0.34,0.92,18.4
木柵站,2026/04/10 23:00,70,細懸浮微粒,8.1,16,37,0.29,0.79,14.5
木柵站,2026/04/11 00:00,70,細懸浮微粒,7.5,19,34,0.31,0.77,12.1
木柵站,2026/04/11 01:00,69,細懸浮微粒,-,17,33,0.3,0.8,6.2
木柵站,2026/04/11 02:00,66,細懸浮微粒,10.2,18,26,0.26,0.95,6.1
木柵站,2026/04/11 03:00,67,細懸浮微粒,8,19,36,0.2,1.02,7.5
木柵站,2026/04/11 04:00,67,細懸浮微粒,5.4,18,37,0.35,0.76,8.4
木柵站,2026/04/11 05:00,67,細懸浮微粒,4.6,18,30,0.43,0.64,9
木柵站,2026/04/11 06:00,67,細懸浮微粒,4.3,18,29,0.48,1.28,9.1
木柵站,2026/04/11 07:00,66,細懸浮微粒,6.9,17,29,0.48,1.14,9.7
木柵站,2026/04/11 08:00,68,細懸浮微粒,11.2,21,33,0.37,1.13,8.9
木柵站,2026/04/11 09:00,66,細懸浮微粒,22.8,15,29,0.36,1.03,6.8
木柵站,2026/04/11 10:00,66,細懸浮微粒,30.3,21,36,0.38,1.25,7.3
木柵站,2026/04/11 11:00,67,細懸浮微粒,42.4,19,34,0.44,1.55,8.6
木柵站,2026/04/11 12:00,67,細懸浮微粒,46.7,20,38,0.34,1.95,10.8
木柵站,2026/04/11 13:00,72,細懸浮微粒,46.2,25,51,0.27,2.19,11.7
木柵站,2026/04/11 14:00,75,細懸浮微粒,41.3,28,37,0.26,1.66,11.7
木柵站,2026/04/11 15:00,79,細懸浮微粒,31.5,28,44,0.27,1.3,19.9
木柵站,2026/04/11 16:00,80,細懸浮微粒,23.6,22,40,0.34,1.32,23.9
木柵站,2026/04/11 17:00,81,細懸浮微粒,21.8,25,40,0.38,1.5,23.4
木柵站,2026/04/11 18:00,82,細懸浮微粒,19,26,37,0.34,1.68,19.1
木柵站,2026/04/11 19:00,81,細懸浮微粒,20.8,25,37,0.32,1.37,12.9
木柵站,2026/04/11 20:00,80,細懸浮微粒,14.2,19,40,0.29,1.1,10.4
木柵站,2026/04/11 21:00,81,細懸浮微粒,11.8,24,36,0.28,0.82,10.7
木柵站,2026/04/11 22:00,82,細懸浮微粒,12.3,27,40,0.26,0.86,8
木柵站,2026/04/11 23:00,83,細懸浮微粒,10.3,26,28,0.24,1,8.2
木柵站,2026/04/12 00:00,84,細懸浮微粒,9.4,21,31,0.28,1.01,7.3
木柵站,2026/04/12 01:00,80,細懸浮微粒,8.4,16,27,0.37,1.21,5.9
木柵站,2026/04/12 02:00,76,細懸浮微粒,9.8,19,41,0.31,1,3.8
木柵站,2026/04/12 03:00,73,細懸浮微粒,8,19,34,0.28,1.01,3.6
木柵站,2026/04/12 04:00,72,細懸浮微粒,7.5,20,31,0.27,1.14,3.8
木柵站,2026/04/12 05:00,73,細懸浮微粒,5,20,33,0.26,0.76,4.5
木柵站,2026/04/12 06:00,73,細懸浮微粒,5.4,21,30,0.35,0.89,4.2
木柵站,2026/04/12 07:00,73,細懸浮微粒,8.2,21,28,0.34,1.18,5.3
木柵站,2026/04/12 08:00,72,細懸浮微粒,14.5,17,29,0.35,1.65,5.1
木柵站,2026/04/12 09:00,73,細懸浮微粒,23.9,24,34,0.43,2.58,6.1
木柵站,2026/04/12 10:00,72,細懸浮微粒,33.5,20,33,0.47,1.85,7.4
木柵站,2026/04/12 11:00,72,細懸浮微粒,42.1,21,35,0.45,1.63,6.8
木柵站,2026/04/12 12:00,75,細懸浮微粒,53.7,25,40,0.47,1.64,6.7
木柵站,2026/04/12 13:00,74,細懸浮微粒,54,21,38,0.44,2.01,7.9
木柵站,2026/04/12 14:00,77,細懸浮微粒,46.1,25,44,0.42,1.95,8.7
木柵站,2026/04/12 15:00,77,細懸浮微粒,31,21,37,0.4,1.64,13.4
木柵站,2026/04/12 16:00,78,細懸浮微粒,28.7,26,32,0.36,1.96,13.7
木柵站,2026/04/12 17:00,81,細懸浮微粒,25.1,27,34,0.36,2.22,13
木柵站,2026/04/12 18:00,83,細懸浮微粒,16.8,29,40,0.38,1.41,14.3
木柵站,2026/04/12 19:00,84,細懸浮微粒,11.7,23,34,0.37,1.02,15.4
木柵站,2026/04/12 20:00,82,細懸浮微粒,10.7,18,31,0.37,0.94,14.4
木柵站,2026/04/12 21:00,80,細懸浮微粒,10.4,22,42,0.35,0.91,12.9
木柵站,2026/04/12 22:00,77,細懸浮微粒,8.5,21,34,0.35,1,13.2
木柵站,2026/04/12 23:00,77,細懸浮微粒,8.9,23,35,0.32,1.08,7.9
木柵站,2026/04/13 00:00,78,細懸浮微粒,7.4,22,34,0.29,0.82,9
木柵站,2026/04/13 01:00,79,細懸浮微粒,7.9,23,35,0.32,0.71,6.6
木柵站,2026/04/13 02:00,78,細懸浮微粒,7.4,20,36,0.28,0.9,5.5
木柵站,2026/04/13 03:00,80,細懸浮微粒,6.4,26,35,0.22,1.16,5
木柵站,2026/04/13 04:00,79,細懸浮微粒,3.9,22,38,0.39,1.23,7.5
木柵站,2026/04/13 05:00,80,細懸浮微粒,5,25,34,0.43,1.21,6.8
木柵站,2026/04/13 06:00,80,細懸浮微粒,4.6,24,36,0.47,1.5,8.2
木柵站,2026/04/13 07:00,80,細懸浮微粒,7.3,25,28,0.51,1.65,9
木柵站,2026/04/13 08:00,82,細懸浮微粒,13.3,24,43,0.42,1.16,9.4
木柵站,2026/04/13 09:00,83,細懸浮微粒,24.5,28,43,0.47,1.08,10.5
木柵站,2026/04/13 10:00,83,細懸浮微粒,42.3,23,42,0.57,1.25,12.7
木柵站,2026/04/13 11:00,86,細懸浮微粒,55.5,30,44,0.54,1.32,12.2
木柵站,2026/04/13 12:00,87,細懸浮微粒,47.6,27,47,0.33,2.45,15.5
木柵站,2026/04/13 13:00,86,細懸浮微粒,45.6,24,36,0.28,3.16,12.4
木柵站,2026/04/13 14:00,87,細懸浮微粒,36.8,24,35,0.24,1.89,13
木柵站,2026/04/13 15:00,85,細懸浮微粒,29.9,25,33,0.22,1.48,12.9
木柵站,2026/04/13 16:00,84,細懸浮微粒,23.1,24,37,0.31,1.44,17.9
木柵站,2026/04/13 17:00,81,細懸浮微粒,18.6,18,44,0.35,1.64,20.7
木柵站,2026/04/13 18:00,80,細懸浮微粒,11.4,22,48,0.3,1.24,20.4
木柵站,2026/04/13 19:00,80,細懸浮微粒,10.6,24,43,0.3,1.08,18.3
木柵站,2026/04/13 20:00,80,細懸浮微粒,13.4,25,41,0.36,1.07,12.8
木柵站,2026/04/13 21:00,79,細懸浮微粒,8.8,18,31,0.32,1.02,13.7
木柵站,2026/04/13 22:00,79,細懸浮微粒,7.1,22,35,0.34,0.95,14.6
木柵站,2026/04/13 23:00,80,細懸浮微粒,6.8,27,29,0.31,0.95,13.6
木柵站,2026/04/14 00:00,78,細懸浮微粒,4,22,-,0.33,1.01,14.7
木柵站,2026/04/14 01:00,78,細懸浮微粒,3.6,19,54,0.36,1.04,13.5
木柵站,2026/04/14 02:00,76,細懸浮微粒,5.2,18,31,0.32,1.01,10.9
木柵站,2026/04/14 03:00,72,細懸浮微粒,3.7,17,37,0.28,0.96,9.2
木柵站,2026/04/14 04:00,71,細懸浮微粒,5.1,21,29,0.29,0.99,7.7
木柵站,2026/04/14 05:00,70,細懸浮微粒,4.4,17,28,0.3,1.03,7.7
木柵站,2026/04/14 06:00,70,細懸浮微粒,3.8,18,37,0.33,1.24,9.5
木柵站,2026/04/14 07:00,68,細懸浮微粒,5.4,16,36,0.4,1.21,10.5
木柵站,2026/04/14 08:00,66,細懸浮微粒,11,18,28,0.43,0.9,11.2
木柵站,2026/04/14 09:00,66,細懸浮微粒,21.3,16,27,0.41,0.7,11.1
木柵站,2026/04/14 10:00,64,細懸浮微粒,28.3,15,14,0.37,0.9,7.4
木柵站,2026/04/14 11:00,63,細懸浮微粒,33.8,17,24,0.38,0.85,6.2
木柵站,2026/04/14 12:00,61,細懸浮微粒,41.9,14,18,0.3,1.13,5.4
木柵站,2026/04/14 13:00,61,細懸浮微粒,46.3,16,23,0.28,1.37,5.7
木柵站,2026/04/14 14:00,61,細懸浮微粒,50.2,16,25,0.28,1.38,6.5
木柵站,2026/04/14 15:00,61,細懸浮微粒,44.7,18,37,0.31,3.25,14.5
木柵站,2026/04/14 16:00,62,細懸浮微粒,33.1,17,40,0.44,3.05,20.7
木柵站,2026/04/14 17:00,63,細懸浮微粒,26.8,19,49,0.45,2.12,21.3
木柵站,2026/04/14 18:00,64,細懸浮微粒,22.8,18,43,0.48,1.74,21.7
木柵站,2026/04/14 19:00,64,細懸浮微粒,20.8,19,42,0.43,1.61,18.4
木柵站,2026/04/14 20:00,65,細懸浮微粒,14.9,19,43,0.35,1.14,16.3
木柵站,2026/04/14 21:00,67,細懸浮微粒,9.8,23,34,0.33,1.02,16.3
木柵站,2026/04/14 22:00,64,細懸浮微粒,8.6,9,34,0.29,1.27,13.3
木柵站,2026/04/14 23:00,61,細懸浮微粒,5.3,13,40,0.26,1.23,13.3
木柵站,2026/04/15 00:00,60,細懸浮微粒,3.8,16,41,0.31,1.3,13
木柵站,2026/04/15 01:00,58,細懸浮微粒,5.1,17,28,0.39,1.14,9.4
木柵站,2026/04/15 02:00,62,細懸浮微粒,4.9,19,32,0.36,0.95,8.2
木柵站,2026/04/15 03:00,61,細懸浮微粒,3.5,11,30,0.31,0.84,8.6
木柵站,2026/04/15 04:00,58,細懸浮微粒,3.6,10,32,0.32,0.97,8.2
木柵站,2026/04/15 05:00,61,細懸浮微粒,3.7,24,35,0.35,1.25,7.9
木柵站,2026/04/15 06:00,58,細懸浮微粒,3.7,13,41,0.35,1.03,7.5
木柵站,2026/04/15 07:00,61,細懸浮微粒,4.8,20,33,0.47,1.14,9.6
木柵站,2026/04/15 08:00,63,細懸浮微粒,7.2,17,32,0.38,1.13,10.9
木柵站,2026/04/15 09:00,62,細懸浮微粒,17.9,20,27,0.42,1.65,10.8
木柵站,2026/04/15 10:00,65,細懸浮微粒,28.4,20,45,0.41,1.1,9.6
木柵站,2026/04/15 11:00,66,細懸浮微粒,42.1,19,44,0.47,0.81,11.1
木柵站,2026/04/15 12:00,68,細懸浮微粒,44.6,21,44,0.41,1.92,17.4
木柵站,2026/04/15 13:00,69,細懸浮微粒,31.3,21,35,0.26,3.96,15
木柵站,2026/04/15 14:00,69,細懸浮微粒,-,-,-,-,-,-
木柵站,2026/04/15 15:00,69,細懸浮微粒,-,18,30,0.34,1.43,20.1
木柵站,2026/04/15 16:00,71,細懸浮微粒,16.4,22,28,0.47,1,17.9
木柵站,2026/04/15 17:00,68,細懸浮微粒,18.2,17,30,0.52,1.17,17.7
木柵站,2026/04/15 18:00,70,細懸浮微粒,13.9,21,34,0.54,1.21,19.9
木柵站,2026/04/15 19:00,67,細懸浮微粒,19.5,13,17,0.5,1.12,10.2
木柵站,2026/04/15 20:00,62,細懸浮微粒,19.9,9,19,0.42,0.93,9.4
木柵站,2026/04/15 21:00,56,細懸浮微粒,18.1,5,7,0.42,0.89,8.6
木柵站,2026/04/15 22:00,51,細懸浮微粒,20.3,11,19,0.41,0.82,7.3
木柵站,2026/04/15 23:00,46,細懸浮微粒,24,7,18,0.41,0.79,4.9
木柵站,2026/04/16 00:00,43,細懸浮微粒,28.4,7,9,0.41,0.87,3.3
木柵站,2026/04/16 01:00,41,細懸浮微粒,36,6,8,0.44,0.7,2.9
木柵站,2026/04/16 02:00,35,細懸浮微粒,29.4,3,8,0.46,0.76,3.3
木柵站,2026/04/16 03:00,30,細懸浮微粒,25.4,3,11,0.42,0.97,3.8
木柵站,2026/04/16 04:00,24,細懸浮微粒,22,1,17,0.47,1.02,3.9
木柵站,2026/04/16 05:00,24,懸浮微粒,17.9,1,17,0.49,0.95,6.2
木柵站,2026/04/16 06:00,23,臭氧8小時,14.9,2,9,0.54,0.83,8.1
木柵站,2026/04/16 07:00,24,懸浮微粒,14.2,4,18,0.57,0.82,9.2
木柵站,2026/04/16 08:00,23,懸浮微粒,19.7,8,16,0.48,0.9,9.5
木柵站,2026/04/16 09:00,23,懸浮微粒,22.1,6,13,0.48,1.01,9
木柵站,2026/04/16 10:00,23,懸浮微粒,26.6,4,10,0.49,0.91,7.1
木柵站,2026/04/16 11:00,24,二氧化氮小時值,25.7,11,24,0.52,1.05,10.2
木柵站,2026/04/16 12:00,28,懸浮微粒,27.1,8,27,0.51,0.82,10.9
木柵站,2026/04/16 13:00,33,懸浮微粒,27.3,10,31,0.49,0.62,11.7
木柵站,2026/04/16 14:00,40,懸浮微粒,26.9,13,33,0.46,1.04,12.2
木柵站,2026/04/16 15:00,42,懸浮微粒,23.3,13,30,0.46,1.13,13.9
木柵站,2026/04/16 16:00,44,懸浮微粒,20.2,11,31,0.48,1.05,17.4
木柵站,2026/04/16 17:00,51,二氧化氮小時值,15.5,18,30,0.53,1.11,21.9
木柵站,2026/04/16 18:00,51,二氧化氮小時值,11.1,15,22,0.53,0.86,23.3
木柵站,2026/04/16 19:00,50,細懸浮微粒,11.1,12,27,0.53,0.73,20.1
木柵站,2026/04/16 20:00,51,細懸浮微粒,19.7,13,26,0.47,0.83,11.9
木柵站,2026/04/16 21:00,52,細懸浮微粒,23,16,32,0.43,0.9,8.5
木柵站,2026/04/16 22:00,52,細懸浮微粒,21.7,14,22,0.41,0.78,9.7
木柵站,2026/04/16 23:00,55,細懸浮微粒,20,18,30,0.4,0.92,7.6
木柵站,2026/04/17 00:00,57,細懸浮微粒,17.7,16,34,0.45,0.66,5.3
木柵站,2026/04/17 01:00,59,細懸浮微粒,17.9,17,36,0.49,0.82,3.4
木柵站,2026/04/17 02:00,60,細懸浮微粒,14.4,16,33,0.47,0.9,4.7
木柵站,2026/04/17 03:00,61,細懸浮微粒,12.7,19,37,0.4,0.92,4.9
木柵站,2026/04/17 04:00,59,細懸浮微粒,10.8,12,33,0.56,0.89,6.7
木柵站,2026/04/17 05:00,60,細懸浮微粒,10.6,18,34,0.54,0.83,5.9
木柵站,2026/04/17 06:00,60,細懸浮微粒,11.1,16,27,0.54,0.7,7
木柵站,2026/04/17 07:00,61,細懸浮微粒,10.7,19,24,0.63,0.89,11.9
木柵站,2026/04/17 08:00,66,細懸浮微粒,16.5,25,42,0.66,0.86,15.6
木柵站,2026/04/17 09:00,71,細懸浮微粒,21.9,28,48,0.8,1.17,20
木柵站,2026/04/17 10:00,76,細懸浮微粒,30.8,25,50,0.82,1.35,17.7
木柵站,2026/04/17 11:00,80,細懸浮微粒,42.5,29,40,0.78,1.1,16
木柵站,2026/04/17 12:00,83,細懸浮微粒,47.4,29,43,0.54,1,13.9
木柵站,2026/04/17 13:00,86,細懸浮微粒,58.6,30,38,0.5,1.24,11.9
木柵站,2026/04/17 14:00,89,細懸浮微粒,58.7,30,42,0.53,1.49,15.1
木柵站,2026/04/17 15:00,88,細懸浮微粒,44.6,24,32,0.49,2.14,15.9
木柵站,2026/04/17 16:00,87,細懸浮微粒,40.4,23,30,0.42,1.67,13.6
木柵站,2026/04/17 17:00,83,細懸浮微粒,37.5,18,27,0.43,1.58,14
木柵站,2026/04/17 18:00,77,細懸浮微粒,37.9,14,25,0.39,1.28,11.8
木柵站,2026/04/17 19:00,73,細懸浮微粒,34.2,14,22,0.37,1.35,12.7
木柵站,2026/04/17 20:00,70,細懸浮微粒,28.1,18,22,0.44,1.43,12.4
木柵站,2026/04/17 21:00,67,細懸浮微粒,20.8,13,30,0.49,1.23,12.2
木柵站,2026/04/17 22:00,65,細懸浮微粒,23.8,12,16,0.43,0.97,9
木柵站,2026/04/17 23:00,64,細懸浮微粒,32.4,16,20,0.38,1,4.8
木柵站,2026/04/18 00:00,59,細懸浮微粒,37.7,9,18,0.5,0.83,3.1
木柵站,2026/04/18 01:00,56,細懸浮微粒,36.6,12,21,0.56,0.96,2.4
木柵站,2026/04/18 02:00,53,細懸浮微粒,32.5,10,25,0.57,1.14,3.4
木柵站,2026/04/18 03:00,47,細懸浮微粒,37.3,7,23,0.52,1.11,2.5
木柵站,2026/04/18 04:00,46,細懸浮微粒,37.1,11,18,0.43,0.87,2.1
木柵站,2026/04/18 05:00,46,細懸浮微粒,31.6,13,22,0.4,0.92,3.4
木柵站,2026/04/18 06:00,44,細懸浮微粒,26.5,9,18,0.44,0.73,6
木柵站,2026/04/18 07:00,43,細懸浮微粒,27.3,7,14,0.48,1.03,6.3
木柵站,2026/04/18 08:00,40,細懸浮微粒,29.5,8,23,0.49,0.9,7.4
木柵站,2026/04/18 09:00,43,細懸浮微粒,33,17,25,0.53,1.09,7.2
木柵站,2026/04/18 10:00,50,細懸浮微粒,37.3,20,36,0.58,1.09,8.6
木柵站,2026/04/18 11:00,54,細懸浮微粒,38.9,18,36,0.59,0.9,9.2
木柵站,2026/04/18 12:00,59,細懸浮微粒,43.1,19,29,0.47,1.28,10.2
木柵站,2026/04/18 13:00,63,細懸浮微粒,41.7,24,37,0.43,2.82,13.1
木柵站,2026/04/18 14:00,66,細懸浮微粒,40.3,24,34,0.35,2.52,12.4
木柵站,2026/04/18 15:00,69,細懸浮微粒,41,23,40,0.3,1.57,13.1
木柵站,2026/04/18 16:00,72,細懸浮微粒,45.2,24,46,0.47,1.91,10.9
木柵站,2026/04/18 17:00,74,細懸浮微粒,43.9,24,29,0.55,1.48,9
木柵站,2026/04/18 18:00,75,細懸浮微粒,41.9,23,38,0.43,1.35,8.2
木柵站,2026/04/18 19:00,73,細懸浮微粒,42.8,15,31,0.48,1.38,8
木柵站,2026/04/18 20:00,74,細懸浮微粒,42.7,21,36,0.45,1.18,6.9
木柵站,2026/04/18 21:00,72,細懸浮微粒,42.3,19,32,0.44,0.91,7
木柵站,2026/04/18 22:00,72,細懸浮微粒,40.9,22,33,0.4,0.93,7.2
木柵站,2026/04/18 23:00,75,細懸浮微粒,37,23,34,0.41,1.1,5.1
木柵站,2026/04/19 00:00,76,細懸浮微粒,37.4,21,34,0.4,1.13,3.7
木柵站,2026/04/19 01:00,73,細懸浮微粒,37.1,14,28,0.47,1.17,2.3
木柵站,2026/04/19 02:00,68,細懸浮微粒,35.1,13,34,0.45,0.81,2.7
木柵站,2026/04/19 03:00,66,細懸浮微粒,32.5,18,31,0.4,0.76,2.7
木柵站,2026/04/19 04:00,63,細懸浮微粒,29.4,15,28,0.38,0.91,2.6
木柵站,2026/04/19 05:00,63,細懸浮微粒,25.7,16,27,0.38,0.82,3.1
木柵站,2026/04/19 06:00,60,細懸浮微粒,22.1,10,24,0.43,0.78,4.6
木柵站,2026/04/19 07:00,59,細懸浮微粒,28.4,16,20,0.47,1.29,5.4
木柵站,2026/04/19 08:00,59,細懸浮微粒,36.7,15,17,0.46,1.3,4.4
木柵站,2026/04/19 09:00,56,細懸浮微粒,39.7,11,24,0.52,1.81,5.7
木柵站,2026/04/19 10:00,57,細懸浮微粒,42.7,14,18,0.54,2.02,5
木柵站,2026/04/19 11:00,56,細懸浮微粒,45.8,16,20,0.57,1.78,8.7
木柵站,2026/04/19 12:00,55,細懸浮微粒,46.4,16,30,0.44,3.43,8.8
木柵站,2026/04/19 13:00,58,細懸浮微粒,47.5,18,36,0.43,2.31,9.4
木柵站,2026/04/19 14:00,61,細懸浮微粒,48.1,20,31,0.42,3.13,10.2
木柵站,2026/04/19 15:00,62,細懸浮微粒,48.2,17,23,0.44,2.14,10.2
木柵站,2026/04/19 16:00,60,細懸浮微粒,47.9,12,21,0.5,1.84,9.7
木柵站,2026/04/19 17:00,59,細懸浮微粒,43.4,16,18,0.55,1.4,11.5
木柵站,2026/04/19 18:00,58,細懸浮微粒,40.7,15,31,0.48,1.1,7.9
木柵站,2026/04/19 19:00,57,細懸浮微粒,34.9,15,31,0.43,1.08,8.5
木柵站,2026/04/19 20:00,59,細懸浮微粒,30.2,17,35,0.42,1.06,7.8
木柵站,2026/04/19 21:00,59,細懸浮微粒,27.3,15,31,0.42,1.03,6.7
木柵站,2026/04/19 22:00,58,細懸浮微粒,21.3,13,22,0.42,1.12,7.4
木柵站,2026/04/19 23:00,58,細懸浮微粒,18.4,14,21,0.42,1.09,6.2
木柵站,2026/04/20 00:00,56,細懸浮微粒,17.6,12,24,0.47,0.67,5.2
木柵站,2026/04/20 01:00,56,細懸浮微粒,14.7,16,25,0.58,0.79,5.5
木柵站,2026/04/20 02:00,57,細懸浮微粒,12.3,17,33,0.52,0.98,5.4
木柵站,2026/04/20 03:00,54,細懸浮微粒,12.9,9,34,0.49,1.03,4.4
木柵站,2026/04/20 04:00,54,細懸浮微粒,9.9,11,24,0.46,0.89,6.4
木柵站,2026/04/20 05:00,51,細懸浮微粒,12.2,11,26,0.49,0.96,5.2
木柵站,2026/04/20 06:00,49,細懸浮微粒,13.3,12,29,0.52,1.05,6.2
木柵站,2026/04/20 07:00,52,細懸浮微粒,16.6,17,21,0.53,0.91,7.4
木柵站,2026/04/20 08:00,52,細懸浮微粒,21,12,22,0.45,1.14,11
木柵站,2026/04/20 09:00,54,細懸浮微粒,31.9,16,23,0.49,1.43,10.1
木柵站,2026/04/20 10:00,57,細懸浮微粒,50.7,18,25,0.56,1.46,11
木柵站,2026/04/20 11:00,58,細懸浮微粒,68.7,19,35,0.61,1.38,11.4
木柵站,2026/04/20 12:00,63,細懸浮微粒,82.4,24,43,0.52,2.42,14.7
木柵站,2026/04/20 13:00,67,細懸浮微粒,68.8,24,36,0.4,2,11.8
木柵站,2026/04/20 14:00,66,細懸浮微粒,60,15,42,0.35,1.47,11.5
木柵站,2026/04/20 15:00,68,細懸浮微粒,63.4,22,36,0.38,3.01,15.3
木柵站,2026/04/20 16:00,71,臭氧8小時,58.8,21,36,0.53,3.92,22.2
木柵站,2026/04/20 17:00,78,臭氧8小時,50.4,19,28,0.54,3,24.8
木柵站,2026/04/20 18:00,72,臭氧8小時,35.3,20,29,0.39,2.12,14.6
木柵站,2026/04/20 19:00,69,細懸浮微粒,28.1,17,36,0.4,1.74,16.9
木柵站,2026/04/20 20:00,69,細懸浮微粒,25.8,20,28,0.39,1.4,16.9
木柵站,2026/04/20 21:00,67,細懸浮微粒,30.5,13,28,0.36,1.21,10.1
木柵站,2026/04/20 22:00,65,細懸浮微粒,30.9,15,28,0.32,0.86,9
木柵站,2026/04/20 23:00,61,細懸浮微粒,27.1,10,24,0.36,0.91,10.4
木柵站,2026/04/21 00:00,59,細懸浮微粒,37.4,16,31,0.43,1.04,6.3
木柵站,2026/04/21 01:00,59,細懸浮微粒,34.5,15,25,0.51,0.88,6.2
木柵站,2026/04/21 02:00,58,細懸浮微粒,26.8,13,23,0.52,0.98,6.3
木柵站,2026/04/21 03:00,61,細懸浮微粒,25.1,20,27,0.5,1.02,5
木柵站,2026/04/21 04:00,59,細懸浮微粒,25,13,24,0.41,0.77,5.8
木柵站,2026/04/21 05:00,57,細懸浮微粒,25.2,13,24,0.4,0.87,5.9
木柵站,2026/04/21 06:00,58,細懸浮微粒,35.4,16,28,0.36,0.81,6.2
木柵站,2026/04/21 07:00,54,細懸浮微粒,44.2,11,-,0.39,0.54,8.4
木柵站,2026/04/21 08:00,54,細懸浮微粒,44.8,15,29,-,-,-
木柵站,2026/04/21 09:00,54,細懸浮微粒,49.4,12,36,0.52,0.82,7.1
木柵站,2026/04/21 10:00,54,細懸浮微粒,52.7,16,35,0.51,0.92,7.3
木柵站,2026/04/21 11:00,56,細懸浮微粒,57.6,16,38,0.5,0.95,5
木柵站,2026/04/21 12:00,56,細懸浮微粒,54,14,34,0.42,0.76,7.7
木柵站,2026/04/21 13:00,57,細懸浮微粒,54.7,15,25,0.39,0.8,5.5
木柵站,2026/04/21 14:00,55,細懸浮微粒,56.3,11,29,0.39,0.94,4.4
木柵站,2026/04/21 15:00,52,細懸浮微粒,55.9,10,18,0.37,0.98,4.3
木柵站,2026/04/21 16:00,51,臭氧8小時,53.8,10,31,0.44,1.36,5.6
木柵站,2026/04/21 17:00,53,臭氧8小時,53.8,13,24,0.45,1.56,5.4
木柵站,2026/04/21 18:00,53,臭氧8小時,54.5,18,23,0.44,0.79,5.7
木柵站,2026/04/21 19:00,53,細懸浮微粒,53.6,13,23,0.42,0.77,4
木柵站,2026/04/21 20:00,53,細懸浮微粒,49.8,11,22,0.47,0.74,5.8
木柵站,2026/04/21 21:00,53,細懸浮微粒,47.4,12,19,0.5,1.04,6.5
木柵站,2026/04/21 22:00,50,細懸浮微粒,49.7,12,22,0.48,0.96,3.2
木柵站,2026/04/21 23:00,47,臭氧8小時,47.5,8,23,0.48,1.03,3.6
木柵站,2026/04/22 00:00,47,臭氧8小時,47.2,7,9,0.45,1.04,2.3
木柵站,2026/04/22 01:00,46,臭氧8小時,43.6,11,22,0.51,0.99,2.9
木柵站,2026/04/22 02:00,43,臭氧8小時,32.4,8,23,0.49,0.78,4.4
木柵站,2026/04/22 03:00,42,細懸浮微粒,31.8,12,22,0.43,0.78,4.3
木柵站,2026/04/22 04:00,46,細懸浮微粒,26.2,14,21,0.43,0.76,4
木柵站,2026/04/22 05:00,45,細懸浮微粒,17.7,10,21,0.48,0.68,9.9
木柵站,2026/04/22 06:00,46,細懸浮微粒,18.7,12,16,0.54,0.91,9.2
木柵站,2026/04/22 07:00,45,細懸浮微粒,24.3,10,20,0.55,1.03,8.2
木柵站,2026/04/22 08:00,43,細懸浮微粒,28.1,11,22,0.53,0.94,10
木柵站,2026/04/22 09:00,44,細懸浮微粒,41.5,12,27,0.55,1.19,6.9
木柵站,2026/04/22 10:00,44,細懸浮微粒,47.3,12,25,0.56,1.7,6.4
木柵站,2026/04/22 11:00,46,細懸浮微粒,53.5,12,26,0.57,1.56,6.2
木柵站,2026/04/22 12:00,52,細懸浮微粒,73.8,21,29,0.54,1.67,9.3
木柵站,2026/04/22 13:00,58,細懸浮微粒,73.3,24,41,0.49,1.74,10.4
木柵站,2026/04/22 14:00,68,細懸浮微粒,62.5,32,52,0.53,1.62,16.8
木柵站,2026/04/22 15:00,75,細懸浮微粒,52,28,48,0.48,1.79,19.5
木柵站,2026/04/22 16:00,78,細懸浮微粒,40.2,26,44,0.49,2.32,24.9
木柵站,2026/04/22 17:00,77,細懸浮微粒,33.6,19,39,0.49,3.08,23.2
木柵站,2026/04/22 18:00,71,細懸浮微粒,26.7,13,29,0.41,1.98,15.4
木柵站,2026/04/22 19:00,68,細懸浮微粒,23.6,17,33,0.38,1.67,12.7
木柵站,2026/04/22 20:00,67,細懸浮微粒,19.5,21,34,0.48,1.27,14.5
木柵站,2026/04/22 21:00,69,細懸浮微粒,16.2,20,41,0.46,1.12,11.7
木柵站,2026/04/22 22:00,71,細懸浮微粒,14.3,19,31,0.46,0.95,11.7
木柵站,2026/04/22 23:00,71,細懸浮微粒,16.3,14,29,0.42,1.1,8.3
木柵站,2026/04/23 00:00,68,細懸浮微粒,16.5,16,29,0.45,1.01,8.2
木柵站,2026/04/23 01:00,67,細懸浮微粒,13.1,18,34,0.48,1.09,7.3
木柵站,2026/04/23 02:00,67,細懸浮微粒,24.6,23,39,0.36,0.93,4.1
木柵站,2026/04/23 03:00,69,細懸浮微粒,23.2,21,26,0.36,0.85,3.8
木柵站,2026/04/23 04:00,70,細懸浮微粒,20.2,21,40,0.41,0.96,5.1
木柵站,2026/04/23 05:00,72,細懸浮微粒,15,22,38,0.49,0.81,8.3
木柵站,2026/04/23 06:00,73,細懸浮微粒,10.3,22,37,0.53,0.75,9.2
木柵站,2026/04/23 07:00,71,細懸浮微粒,11.9,17,33,0.61,1.01,9.6
木柵站,2026/04/23 08:00,72,細懸浮微粒,-,22,25,0.58,1.17,9.3
木柵站,2026/04/23 09:00,73,細懸浮微粒,32.4,25,37,0.52,1.15,9.8
木柵站,2026/04/23 10:00,76,細懸浮微粒,42.5,27,39,0.56,1.44,9.4
木柵站,2026/04/23 11:00,77,細懸浮微粒,46,19,36,0.57,1.73,10.2
木柵站,2026/04/23 12:00,77,細懸浮微粒,47,21,43,0.49,1.93,13.5
木柵站,2026/04/23 13:00,77,細懸浮微粒,45.2,23,50,0.42,2.16,9
木柵站,2026/04/23 14:00,76,細懸浮微粒,33,24,38,0.38,2.04,9.8
木柵站,2026/04/23 15:00,71,細懸浮微粒,27.9,9,23,0.38,1.19,11.2
木柵站,2026/04/23 16:00,64,細懸浮微粒,30.8,5,15,0.42,0.76,11.6
木柵站,2026/04/23 17:00,55,細懸浮微粒,33.8,4,10,0.46,0.81,10.1
木柵站,2026/04/23 18:00,45,細懸浮微粒,33.3,4,6,0.48,1.08,10.7
木柵站,2026/04/23 19:00,41,細懸浮微粒,35.8,5,21,0.45,1.3,8.3
木柵站,2026/04/23 20:00,38,細懸浮微粒,34.2,5,11,0.49,0.97,8.5
木柵站,2026/04/23 21:00,34,細懸浮微粒,35.6,3,12,0.49,1,6.2
木柵站,2026/04/23 22:00,34,細懸浮微粒,31.9,10,13,0.48,1.19,7.6
木柵站,2026/04/23 23:00,35,細懸浮微粒,31.3,11,18,0.43,1.16,5.4
木柵站,2026/04/24 00:00,33,細懸浮微粒,31.4,5,3,0.45,0.87,3.8
木柵站,2026/04/24 01:00,31,細懸浮微粒,30.1,5,6,0.53,0.98,3
木柵站,2026/04/24 02:00,31,臭氧8小時,33.7,4,10,0.48,1.14,2.7
木柵站,2026/04/24 03:00,31,臭氧8小時,36.4,2,6,0.45,1.12,2.6
木柵站,2026/04/24 04:00,31,臭氧8小時,33.2,6,6,0.39,1.19,2.6
木柵站,2026/04/24 05:00,30,臭氧8小時,29.9,2,12,0.38,1.19,3
木柵站,2026/04/24 06:00,29,臭氧8小時,28.6,1,13,0.43,1.17,6.4
木柵站,2026/04/24 07:00,29,臭氧8小時,30.6,2,19,0.46,1.15,12.1
木柵站,2026/04/24 08:00,42,二氧化氮小時值,27.7,9,8,0.45,1.04,17.7
木柵站,2026/04/24 09:00,35,二氧化氮小時值,29.3,10,11,0.46,1.17,14.9
木柵站,2026/04/24 10:00,29,臭氧8小時,32.9,8,14,0.44,1.08,10.7
木柵站,2026/04/24 11:00,30,細懸浮微粒,31.3,11,12,0.46,1.3,12.6
木柵站,2026/04/24 12:00,33,細懸浮微粒,32,12,11,0.5,1.31,12.9
木柵站,2026/04/24 13:00,32,細懸浮微粒,34.9,7,22,0.46,1.17,9.9
木柵站,2026/04/24 14:00,32,細懸浮微粒,34.4,7,16,0.48,1.17,12
木柵站,2026/04/24 15:00,34,細懸浮微粒,35.8,13,24,0.46,1.19,9.8
木柵站,2026/04/24 16:00,40,二氧化氮小時值,28.7,13,28,0.48,1.11,16.6
木柵站,2026/04/24 17:00,43,二氧化氮小時值,28.9,11,28,0.44,1.14,18.2
木柵站,2026/04/24 18:00,45,細懸浮微粒,27.6,14,31,0.46,1.09,15.8
木柵站,2026/04/24 19:00,52,細懸浮微粒,37.1,21,28,0.48,1.15,12.8
木柵站,2026/04/24 20:00,54,細懸浮微粒,43.1,17,27,0.47,0.99,11.5
木柵站,2026/04/24 21:00,59,細懸浮微粒,40.4,22,30,0.45,0.88,8.6
木柵站,2026/04/24 22:00,59,細懸浮微粒,36.8,12,25,0.46,1.03,9.6
木柵站,2026/04/24 23:00,57,細懸浮微粒,38.1,14,21,0.44,0.84,6.7
木柵站,2026/04/25 00:00,58,細懸浮微粒,36.6,17,23,0.44,0.89,5.7
木柵站,2026/04/25 01:00,56,細懸浮微粒,35.8,15,29,0.46,0.93,4.3
木柵站,2026/04/25 02:00,57,細懸浮微粒,39.5,13,29,0.43,1.09,2.9
木柵站,2026/04/25 03:00,57,細懸浮微粒,37.4,13,23,0.39,1.02,2.9
木柵站,2026/04/25 04:00,56,細懸浮微粒,33.1,14,21,0.43,0.84,2.9
木柵站,2026/04/25 05:00,54,細懸浮微粒,31.6,11,20,0.45,0.75,4.3
木柵站,2026/04/25 06:00,54,細懸浮微粒,33,13,25,0.48,0.94,5.5
木柵站,2026/04/25 07:00,52,細懸浮微粒,30.2,9,21,0.52,1,8.1
木柵站,2026/04/25 08:00,49,細懸浮微粒,24.8,10,21,0.53,1.13,13.2
木柵站,2026/04/25 09:00,50,細懸浮微粒,31.7,16,24,0.46,1.02,9.5
木柵站,2026/04/25 10:00,47,細懸浮微粒,30.5,7,21,0.46,0.91,10.9
木柵站,2026/04/25 11:00,47,細懸浮微粒,25.5,11,26,0.49,0.87,13.8
木柵站,2026/04/25 12:00,47,細懸浮微粒,26.3,11,25,0.44,0.91,9.9
木柵站,2026/04/25 13:00,42,細懸浮微粒,27.2,8,18,0.34,1.13,8.3
木柵站,2026/04/25 14:00,40,細懸浮微粒,35.9,6,15,0.34,1.19,10.2
木柵站,2026/04/25 15:00,42,細懸浮微粒,35.3,14,17,0.36,1.18,10.2
木柵站,2026/04/25 16:00,40,細懸浮微粒,35.1,10,18,0.44,1,8.7
木柵站,2026/04/25 17:00,40,細懸浮微粒,32.4,8,12,0.46,0.87,9.9
木柵站,2026/04/25 18:00,38,細懸浮微粒,32.2,5,14,0.45,0.8,8.3
木柵站,2026/04/25 19:00,32,細懸浮微粒,32.6,4,21,0.43,0.83,7.8
木柵站,2026/04/25 20:00,30,臭氧8小時,27.8,5,11,0.47,0.98,9.8
木柵站,2026/04/25 21:00,30,臭氧8小時,26,8,22,0.43,1.07,7.7
木柵站,2026/04/25 22:00,30,懸浮微粒,31.4,6,16,0.43,1.4,5.7
木柵站,2026/04/25 23:00,29,臭氧8小時,29.8,3,15,0.44,1.5,5.8
木柵站,2026/04/26 00:00,29,懸浮微粒,31.2,3,20,0.43,1.09,3.9
木柵站,2026/04/26 01:00,28,臭氧8小時,26.7,7,13,0.49,0.83,3.4
木柵站,2026/04/26 02:00,28,懸浮微粒,19.9,5,21,0.48,0.93,3
木柵站,2026/04/26 03:00,28,懸浮微粒,19.6,5,13,0.43,0.94,3.5
木柵站,2026/04/26 04:00,27,懸浮微粒,14.7,4,18,0.45,0.99,3.7
木柵站,2026/04/26 05:00,28,懸浮微粒,13.1,3,16,0.47,1.05,4.7
木柵站,2026/04/26 06:00,29,懸浮微粒,14.7,5,24,0.49,1.03,5.2
木柵站,2026/04/26 07:00,32,懸浮微粒,21.3,9,23,0.47,0.92,5.5
木柵站,2026/04/26 08:00,34,懸浮微粒,34.6,19,24,0.36,1.2,4.9
木柵站,2026/04/26 09:00,38,細懸浮微粒,41.2,15,25,0.37,1.42,4.8
木柵站,2026/04/26 10:00,45,細懸浮微粒,46.1,15,26,0.4,1.76,4.3
木柵站,2026/04/26 11:00,53,細懸浮微粒,54.7,22,36,0.47,2.55,5.3
木柵站,2026/04/26 12:00,54,細懸浮微粒,65.9,17,36,0.54,2.49,7.6
木柵站,2026/04/26 13:00,60,細懸浮微粒,68,26,34,0.54,3.13,9.2
木柵站,2026/04/26 14:00,63,細懸浮微粒,59,19,46,0.46,3.24,9.1
木柵站,2026/04/26 15:00,64,細懸浮微粒,56.3,20,34,0.44,1.91,10.2
木柵站,2026/04/26 16:00,65,細懸浮微粒,52.6,16,33,0.43,2.14,11.5
木柵站,2026/04/26 17:00,66,細懸浮微粒,48,21,31,0.45,1.92,12.2
木柵站,2026/04/26 18:00,63,細懸浮微粒,41.4,11,36,0.41,1.21,13.4
木柵站,2026/04/26 19:00,62,細懸浮微粒,39.7,14,41,0.35,1.04,8.8
木柵站,2026/04/26 20:00,62,細懸浮微粒,37.7,16,29,0.36,1.23,7.4
木柵站,2026/04/26 21:00,60,細懸浮微粒,32.9,17,32,0.41,1.25,9.2
木柵站,2026/04/26 22:00,63,細懸浮微粒,30.2,17,28,0.41,1.32,11.5
木柵站,2026/04/26 23:00,64,細懸浮微粒,37.2,19,29,0.41,1.35,7.2
木柵站,2026/04/27 00:00,64,細懸浮微粒,31.8,16,31,0.44,1.03,6.7
木柵站,2026/04/27 01:00,63,細懸浮微粒,23.3,17,31,0.52,0.89,5.5
木柵站,2026/04/27 02:00,59,細懸浮微粒,18.3,8,26,0.48,1.02,5.8
木柵站,2026/04/27 03:00,56,細懸浮微粒,16.2,14,21,0.47,1.19,6.7
木柵站,2026/04/27 04:00,53,細懸浮微粒,14.7,9,27,0.42,0.69,5.7
木柵站,2026/04/27 05:00,48,細懸浮微粒,11.4,9,30,0.44,0.75,7.8
木柵站,2026/04/27 06:00,50,細懸浮微粒,12.5,11,33,0.47,0.93,8.7
木柵站,2026/04/27 07:00,51,細懸浮微粒,17.4,16,27,0.47,0.91,11
木柵站,2026/04/27 08:00,53,細懸浮微粒,22.1,16,26,0.45,0.84,13
木柵站,2026/04/27 09:00,56,細懸浮微粒,36.4,17,41,0.41,0.91,10.3
木柵站,2026/04/27 10:00,64,細懸浮微粒,51.6,29,40,0.43,1.18,8.6
木柵站,2026/04/27 11:00,65,細懸浮微粒,59.1,20,51,0.48,1.53,11.7
木柵站,2026/04/27 12:00,68,細懸浮微粒,59.5,23,52,0.4,2.11,14.1
木柵站,2026/04/27 13:00,71,細懸浮微粒,62,22,47,0.38,3.7,14.5
木柵站,2026/04/27 14:00,69,細懸浮微粒,64.9,-,-,0.37,3.1,13.5
木柵站,2026/04/27 15:00,71,細懸浮微粒,-,-,-,-,-,-
木柵站,2026/04/27 16:00,54,臭氧8小時,53,-,-,0.4,2.2,18.6
木柵站,2026/04/27 17:00,62,臭氧8小時,54.6,-,-,0.35,2.13,18.9
木柵站,2026/04/27 18:00,56,臭氧8小時,37.5,-,-,0.36,1.67,21.6
木柵站,2026/04/27 19:00,48,臭氧8小時,33.4,-,-,0.28,1.29,15.7
木柵站,2026/04/27 20:00,44,臭氧8小時,25.1,-,-,0.39,0.85,13.9
木柵站,2026/04/27 21:00,38,臭氧8小時,19.6,-,-,0.44,0.71,15.2
木柵站,2026/04/27 22:00,33,二氧化氮小時值,16.1,-,-,0.39,0.76,14
木柵站,2026/04/27 23:00,29,臭氧8小時,14.9,-,-,0.4,0.79,12.2
木柵站,2026/04/28 00:00,27,二氧化氮小時值,13.3,-,-,0.5,1.08,11.4
木柵站,2026/04/28 01:00,21,二氧化氮小時值,14.4,-,-,0.52,1.2,8.7
木柵站,2026/04/28 02:00,20,二氧化氮小時值,11.7,-,-,0.51,1.13,8.5
木柵站,2026/04/28 03:00,15,二氧化氮小時值,10.7,-,-,0.48,0.85,6.4
木柵站,2026/04/28 04:00,22,二氧化氮小時值,7.4,-,-,0.55,0.96,9.3
木柵站,2026/04/28 05:00,22,二氧化氮小時值,6.8,-,-,0.48,1.01,9.3
木柵站,2026/04/28 06:00,23,二氧化氮小時值,7.1,-,-,0.57,1.43,9.8
木柵站,2026/04/28 07:00,22,二氧化氮小時值,14.9,-,-,0.56,1.36,9.2
木柵站,2026/04/28 08:00,24,二氧化氮小時值,25.5,-,-,0.52,1.21,10.1
木柵站,2026/04/28 09:00,25,二氧化氮小時值,32.2,-,-,0.59,1.31,10.5
木柵站,2026/04/28 10:00,28,二氧化氮小時值,46,-,-,0.62,1.28,11.8
木柵站,2026/04/28 11:00,27,二氧化氮小時值,56.7,-,-,0.6,1.23,11.2
木柵站,2026/04/28 12:00,30,臭氧8小時,68.6,-,-,0.45,1.4,10.9
木柵站,2026/04/28 13:00,36,臭氧8小時,57.8,-,-,0.36,3.12,12.7
木柵站,2026/04/28 14:00,43,臭氧8小時,70.6,-,-,0.43,2.47,13.6
木柵站,2026/04/28 15:00,48,臭氧8小時,54.3,-,-,0.31,3.85,13.4
木柵站,2026/04/28 16:00,49,臭氧8小時,39.6,-,-,0.44,2.48,13.1
木柵站,2026/04/28 17:00,51,臭氧8小時,41.4,-,-,0.4,1.54,8
木柵站,2026/04/28 18:00,50,臭氧8小時,40.4,-,-,0.39,1.2,8.3
木柵站,2026/04/28 19:00,48,臭氧8小時,40.6,-,-,0.38,1.07,7.7
木柵站,2026/04/28 20:00,45,臭氧8小時,40.1,-,-,0.37,0.87,7.1
木柵站,2026/04/28 21:00,42,臭氧8小時,40,-,-,0.38,0.69,7.9
木柵站,2026/04/28 22:00,39,臭氧8小時,36.7,-,-,0.39,1.04,9.3
木柵站,2026/04/28 23:00,37,臭氧8小時,37.4,-,-,0.36,1.13,5.2
木柵站,2026/04/29 00:00,36,臭氧8小時,36.5,-,-,0.36,1.05,5.4
木柵站,2026/04/29 01:00,36,臭氧8小時,37,-,-,0.39,0.76,2.8
木柵站,2026/04/29 02:00,34,臭氧8小時,28,-,-,0.39,0.8,6.1
木柵站,2026/04/29 03:00,32,臭氧8小時,23.8,-,-,0.33,0.69,6.1
木柵站,2026/04/29 04:00,30,臭氧8小時,19,-,-,0.37,1.01,5
木柵站,2026/04/29 05:00,27,臭氧8小時,14.3,-,-,0.42,0.96,6.1
木柵站,2026/04/29 06:00,25,臭氧8小時,15.8,-,-,0.47,0.96,8.5
木柵站,2026/04/29 07:00,23,臭氧8小時,20.9,-,-,0.5,1.09,7.9
木柵站,2026/04/29 08:00,21,臭氧8小時,26,-,-,0.51,1.01,8.3
木柵站,2026/04/29 09:00,21,臭氧8小時,31.6,-,-,0.52,0.94,7.8
木柵站,2026/04/29 10:00,22,臭氧8小時,41.9,-,-,0.56,0.79,7.7
木柵站,2026/04/29 11:00,26,臭氧8小時,56.4,-,-,0.63,0.93,10.6
木柵站,2026/04/29 12:00,31,臭氧8小時,65,-,-,0.55,1.28,9.6
木柵站,2026/04/29 13:00,46,二氧化氮小時值,58.7,-,-,0.54,1.71,19.2
木柵站,2026/04/29 14:00,52,二氧化氮小時值,46.7,-,-,0.55,1.42,23.4
木柵站,2026/04/29 15:00,46,二氧化氮小時值,39.5,-,-,0.5,1.16,19.2
木柵站,2026/04/29 16:00,47,二氧化氮小時值,37.6,-,-,0.51,1.28,19.8
木柵站,2026/04/29 17:00,45,二氧化氮小時值,34.2,-,-,0.49,1.3,19.1
木柵站,2026/04/29 18:00,43,臭氧8小時,32,-,-,0.45,1.03,14.2
木柵站,2026/04/29 19:00,40,臭氧8小時,30.8,-,-,0.37,0.86,12
木柵站,2026/04/29 20:00,36,臭氧8小時,31.1,-,-,0.36,0.84,10.9
木柵站,2026/04/29 21:00,33,臭氧8小時,30.5,-,-,0.37,0.77,10.2
木柵站,2026/04/29 22:00,31,臭氧8小時,32.3,-,-,0.31,1.03,7.9
木柵站,2026/04/29 23:00,31,臭氧8小時,36.2,-,-,0.29,1.02,5.3
木柵站,2026/04/30 00:00,30,臭氧8小時,35.2,-,-,0.37,0.68,5.1
木柵站,2026/04/30 01:00,30,臭氧8小時,34.4,-,-,0.44,0.8,2.4
木柵站,2026/04/30 02:00,31,臭氧8小時,39.6,-,-,0.43,1.01,1.8
木柵站,2026/04/30 03:00,32,臭氧8小時,40,-,-,0.41,0.95,2
木柵站,2026/04/30 04:00,33,臭氧8小時,39,-,-,0.47,0.93,2
木柵站,2026/04/30 05:00,34,臭氧8小時,39.5,-,-,0.45,0.84,2.3
木柵站,2026/04/30 06:00,35,臭氧8小時,39,-,-,0.49,0.86,4.2
木柵站,2026/04/30 07:00,35,臭氧8小時,35.9,-,-,0.54,0.97,7.7
木柵站,2026/04/30 08:00,35,臭氧8小時,33.7,-,-,0.5,1.11,11.5
木柵站,2026/04/30 09:00,35,臭氧8小時,31.4,-,-,0.48,1.01,13.5
木柵站,2026/04/30 10:00,34,臭氧8小時,33.4,-,-,0.47,0.88,13.2
木柵站,2026/04/30 11:00,33,臭氧8小時,36.5,-,-,0.47,0.79,10.7
木柵站,2026/04/30 12:00,33,臭氧8小時,39.6,-,-,0.46,0.89,7.6
木柵站,2026/04/30 13:00,33,臭氧8小時,39.2,1,8,0.5,0.83,8.6
木柵站,2026/04/30 14:00,33,臭氧8小時,37.8,1,4,0.53,1.19,10.4
木柵站,2026/04/30 15:00,33,臭氧8小時,36.4,1,3,0.56,1.13,12.2
木柵站,2026/04/30 16:00,33,臭氧8小時,34.3,1,5,0.49,1.01,13.6
木柵站,2026/04/30 17:00,34,臭氧8小時,37.1,3,6,0.53,1.02,9.5
木柵站,2026/04/30 18:00,34,臭氧8小時,37.1,7,3,0.52,1,9
木柵站,2026/04/30 19:00,35,臭氧8小時,39.4,7,3,0.5,0.98,8.8
木柵站,2026/04/30 20:00,35,臭氧8小時,39.3,3,4,0.43,1.04,6.5
木柵站,2026/04/30 21:00,34,臭氧8小時,34.1,1,8,0.45,1.16,8.1
木柵站,2026/04/30 22:00,33,臭氧8小時,26.6,1,12,0.46,1.05,9.9
木柵站,2026/04/30 23:00,32,臭氧8小時,28.8,5,10,0.42,0.98,6.5
木柵站,2026/05/01 00:00,32,臭氧8小時,33.4,4,10,0.42,1,4.5
木柵站,2026/05/01 01:00,31,臭氧8小時,30.4,5,11,0.46,1.04,3.3
木柵站,2026/05/01 02:00,32,臭氧8小時,45.6,8,10,0.4,1.1,2.7
木柵站,2026/05/01 03:00,33,臭氧8小時,47.5,8,11,0.42,0.94,2.1
木柵站,2026/05/01 04:00,34,臭氧8小時,48,14,22,0.43,1.01,2.2
木柵站,2026/05/01 05:00,36,細懸浮微粒,46.4,15,24,0.47,0.94,2.7
木柵站,2026/05/01 06:00,38,臭氧8小時,46.6,10,9,0.51,1.16,3.9
木柵站,2026/05/01 07:00,42,細懸浮微粒,49.4,14,25,0.53,1.13,4.8
木柵站,2026/05/01 08:00,44,細懸浮微粒,49.1,15,22,0.47,1.08,5.8
木柵站,2026/05/01 09:00,44,細懸浮微粒,47.9,12,20,0.46,1.05,7.2
木柵站,2026/05/01 10:00,50,細懸浮微粒,51.7,16,26,0.47,1.17,6.5
木柵站,2026/05/01 11:00,53,細懸浮微粒,51.4,18,25,0.45,1.22,5.7
木柵站,2026/05/01 12:00,56,細懸浮微粒,50.5,20,27,0.4,1.02,5.2
木柵站,2026/05/01 13:00,58,細懸浮微粒,48,14,22,0.39,0.8,5.6
木柵站,2026/05/01 14:00,59,細懸浮微粒,46.8,16,25,0.38,1.03,6.3
木柵站,2026/05/01 15:00,59,細懸浮微粒,47.1,15,22,0.4,1.04,6.6
木柵站,2026/05/01 16:00,57,細懸浮微粒,45.7,15,23,0.45,0.92,6.7
木柵站,2026/05/01 17:00,57,細懸浮微粒,45.9,13,22,0.44,0.81,6.5
木柵站,2026/05/01 18:00,55,細懸浮微粒,46.2,11,15,0.44,0.91,6
木柵站,2026/05/01 19:00,52,細懸浮微粒,46,9,23,0.47,0.96,6.5
木柵站,2026/05/01 20:00,53,細懸浮微粒,42.7,16,24,0.41,0.84,8
木柵站,2026/05/01 21:00,54,細懸浮微粒,38.7,15,14,0.45,0.53,10.1
木柵站,2026/05/01 22:00,53,細懸浮微粒,42.3,11,13,0.43,0.68,6.6
木柵站,2026/05/01 23:00,53,細懸浮微粒,47.9,10,13,0.37,0.86,2.6
木柵站,2026/05/02 00:00,48,細懸浮微粒,48.5,8,14,0.36,0.86,1.7
木柵站,2026/05/02 01:00,42,細懸浮微粒,44.5,6,12,0.43,0.86,4.2
木柵站,2026/05/02 02:00,40,臭氧8小時,35.7,6,19,0.41,0.9,3.6
木柵站,2026/05/02 03:00,38,臭氧8小時,29.4,10,16,0.4,0.93,3.9
木柵站,2026/05/02 04:00,36,臭氧8小時,24.6,7,13,0.37,1.04,3.9
木柵站,2026/05/02 05:00,35,細懸浮微粒,20.6,8,11,0.37,1.12,5.6
木柵站,2026/05/02 06:00,35,細懸浮微粒,16.5,7,13,0.41,0.93,9.3
木柵站,2026/05/02 07:00,32,細懸浮微粒,24.6,5,12,0.38,0.81,7.1
木柵站,2026/05/02 08:00,30,細懸浮微粒,34.1,6,13,0.43,0.99,5.7
木柵站,2026/05/02 09:00,27,細懸浮微粒,35.1,5,17,0.5,1.02,7.4
木柵站,2026/05/02 10:00,27,細懸浮微粒,40,8,22,0.52,0.98,6.1
木柵站,2026/05/02 11:00,28,臭氧8小時,46.6,6,18,0.52,1.03,5.2
木柵站,2026/05/02 12:00,32,臭氧8小時,57.1,12,29,0.5,1.03,5.5
木柵站,2026/05/02 13:00,37,細懸浮微粒,62.1,16,33,0.55,1.33,11.3
木柵站,2026/05/02 14:00,44,細懸浮微粒,54.9,18,27,0.48,1.6,11.8
木柵站,2026/05/02 15:00,52,細懸浮微粒,46.5,19,38,0.52,1.66,16
木柵站,2026/05/02 16:00,57,細懸浮微粒,44.2,23,27,0.47,1.34,13
木柵站,2026/05/02 17:00,60,細懸浮微粒,33.5,19,36,0.46,1.1,12.6
木柵站,2026/05/02 18:00,60,細懸浮微粒,34.3,15,25,0.43,1.17,7.6
木柵站,2026/05/02 19:00,58,細懸浮微粒,21.9,13,29,0.44,1.13,13.6
木柵站,2026/05/02 20:00,55,細懸浮微粒,17.6,11,22,0.45,0.91,12.6
木柵站,2026/05/02 21:00,54,細懸浮微粒,14.7,14,24,0.47,0.96,10.9
木柵站,2026/05/02 22:00,54,細懸浮微粒,10.8,14,18,0.47,1.22,12.6
木柵站,2026/05/02 23:00,54,細懸浮微粒,9.6,11,23,0.44,1.2,11.2
木柵站,2026/05/03 00:00,54,細懸浮微粒,9.2,11,22,0.5,0.95,10.1
木柵站,2026/05/03 01:00,52,細懸浮微粒,8.4,10,19,0.57,0.9,6.6
木柵站,2026/05/03 02:00,48,細懸浮微粒,9.2,7,11,0.55,0.87,5.7
木柵站,2026/05/03 03:00,45,細懸浮微粒,7.1,9,24,0.54,0.79,5.7
木柵站,2026/05/03 04:00,44,細懸浮微粒,6.2,12,14,0.39,0.88,5.5
木柵站,2026/05/03 05:00,47,細懸浮微粒,5,17,13,0.39,0.94,5.7
木柵站,2026/05/03 06:00,50,細懸浮微粒,7.3,13,20,0.38,0.82,5.1
木柵站,2026/05/03 07:00,50,細懸浮微粒,10.6,10,13,0.44,1.04,5.7
木柵站,2026/05/03 08:00,51,細懸浮微粒,14.7,14,19,0.51,1.13,6.8
木柵站,2026/05/03 09:00,51,細懸浮微粒,25.4,16,48,0.59,1.46,7
木柵站,2026/05/03 10:00,49,細懸浮微粒,31.7,11,17,0.52,1,4.2
木柵站,2026/05/03 11:00,51,細懸浮微粒,32.4,14,27,0.53,0.83,3.4
木柵站,2026/05/03 12:00,53,細懸浮微粒,36.8,16,31,0.53,0.9,9.9
木柵站,2026/05/03 13:00,49,細懸浮微粒,27.3,8,31,0.31,0.99,5
木柵站,2026/05/03 14:00,49,細懸浮微粒,24.2,9,10,0.3,0.95,5.3
木柵站,2026/05/03 15:00,46,細懸浮微粒,22.9,8,28,0.3,0.85,4.8
木柵站,2026/05/03 16:00,40,細懸浮微粒,21.5,7,20,0.44,0.8,4.7
木柵站,2026/05/03 17:00,37,細懸浮微粒,20.6,5,18,0.54,0.83,6.5
木柵站,2026/05/03 18:00,40,懸浮微粒,16.3,9,29,0.6,1.16,12.7
木柵站,2026/05/03 19:00,39,細懸浮微粒,13.7,13,17,0.57,1.4,12.3
木柵站,2026/05/03 20:00,40,細懸浮微粒,18.6,11,19,0.44,1.18,8.2
木柵站,2026/05/03 21:00,40,細懸浮微粒,33.7,7,26,0.42,0.96,6.7
木柵站,2026/05/03 22:00,41,細懸浮微粒,34.1,11,14,0.45,1.17,7
木柵站,2026/05/03 23:00,37,細懸浮微粒,41.3,8,15,0.47,0.99,3.2
木柵站,2026/05/04 00:00,37,細懸浮微粒,45.6,11,15,0.49,1.18,2.2
木柵站,2026/05/04 01:00,39,細懸浮微粒,47.5,11,24,0.58,1.18,2.6
木柵站,2026/05/04 02:00,43,細懸浮微粒,47.6,16,20,0.57,0.99,2.3
木柵站,2026/05/04 03:00,48,細懸浮微粒,45.8,15,21,0.53,1.04,2
木柵站,2026/05/04 04:00,52,細懸浮微粒,47.6,17,27,0.45,0.96,2.2
木柵站,2026/05/04 05:00,56,細懸浮微粒,47.6,20,25,0.47,1.1,3.1
木柵站,2026/05/04 06:00,60,細懸浮微粒,44,22,26,0.48,1.13,4.7
木柵站,2026/05/04 07:00,62,細懸浮微粒,40.4,18,21,0.51,1.07,5.9
木柵站,2026/05/04 08:00,62,細懸浮微粒,36.6,17,24,0.46,1.24,12.7
木柵站,2026/05/04 09:00,63,細懸浮微粒,29.3,19,23,0.5,1.21,16.4
木柵站,2026/05/04 10:00,61,細懸浮微粒,36.9,14,24,0.46,1.22,9.6
木柵站,2026/05/04 11:00,63,細懸浮微粒,41.6,19,18,0.45,1.33,8.6
木柵站,2026/05/04 12:00,66,細懸浮微粒,42.1,24,30,0.43,1.24,8.2
木柵站,2026/05/04 13:00,70,細懸浮微粒,43.3,25,36,0.42,1.27,8.2
木柵站,2026/05/04 14:00,74,細懸浮微粒,43.6,23,32,0.42,1.13,10.1
木柵站,2026/05/04 15:00,73,細懸浮微粒,42,16,36,0.43,0.96,11.8
木柵站,2026/05/04 16:00,71,細懸浮微粒,40.2,17,21,0.41,1.13,11.6
木柵站,2026/05/04 17:00,66,細懸浮微粒,44.7,14,18,0.37,1.19,7.2
木柵站,2026/05/04 18:00,62,細懸浮微粒,42.6,14,8,0.37,1.27,6.7
木柵站,2026/05/04 19:00,60,細懸浮微粒,34.4,12,11,0.44,1.25,7.3
木柵站,2026/05/04 20:00,57,細懸浮微粒,32.3,11,13,0.46,1.06,8
木柵站,2026/05/04 21:00,55,細懸浮微粒,31.9,11,10,0.43,0.81,7.5
木柵站,2026/05/04 22:00,54,細懸浮微粒,34.1,10,9,0.41,0.75,6.1
木柵站,2026/05/04 23:00,52,細懸浮微粒,37.9,10,11,0.41,0.93,3.7
木柵站,2026/05/05 00:00,48,細懸浮微粒,43.2,7,11,0.38,0.89,2.7
木柵站,2026/05/05 01:00,45,細懸浮微粒,46.7,11,8,0.37,0.92,1.4
木柵站,2026/05/05 02:00,41,細懸浮微粒,46.5,7,8,0.38,0.92,1.6
木柵站,2026/05/05 03:00,37,細懸浮微粒,42.5,5,11,0.37,1.14,1.4
木柵站,2026/05/05 04:00,37,臭氧8小時,39.8,4,19,0.42,0.97,1.6
木柵站,2026/05/05 05:00,37,臭氧8小時,30.2,1,10,0.43,1.02,3.3
木柵站,2026/05/05 06:00,36,臭氧8小時,24,1,7,0.42,1.2,9.3
木柵站,2026/05/05 07:00,35,臭氧8小時,26.4,5,8,0.47,1.23,11.5
木柵站,2026/05/05 08:00,38,二氧化氮小時值,22.9,5,14,0.56,1.04,15.9
木柵站,2026/05/05 09:00,34,二氧化氮小時值,24.9,5,12,0.51,1.08,14.1
木柵站,2026/05/05 10:00,34,二氧化氮小時值,24.5,4,7,0.5,1.18,14.3
木柵站,2026/05/05 11:00,31,二氧化氮小時值,26.2,2,9,0.47,1.19,12.9
木柵站,2026/05/05 12:00,41,二氧化氮小時值,26,2,7,0.45,1.06,17.2
木柵站,2026/05/05 13:00,30,二氧化氮小時值,25.8,2,8,0.44,1.92,12.5
木柵站,2026/05/05 14:00,32,二氧化氮小時值,24.2,2,9,0.41,0.77,13.5
木柵站,2026/05/05 15:00,23,臭氧8小時,27.2,3,6,0.37,0.48,9.2
木柵站,2026/05/05 16:00,32,二氧化氮小時值,23.9,3,5,0.48,0.85,13.3
木柵站,2026/05/05 17:00,36,二氧化氮小時值,20.8,5,8,0.53,1.12,15.3
木柵站,2026/05/05 18:00,37,二氧化氮小時值,18.8,2,7,0.53,1.03,15.6
木柵站,2026/05/05 19:00,29,二氧化氮小時值,20.3,2,10,0.48,0.82,12.1
木柵站,2026/05/05 20:00,42,二氧化氮小時值,12,6,11,0.54,0.82,17.7
木柵站,2026/05/05 21:00,45,二氧化氮小時值,11.8,3,4,0.53,1.11,18.7
木柵站,2026/05/05 22:00,33,二氧化氮小時值,13.9,1,6,0.51,0.79,13.8
木柵站,2026/05/05 23:00,28,二氧化氮小時值,13.7,1,10,0.46,0.63,11.7
木柵站,2026/05/06 00:00,21,二氧化氮小時值,15.9,1,10,0.44,0.84,8.9
木柵站,2026/05/06 01:00,16,二氧化氮小時值,16.3,1,11,0.47,0.9,6.7
木柵站,2026/05/06 02:00,15,懸浮微粒,15.1,1,8,0.44,0.87,6.2
木柵站,2026/05/06 03:00,16,二氧化氮小時值,13.4,1,3,0.41,0.88,6.7
木柵站,2026/05/06 04:00,13,臭氧8小時,13,1,4,0.43,1.01,5.4
木柵站,2026/05/06 05:00,20,二氧化氮小時值,10.5,2,4,0.46,1.25,8.2
木柵站,2026/05/06 06:00,23,二氧化氮小時值,8.6,1,4,0.44,0.93,9.5
木柵站,2026/05/06 07:00,23,二氧化氮小時值,10.1,1,8,0.5,0.93,9.8
木柵站,2026/05/06 08:00,29,二氧化氮小時值,15.8,1,6,0.52,1.03,12
木柵站,2026/05/06 09:00,32,二氧化氮小時值,22.4,1,6,0.59,1.22,13.6
木柵站,2026/05/06 10:00,34,二氧化氮小時值,32.5,5,10,0.62,0.9,14.2
木柵站,2026/05/06 11:00,35,二氧化氮小時值,34.1,6,28,0.62,1.12,14.8
木柵站,2026/05/06 12:00,20,二氧化氮小時值,42.9,5,16,0.47,1.14,8.6
木柵站,2026/05/06 13:00,25,臭氧8小時,46.2,9,14,0.38,0.58,5.8
木柵站,2026/05/06 14:00,29,臭氧8小時,42.9,6,11,0.4,1.05,6
木柵站,2026/05/06 15:00,32,臭氧8小時,41.9,4,13,0.36,1.48,6.2
木柵站,2026/05/06 16:00,35,臭氧8小時,36.8,3,14,0.48,1.33,9.6
木柵站,2026/05/06 17:00,36,臭氧8小時,35.6,4,13,0.5,1.17,8.2
木柵站,2026/05/06 18:00,36,臭氧8小時,34,6,14,0.5,1.1,9.5
木柵站,2026/05/06 19:00,36,臭氧8小時,29.9,5,12,0.46,1.12,7.9
木柵站,2026/05/06 20:00,34,臭氧8小時,27.4,2,10,0.47,1.03,7.4
木柵站,2026/05/06 21:00,32,臭氧8小時,25.6,1,11,0.45,1.11,6.2
木柵站,2026/05/06 22:00,29,臭氧8小時,18.9,1,10,0.46,1.25,8.6
木柵站,2026/05/06 23:00,39,二氧化氮小時值,7.1,4,23,0.43,1.01,16.5
木柵站,2026/05/07 00:00,34,二氧化氮小時值,6,7,-,0.45,1.08,14.2
木柵站,2026/05/07 01:00,30,懸浮微粒,6.1,4,30,0.53,1.34,9.3
木柵站,2026/05/07 02:00,33,懸浮微粒,7.4,1,19,0.53,1.08,7.8
木柵站,2026/05/07 03:00,32,懸浮微粒,5.2,1,18,0.52,0.98,8.2
木柵站,2026/05/07 04:00,32,懸浮微粒,4.3,2,21,0.4,1.07,7.5
木柵站,2026/05/07 05:00,30,懸浮微粒,4.1,2,18,0.41,0.88,7.8
木柵站,2026/05/07 06:00,30,懸浮微粒,5.9,6,18,0.42,1.05,7.1
木柵站,2026/05/07 07:00,29,懸浮微粒,10,4,14,0.51,1.27,9.5
木柵站,2026/05/07 08:00,29,懸浮微粒,22.3,4,18,0.45,1.21,8.1
木柵站,2026/05/07 09:00,30,懸浮微粒,32.5,12,17,0.53,1.06,11.3
木柵站,2026/05/07 10:00,30,懸浮微粒,43.3,9,17,0.46,1.25,8.9
木柵站,2026/05/07 11:00,33,懸浮微粒,56.3,9,29,0.52,1.32,8.8
木柵站,2026/05/07 12:00,35,懸浮微粒,66.8,13,24,0.56,1.45,9.8
木柵站,2026/05/07 13:00,39,二氧化氮小時值,60.1,12,25,0.56,3.77,16.3
木柵站,2026/05/07 14:00,41,臭氧8小時,59,15,17,0.53,4.11,16
木柵站,2026/05/07 15:00,45,臭氧8小時,50.3,12,21,0.49,2.88,16.5
木柵站,2026/05/07 16:00,47,臭氧8小時,36.3,12,12,0.48,2.93,18.9
木柵站,2026/05/07 17:00,46,臭氧8小時,27.4,10,13,0.47,1.51,17.1
木柵站,2026/05/07 18:00,44,臭氧8小時,20.4,9,16,0.36,1.01,13.2
木柵站,2026/05/07 19:00,40,細懸浮微粒,15.4,7,16,0.38,0.97,14.7
木柵站,2026/05/07 20:00,41,細懸浮微粒,10.9,11,18,0.51,0.82,16.6
木柵站,2026/05/07 21:00,38,細懸浮微粒,10,7,25,0.48,0.58,11.4
木柵站,2026/05/07 22:00,38,細懸浮微粒,7.6,8,21,0.49,0.73,10.9
木柵站,2026/05/07 23:00,36,細懸浮微粒,5.7,5,24,0.45,0.74,10.3
木柵站,2026/05/08 00:00,37,懸浮微粒,6.9,6,28,0.43,0.71,6.6
木柵站,2026/05/08 01:00,37,懸浮微粒,6.9,7,24,0.46,0.43,5.3
木柵站,2026/05/08 02:00,37,懸浮微粒,7.7,7,21,0.43,0.69,5.5
木柵站,2026/05/08 03:00,39,懸浮微粒,5.6,7,31,0.42,0.9,5.5
木柵站,2026/05/08 04:00,38,懸浮微粒,5.6,6,20,0.42,0.88,4.2
木柵站,2026/05/08 05:00,37,懸浮微粒,4,5,19,0.44,0.89,5.3
木柵站,2026/05/08 06:00,35,懸浮微粒,3.6,11,13,0.52,0.73,7.2
木柵站,2026/05/08 07:00,33,懸浮微粒,6.4,7,17,0.62,1,9.2
木柵站,2026/05/08 08:00,33,懸浮微粒,16.5,12,21,0.52,1.24,10.2
木柵站,2026/05/08 09:00,35,細懸浮微粒,28.9,9,23,0.41,0.81,8.7
木柵站,2026/05/08 10:00,36,懸浮微粒,35.3,8,24,0.37,0.97,9
木柵站,2026/05/08 11:00,37,懸浮微粒,40.2,9,23,0.35,0.95,8.1
木柵站,2026/05/08 12:00,35,懸浮微粒,42,8,13,0.41,0.68,7.8
木柵站,2026/05/08 13:00,39,細懸浮微粒,41.2,17,24,0.4,0.61,9.4
木柵站,2026/05/08 14:00,38,細懸浮微粒,41.6,6,23,0.37,0.66,9.2
木柵站,2026/05/08 15:00,38,細懸浮微粒,41,9,12,0.36,0.86,9.4
木柵站,2026/05/08 16:00,36,細懸浮微粒,39.5,5,13,0.38,0.65,9.9
木柵站,2026/05/08 17:00,37,臭氧8小時,42.2,3,13,0.41,0.65,7.7
木柵站,2026/05/08 18:00,39,臭氧8小時,46,3,8,0.43,0.48,6
木柵站,2026/05/08 19:00,39,臭氧8小時,44.3,5,6,0.43,0.7,5.4
木柵站,2026/05/08 20:00,40,臭氧8小時,45.8,6,6,0.44,0.69,4
木柵站,2026/05/08 21:00,40,臭氧8小時,43.5,4,6,0.46,0.59,4.3
木柵站,2026/05/08 22:00,40,臭氧8小時,40.3,2,3,0.49,0.88,6
木柵站,2026/05/08 23:00,39,臭氧8小時,38.6,3,3,0.49,0.77,4.5
木柵站,2026/05/09 00:00,39,臭氧8小時,39.8,4,5,0.45,0.9,2.9
木柵站,2026/05/09 01:00,39,臭氧8小時,38.9,1,8,0.51,0.91,1.9
木柵站,2026/05/09 02:00,39,臭氧8小時,45.8,6,10,0.48,0.77,2.3
木柵站,2026/05/09 03:00,39,臭氧8小時,44.6,3,10,0.46,0.78,2.9
木柵站,2026/05/09 04:00,39,臭氧8小時,46.6,2,9,0.43,0.75,2.3
木柵站,2026/05/09 05:00,39,臭氧8小時,45.3,12,10,0.42,0.77,2.5
木柵站,2026/05/09 06:00,40,臭氧8小時,43,7,11,0.44,0.53,3.6
木柵站,2026/05/09 07:00,40,臭氧8小時,41.2,6,11,0.45,0.51,4.2
木柵站,2026/05/09 08:00,39,臭氧8小時,34.3,7,13,0.52,0.52,11.2
木柵站,2026/05/09 09:00,40,臭氧8小時,41.9,8,10,0.49,0.57,9
木柵站,2026/05/09 10:00,39,臭氧8小時,39.8,6,8,0.52,0.63,12.3
木柵站,2026/05/09 11:00,39,臭氧8小時,41.3,4,10,0.5,0.81,7.7
木柵站,2026/05/09 12:00,38,臭氧8小時,42.9,3,9,0.38,0.73,5.7
木柵站,2026/05/09 13:00,38,臭氧8小時,40.6,2,7,0.37,0.87,6.5
木柵站,2026/05/09 14:00,37,臭氧8小時,37.6,1,7,0.36,0.81,8.3
木柵站,2026/05/09 15:00,37,臭氧8小時,37.8,1,6,0.37,0.65,10
木柵站,2026/05/09 16:00,37,臭氧8小時,39.8,1,7,0.44,0.33,8.5
木柵站,2026/05/09 17:00,37,臭氧8小時,39.2,1,8,0.47,0.35,7.4
木柵站,2026/05/09 18:00,37,臭氧8小時,40.3,3,5,0.48,0.7,6.6
木柵站,2026/05/09 19:00,37,臭氧8小時,38.1,5,7,0.47,0.72,5.9
木柵站,2026/05/09 20:00,36,臭氧8小時,35.2,4,6,0.48,1.08,5.8
木柵站,2026/05/09 21:00,35,臭氧8小時,34.7,1,3,0.48,0.65,5
木柵站,2026/05/09 22:00,35,臭氧8小時,34.7,1,3,0.42,0.42,4.5
木柵站,2026/05/09 23:00,34,臭氧8小時,34.7,1,3,0.42,0.53,3.7
木柵站,2026/05/10 00:00,34,臭氧8小時,33.1,1,4,0.36,0.62,3.1
木柵站,2026/05/10 01:00,33,臭氧8小時,34.4,1,4,0.32,0.53,2.2
木柵站,2026/05/10 02:00,32,臭氧8小時,33.3,1,7,0.32,0.77,1.8
木柵站,2026/05/10 03:00,31,臭氧8小時,31.8,1,7,0.29,0.84,1.2
木柵站,2026/05/10 04:00,31,臭氧8小時,30.1,1,6,0.32,0.71,2.2
木柵站,2026/05/10 05:00,30,臭氧8小時,26.5,1,5,0.3,0.73,2.4
木柵站,2026/05/10 06:00,28,臭氧8小時,19.8,1,10,0.34,0.64,5.5
木柵站,2026/05/10 07:00,27,臭氧8小時,26.8,1,5,0.36,0.74,3.7
木柵站,2026/05/10 08:00,27,臭氧8小時,27.5,1,3,0.39,0.57,5.2
木柵站,2026/05/10 09:00,26,臭氧8小時,29.2,1,6,0.42,0.34,5.1
木柵站,2026/05/10 10:00,26,臭氧8小時,31.2,2,5,0.46,0.74,5.1
木柵站,2026/05/10 11:00,26,臭氧8小時,34.9,3,4,0.49,0.91,4.7
木柵站,2026/05/10 12:00,27,臭氧8小時,36.7,3,5,0.43,1.25,4.7
木柵站,2026/05/10 13:00,28,臭氧8小時,34.4,1,9,0.41,1.55,7.3
木柵站,2026/05/10 14:00,29,臭氧8小時,31.7,12,13,0.39,1.28,8.1
木柵站,2026/05/10 15:00,30,臭氧8小時,29.4,7,18,0.35,0.99,7.6
木柵站,2026/05/10 16:00,30,臭氧8小時,29.1,6,11,0.4,0.85,7.3
木柵站,2026/05/10 17:00,29,臭氧8小時,25.3,12,19,0.42,0.89,10.3
木柵站,2026/05/10 18:00,28,臭氧8小時,21.2,8,13,0.43,1.43,10.4
木柵站,2026/05/10 19:00,28,細懸浮微粒,21.4,8,15,0.43,1.68,9.1
木柵站,2026/05/10 20:00,31,細懸浮微粒,18.9,9,15,0.48,0.64,8.5
木柵站,2026/05/10 21:00,29,細懸浮微粒,14.5,6,26,0.49,0.12,9.3
木柵站,2026/05/10 22:00,27,細懸浮微粒,14.9,4,10,0.47,0.16,8.1
木柵站,2026/05/10 23:00,26,細懸浮微粒,10.1,5,12,0.47,0.11,8
木柵站,2026/05/11 00:00,28,懸浮微粒,11,4,26,0.51,0.22,7.3
木柵站,2026/05/11 01:00,25,懸浮微粒,10.3,5,10,0.51,0.34,6.3
木柵站,2026/05/11 02:00,29,懸浮微粒,16.4,11,24,0.41,0.37,4.8
木柵站,2026/05/11 03:00,27,細懸浮微粒,14,6,7,0.43,0.63,4.4
木柵站,2026/05/11 04:00,27,細懸浮微粒,13.7,4,10,0.4,0.52,5.7
木柵站,2026/05/11 05:00,24,細懸浮微粒,20.7,3,9,0.46,0.52,5.9
木柵站,2026/05/11 06:00,21,二氧化氮小時值,18.7,1,6,0.44,0.73,8.9
木柵站,2026/05/11 07:00,27,二氧化氮小時值,23.1,7,9,0.46,0.98,11.3
木柵站,2026/05/11 08:00,49,二氧化氮小時值,16.7,8,10,0.62,0.55,20.6
木柵站,2026/05/11 09:00,41,二氧化氮小時值,21.3,10,9,0.6,0.73,17.2
木柵站,2026/05/11 10:00,40,二氧化氮小時值,25.6,7,22,0.63,0.83,17
木柵站,2026/05/11 11:00,30,細懸浮微粒,37.3,10,26,0.57,0.8,12
木柵站,2026/05/11 12:00,32,細懸浮微粒,38.9,10,17,0.46,0.72,10.9
木柵站,2026/05/11 13:00,32,細懸浮微粒,37.2,8,13,0.4,0.74,10
木柵站,2026/05/11 14:00,40,二氧化氮小時值,20.6,4,13,0.41,0.46,16.9
木柵站,2026/05/11 15:00,30,二氧化氮小時值,32.8,7,17,0.42,0.5,12.7
木柵站,2026/05/11 16:00,38,二氧化氮小時值,31.1,12,15,0.46,0.67,16
木柵站,2026/05/11 17:00,44,二氧化氮小時值,26.8,8,18,0.44,0.84,18.4
木柵站,2026/05/11 18:00,51,二氧化氮小時值,20.6,8,22,0.49,0.85,22.8
木柵站,2026/05/11 19:00,47,二氧化氮小時值,10.8,7,28,0.47,0.84,19.8
木柵站,2026/05/11 20:00,37,二氧化氮小時值,9.8,9,22,0.48,0.77,15.7
木柵站,2026/05/11 21:00,40,二氧化氮小時值,5.7,11,25,0.5,0.71,16.6
木柵站,2026/05/11 22:00,39,懸浮微粒,4.5,11,29,0.42,0.41,13.3
木柵站,2026/05/11 23:00,39,懸浮微粒,7.1,11,30,0.4,0.34,9.3
木柵站,2026/05/12 00:00,39,懸浮微粒,7.5,6,21,0.44,0.66,8.2
木柵站,2026/05/12 01:00,40,懸浮微粒,5,6,24,0.49,0.73,7.1
木柵站,2026/05/12 02:00,40,懸浮微粒,5.2,6,24,0.44,0.51,7.1
木柵站,2026/05/12 03:00,38,懸浮微粒,4.4,7,20,0.42,0.49,6.6
木柵站,2026/05/12 04:00,40,懸浮微粒,5,8,26,0.49,0.6,4.3
木柵站,2026/05/12 05:00,41,懸浮微粒,3.7,8,29,0.57,0.62,6.2
木柵站,2026/05/12 06:00,40,懸浮微粒,4.2,8,20,0.61,0.75,6.2
木柵站,2026/05/12 07:00,41,懸浮微粒,6.2,9,24,0.64,1.01,8.2
木柵站,2026/05/12 08:00,40,懸浮微粒,19.7,9,22,0.55,0.92,12.6
木柵站,2026/05/12 09:00,40,懸浮微粒,25.1,13,28,0.69,0.63,16.8
木柵站,2026/05/12 10:00,51,二氧化氮小時值,40.4,17,25,0.87,1.25,22.4
木柵站,2026/05/12 11:00,49,細懸浮微粒,46.2,20,34,0.68,1.63,17.2
木柵站,2026/05/12 12:00,53,細懸浮微粒,50.2,15,19,0.39,1.14,10.5
木柵站,2026/05/12 13:00,52,細懸浮微粒,46.2,9,17,0.33,0.65,8.7
木柵站,2026/05/12 14:00,49,細懸浮微粒,46.3,9,24,0.37,0.74,10
木柵站,2026/05/12 15:00,42,細懸浮微粒,47.4,6,22,0.41,0.88,10.6
木柵站,2026/05/12 16:00,42,二氧化氮小時值,31,7,17,0.44,2.01,17.8
木柵站,2026/05/12 17:00,39,臭氧8小時,29.9,5,16,0.39,3.26,14.3
木柵站,2026/05/12 18:00,38,臭氧8小時,28.2,7,14,0.4,2.36,14.3
木柵站,2026/05/12 19:00,35,臭氧8小時,25.7,8,20,0.41,1.36,13.1
木柵站,2026/05/12 20:00,32,臭氧8小時,24.6,4,10,0.4,0.69,10.3
木柵站,2026/05/12 21:00,30,懸浮微粒,20.2,2,19,0.4,0.57,12.4
木柵站,2026/05/12 22:00,30,懸浮微粒,14.7,7,20,0.41,0.37,12.3
木柵站,2026/05/12 23:00,32,懸浮微粒,14.3,6,29,0.37,0.45,9.6
木柵站,2026/05/13 00:00,32,懸浮微粒,16.7,6,12,0.46,0.92,6.5
木柵站,2026/05/13 08:00,18,二氧化氮小時值,-,11,11,0.41,0.6,7.6
木柵站,2026/05/13 09:00,19,二氧化氮小時值,29.3,12,26,0.41,0.7,7.9
木柵站,2026/05/13 10:00,27,二氧化氮小時值,32.2,12,21,0.43,1.04,11.5
木柵站,2026/05/13 11:00,30,二氧化氮小時值,32.8,8,18,0.4,2.19,12.5
木柵站,2026/05/13 12:00,28,二氧化氮小時值,35.2,9,7,0.4,2.45,11.7
木柵站,2026/05/13 13:00,42,細懸浮微粒,32.1,12,17,0.43,1.13,12
木柵站,2026/05/13 14:00,42,細懸浮微粒,27.8,11,17,0.45,0.67,14.8
木柵站,2026/05/13 15:00,45,細懸浮微粒,25,13,18,0.39,0.64,14.4
木柵站,2026/05/13 16:00,44,細懸浮微粒,28.2,8,12,0.39,0.5,10.8
木柵站,2026/05/13 17:00,42,細懸浮微粒,24.8,9,14,0.39,0.45,10.9
木柵站,2026/05/13 18:00,38,細懸浮微粒,21.9,6,12,0.42,0.55,12.8
木柵站,2026/05/13 19:00,34,細懸浮微粒,22.7,5,11,0.4,0.66,9.9
木柵站,2026/05/13 20:00,32,細懸浮微粒,24.2,6,12,0.4,0.58,6.3
木柵站,2026/05/13 21:00,29,細懸浮微粒,25.2,5,11,0.42,0.57,6.5
木柵站,2026/05/13 22:00,27,細懸浮微粒,24.6,5,11,0.41,0.73,5.8
木柵站,2026/05/13 23:00,25,細懸浮微粒,23,3,8,0.4,0.79,4.9
木柵站,2026/05/14 00:00,22,臭氧8小時,25.6,2,9,0.38,0.63,2.9
木柵站,2026/05/14 01:00,22,臭氧8小時,25.5,6,7,0.45,0.71,2.8
木柵站,2026/05/14 02:00,23,臭氧8小時,26.4,6,4,0.4,0.58,2
木柵站,2026/05/14 03:00,23,臭氧8小時,25.8,3,3,0.38,0.8,3
木柵站,2026/05/14 04:00,23,臭氧8小時,26.1,1,3,0.41,0.4,3.3
木柵站,2026/05/14 05:00,23,臭氧8小時,24,1,18,0.42,0.13,3.7
木柵站,2026/05/14 06:00,23,臭氧8小時,20.1,3,11,0.45,0.23,7.9
木柵站,2026/05/14 07:00,23,二氧化氮小時值,17.6,3,11,0.51,0.16,9.7
木柵站,2026/05/14 08:00,23,二氧化氮小時值,16.8,1,10,0.49,0.13,9.6
木柵站,2026/05/14 09:00,34,二氧化氮小時值,14.6,1,9,0.54,0.1,14.1
木柵站,2026/05/14 10:00,47,二氧化氮小時值,11.9,2,9,0.56,1.08,19.9
木柵站,2026/05/14 11:00,53,二氧化氮小時值,9.7,3,11,0.68,1.53,25.3
木柵站,2026/05/14 12:00,52,二氧化氮小時值,8.4,10,13,0.57,1.36,24.9
木柵站,2026/05/14 13:00,29,二氧化氮小時值,14,7,10,0.4,1.06,12.3
木柵站,2026/05/14 14:00,20,細懸浮微粒,-,6,11,-,-,-
木柵站,2026/05/14 15:00,51,二氧化氮小時值,10.9,15,32,0.54,0.16,22.4
木柵站,2026/05/14 16:00,48,二氧化氮小時值,13.6,3,18,0.48,0.25,20
木柵站,2026/05/14 17:00,34,二氧化氮小時值,15.9,7,22,0.34,0.13,14.2
木柵站,2026/05/14 18:00,35,二氧化氮小時值,9.2,6,20,0.31,0.14,14.8
木柵站,2026/05/14 19:00,29,懸浮微粒,10.5,3,19,0.26,0.12,10.6
木柵站,2026/05/14 20:00,28,懸浮微粒,7.5,10,11,0.43,0.17,11.5
木柵站,2026/05/14 21:00,34,二氧化氮小時值,3.7,7,21,0.53,0.18,14.3
木柵站,2026/05/14 22:00,31,二氧化氮小時值,2.6,3,27,0.57,0.18,13.1
木柵站,2026/05/14 23:00,33,懸浮微粒,2.8,1,24,0.52,0.26,10.4
木柵站,2026/05/15 00:00,37,懸浮微粒,3,6,26,0.5,0.26,8.1
木柵站,2026/05/15 01:00,40,懸浮微粒,2.8,10,28,0.58,0.1,8.4
木柵站,2026/05/15 02:00,40,懸浮微粒,3.4,7,22,0.58,0.54,8
木柵站,2026/05/15 03:00,37,懸浮微粒,3.4,4,15,0.49,0.57,6.7
木柵站,2026/05/15 04:00,38,懸浮微粒,3.3,7,28,0.42,0.53,6.8
木柵站,2026/05/15 05:00,40,懸浮微粒,4.2,7,34,0.45,0.74,5.8
木柵站,2026/05/15 06:00,38,懸浮微粒,5.4,5,17,0.47,0.77,6.8
木柵站,2026/05/15 07:00,38,懸浮微粒,9.4,4,15,0.5,0.74,8.4
木柵站,2026/05/15 08:00,35,懸浮微粒,17.2,8,13,0.46,0.84,7.9
木柵站,2026/05/15 09:00,32,懸浮微粒,25.3,6,20,0.41,0.74,6.7
木柵站,2026/05/15 10:00,28,懸浮微粒,29,5,4,0.4,0.61,5.7
木柵站,2026/05/15 11:00,24,懸浮微粒,32.6,2,4,0.4,0.36,3.7
木柵站,2026/05/15 12:00,23,懸浮微粒,35.7,1,10,0.44,0.46,3.2
木柵站,2026/05/15 13:00,22,臭氧8小時,34.6,1,14,0.46,0.64,4.7
木柵站,2026/05/15 14:00,25,臭氧8小時,33.6,4,9,0.45,0.62,5.4
木柵站,2026/05/15 15:00,28,臭氧8小時,34.1,8,26,0.44,0.88,5
木柵站,2026/05/15 16:00,30,臭氧8小時,33.9,7,13,0.44,0.81,7
木柵站,2026/05/15 17:00,31,臭氧8小時,36,4,12,0.42,0.65,4.8
木柵站,2026/05/15 18:00,32,臭氧8小時,38.3,3,18,0.41,0.68,5.5
木柵站,2026/05/15 19:00,33,臭氧8小時,39.6,5,23,0.4,0.87,4.8
木柵站,2026/05/15 20:00,34,臭氧8小時,39.6,5,18,0.35,0.69,3.3
木柵站,2026/05/15 21:00,34,臭氧8小時,37.5,8,28,0.36,0.56,4
木柵站,2026/05/15 22:00,34,臭氧8小時,38.5,5,17,0.32,0.57,2.7
木柵站,2026/05/15 23:00,35,臭氧8小時,36.1,1,16,0.31,0.67,2.2
木柵站,2026/05/16 00:00,35,臭氧8小時,34.3,1,10,0.38,0.53,1.8
木柵站,2026/05/16 01:00,35,臭氧8小時,34.4,1,11,0.46,0.52,1.2
木柵站,2026/05/16 02:00,34,臭氧8小時,34.1,1,15,0.45,0.63,1.3
木柵站,2026/05/16 03:00,34,臭氧8小時,38.1,2,13,0.41,0.71,1.2
木柵站,2026/05/16 04:00,34,臭氧8小時,38.1,6,14,0.46,0.42,1.9
木柵站,2026/05/16 05:00,33,臭氧8小時,33.8,7,13,0.45,0.43,2.4
木柵站,2026/05/16 06:00,33,臭氧8小時,34.5,5,22,0.45,0.38,3.1
木柵站,2026/05/16 07:00,33,臭氧8小時,36.8,5,23,0.47,0.37,2.6
木柵站,2026/05/16 08:00,33,臭氧8小時,38,3,22,0.46,0.41,3
木柵站,2026/05/16 09:00,34,臭氧8小時,38.7,6,21,0.46,0.52,2.8
木柵站,2026/05/16 10:00,34,臭氧8小時,39.6,4,22,0.45,0.98,2.2
木柵站,2026/05/16 11:00,35,懸浮微粒,38.7,13,32,0.46,0.9,2.7
木柵站,2026/05/16 12:00,36,懸浮微粒,40.1,11,22,0.44,0.69,2.1
木柵站,2026/05/16 13:00,37,懸浮微粒,38.4,7,20,0.46,0.33,3.6
木柵站,2026/05/16 14:00,42,懸浮微粒,36.2,7,41,0.48,0.45,4.6
木柵站,2026/05/16 15:00,44,懸浮微粒,36.1,6,34,0.44,0.52,4.2
木柵站,2026/05/16 16:00,50,懸浮微粒,33.7,8,39,0.4,0.33,5.3
木柵站,2026/05/16 17:00,50,懸浮微粒,35,6,19,0.35,0.57,2.9
木柵站,2026/05/16 18:00,45,懸浮微粒,35.1,4,18,0.34,0.52,3.3
木柵站,2026/05/16 19:00,41,懸浮微粒,34.6,3,18,0.3,0.6,3
木柵站,2026/05/16 20:00,35,懸浮微粒,34.7,4,13,0.36,0.59,3.3
木柵站,2026/05/16 21:00,36,懸浮微粒,35.1,3,22,0.35,0.4,2.7
木柵站,2026/05/16 22:00,36,懸浮微粒,35,3,22,0.36,0.41,2.3
木柵站,2026/05/16 23:00,36,懸浮微粒,35.8,3,21,0.34,0.47,1.7
木柵站,2026/05/17 00:00,37,懸浮微粒,36.1,3,17,0.33,0.5,1.5
木柵站,2026/05/17 01:00,38,懸浮微粒,36.6,4,26,0.35,0.65,1.2
木柵站,2026/05/17 02:00,36,懸浮微粒,37.4,5,20,0.34,0.79,1.1
木柵站,2026/05/17 03:00,35,懸浮微粒,37.1,6,21,0.31,0.57,1.2
木柵站,2026/05/17 04:00,36,懸浮微粒,37,10,24,0.34,0.51,1.1
木柵站,2026/05/17 05:00,36,懸浮微粒,36.1,6,24,0.36,0.56,1.8
木柵站,2026/05/17 06:00,37,懸浮微粒,35.2,7,26,0.37,0.34,1.9
木柵站,2026/05/17 07:00,42,懸浮微粒,34.6,10,35,0.44,0.17,1.5
木柵站,2026/05/17 08:00,43,懸浮微粒,35.8,6,26,0.38,0.57,2.1
木柵站,2026/05/17 09:00,47,懸浮微粒,35.7,6,40,0.4,0.69,3.1
木柵站,2026/05/17 10:00,54,懸浮微粒,37,11,54,0.41,0.31,3.6
木柵站,2026/05/17 11:00,53,懸浮微粒,39,9,30,0.41,0.16,1.8
木柵站,2026/05/17 12:00,54,懸浮微粒,36.9,5,27,0.41,0.33,1.9
木柵站,2026/05/17 13:00,51,懸浮微粒,36,6,22,0.41,0.4,1.7
木柵站,2026/05/17 14:00,47,懸浮微粒,35.9,11,28,0.41,0.52,2.2
木柵站,2026/05/17 15:00,51,懸浮微粒,35.4,8,43,0.42,0.41,2.7
木柵站,2026/05/17 16:00,55,懸浮微粒,34,6,46,0.42,0.46,3
木柵站,2026/05/17 17:00,53,懸浮微粒,33.8,8,16,0.39,0.8,3.7
木柵站,2026/05/17 18:00,52,懸浮微粒,34.7,8,20,0.33,0.49,4.2
木柵站,2026/05/17 19:00,48,懸浮微粒,34.4,6,22,0.32,0.42,3.5
木柵站,2026/05/17 20:00,44,懸浮微粒,34.9,5,29,0.38,0.88,3.6
木柵站,2026/05/17 21:00,45,懸浮微粒,34.1,4,23,0.37,0.98,3.6
木柵站,2026/05/17 22:00,42,懸浮微粒,35.3,10,19,0.35,0.64,2.4
木柵站,2026/05/17 23:00,40,懸浮微粒,35.5,8,18,0.33,0.52,2.4
木柵站,2026/05/18 00:00,38,懸浮微粒,35.4,5,21,0.38,0.56,1.9
木柵站,2026/05/18 01:00,38,懸浮微粒,35.2,5,23,0.43,0.51,1.6
木柵站,2026/05/18 02:00,37,懸浮微粒,34,8,17,0.42,0.51,1.7
木柵站,2026/05/18 03:00,36,懸浮微粒,33.4,8,19,0.39,0.48,1.7
木柵站,2026/05/18 04:00,34,懸浮微粒,34,5,21,0.4,0.63,1.4
木柵站,2026/05/18 05:00,34,懸浮微粒,31.7,3,21,0.42,0.75,2.1
木柵站,2026/05/18 06:00,34,懸浮微粒,30.9,6,20,0.44,0.47,2.8
木柵站,2026/05/18 07:00,34,懸浮微粒,33.7,9,18,0.51,0.43,3.4
木柵站,2026/05/18 08:00,31,懸浮微粒,35.9,6,13,0.46,0.68,3
木柵站,2026/05/18 09:00,31,臭氧8小時,35.6,4,17,0.43,0.58,3.1
木柵站,2026/05/18 10:00,33,懸浮微粒,35.9,6,32,0.43,0.57,2.7
木柵站,2026/05/18 11:00,33,懸浮微粒,36.9,5,16,0.48,0.38,3.5
木柵站,2026/05/18 12:00,34,懸浮微粒,37.5,5,21,0.46,0.57,4.1
木柵站,2026/05/18 13:00,33,臭氧8小時,37.8,7,11,0.45,0.68,3.7
木柵站,2026/05/18 14:00,33,臭氧8小時,35,9,26,0.43,0.83,3.8
木柵站,2026/05/18 15:00,33,臭氧8小時,32,4,13,0.45,0.69,4.8
木柵站,2026/05/18 16:00,32,臭氧8小時,29.9,5,23,0.43,1.11,8.4
木柵站,2026/05/18 17:00,32,臭氧8小時,30.5,10,15,0.41,0.84,5.9
木柵站,2026/05/18 18:00,32,懸浮微粒,29.7,10,24,0.46,0.82,8.6
木柵站,2026/05/18 19:00,31,懸浮微粒,31.7,7,14,0.34,0.87,6.2
木柵站,2026/05/18 20:00,32,懸浮微粒,32.2,6,24,0.39,0.6,4.1
木柵站,2026/05/18 21:00,35,懸浮微粒,31,4,24,0.38,0.57,4.7
木柵站,2026/05/18 22:00,33,懸浮微粒,30.8,4,19,0.38,0.53,4.5
木柵站,2026/05/18 23:00,34,懸浮微粒,31.5,7,17,0.36,0.53,2.7
木柵站,2026/05/19 00:00,32,懸浮微粒,28.8,6,16,0.35,0.51,3.5
木柵站,2026/05/19 01:00,31,懸浮微粒,24.7,4,18,0.47,0.55,3.5
木柵站,2026/05/19 02:00,29,懸浮微粒,25,4,16,0.45,0.64,1.9
木柵站,2026/05/19 03:00,29,懸浮微粒,17.6,7,16,0.39,0.56,5.1
木柵站,2026/05/19 04:00,31,懸浮微粒,14.6,5,22,0.39,0.46,7
木柵站,2026/05/19 05:00,27,懸浮微粒,15.4,2,4,0.42,0.5,5.4
木柵站,2026/05/19 06:00,24,懸浮微粒,13.2,3,7,0.51,0.91,7.6
木柵站,2026/05/19 07:00,23,懸浮微粒,17.6,6,13,0.5,0.93,7.5
木柵站,2026/05/19 08:00,22,懸浮微粒,26.2,10,19,0.49,0.72,7.3
木柵站,2026/05/19 09:00,34,細懸浮微粒,36.8,22,32,0.59,0.58,11.6
木柵站,2026/05/19 10:00,43,二氧化氮小時值,38,16,37,0.68,1.15,18.2
木柵站,2026/05/19 11:00,50,細懸浮微粒,42.1,17,47,0.56,1.41,13.6
木柵站,2026/05/19 12:00,55,細懸浮微粒,49.3,20,46,0.46,1.04,12.7
木柵站,2026/05/19 13:00,56,細懸浮微粒,47.5,20,41,0.4,1.25,13.1
木柵站,2026/05/19 14:00,58,懸浮微粒,43.8,16,51,0.37,1.05,14.5
木柵站,2026/05/19 15:00,61,懸浮微粒,37.7,15,54,0.4,0.86,17
木柵站,2026/05/19 16:00,61,懸浮微粒,29.8,20,44,0.54,0.7,18
木柵站,2026/05/19 17:00,63,懸浮微粒,28.3,18,40,0.59,0.79,15.7
木柵站,2026/05/19 18:00,61,細懸浮微粒,18.9,13,25,0.62,0.52,16.9
木柵站,2026/05/19 19:00,60,細懸浮微粒,14.3,12,30,0.56,0.6,16
木柵站,2026/05/19 20:00,57,細懸浮微粒,11.9,10,22,0.49,0.73,11.4
木柵站,2026/05/19 21:00,54,細懸浮微粒,8.8,12,23,0.47,0.71,11.9
木柵站,2026/05/19 22:00,52,細懸浮微粒,7.4,11,26,0.45,0.61,10.7
木柵站,2026/05/19 23:00,51,細懸浮微粒,8.4,11,24,0.36,0.52,7.2
木柵站,2026/05/20 00:00,50,細懸浮微粒,9.4,9,27,0.4,0.46,5.8
木柵站,2026/05/20 01:00,50,懸浮微粒,7.2,7,29,0.51,0.58,7
木柵站,2026/05/20 02:00,47,懸浮微粒,11.1,9,24,0.44,0.49,4
木柵站,2026/05/20 03:00,44,懸浮微粒,9.2,9,20,0.47,0.47,4.8
木柵站,2026/05/20 04:00,42,懸浮微粒,8.5,8,23,0.43,0.55,4.9
木柵站,2026/05/20 05:00,38,懸浮微粒,5.7,7,19,0.48,0.87,8.6
木柵站,2026/05/20 06:00,37,懸浮微粒,9.7,6,21,0.43,0.83,4.4
木柵站,2026/05/20 07:00,35,懸浮微粒,12.8,6,14,0.46,0.79,6.5
木柵站,2026/05/20 08:00,36,懸浮微粒,21.7,11,27,0.43,0.73,7.6
木柵站,2026/05/20 09:00,38,懸浮微粒,30.7,14,25,0.49,0.42,10.4
木柵站,2026/05/20 10:00,39,細懸浮微粒,36.2,11,23,0.46,0.84,5.8
木柵站,2026/05/20 11:00,45,細懸浮微粒,42.1,16,23,0.45,0.9,5.3
木柵站,2026/05/20 12:00,46,細懸浮微粒,41,11,23,0.46,0.79,5
木柵站,2026/05/20 13:00,46,細懸浮微粒,42.7,13,23,0.48,1.2,5
木柵站,2026/05/20 14:00,50,細懸浮微粒,51.5,17,46,0.58,1.75,12.9
木柵站,2026/05/20 15:00,52,細懸浮微粒,40.1,17,27,0.53,1.3,13.6
木柵站,2026/05/20 16:00,52,細懸浮微粒,32.4,11,27,0.49,2.25,14
木柵站,2026/05/20 17:00,53,細懸浮微粒,26.1,14,14,0.5,2.27,15.1
木柵站,2026/05/20 18:00,52,細懸浮微粒,15.2,12,25,0.54,1.19,18.1
木柵站,2026/05/20 19:00,50,細懸浮微粒,14.1,10,24,0.44,1.12,13.9
木柵站,2026/05/20 20:00,48,細懸浮微粒,12.9,8,22,0.5,1.27,13.3
木柵站,2026/05/20 21:00,45,細懸浮微粒,9.9,10,17,0.53,0.96,12.5
木柵站,2026/05/20 22:00,42,細懸浮微粒,8.9,7,22,0.5,0.72,11
木柵站,2026/05/20 23:00,39,細懸浮微粒,8.3,7,19,0.45,0.71,8
木柵站,2026/05/21 00:00,39,細懸浮微粒,6.7,9,19,0.47,0.58,8.5
木柵站,2026/05/21 01:00,37,細懸浮微粒,6.7,8,22,0.53,0.52,4.8
木柵站,2026/05/21 02:00,37,細懸浮微粒,8.8,9,18,0.47,0.54,3.6
木柵站,2026/05/21 03:00,36,細懸浮微粒,4.8,8,23,0.51,0.61,5.1
木柵站,2026/05/21 04:00,36,細懸浮微粒,5.1,10,16,0.51,0.62,4.3
木柵站,2026/05/21 05:00,35,細懸浮微粒,4.9,8,16,0.49,0.56,4.1
木柵站,2026/05/21 06:00,38,細懸浮微粒,4.2,13,22,0.54,0.54,6
木柵站,2026/05/21 07:00,39,細懸浮微粒,6.1,11,22,0.62,0.55,7
木柵站,2026/05/21 08:00,44,細懸浮微粒,14,17,27,0.58,0.66,7.2
木柵站,2026/05/21 09:00,47,細懸浮微粒,26.9,12,26,0.58,0.9,9.2
木柵站,2026/05/21 10:00,46,細懸浮微粒,32.5,10,30,0.55,0.82,7.2
木柵站,2026/05/21 11:00,44,細懸浮微粒,42.1,8,27,0.55,0.95,5.9
木柵站,2026/05/21 12:00,42,細懸浮微粒,39.3,12,22,0.45,0.71,4.9
木柵站,2026/05/21 13:00,41,懸浮微粒,44.4,9,27,0.47,1.01,6.5
木柵站,2026/05/21 14:00,41,細懸浮微粒,40.4,10,23,0.38,1.09,6.6
木柵站,2026/05/21 15:00,42,細懸浮微粒,42.3,9,23,0.36,1.03,7.5
木柵站,2026/05/21 16:00,43,細懸浮微粒,28.1,13,15,0.35,0.92,12.2
木柵站,2026/05/21 17:00,46,細懸浮微粒,26.8,13,12,0.26,1.27,9
木柵站,2026/05/21 18:00,45,細懸浮微粒,19.5,10,11,0.35,0.95,11.6
木柵站,2026/05/21 19:00,45,細懸浮微粒,15.1,9,13,0.28,0.85,10
木柵站,2026/05/21 20:00,42,細懸浮微粒,9.6,9,14,0.43,0.88,9.1
木柵站,2026/05/21 21:00,39,細懸浮微粒,6.2,9,15,0.41,0.94,8.3
木柵站,2026/05/21 22:00,38,細懸浮微粒,4.2,9,13,0.42,0.44,7.8
木柵站,2026/05/21 23:00,38,細懸浮微粒,3.3,9,12,0.37,0.24,7.2
木柵站,2026/05/22 00:00,39,細懸浮微粒,3.4,10,12,0.33,0.46,6.2
木柵站,2026/05/22 01:00,39,細懸浮微粒,3.4,10,21,0.35,0.66,5.8
木柵站,2026/05/22 02:00,38,細懸浮微粒,5.4,7,17,0.36,0.87,4.7
木柵站,2026/05/22 03:00,34,細懸浮微粒,3.3,4,19,0.32,0.98,5
木柵站,2026/05/22 04:00,30,細懸浮微粒,2.7,4,17,0.35,0.64,6.4
木柵站,2026/05/22 05:00,27,懸浮微粒,3.3,4,18,0.38,0.57,3.9
木柵站,2026/05/22 06:00,27,懸浮微粒,3.8,5,15,0.4,0.65,4.7
木柵站,2026/05/22 07:00,29,懸浮微粒,4.5,5,24,0.44,0.7,6
木柵站,2026/05/22 08:00,30,懸浮微粒,8.4,8,19,0.44,1.1,8.4
木柵站,2026/05/22 09:00,32,懸浮微粒,19.5,6,26,0.43,1.11,8.9
木柵站,2026/05/22 10:00,36,懸浮微粒,31.8,9,29,0.41,1.33,8.1
木柵站,2026/05/22 11:00,44,二氧化氮小時值,30.5,16,34,0.56,1.7,18.6
木柵站,2026/05/22 12:00,42,懸浮微粒,27.6,14,23,0.42,1.24,14.6
木柵站,2026/05/22 13:00,40,懸浮微粒,28.4,8,21,0.33,0.95,8
木柵站,2026/05/22 14:00,40,細懸浮微粒,24.5,11,22,0.32,1.2,7.7
木柵站,2026/05/22 15:00,40,懸浮微粒,19.1,8,33,0.3,0.99,7.3
木柵站,2026/05/22 16:00,43,懸浮微粒,15,13,30,0.37,0.79,13.6
木柵站,2026/05/22 17:00,42,懸浮微粒,10.9,13,20,0.35,0.81,12.7
木柵站,2026/05/22 18:00,43,懸浮微粒,10.8,8,23,0.35,0.99,11.3
木柵站,2026/05/22 19:00,44,細懸浮微粒,8.5,11,16,0.36,0.84,11.4
木柵站,2026/05/22 20:00,43,細懸浮微粒,5.8,11,24,0.37,0.62,12
木柵站,2026/05/22 21:00,46,細懸浮微粒,5.5,16,22,0.37,0.53,9.8
木柵站,2026/05/22 22:00,49,細懸浮微粒,4,12,23,0.37,1.04,10.7
木柵站,2026/05/22 23:00,47,細懸浮微粒,2.8,10,19,0.4,1,10.9
木柵站,2026/05/23 00:00,47,細懸浮微粒,2.8,11,22,0.4,1.07,10.2
木柵站,2026/05/23 01:00,44,細懸浮微粒,3.2,9,25,0.45,0.78,8.6
木柵站,2026/05/23 02:00,42,細懸浮微粒,5.2,9,20,0.44,0.8,7.7
木柵站,2026/05/23 03:00,43,細懸浮微粒,2.8,12,42,0.41,0.69,8.6
木柵站,2026/05/23 04:00,44,細懸浮微粒,2.5,12,18,0.44,0.73,7.9
木柵站,2026/05/23 05:00,44,細懸浮微粒,2.5,10,21,0.41,0.61,7.9
木柵站,2026/05/23 06:00,43,細懸浮微粒,3.6,8,22,0.39,0.56,6.2
木柵站,2026/05/23 07:00,41,細懸浮微粒,5.4,9,26,0.43,0.54,6.9
木柵站,2026/05/23 08:00,42,細懸浮微粒,9.7,13,27,0.4,1.12,8.2
木柵站,2026/05/23 09:00,43,懸浮微粒,18.2,8,31,0.4,1.11,8.3
木柵站,2026/05/23 10:00,42,懸浮微粒,29.7,9,20,0.4,1.12,7.7
木柵站,2026/05/23 11:00,43,懸浮微粒,36.6,7,26,0.39,1.04,6.5
木柵站,2026/05/23 12:00,43,懸浮微粒,38,11,29,0.33,1.13,6.4
木柵站,2026/05/23 13:00,45,懸浮微粒,38.6,10,34,0.3,0.82,5.2
木柵站,2026/05/23 14:00,45,懸浮微粒,40.4,12,22,0.33,1.18,6.3
木柵站,2026/05/23 15:00,47,懸浮微粒,42,14,35,0.35,1.29,6.8
木柵站,2026/05/23 16:00,51,細懸浮微粒,35,22,41,0.34,1.74,7.3
木柵站,2026/05/23 17:00,56,細懸浮微粒,30.1,21,47,0.35,1.59,8
木柵站,2026/05/23 18:00,60,細懸浮微粒,21.8,19,43,0.34,1.82,10.4
木柵站,2026/05/23 19:00,63,細懸浮微粒,18.1,20,33,0.31,1.2,9
木柵站,2026/05/23 20:00,63,細懸浮微粒,14.4,20,30,0.43,1.41,10.5
木柵站,2026/05/23 21:00,65,細懸浮微粒,13.1,22,24,0.41,1.26,10.3
木柵站,2026/05/23 22:00,64,細懸浮微粒,10.3,14,30,0.41,1.05,11.1
木柵站,2026/05/23 23:00,64,細懸浮微粒,8,17,21,0.44,0.86,11.4
木柵站,2026/05/24 00:00,63,細懸浮微粒,7.2,15,29,0.43,1.19,10
木柵站,2026/05/24 01:00,62,細懸浮微粒,6.1,16,28,0.5,0.97,9.2
木柵站,2026/05/24 02:00,63,細懸浮微粒,5.7,16,25,0.52,0.49,10.3
木柵站,2026/05/24 03:00,65,細懸浮微粒,3.4,20,31,0.47,0.42,11.2
木柵站,2026/05/24 04:00,64,細懸浮微粒,3.5,16,26,0.4,0.53,10.4
木柵站,2026/05/24 05:00,67,細懸浮微粒,3.3,23,23,0.4,0.7,10.3
木柵站,2026/05/24 06:00,67,細懸浮微粒,5.2,17,29,0.4,0.94,9
木柵站,2026/05/24 07:00,65,細懸浮微粒,12.6,16,27,0.34,1.27,6.5
木柵站,2026/05/24 08:00,62,細懸浮微粒,19.5,11,20,0.28,1.31,5.5
木柵站,2026/05/24 09:00,56,細懸浮微粒,20.3,10,25,0.31,0.88,5.1
木柵站,2026/05/24 10:00,57,細懸浮微粒,24.5,18,23,0.27,0.96,3.4
木柵站,2026/05/24 11:00,58,細懸浮微粒,30.8,18,29,0.28,1.17,3.9
木柵站,2026/05/24 12:00,59,細懸浮微粒,30,13,33,0.37,0.63,5.3
木柵站,2026/05/24 13:00,60,細懸浮微粒,27.1,14,33,0.35,0.79,3.8
木柵站,2026/05/24 14:00,56,細懸浮微粒,31.5,9,23,0.35,0.8,3.7
木柵站,2026/05/24 15:00,53,細懸浮微粒,33,12,22,0.4,0.79,4.7
木柵站,2026/05/24 16:00,52,細懸浮微粒,35.7,13,23,0.35,0.94,5.1
木柵站,2026/05/24 17:00,53,細懸浮微粒,35.5,18,20,0.36,1.25,7.7
木柵站,2026/05/24 18:00,55,細懸浮微粒,28,16,35,0.34,1.39,9.4
木柵站,2026/05/24 19:00,58,細懸浮微粒,21.1,19,17,0.34,1.01,10.3
木柵站,2026/05/24 20:00,60,細懸浮微粒,14.9,16,26,0.33,0.84,10.3
木柵站,2026/05/24 21:00,60,細懸浮微粒,13,17,24,0.33,0.89,10
木柵站,2026/05/24 22:00,60,細懸浮微粒,11.1,16,24,0.32,0.91,10.1
木柵站,2026/05/24 23:00,59,細懸浮微粒,11.3,16,27,0.28,0.78,7.8
木柵站,2026/05/25 00:00,60,細懸浮微粒,10.4,18,25,0.3,0.18,6.5
木柵站,2026/05/25 01:00,61,細懸浮微粒,11,18,24,0.33,0.28,5.1
木柵站,2026/05/25 02:00,61,細懸浮微粒,11.9,14,16,0.29,0.65,5.3
木柵站,2026/05/25 03:00,60,細懸浮微粒,8.1,13,23,0.28,0.82,5.9
木柵站,2026/05/25 04:00,58,細懸浮微粒,6.2,12,23,0.28,0.69,5.7
木柵站,2026/05/25 05:00,54,細懸浮微粒,5.3,10,18,0.28,0.71,5.9
木柵站,2026/05/25 06:00,54,細懸浮微粒,6.7,14,23,0.31,0.68,5.9
木柵站,2026/05/25 07:00,53,細懸浮微粒,8.6,12,11,0.35,0.8,7.4
木柵站,2026/05/25 08:00,54,細懸浮微粒,13.3,17,23,0.42,1.06,6.6
木柵站,2026/05/25 09:00,55,細懸浮微粒,17,13,24,0.42,1.11,6.5
木柵站,2026/05/25 10:00,57,細懸浮微粒,22.6,18,25,0.43,1.14,5.6
木柵站,2026/05/25 11:00,60,細懸浮微粒,28.9,20,27,0.42,1.3,5.4
木柵站,2026/05/25 12:00,58,細懸浮微粒,34.5,14,41,0.35,1.07,5.2
木柵站,2026/05/25 13:00,61,細懸浮微粒,40.8,20,51,0.36,1.25,6.3
木柵站,2026/05/25 14:00,60,細懸浮微粒,41.1,14,30,0.38,0.97,6
木柵站,2026/05/25 15:00,59,細懸浮微粒,38.3,16,33,0.37,1.06,6.8
木柵站,2026/05/25 16:00,59,細懸浮微粒,33.2,14,36,0.36,1.05,7.3
木柵站,2026/05/25 17:00,55,細懸浮微粒,32.4,10,23,0.33,0.79,9.1
木柵站,2026/05/25 18:00,56,細懸浮微粒,24.2,15,25,0.38,1.06,13.8
木柵站,2026/05/25 19:00,56,細懸浮微粒,16.7,16,24,0.31,0.92,13.9
木柵站,2026/05/25 20:00,54,細懸浮微粒,13.7,9,19,0.31,0.9,11.6
木柵站,2026/05/25 21:00,55,細懸浮微粒,9.2,14,25,0.33,0.94,14
木柵站,2026/05/25 22:00,55,細懸浮微粒,8,16,23,0.33,0.82,14.2
木柵站,2026/05/25 23:00,56,細懸浮微粒,11.6,18,22,0.25,0.44,8.2
木柵站,2026/05/26 00:00,57,細懸浮微粒,6.9,12,22,0.31,0.23,11.1
木柵站,2026/05/26 01:00,56,細懸浮微粒,4.9,14,25,0.4,0.33,9.8
木柵站,2026/05/26 02:00,55,細懸浮微粒,6,13,25,0.35,0.59,9.6
木柵站,2026/05/26 03:00,54,細懸浮微粒,3.5,15,27,0.3,0.58,9.2
木柵站,2026/05/26 04:00,54,細懸浮微粒,3.8,14,17,0.3,0.49,8.4
木柵站,2026/05/26 05:00,53,細懸浮微粒,6.3,11,15,0.28,0.44,6
木柵站,2026/05/26 06:00,52,細懸浮微粒,7,11,24,0.29,1.02,6.6
木柵站,2026/05/26 07:00,51,細懸浮微粒,10.8,12,19,0.31,1.36,5.6
木柵站,2026/05/26 08:00,47,細懸浮微粒,15.2,7,29,0.38,0.93,4.8
木柵站,2026/05/26 09:00,43,細懸浮微粒,19.4,6,18,0.39,0.82,5
木柵站,2026/05/26 10:00,40,細懸浮微粒,24.5,7,23,0.44,0.74,5.7
木柵站,2026/05/26 11:00,39,懸浮微粒,30.2,9,26,0.45,0.61,6.2
木柵站,2026/05/26 12:00,38,細懸浮微粒,37.1,10,22,0.37,0.83,6.2
木柵站,2026/05/26 13:00,41,細懸浮微粒,40.1,13,27,0.33,0.93,6.1
木柵站,2026/05/26 14:00,43,細懸浮微粒,44.4,11,19,0.37,0.96,6.7
木柵站,2026/05/26 15:00,47,細懸浮微粒,46.1,16,26,0.35,0.63,6
木柵站,2026/05/26 16:00,45,細懸浮微粒,49.1,8,29,0.37,0.95,8.8
木柵站,2026/05/26 17:00,42,細懸浮微粒,42.1,8,27,0.4,1.32,10.2
木柵站,2026/05/26 18:00,42,懸浮微粒,35,11,23,0.5,0.69,14.5
木柵站,2026/05/26 19:00,43,懸浮微粒,22.7,12,27,0.38,0.63,13.7
木柵站,2026/05/26 20:00,52,懸浮微粒,15.5,16,67,0.31,0.9,15.3
木柵站,2026/05/26 21:00,54,懸浮微粒,13.5,13,34,0.29,1.02,13.3
木柵站,2026/05/26 22:00,54,懸浮微粒,11.4,13,25,0.27,0.79,12.7
木柵站,2026/05/26 23:00,54,懸浮微粒,10.1,13,24,0.23,0.84,11.5
木柵站,2026/05/27 00:00,47,懸浮微粒,8.9,7,26,0.32,0.86,11
木柵站,2026/05/27 01:00,44,懸浮微粒,7.5,6,21,0.42,0.87,11
木柵站,2026/05/27 02:00,45,懸浮微粒,9.1,7,27,0.37,0.78,9.9
木柵站,2026/05/27 03:00,44,懸浮微粒,6.7,12,22,0.34,1.07,10.6
木柵站,2026/05/27 04:00,43,懸浮微粒,7,8,20,0.35,0.97,9.2
木柵站,2026/05/27 05:00,42,細懸浮微粒,4.4,13,20,0.36,0.61,10.7
木柵站,2026/05/27 06:00,42,懸浮微粒,5.4,8,28,0.39,0.73,10.4
木柵站,2026/05/27 07:00,42,懸浮微粒,12.3,7,21,0.39,1.06,7.7
木柵站,2026/05/27 08:00,41,懸浮微粒,19.9,11,28,0.29,0.96,5.6
木柵站,2026/05/27 09:00,39,細懸浮微粒,28.4,12,16,0.33,1,6.6
木柵站,2026/05/27 10:00,40,細懸浮微粒,38.2,11,23,0.35,0.79,6.7
木柵站,2026/05/27 11:00,41,細懸浮微粒,41.6,10,34,0.36,0.74,7.1
木柵站,2026/05/27 12:00,42,懸浮微粒,44.2,10,32,0.36,0.93,6.2
木柵站,2026/05/27 13:00,46,懸浮微粒,45.5,11,30,0.37,0.93,5.7
木柵站,2026/05/27 14:00,47,懸浮微粒,48.2,10,30,0.38,0.8,6.6
木柵站,2026/05/27 15:00,47,懸浮微粒,49.6,13,30,0.38,0.7,5.9
木柵站,2026/05/27 16:00,47,懸浮微粒,49.1,14,27,0.38,0.85,7.8
木柵站,2026/05/27 17:00,47,細懸浮微粒,47.5,13,26,0.39,1.24,9.5
木柵站,2026/05/27 18:00,51,細懸浮微粒,42.5,15,25,0.48,1.12,14.5
木柵站,2026/05/27 19:00,52,細懸浮微粒,33.1,15,27,0.37,1.17,14.9
木柵站,2026/05/27 20:00,54,細懸浮微粒,25.9,17,28,0.43,1.13,13.3
木柵站,2026/05/27 21:00,54,細懸浮微粒,19.3,12,30,0.45,1.34,14
木柵站,2026/05/27 22:00,52,細懸浮微粒,19,11,31,0.38,0.9,10.1
木柵站,2026/05/27 23:00,54,細懸浮微粒,19.4,18,34,0.33,0.7,5.7
木柵站,2026/05/28 00:00,54,細懸浮微粒,17.4,16,21,0.33,0.73,6.5
木柵站,2026/05/28 01:00,54,細懸浮微粒,12.8,11,27,0.32,0.69,8.7
木柵站,2026/05/28 02:00,53,細懸浮微粒,19.2,9,23,0.36,1.04,8.6
木柵站,2026/05/28 03:00,50,細懸浮微粒,15.1,10,24,0.32,1.24,7.8
木柵站,2026/05/28 04:00,45,細懸浮微粒,12.4,8,25,0.39,0.88,7.6
木柵站,2026/05/28 05:00,44,細懸浮微粒,8.6,10,28,0.38,0.91,9
木柵站,2026/05/28 06:00,44,細懸浮微粒,8.6,10,25,0.4,0.6,9.8
木柵站,2026/05/28 07:00,43,懸浮微粒,13.1,8,23,0.47,0.89,11.5
木柵站,2026/05/28 08:00,41,懸浮微粒,21.3,8,18,0.36,0.94,9.2
木柵站,2026/05/28 09:00,40,懸浮微粒,28.2,10,25,0.39,1.03,10.4
木柵站,2026/05/28 10:00,48,細懸浮微粒,39.8,23,29,0.4,0.92,10.6
木柵站,2026/05/28 11:00,50,細懸浮微粒,55.8,13,33,0.42,1.03,10.9
木柵站,2026/05/28 12:00,53,細懸浮微粒,75.2,17,40,0.41,1.33,9.5
木柵站,2026/05/28 13:00,57,細懸浮微粒,87.5,19,39,0.48,1.76,11.4
木柵站,2026/05/28 14:00,55,細懸浮微粒,-,-,-,-,-,-
木柵站,2026/05/28 15:00,59,細懸浮微粒,-,18,-,0.53,1.08,10.5
木柵站,2026/05/28 16:00,62,細懸浮微粒,56.6,20,47,0.42,2.21,18.4
木柵站,2026/05/28 17:00,67,臭氧8小時,40.9,16,30,0.42,4.12,17.8
木柵站,2026/05/28 18:00,65,臭氧8小時,36.9,14,26,0.37,1.38,14.3
木柵站,2026/05/28 19:00,61,細懸浮微粒,32,18,24,0.35,1.13,13
木柵站,2026/05/28 20:00,63,細懸浮微粒,31.8,20,27,0.36,1.37,11.1
木柵站,2026/05/28 21:00,67,細懸浮微粒,32.2,23,37,0.35,1.73,10.7
木柵站,2026/05/28 22:00,69,細懸浮微粒,26.4,21,34,0.35,1.61,8.5
木柵站,2026/05/28 23:00,72,細懸浮微粒,22.9,22,28,0.32,1.6,8.1
木柵站,2026/05/29 00:00,71,細懸浮微粒,20.8,18,28,0.32,1,7
木柵站,2026/05/29 01:00,71,細懸浮微粒,19.7,22,37,0.4,0.4,4.1
木柵站,2026/05/29 02:00,69,細懸浮微粒,22.4,17,25,0.37,0.84,4.4
木柵站,2026/05/29 03:00,69,細懸浮微粒,14.6,21,28,0.31,0.94,5.7
木柵站,2026/05/29 04:00,69,細懸浮微粒,13.7,18,31,0.33,0.63,5.1
木柵站,2026/05/29 05:00,68,細懸浮微粒,13.1,18,26,0.37,0.31,4.7
木柵站,2026/05/29 06:00,68,細懸浮微粒,21.4,15,35,0.41,0.6,7.7
木柵站,2026/05/29 07:00,59,細懸浮微粒,26.9,2,3,0.4,0.76,9
木柵站,2026/05/29 08:00,51,細懸浮微粒,17.1,1,21,0.45,0.58,16.1
木柵站,2026/05/29 09:00,39,細懸浮微粒,15.4,1,12,0.45,0.78,14.6
木柵站,2026/05/29 10:00,29,懸浮微粒,23.9,1,10,0.43,0.79,9.5
木柵站,2026/05/29 11:00,28,懸浮微粒,35.9,1,6,0.52,0.56,6.5
木柵站,2026/05/29 12:00,28,懸浮微粒,40.9,10,22,0.42,0.67,7.2
木柵站,2026/05/29 13:00,34,細懸浮微粒,47.9,15,25,0.43,1.46,7.4
木柵站,2026/05/29 14:00,43,細懸浮微粒,43.8,18,23,0.4,1.94,8.1
木柵站,2026/05/29 15:00,46,細懸浮微粒,44.8,11,28,0.39,1.42,6.8
木柵站,2026/05/29 16:00,47,細懸浮微粒,39.4,14,28,0.43,1,11.7
木柵站,2026/05/29 17:00,44,細懸浮微粒,40.8,11,34,0.42,0.78,9.3
木柵站,2026/05/29 18:00,40,懸浮微粒,41.2,10,23,0.45,0.75,10.6
木柵站,2026/05/29 19:00,43,細懸浮微粒,38.3,14,26,0.39,0.81,10.2
木柵站,2026/05/29 20:00,44,細懸浮微粒,32.6,12,24,0.4,0.57,9.2
木柵站,2026/05/29 21:00,49,細懸浮微粒,32.5,17,23,0.35,0.77,7.7
木柵站,2026/05/29 22:00,49,細懸浮微粒,32.3,7,23,0.33,0.75,7.3
木柵站,2026/05/29 23:00,49,細懸浮微粒,34.4,11,20,0.28,0.64,3.4
木柵站,2026/05/30 00:00,48,細懸浮微粒,33,10,20,0.3,0.73,3
木柵站,2026/05/30 01:00,44,細懸浮微粒,32.4,10,19,0.28,0.82,2
木柵站,2026/05/30 02:00,43,細懸浮微粒,33,9,24,0.31,0.41,2
木柵站,2026/05/30 03:00,43,細懸浮微粒,30.2,11,26,0.25,0.18,2.8
木柵站,2026/05/30 04:00,41,細懸浮微粒,33.5,8,27,0.29,0.76,1.7
木柵站,2026/05/30 05:00,43,細懸浮微粒,30.9,13,21,0.29,0.93,3.7
木柵站,2026/05/30 06:00,43,細懸浮微粒,33.7,9,31,0.32,0.62,4.1
木柵站,2026/05/30 07:00,42,懸浮微粒,43.4,10,29,0.37,0.57,4.2
木柵站,2026/05/30 08:00,48,細懸浮微粒,47.7,18,34,0.39,0.69,5.5
木柵站,2026/05/30 09:00,50,懸浮微粒,49.3,9,40,0.44,0.85,6.4
木柵站,2026/05/30 10:00,51,細懸浮微粒,52.6,20,34,0.42,0.49,5.2
木柵站,2026/05/30 11:00,56,細懸浮微粒,55.8,20,40,0.43,0.76,4.5
木柵站,2026/05/30 12:00,57,細懸浮微粒,57.5,18,36,0.43,0.72,5
木柵站,2026/05/30 13:00,60,細懸浮微粒,54.7,17,35,0.4,0.88,6.4
木柵站,2026/05/30 14:00,62,細懸浮微粒,56.5,20,39,0.37,0.67,4.5
木柵站,2026/05/30 15:00,60,細懸浮微粒,55.9,14,29,0.34,0.62,3.8
木柵站,2026/05/30 16:00,59,細懸浮微粒,54.9,13,29,0.41,0.8,5.3
木柵站,2026/05/30 17:00,56,臭氧8小時,59.4,9,23,0.38,0.42,4.4
木柵站,2026/05/30 18:00,59,臭氧8小時,59.6,14,24,0.37,0.47,5.2
木柵站,2026/05/30 19:00,59,臭氧8小時,56.2,13,22,0.37,0.54,6.2
木柵站,2026/05/30 20:00,58,臭氧8小時,54.2,7,25,0.29,0.58,5.2
木柵站,2026/05/30 21:00,55,臭氧8小時,48.9,10,22,0.25,0.49,5.7
木柵站,2026/05/30 22:00,50,臭氧8小時,43.7,13,22,0.28,0.39,5.1
木柵站,2026/05/30 23:00,49,臭氧8小時,44.8,12,23,0.24,0.44,3.3
木柵站,2026/05/31 00:00,51,細懸浮微粒,43.3,14,21,0.29,0.5,3.8
木柵站,2026/05/31 01:00,48,細懸浮微粒,37.8,8,18,0.38,0.71,3.2
木柵站,2026/05/31 02:00,47,細懸浮微粒,30.9,13,32,0.32,0.48,2.8
木柵站,2026/05/31 03:00,47,細懸浮微粒,29.1,12,27,0.26,1.01,2.8
木柵站,2026/05/31 04:00,42,細懸浮微粒,28.9,7,13,0.25,0.85,2.8
木柵站,2026/05/31 05:00,39,細懸浮微粒,26.3,3,22,0.23,0.95,3.3
木柵站,2026/05/31 06:00,36,懸浮微粒,27.9,2,20,0.28,0.59,4.2
木柵站,2026/05/31 07:00,32,懸浮微粒,39.3,6,13,0.3,0.45,3.9
木柵站,2026/05/31 08:00,34,懸浮微粒,47.8,11,24,0.27,0.41,2.7
木柵站,2026/05/31 09:00,36,懸浮微粒,47.9,9,28,0.28,0.72,2.4
木柵站,2026/05/31 10:00,37,細懸浮微粒,48,12,23,0.27,0.86,3.9
木柵站,2026/05/31 11:00,39,懸浮微粒,48.1,9,23,0.29,1.64,4.5
木柵站,2026/05/31 12:00,39,臭氧8小時,48.3,11,22,0.36,1.63,3.3
木柵站,2026/05/31 13:00,41,臭氧8小時,47,9,22,0.4,1,3.1
木柵站,2026/05/31 14:00,43,臭氧8小時,45.3,11,25,0.4,0.62,2.6
木柵站,2026/05/31 15:00,44,臭氧8小時,43.9,7,23,0.42,0.76,3.4
木柵站,2026/05/31 16:00,43,臭氧8小時,42.9,11,29,0.4,0.9,3.4
木柵站,2026/05/31 17:00,42,臭氧8小時,43,15,17,0.39,0.46,4.2
木柵站,2026/05/31 18:00,45,細懸浮微粒,43.3,15,20,0.36,0.61,4.1
木柵站,2026/05/31 19:00,46,細懸浮微粒,42.3,8,25,0.36,0.4,4.4
木柵站,2026/05/31 20:00,48,細懸浮微粒,39.8,14,22,0.38,0.45,4.9
木柵站,2026/05/31 21:00,47,細懸浮微粒,38.5,11,31,0.38,0.63,5.8
木柵站,2026/05/31 22:00,43,細懸浮微粒,40.5,9,26,0.33,0.76,4.3
木柵站,2026/05/31 23:00,46,細懸浮微粒,39.2,12,21,0.32,0.63,4.4
木柵站,2026/06/01 00:00,45,細懸浮微粒,33.4,13,22,0.26,0.8,4.3
木柵站,2026/06/01 01:00,44,細懸浮微粒,37.5,9,26,0.31,0.84,2.3
木柵站,2026/06/01 02:00,45,細懸浮微粒,44.5,10,19,0.33,0.59,1.9
木柵站,2026/06/01 03:00,44,細懸浮微粒,43.4,9,23,0.25,0.34,2
木柵站,2026/06/01 04:00,45,細懸浮微粒,38.6,14,14,0.27,0.64,3.2
木柵站,2026/06/01 05:00,44,細懸浮微粒,35.5,9,21,0.28,0.9,2.5
木柵站,2026/06/01 06:00,43,細懸浮微粒,30.5,11,21,0.29,0.8,4.5
木柵站,2026/06/01 07:00,44,細懸浮微粒,31.6,9,26,0.33,0.77,6.6
木柵站,2026/06/01 08:00,51,細懸浮微粒,31.4,25,33,0.4,0.92,9.4
木柵站,2026/06/01 09:00,58,細懸浮微粒,29.1,26,44,0.46,0.9,13.6
木柵站,2026/06/01 10:00,69,細懸浮微粒,30,34,47,0.48,0.63,13.3
木柵站,2026/06/01 11:00,78,細懸浮微粒,35.5,29,47,0.43,0.65,9
木柵站,2026/06/01 12:00,79,細懸浮微粒,35.4,23,40,0.39,0.52,7.7
木柵站,2026/06/01 13:00,80,細懸浮微粒,33.7,24,42,0.36,0.49,7
木柵站,2026/06/01 14:00,76,細懸浮微粒,37.8,20,40,0.35,0.86,6.7
木柵站,2026/06/01 15:00,75,細懸浮微粒,37.6,22,40,0.37,0.92,6.9
木柵站,2026/06/01 16:00,77,細懸浮微粒,35.4,25,33,0.42,1.12,8.4
木柵站,2026/06/01 17:00,73,細懸浮微粒,24.1,12,17,0.43,1.27,9.8
木柵站,2026/06/01 18:00,70,細懸浮微粒,17.7,12,14,0.43,0.67,9.6
木柵站,2026/06/01 19:00,69,細懸浮微粒,17.6,15,25,0.37,0.21,10.2
木柵站,2026/06/01 20:00,63,細懸浮微粒,13,13,23,0.39,0.38,11.4
木柵站,2026/06/01 21:00,63,細懸浮微粒,8.2,16,22,0.36,0.43,11.3
木柵站,2026/06/01 22:00,61,細懸浮微粒,6.4,12,22,0.34,0.4,9.5
木柵站,2026/06/01 23:00,57,細懸浮微粒,5.7,10,21,0.3,0.53,8.3
木柵站,2026/06/02 00:00,55,細懸浮微粒,4.2,11,15,0.29,0.61,8.6
木柵站,2026/06/02 01:00,51,細懸浮微粒,3.7,9,28,0.37,0.37,7
木柵站,2026/06/02 02:00,46,細懸浮微粒,3.9,7,20,0.37,0.35,7.8
木柵站,2026/06/02 03:00,44,細懸浮微粒,2.8,10,19,0.31,0.45,6.5
木柵站,2026/06/02 04:00,42,細懸浮微粒,2.6,11,17,0.31,0.48,5.7
木柵站,2026/06/02 05:00,43,細懸浮微粒,2.5,12,15,0.34,0.42,6.4
木柵站,2026/06/02 06:00,45,細懸浮微粒,3.3,10,25,0.36,0.45,6.4
木柵站,2026/06/02 07:00,42,細懸浮微粒,8.4,8,20,0.5,0.87,10.6
木柵站,2026/06/02 08:00,49,細懸浮微粒,21,22,26,0.38,1.16,12.8
木柵站,2026/06/02 09:00,52,細懸浮微粒,40.1,19,44,0.37,1.57,12.5
木柵站,2026/06/02 10:00,60,細懸浮微粒,60.9,27,40,0.39,1.14,9.3
木柵站,2026/06/02 11:00,68,細懸浮微粒,75.1,25,36,0.4,0.7,8
木柵站,2026/06/02 12:00,72,細懸浮微粒,81,28,34,0.37,1.07,10.4
木柵站,2026/06/02 13:00,76,細懸浮微粒,93.1,26,45,0.43,1.63,11.9
木柵站,2026/06/02 14:00,74,細懸浮微粒,72.2,17,41,0.37,4.16,14
木柵站,2026/06/02 15:00,78,臭氧8小時,59.9,23,31,0.32,3.45,15.3
木柵站,2026/06/02 16:00,92,臭氧8小時,57,19,24,0.35,3.19,15.9
木柵站,2026/06/02 17:00,94,臭氧8小時,44.3,19,33,0.32,2.28,19.3
木柵站,2026/06/02 18:00,84,臭氧8小時,36.7,18,30,0.34,1.4,18.3
木柵站,2026/06/02 19:00,74,細懸浮微粒,27,23,26,0.31,1.2,17
木柵站,2026/06/02 20:00,74,細懸浮微粒,28.9,21,37,0.35,0.95,12.5
木柵站,2026/06/02 21:00,75,細懸浮微粒,19.1,21,30,0.37,0.81,13.6
木柵站,2026/06/02 22:00,77,細懸浮微粒,16.1,23,25,0.35,0.54,11.6
木柵站,2026/06/02 23:00,72,細懸浮微粒,15.6,14,24,0.32,0.62,8.9
木柵站,2026/06/03 00:00,69,細懸浮微粒,12.3,16,28,0.36,0.38,7.7
木柵站,2026/06/03 01:00,66,細懸浮微粒,11.8,15,29,0.5,0.67,7.9
木柵站,2026/06/03 02:00,60,細懸浮微粒,11.9,10,26,0.45,0.46,6.2
木柵站,2026/06/03 03:00,61,細懸浮微粒,9.6,18,31,0.44,0.36,8
木柵站,2026/06/03 04:00,59,細懸浮微粒,8.2,11,37,0.39,0.23,7
木柵站,2026/06/03 05:00,59,細懸浮微粒,9.9,18,37,0.41,0.41,10.9
木柵站,2026/06/03 06:00,61,細懸浮微粒,9.2,16,27,0.47,0.67,11.5
木柵站,2026/06/03 07:00,61,細懸浮微粒,20.3,18,31,0.46,1.55,11.2
木柵站,2026/06/03 08:00,63,細懸浮微粒,36.6,18,31,0.44,1.63,10.2
木柵站,2026/06/03 09:00,62,細懸浮微粒,53.4,16,37,0.46,1.23,9.2
木柵站,2026/06/03 10:00,64,細懸浮微粒,72.4,24,35,0.52,1.53,10.6
木柵站,2026/06/03 11:00,66,細懸浮微粒,78,21,42,0.48,1.62,9.4
木柵站,2026/06/03 12:00,67,細懸浮微粒,82.6,19,38,0.38,1.42,10.1
木柵站,2026/06/03 13:00,68,細懸浮微粒,70,18,41,0.34,2.17,13.3
木柵站,2026/06/03 14:00,68,臭氧8小時,65.6,21,41,0.34,3.27,12.5
木柵站,2026/06/03 15:00,82,臭氧8小時,55.5,20,44,0.31,2.51,14.7
木柵站,2026/06/03 16:00,84,臭氧8小時,41.9,17,35,0.4,2.64,14.3
木柵站,2026/06/03 17:00,77,臭氧8小時,35.7,12,42,0.44,2.63,15.6
木柵站,2026/06/03 18:00,62,細懸浮微粒,31.2,12,26,0.44,4.22,15.8
木柵站,2026/06/03 19:00,60,細懸浮微粒,25.3,15,27,0.39,3.04,15.5
木柵站,2026/06/03 20:00,60,細懸浮微粒,16.5,17,29,0.41,1.82,13.7
木柵站,2026/06/03 21:00,59,細懸浮微粒,14.4,12,31,0.41,0.81,11.2
木柵站,2026/06/03 22:00,56,細懸浮微粒,13.2,9,33,0.34,0.8,8.7
木柵站,2026/06/03 23:00,53,細懸浮微粒,13.6,9,25,0.36,1.05,7.5
木柵站,2026/06/04 00:00,51,懸浮微粒,13.3,10,25,0.36,0.82,7.6
木柵站,2026/06/04 01:00,48,懸浮微粒,12.2,11,20,0.42,0.63,4.9
木柵站,2026/06/04 02:00,46,細懸浮微粒,15.3,10,25,0.37,0.41,5.2
木柵站,2026/06/04 03:00,46,細懸浮微粒,10.9,11,25,0.38,0.25,5.4
木柵站,2026/06/04 04:00,45,細懸浮微粒,9,11,19,0.37,0.49,7.7
木柵站,2026/06/04 05:00,46,細懸浮微粒,7.6,13,23,0.38,0.63,8.3
木柵站,2026/06/04 06:00,51,細懸浮微粒,10.5,19,29,0.39,0.38,6.4
木柵站,2026/06/04 07:00,52,細懸浮微粒,13,14,36,0.45,0.61,7.4
木柵站,2026/06/04 08:00,55,細懸浮微粒,25.7,19,39,0.5,1.01,10.5
木柵站,2026/06/04 09:00,57,細懸浮微粒,35.9,17,35,0.52,1.07,10.2
木柵站,2026/06/04 10:00,60,細懸浮微粒,49,23,30,0.51,1.04,9.9
木柵站,2026/06/04 11:00,61,細懸浮微粒,53.7,15,30,0.47,0.73,7.9
木柵站,2026/06/04 12:00,60,細懸浮微粒,49.8,15,35,0.37,0.7,4.9
木柵站,2026/06/04 13:00,63,細懸浮微粒,53.5,20,33,0.39,1.48,7.9
木柵站,2026/06/04 14:00,62,細懸浮微粒,55,19,40,0.43,3.46,12.4
木柵站,2026/06/04 15:00,65,細懸浮微粒,44.6,21,29,0.39,2.67,14.3
木柵站,2026/06/04 16:00,65,細懸浮微粒,30.6,13,32,0.4,2.6,14.6
木柵站,2026/06/04 17:00,62,細懸浮微粒,28.7,11,26,0.41,1.76,13
木柵站,2026/06/04 18:00,55,細懸浮微粒,27.3,5,13,0.31,0.82,7.7
木柵站,2026/06/04 19:00,45,細懸浮微粒,27.5,1,12,0.27,0.81,5.1
木柵站,2026/06/04 20:00,39,細懸浮微粒,20.9,5,13,0.32,0.44,8.3
木柵站,2026/06/04 21:00,32,細懸浮微粒,19.8,3,13,0.26,0.4,4.9
木柵站,2026/06/04 22:00,31,懸浮微粒,15.6,4,13,0.29,0.56,6.6
木柵站,2026/06/04 23:00,30,懸浮微粒,14.7,3,13,0.25,0.73,4.1
木柵站,2026/06/05 00:00,28,懸浮微粒,13.7,1,12,0.28,0.75,3.4
木柵站,2026/06/05 01:00,27,懸浮微粒,11.6,2,14,0.39,0.55,3.4
木柵站,2026/06/05 02:00,25,懸浮微粒,15.8,5,15,0.39,0.39,2.8
木柵站,2026/06/05 03:00,26,懸浮微粒,11.5,5,19,0.35,0.34,3.7
木柵站,2026/06/05 04:00,25,懸浮微粒,8.7,7,15,0.36,0.59,3.9
木柵站,2026/06/05 05:00,26,懸浮微粒,7,4,20,0.38,0.58,6.3
木柵站,2026/06/05 06:00,27,懸浮微粒,6.3,6,18,0.45,0.58,7.8
木柵站,2026/06/05 07:00,26,懸浮微粒,6.1,5,13,0.45,0.52,10.9
木柵站,2026/06/05 08:00,30,二氧化氮小時值,7.1,2,11,0.41,0.91,12.5
木柵站,2026/06/05 09:00,41,二氧化氮小時值,7.3,3,10,0.44,0.8,17.2
木柵站,2026/06/05 10:00,47,二氧化氮小時值,6.6,5,13,0.51,0.67,19.9
木柵站,2026/06/05 11:00,51,二氧化氮小時值,5.9,10,12,0.53,0.62,23.1
木柵站,2026/06/05 12:00,29,二氧化氮小時值,15,7,8,0.3,0.65,12.2
木柵站,2026/06/05 13:00,32,二氧化氮小時值,15.7,2,11,0.22,0.58,13.3
木柵站,2026/06/05 14:00,20,懸浮微粒,18.8,1,13,0.36,0.59,8.6
木柵站,2026/06/05 15:00,18,懸浮微粒,21.7,1,3,0.43,0.55,6.6
木柵站,2026/06/05 16:00,25,二氧化氮小時值,18.9,1,3,0.3,0.52,10.5
木柵站,2026/06/05 17:00,24,二氧化氮小時值,17.3,3,3,0.3,0.8,10.1
木柵站,2026/06/05 18:00,22,二氧化氮小時值,17.6,3,3,0.32,0.53,9.4
木柵站,2026/06/05 19:00,21,二氧化氮小時值,18.3,1,3,0.32,0.48,8.8
木柵站,2026/06/05 20:00,21,二氧化氮小時值,16.8,1,3,0.31,0.62,8.9
木柵站,2026/06/05 21:00,20,二氧化氮小時值,15.5,1,5,0.27,0.7,8.2
木柵站,2026/06/05 22:00,19,二氧化氮小時值,15,1,6,0.29,0.58,8
木柵站,2026/06/05 23:00,16,臭氧8小時,17.9,2,3,0.27,0.63,6.1
木柵站,2026/06/06 00:00,17,臭氧8小時,30.6,4,18,0.35,0.75,5
木柵站,2026/06/06 01:00,20,臭氧8小時,38.5,11,-,0.45,0.66,2.8
木柵站,2026/06/06 02:00,22,臭氧8小時,40.7,7,19,0.42,0.66,2.6
木柵站,2026/06/06 03:00,25,臭氧8小時,37.6,3,4,0.38,0.56,3
木柵站,2026/06/06 04:00,27,臭氧8小時,37.8,2,3,0.37,0.35,3.6
木柵站,2026/06/06 05:00,30,臭氧8小時,40.2,1,3,0.38,0.39,3.2
木柵站,2026/06/06 06:00,33,臭氧8小時,44.3,1,9,0.41,0.57,3.4
木柵站,2026/06/06 07:00,36,臭氧8小時,42.4,2,13,0.43,0.63,5.3
木柵站,2026/06/06 08:00,37,臭氧8小時,36.8,4,9,0.41,0.62,8.8
木柵站,2026/06/06 09:00,36,臭氧8小時,30.9,6,17,0.47,0.68,14.7
木柵站,2026/06/06 10:00,35,臭氧8小時,32.6,5,23,0.43,0.73,12.5
木柵站,2026/06/06 11:00,35,臭氧8小時,35.9,6,23,0.41,0.75,12
木柵站,2026/06/06 12:00,35,臭氧8小時,36.1,6,11,0.4,0.78,10.8
木柵站,2026/06/06 13:00,34,臭氧8小時,35.5,4,11,0.38,0.6,9.3
木柵站,2026/06/06 14:00,33,臭氧8小時,34.2,6,7,0.38,0.45,8.6
木柵站,2026/06/06 15:00,31,臭氧8小時,27.3,8,23,0.42,0.38,12.9
木柵站,2026/06/06 16:00,30,臭氧8小時,30.2,15,26,0.46,0.53,11.6
木柵站,2026/06/06 17:00,34,細懸浮微粒,21,13,24,0.53,0.72,13.6
木柵站,2026/06/06 18:00,37,細懸浮微粒,14.7,10,33,0.52,0.61,13.7
木柵站,2026/06/06 19:00,43,細懸浮微粒,11.7,14,34,0.52,0.63,13.5
木柵站,2026/06/06 20:00,42,懸浮微粒,11.1,11,24,0.54,0.74,14
木柵站,2026/06/06 21:00,44,懸浮微粒,7.6,9,30,0.56,0.72,13.6
木柵站,2026/06/06 22:00,44,懸浮微粒,7.1,7,32,0.56,0.59,11.7
木柵站,2026/06/06 23:00,43,懸浮微粒,5.8,17,25,0.55,0.63,9.8
木柵站,2026/06/07 00:00,45,懸浮微粒,5.8,7,31,0.42,0.66,8.6
木柵站,2026/06/07 01:00,47,懸浮微粒,5.4,10,31,0.46,0.61,6.4
木柵站,2026/06/07 02:00,49,懸浮微粒,8.5,13,32,0.44,0.73,5.9
木柵站,2026/06/07 03:00,49,懸浮微粒,4.7,8,26,0.37,0.76,5.3
木柵站,2026/06/07 04:00,48,懸浮微粒,3.5,8,27,0.38,0.71,4.7
木柵站,2026/06/07 05:00,49,懸浮微粒,4.2,11,33,0.4,0.42,4.5
木柵站,2026/06/07 06:00,46,懸浮微粒,6.9,8,20,0.39,0.66,4.1
木柵站,2026/06/07 07:00,47,懸浮微粒,14.7,11,31,0.39,0.69,4.7
木柵站,2026/06/07 08:00,48,懸浮微粒,26.5,8,30,0.31,0.81,4.6
木柵站,2026/06/07 09:00,45,懸浮微粒,33.2,5,22,0.32,0.73,5.2
木柵站,2026/06/07 10:00,42,懸浮微粒,35.5,10,13,0.32,0.81,4.5
木柵站,2026/06/07 11:00,39,懸浮微粒,38.9,6,17,0.31,0.66,4.2
木柵站,2026/06/07 12:00,40,懸浮微粒,52.8,12,34,0.39,0.68,7.4
木柵站,2026/06/07 13:00,42,細懸浮微粒,52.9,16,26,0.39,1.61,12.5
木柵站,2026/06/07 14:00,39,懸浮微粒,31.1,5,13,0.28,0.73,6.2
木柵站,2026/06/07 15:00,38,懸浮微粒,24.7,3,14,0.33,0.26,6.6
木柵站,2026/06/07 16:00,34,臭氧8小時,23.5,3,13,0.33,0.41,7.3
木柵站,2026/06/07 17:00,32,臭氧8小時,18.9,5,22,0.37,0.45,8.9
木柵站,2026/06/07 18:00,32,懸浮微粒,12,3,21,0.37,0.57,8.6
木柵站,2026/06/07 19:00,34,懸浮微粒,12.1,1,25,0.3,0.58,5.5
木柵站,2026/06/07 20:00,34,懸浮微粒,11.7,4,18,0.28,0.43,4.8
木柵站,2026/06/07 21:00,34,懸浮微粒,6.4,3,20,0.31,0.32,7.2
木柵站,2026/06/07 22:00,36,懸浮微粒,8.4,2,25,0.3,0.51,6.1
木柵站,2026/06/07 23:00,36,懸浮微粒,8.3,2,23,0.28,0.4,5.1
木柵站,2026/06/08 00:00,37,懸浮微粒,7,2,26,0.36,0.55,5.3
木柵站,2026/06/08 01:00,38,懸浮微粒,6.7,1,27,0.44,0.56,4.2
木柵站,2026/06/08 02:00,40,懸浮微粒,9.7,1,29,0.43,0.53,3.9
木柵站,2026/06/08 03:00,41,懸浮微粒,5.4,1,25,0.38,0.72,4.5
木柵站,2026/06/08 04:00,41,懸浮微粒,4.1,1,23,0.37,0.8,5
木柵站,2026/06/08 05:00,41,懸浮微粒,3.7,2,24,0.41,0.56,6.6
木柵站,2026/06/08 06:00,40,懸浮微粒,4.6,2,23,0.45,0.72,4.9
木柵站,2026/06/08 07:00,39,懸浮微粒,6.3,2,23,0.59,0.9,6.3
木柵站,2026/06/08 08:00,41,懸浮微粒,10,3,28,0.38,0.77,8.1
木柵站,2026/06/08 09:00,42,懸浮微粒,22.3,1,25,0.33,0.9,7.4
木柵站,2026/06/08 10:00,39,懸浮微粒,37.8,1,14,0.39,1.13,7.1
木柵站,2026/06/08 11:00,36,懸浮微粒,43.7,6,14,0.4,0.97,9.9
木柵站,2026/06/08 12:00,37,懸浮微粒,35.3,9,28,0.36,0.97,10.3
木柵站,2026/06/08 13:00,35,二氧化氮小時值,30.9,11,14,0.34,1.17,14.7
木柵站,2026/06/08 14:00,32,懸浮微粒,28.7,9,14,0.29,0.8,12.5
木柵站,2026/06/08 15:00,32,懸浮微粒,25.4,4,14,0.24,0.63,11.5
木柵站,2026/06/08 16:00,29,二氧化氮小時值,26,1,3,0.35,0.34,12.2
木柵站,2026/06/08 17:00,34,二氧化氮小時值,23,1,3,0.38,0.44,14.3
木柵站,2026/06/08 18:00,30,二氧化氮小時值,24.4,1,3,0.4,0.66,12.6
木柵站,2026/06/08 19:00,25,臭氧8小時,25.1,1,3,0.38,0.5,9
木柵站,2026/06/08 20:00,23,二氧化氮小時值,17.5,3,12,0.39,0.57,9.8
木柵站,2026/06/08 21:00,23,二氧化氮小時值,12.3,3,24,0.39,0.57,9.6
木柵站,2026/06/08 22:00,23,二氧化氮小時值,10.2,1,17,0.4,0.51,9.6
木柵站,2026/06/08 23:00,23,懸浮微粒,18.3,1,8,0.37,0.59,6.1
木柵站,2026/06/09 00:00,20,懸浮微粒,17.1,3,8,0.29,0.71,5.8
木柵站,2026/06/09 01:00,18,懸浮微粒,16.6,1,12,0.38,0.61,4.1
木柵站,2026/06/09 02:00,17,臭氧8小時,25.6,1,11,0.31,0.5,2.6
木柵站,2026/06/09 03:00,16,臭氧8小時,22,1,8,0.25,0.51,2.6
木柵站,2026/06/09 04:00,16,臭氧8小時,17.9,1,5,0.25,0.63,3.5
木柵站,2026/06/09 05:00,17,臭氧8小時,16.5,1,3,0.27,0.51,5.1
木柵站,2026/06/09 06:00,18,臭氧8小時,18.4,1,4,0.26,0.4,4.9
木柵站,2026/06/09 07:00,19,臭氧8小時,27.5,1,5,0.3,0.52,5.9
木柵站,2026/06/09 08:00,20,臭氧8小時,31.3,1,8,0.37,0.49,7.2
木柵站,2026/06/09 09:00,22,臭氧8小時,32.4,1,8,0.39,0.59,5.9
木柵站,2026/06/09 10:00,23,臭氧8小時,34.3,1,3,0.4,0.56,6
木柵站,2026/06/09 11:00,25,臭氧8小時,35.6,2,3,0.39,0.5,5.3
木柵站,2026/06/09 12:00,27,臭氧8小時,37.5,1,3,0.38,0.44,5
木柵站,2026/06/09 13:00,29,臭氧8小時,36.7,1,3,0.37,0.51,4.9
木柵站,2026/06/09 14:00,31,臭氧8小時,35.7,1,6,0.38,0.59,5.6
木柵站,2026/06/09 15:00,32,臭氧8小時,32.2,1,5,0.39,0.54,7.7
木柵站,2026/06/09 16:00,32,臭氧8小時,34.3,3,3,0.35,0.71,7.3
木柵站,2026/06/09 17:00,33,臭氧8小時,38.6,1,3,0.35,0.74,7.9
木柵站,2026/06/09 18:00,34,臭氧8小時,40.1,3,4,0.32,0.72,6.3
木柵站,2026/06/09 19:00,34,臭氧8小時,37.8,6,7,0.32,0.75,6.7
木柵站,2026/06/09 20:00,33,臭氧8小時,32.3,3,5,0.33,0.58,7.6
木柵站,2026/06/09 21:00,33,臭氧8小時,34.3,1,3,0.29,0.33,7
木柵站,2026/06/09 22:00,33,臭氧8小時,35.9,1,5,0.29,0.38,6.1
木柵站,2026/06/09 23:00,34,臭氧8小時,38.3,1,10,0.26,0.38,3.2
木柵站,2026/06/10 00:00,34,臭氧8小時,39.3,1,10,0.27,0.5,2.9
木柵站,2026/06/10 01:00,34,臭氧8小時,38.3,2,6,0.34,0.54,2.4
木柵站,2026/06/10 02:00,34,臭氧8小時,38.3,1,3,0.33,0.51,2
木柵站,2026/06/10 03:00,34,臭氧8小時,36.3,1,3,0.26,0.27,1.9
木柵站,2026/06/10 04:00,34,臭氧8小時,33.6,1,3,0.25,0.4,1.9
木柵站,2026/06/10 05:00,34,臭氧8小時,33.7,1,5,0.25,0.43,2.6
木柵站,2026/06/10 06:00,34,臭氧8小時,32.2,1,11,0.3,0.34,6.2
木柵站,2026/06/10 07:00,33,臭氧8小時,30.1,1,12,0.34,0.39,9.4
木柵站,2026/06/10 08:00,32,臭氧8小時,35.8,1,9,0.38,0.58,8.9
木柵站,2026/06/10 09:00,32,臭氧8小時,39.4,1,4,0.37,0.57,9.7
木柵站,2026/06/10 10:00,33,臭氧8小時,42,1,8,0.33,0.34,8
木柵站,2026/06/10 11:00,33,臭氧8小時,41.6,1,8,0.33,0.4,7.5
木柵站,2026/06/10 12:00,34,臭氧8小時,41.6,1,4,0.35,0.51,6.6
木柵站,2026/06/10 13:00,35,臭氧8小時,41.9,1,4,0.38,0.66,5.6
木柵站,2026/06/10 14:00,36,臭氧8小時,41.1,1,3,0.38,0.31,4.9
木柵站,2026/06/10 15:00,38,臭氧8小時,41.6,1,3,0.4,0.44,4.3
木柵站,2026/06/10 16:00,38,臭氧8小時,40.1,1,3,0.4,0.64,7.9
木柵站,2026/06/10 17:00,38,臭氧8小時,38.9,5,3,0.37,0.68,7.3
木柵站,2026/06/10 18:00,38,臭氧8小時,37.5,1,7,0.36,0.7,7.2
木柵站,2026/06/10 19:00,37,臭氧8小時,36.9,1,10,0.39,0.41,6.8
木柵站,2026/06/10 20:00,36,臭氧8小時,33,5,11,0.38,0.41,8.5
木柵站,2026/06/10 21:00,34,臭氧8小時,24.1,6,17,0.36,0.47,9.5
木柵站,2026/06/10 22:00,32,臭氧8小時,21.6,7,21,0.33,0.66,8.8
木柵站,2026/06/10 23:00,29,臭氧8小時,19.1,5,20,0.36,0.39,6.3
木柵站,2026/06/11 00:00,27,懸浮微粒,20.4,1,29,0.24,0.37,5
木柵站,2026/06/11 01:00,29,懸浮微粒,24.8,2,20,0.3,0.67,2.2
木柵站,2026/06/11 02:00,26,懸浮微粒,24.1,3,6,0.32,0.31,2
木柵站,2026/06/11 03:00,24,懸浮微粒,35.4,2,8,0.26,0.36,2
木柵站,2026/06/11 04:00,24,臭氧8小時,41.1,5,10,0.26,0.48,2.2
木柵站,2026/06/11 05:00,25,臭氧8小時,32.2,3,9,0.28,0.47,4.2
木柵站,2026/06/11 06:00,26,臭氧8小時,23.5,1,9,0.31,0.5,10.7
木柵站,2026/06/11 07:00,29,二氧化氮小時值,24.3,7,13,0.4,0.45,12.1
木柵站,2026/06/11 08:00,30,二氧化氮小時值,24.7,7,15,0.32,0.58,12.6
木柵站,2026/06/11 09:00,29,二氧化氮小時值,25.7,8,13,0.33,0.46,12
木柵站,2026/06/11 10:00,33,二氧化氮小時值,26.5,9,9,0.3,0.78,14
木柵站,2026/06/11 11:00,27,二氧化氮小時值,30.6,7,4,0.23,0.96,11.5
木柵站,2026/06/11 12:00,26,臭氧8小時,33.6,3,3,0.25,0.54,8.9
木柵站,2026/06/11 13:00,26,臭氧8小時,35.8,3,8,0.2,0.22,8.1
木柵站,2026/06/11 14:00,28,臭氧8小時,36.9,1,11,0.18,0.73,7.4
木柵站,2026/06/11 15:00,28,臭氧8小時,-,1,4,-,-,-
木柵站,2026/06/11 16:00,29,臭氧8小時,26.6,1,3,0.25,0.9,10.2
木柵站,2026/06/11 17:00,28,臭氧8小時,24.9,1,5,0.22,1,11.4
木柵站,2026/06/11 18:00,28,臭氧8小時,25.4,1,12,0.25,0.58,9.4
木柵站,2026/06/11 19:00,28,臭氧8小時,25.2,1,12,0.24,0.42,9
木柵站,2026/06/11 20:00,26,臭氧8小時,24.9,1,9,0.24,0.39,7.4
木柵站,2026/06/11 21:00,25,臭氧8小時,25.4,2,11,0.28,0.48,7.2
木柵站,2026/06/11 22:00,24,臭氧8小時,30,1,9,0.21,0.42,4.6
木柵站,2026/06/11 23:00,25,臭氧8小時,29.5,2,6,0.2,0.49,3.7
木柵站,2026/06/12 00:00,25,臭氧8小時,28.5,1,8,0.27,0.53,2.5
木柵站,2026/06/12 01:00,25,臭氧8小時,25.4,1,8,0.32,0.66,2.7
木柵站,2026/06/12 02:00,25,臭氧8小時,29.9,1,10,0.29,0.74,1.7
木柵站,2026/06/12 03:00,26,臭氧8小時,27.6,1,14,0.28,0.85,1.5
木柵站,2026/06/12 04:00,26,臭氧8小時,25.7,2,12,0.28,0.47,1.6
木柵站,2026/06/12 05:00,25,臭氧8小時,23.4,2,11,0.32,0.31,3.2
木柵站,2026/06/12 06:00,24,臭氧8小時,13.2,2,13,0.39,0.46,6.2
木柵站,2026/06/12 07:00,40,二氧化氮小時值,7.5,5,20,0.48,0.43,16.7
木柵站,2026/06/12 08:00,33,二氧化氮小時值,14.3,3,15,0.41,0.48,14
木柵站,2026/06/12 09:00,28,二氧化氮小時值,19.4,1,11,0.36,0.65,11.9
木柵站,2026/06/12 10:00,33,二氧化氮小時值,20.7,1,9,0.37,0.62,13.7
木柵站,2026/06/12 11:00,27,二氧化氮小時值,25.9,4,11,0.33,0.73,11.2
木柵站,2026/06/12 12:00,25,二氧化氮小時值,28,5,8,0.3,0.54,10.3
木柵站,2026/06/12 13:00,20,二氧化氮小時值,28.7,2,3,0.3,0.53,8.4
木柵站,2026/06/12 14:00,25,二氧化氮小時值,28.8,2,3,0.26,0.19,10.6
木柵站,2026/06/12 15:00,25,二氧化氮小時值,29.5,1,6,0.25,0.32,10.6
木柵站,2026/06/12 16:00,34,二氧化氮小時值,27.6,1,11,0.33,0.34,14.4
木柵站,2026/06/12 17:00,26,臭氧8小時,34,2,13,0.31,0.53,8.1
木柵站,2026/06/12 18:00,27,臭氧8小時,34.8,1,9,0.39,0.39,8.9
木柵站,2026/06/12 19:00,29,臭氧8小時,35.2,1,23,0.4,0.56,8.5
木柵站,2026/06/12 20:00,29,臭氧8小時,35,1,10,0.36,0.61,8.1
木柵站,2026/06/12 21:00,30,臭氧8小時,34.3,1,5,0.39,0.51,6.6
木柵站,2026/06/12 22:00,31,臭氧8小時,33.3,1,3,0.35,0.68,6
木柵站,2026/06/12 23:00,31,臭氧8小時,33.8,1,7,0.32,0.56,4.1
木柵站,2026/06/13 00:00,32,臭氧8小時,33.2,1,9,0.23,0.58,3.6
木柵站,2026/06/13 01:00,31,臭氧8小時,30.4,1,11,0.29,0.38,3.2
木柵站,2026/06/13 02:00,31,臭氧8小時,30,2,9,0.29,0.27,2.2
木柵站,2026/06/13 03:00,30,臭氧8小時,30.2,1,6,0.23,0.27,2.6
木柵站,2026/06/13 04:00,30,臭氧8小時,31.1,1,18,0.23,0.34,1.5
木柵站,2026/06/13 05:00,29,臭氧8小時,30.4,1,3,0.24,0.5,3
木柵站,2026/06/13 06:00,30,二氧化氮小時值,22.3,1,3,0.25,0.43,12.5
木柵站,2026/06/13 07:00,26,臭氧8小時,19.4,1,3,0.28,0.57,8.8
木柵站,2026/06/13 08:00,25,臭氧8小時,19.4,1,3,0.39,0.38,10.1
木柵站,2026/06/13 09:00,24,臭氧8小時,22.4,3,5,0.39,0.22,8.3
木柵站,2026/06/13 10:00,24,二氧化氮小時值,23.3,2,5,0.44,0.51,10.1
木柵站,2026/06/13 11:00,23,臭氧8小時,28.8,1,8,0.44,0.74,7.6
木柵站,2026/06/13 12:00,23,臭氧8小時,33.5,1,9,0.48,0.71,8.9
木柵站,2026/06/13 13:00,34,二氧化氮小時值,32.4,5,8,0.55,0.81,14.2
木柵站,2026/06/13 14:00,25,臭氧8小時,35.2,5,11,0.53,1.03,8.9
木柵站,2026/06/13 15:00,26,臭氧8小時,29.8,5,17,0.53,0.77,10.4
木柵站,2026/06/13 16:00,27,臭氧8小時,30.4,6,20,0.36,0.56,8.8
木柵站,2026/06/13 17:00,30,二氧化氮小時值,26,6,21,0.38,0.74,12.5
木柵站,2026/06/13 18:00,34,二氧化氮小時值,15,6,27,0.45,0.47,14.1
木柵站,2026/06/13 19:00,39,二氧化氮小時值,6.6,12,28,0.47,0.57,16.5
木柵站,2026/06/13 20:00,37,二氧化氮小時值,7.3,10,26,0.44,0.37,15.5
木柵站,2026/06/13 21:00,39,二氧化氮小時值,5.7,7,27,0.45,0.55,16.5
木柵站,2026/06/13 22:00,39,懸浮微粒,7.7,5,30,0.38,0.38,11.4
木柵站,2026/06/13 23:00,39,懸浮微粒,6.5,10,23,0.35,0.31,9.2
木柵站,2026/06/14 00:00,40,懸浮微粒,3.8,7,25,0.37,0.36,8.6
木柵站,2026/06/14 01:00,38,懸浮微粒,4.2,5,16,0.37,0.57,8.1
木柵站,2026/06/14 02:00,38,懸浮微粒,5.8,5,25,0.32,0.52,9.2
木柵站,2026/06/14 03:00,38,懸浮微粒,5.3,5,22,0.29,0.36,6.6
木柵站,2026/06/14 04:00,39,懸浮微粒,4.6,4,27,0.31,0.66,6
木柵站,2026/06/14 05:00,41,懸浮微粒,4.4,4,23,0.27,0.72,5.8
木柵站,2026/06/14 06:00,41,懸浮微粒,5.5,1,24,0.3,0.81,5.9
木柵站,2026/06/14 07:00,40,懸浮微粒,5.8,1,22,0.34,0.72,7.1
木柵站,2026/06/14 08:00,39,懸浮微粒,5.4,5,23,0.45,0.78,8.8
木柵站,2026/06/14 09:00,37,懸浮微粒,6.8,3,17,0.55,0.79,8.3
木柵站,2026/06/14 10:00,33,懸浮微粒,5.9,3,9,0.61,0.68,9.2
木柵站,2026/06/14 11:00,29,懸浮微粒,7,3,9,0.44,0.61,8.2
木柵站,2026/06/14 12:00,25,懸浮微粒,7.7,3,8,0.53,0.68,9.5
木柵站,2026/06/14 13:00,23,懸浮微粒,9.7,5,10,0.47,0.62,8.4
木柵站,2026/06/14 14:00,23,懸浮微粒,15.2,8,14,0.4,0.93,6.6
木柵站,2026/06/14 15:00,27,二氧化氮小時值,16.8,7,16,0.43,0.79,11.2
木柵站,2026/06/14 16:00,30,二氧化氮小時值,14.8,7,15,0.39,0.67,12.4
木柵站,2026/06/14 17:00,25,二氧化氮小時值,9.2,6,15,0.33,0.67,10.6
木柵站,2026/06/14 18:00,26,細懸浮微粒,8,11,19,0.33,0.76,10.9
木柵站,2026/06/14 19:00,31,二氧化氮小時值,6.1,9,14,0.4,0.6,12.9
木柵站,2026/06/14 20:00,29,細懸浮微粒,5.7,7,15,0.33,0.72,10.6
木柵站,2026/06/14 21:00,27,二氧化氮小時值,3.2,2,25,0.38,0.66,11.5
木柵站,2026/06/14 22:00,28,懸浮微粒,2.6,2,21,0.35,0.61,10.3
木柵站,2026/06/14 23:00,31,懸浮微粒,2.5,1,22,0.35,0.5,8.8
木柵站,2026/06/15 00:00,31,懸浮微粒,5.1,1,15,0.31,0.54,4.6
木柵站,2026/06/15 01:00,31,懸浮微粒,6.4,1,20,0.33,0.59,3.9
木柵站,2026/06/15 02:00,32,懸浮微粒,6.3,3,23,0.3,0.59,4.4
木柵站,2026/06/15 03:00,33,懸浮微粒,4.2,3,25,0.25,0.52,5.3
木柵站,2026/06/15 04:00,36,懸浮微粒,3.8,2,26,0.24,0.5,4.9
木柵站,2026/06/15 05:00,38,懸浮微粒,3.4,1,25,0.24,0.42,5.1
木柵站,2026/06/15 06:00,39,懸浮微粒,4.4,1,24,0.29,0.61,4.6
木柵站,2026/06/15 07:00,36,懸浮微粒,4.2,3,13,0.37,0.86,6.7
木柵站,2026/06/15 08:00,35,懸浮微粒,5.6,1,18,0.41,0.56,6.6
木柵站,2026/06/15 09:00,35,懸浮微粒,5.8,1,28,0.49,0.71,12
木柵站,2026/06/15 10:00,36,二氧化氮小時值,8.4,4,24,0.57,0.92,15.2
木柵站,2026/06/15 11:00,37,懸浮微粒,15.1,5,19,0.47,0.83,13.6
木柵站,2026/06/15 12:00,35,懸浮微粒,17.4,11,12,0.47,0.65,13.6
木柵站,2026/06/15 13:00,34,二氧化氮小時值,22.2,9,11,0.47,0.57,14.4
木柵站,2026/06/15 14:00,32,二氧化氮小時值,21.9,6,13,0.44,0.55,13.3
木柵站,2026/06/15 15:00,40,二氧化氮小時值,18.6,7,28,0.53,0.82,17
木柵站,2026/06/15 16:00,51,二氧化氮小時值,17.5,16,20,0.58,0.6,23.3
木柵站,2026/06/15 17:00,53,二氧化氮小時值,8.3,2,32,0.62,0.66,25.7
木柵站,2026/06/15 18:00,47,二氧化氮小時值,4.4,9,36,0.6,0.85,19.6
木柵站,2026/06/15 19:00,43,懸浮微粒,2.3,14,30,0.52,0.96,16.3
木柵站,2026/06/15 20:00,44,懸浮微粒,2,10,23,0.4,0.79,12.5
木柵站,2026/06/15 21:00,42,懸浮微粒,2.3,4,23,0.29,0.58,9
木柵站,2026/06/15 22:00,39,懸浮微粒,2.2,3,20,0.29,0.7,8.5
木柵站,2026/06/15 23:00,37,懸浮微粒,1.9,2,21,0.28,0.55,7.1
木柵站,2026/06/16 00:00,39,懸浮微粒,2.3,5,27,0.33,0.5,7
木柵站,2026/06/16 01:00,42,懸浮微粒,2.1,7,31,0.41,0.63,6
木柵站,2026/06/16 02:00,46,懸浮微粒,4.6,5,32,0.36,0.42,4.6
木柵站,2026/06/16 03:00,46,懸浮微粒,3,1,24,0.33,0.37,4.9
木柵站,2026/06/16 04:00,47,懸浮微粒,2.3,4,28,0.33,0.61,5.7
木柵站,2026/06/16 05:00,46,懸浮微粒,2.3,3,30,0.33,0.46,6
木柵站,2026/06/16 06:00,44,懸浮微粒,2.7,5,26,0.35,0.45,5.3
木柵站,2026/06/16 07:00,44,懸浮微粒,4.1,7,23,0.48,0.71,5.7
木柵站,2026/06/16 08:00,41,懸浮微粒,5.9,6,16,0.41,0.95,6.9
木柵站,2026/06/16 09:00,37,懸浮微粒,10.7,4,15,0.43,1.01,9.5
木柵站,2026/06/16 10:00,36,懸浮微粒,16.9,2,22,0.45,0.98,11.5
木柵站,2026/06/16 11:00,37,懸浮微粒,22.6,2,24,0.42,0.83,10.3
木柵站,2026/06/16 12:00,36,懸浮微粒,28,1,17,0.37,0.67,8.9
木柵站,2026/06/16 13:00,35,懸浮微粒,30.3,1,15,0.34,0.65,7.4
木柵站,2026/06/16 14:00,38,二氧化氮小時值,28.7,14,19,0.39,0.64,15.9
木柵站,2026/06/16 15:00,35,二氧化氮小時值,18.5,10,16,0.33,1.12,14.7
木柵站,2026/06/16 16:00,30,懸浮微粒,17.1,4,15,0.32,0.76,7.4
木柵站,2026/06/16 17:00,28,懸浮微粒,14.8,1,11,0.38,0.65,7.2
木柵站,2026/06/16 18:00,25,懸浮微粒,11.2,5,12,0.44,0.46,8.2
木柵站,2026/06/16 19:00,26,懸浮微粒,8.8,2,19,0.43,0.5,8.8
木柵站,2026/06/16 20:00,27,懸浮微粒,6.7,2,18,0.39,0.64,7.7
木柵站,2026/06/16 21:00,28,懸浮微粒,5.3,3,16,0.38,0.57,7.3
木柵站,2026/06/16 22:00,29,懸浮微粒,4.2,2,18,0.38,0.71,7.5
木柵站,2026/06/16 23:00,28,懸浮微粒,4.6,1,16,0.36,0.58,6.2
木柵站,2026/06/17 00:00,27,懸浮微粒,3.6,1,16,0.32,0.64,6.2
木柵站,2026/06/17 01:00,27,懸浮微粒,5.1,1,15,0.38,0.5,4.1
木柵站,2026/06/17 02:00,30,懸浮微粒,5.8,3,28,0.35,0.58,4.1
木柵站,2026/06/17 03:00,32,懸浮微粒,3.1,1,25,0.29,0.55,4.1
木柵站,2026/06/17 04:00,34,懸浮微粒,2.7,1,24,0.29,0.73,4.2
木柵站,2026/06/17 05:00,38,懸浮微粒,2.7,4,27,0.28,0.6,4.1
木柵站,2026/06/17 06:00,37,懸浮微粒,2.6,1,21,0.36,0.68,6
木柵站,2026/06/17 07:00,36,懸浮微粒,3.3,1,21,0.38,0.51,5.1
木柵站,2026/06/17 08:00,37,懸浮微粒,5.1,1,25,0.39,0.77,5.7
木柵站,2026/06/17 09:00,36,懸浮微粒,10.5,3,21,0.39,1.15,6.3
木柵站,2026/06/17 10:00,37,懸浮微粒,17.2,3,24,0.51,0.99,11.6
木柵站,2026/06/17 11:00,38,懸浮微粒,32.2,4,23,0.59,1.1,12.7
木柵站,2026/06/17 12:00,37,懸浮微粒,43.4,5,17,0.56,0.42,12.5
木柵站,2026/06/17 13:00,35,懸浮微粒,46.1,6,14,0.48,0.37,10.1
木柵站,2026/06/17 14:00,33,懸浮微粒,40.9,-,-,-,-,-
木柵站,2026/06/17 15:00,31,懸浮微粒,23.1,1,-,0.37,0.43,9.9
木柵站,2026/06/17 16:00,31,懸浮微粒,17.4,1,18,0.3,0.8,8.4
木柵站,2026/06/17 17:00,29,二氧化氮小時值,14.1,1,3,0.38,1.26,12.2
木柵站,2026/06/17 18:00,32,二氧化氮小時值,11.1,1,3,0.42,0.77,13.4
木柵站,2026/06/17 19:00,30,二氧化氮小時值,8.5,3,43,0.43,0.68,12.8
木柵站,2026/06/17 20:00,28,懸浮微粒,6.3,3,13,0.37,0.49,10.3
木柵站,2026/06/17 21:00,30,懸浮微粒,4.4,1,15,0.38,0.47,9.5
木柵站,2026/06/17 22:00,44,懸浮微粒,3.9,1,59,0.36,0.64,8.2
木柵站,2026/06/17 23:00,39,懸浮微粒,3.9,3,18,0.33,0.45,6.6
木柵站,2026/06/18 00:00,40,懸浮微粒,4.2,3,18,0.34,0.5,5.1
木柵站,2026/06/18 01:00,42,懸浮微粒,3.8,1,22,0.43,0.49,4.7
木柵站,2026/06/18 02:00,35,懸浮微粒,5.8,1,25,0.38,0.45,3.9
木柵站,2026/06/18 03:00,39,懸浮微粒,3.9,4,32,0.33,0.47,3.3
木柵站,2026/06/18 04:00,41,懸浮微粒,2.7,8,26,0.31,0.72,6.2
木柵站,2026/06/18 05:00,41,懸浮微粒,3.6,5,17,0.31,0.56,4.1
木柵站,2026/06/18 06:00,42,懸浮微粒,4.2,1,23,0.42,0.77,5.1
木柵站,2026/06/18 07:00,40,懸浮微粒,6.2,3,26,0.53,0.87,4.2
木柵站,2026/06/18 08:00,39,懸浮微粒,10.5,5,22,0.42,0.84,6.8
木柵站,2026/06/18 09:00,40,懸浮微粒,17.5,3,20,0.33,1.84,9.5
木柵站,2026/06/18 10:00,34,懸浮微粒,25.4,2,9,0.33,2.13,8.2
木柵站,2026/06/18 11:00,31,懸浮微粒,31.1,5,12,0.36,1.54,10.3
木柵站,2026/06/18 12:00,29,懸浮微粒,41.8,6,14,0.33,1.21,7.2
木柵站,2026/06/18 13:00,32,二氧化氮小時值,33.3,8,15,0.34,0.89,13.6
木柵站,2026/06/18 14:00,26,懸浮微粒,32.6,4,8,0.27,0.64,9.6
木柵站,2026/06/18 15:00,28,懸浮微粒,25.8,1,26,0.25,0.32,9.3
木柵站,2026/06/18 16:00,28,二氧化氮小時值,22.7,4,3,0.34,0.6,11.8
木柵站,2026/06/18 17:00,38,二氧化氮小時值,18.4,3,3,0.42,0.8,15.8
木柵站,2026/06/18 18:00,31,二氧化氮小時值,15.6,2,35,0.44,0.55,13.1
木柵站,2026/06/18 19:00,28,二氧化氮小時值,12.1,4,6,0.49,0.57,11.7
木柵站,2026/06/18 20:00,28,二氧化氮小時值,7.9,5,8,0.47,0.43,11.8
木柵站,2026/06/18 21:00,27,二氧化氮小時值,6,5,11,0.45,0.38,11.2
木柵站,2026/06/18 22:00,24,二氧化氮小時值,6,3,21,0.46,0.29,10
木柵站,2026/06/18 23:00,22,懸浮微粒,4.6,1,12,0.43,0.32,8.1
木柵站,2026/06/19 00:00,25,懸浮微粒,4.2,1,20,0.35,0.46,6.9
木柵站,2026/06/19 01:00,29,懸浮微粒,4.8,4,25,0.33,0.43,5.5
木柵站,2026/06/19 02:00,30,懸浮微粒,6.4,5,23,0.33,0.53,5.3
木柵站,2026/06/19 03:00,32,懸浮微粒,3.9,4,24,0.24,0.52,5.2
木柵站,2026/06/19 04:00,34,懸浮微粒,3.3,5,22,0.23,0.69,5.1
木柵站,2026/06/19 05:00,34,懸浮微粒,4.5,6,19,0.27,0.68,4.3
木柵站,2026/06/19 06:00,31,懸浮微粒,5,6,16,0.34,0.67,4.1
木柵站,2026/06/19 07:00,34,懸浮微粒,8.3,6,28,0.33,0.65,3.7
木柵站,2026/06/19 08:00,34,懸浮微粒,15.2,9,19,0.45,0.77,5.1
木柵站,2026/06/19 09:00,34,懸浮微粒,22.5,6,19,0.48,2.48,6.5
木柵站,2026/06/19 10:00,34,懸浮微粒,33.6,7,16,0.53,2.03,7.3
木柵站,2026/06/19 11:00,31,懸浮微粒,43.6,9,14,0.55,1.5,8.4
木柵站,2026/06/19 12:00,30,懸浮微粒,39.3,8,14,0.48,1.66,6.6
木柵站,2026/06/19 13:00,31,細懸浮微粒,46.9,11,14,0.47,2.17,5.5
木柵站,2026/06/19 14:00,36,細懸浮微粒,47.7,13,21,0.48,1.47,7.3
木柵站,2026/06/19 15:00,37,細懸浮微粒,39.5,10,9,0.47,1.07,7.7
木柵站,2026/06/19 16:00,38,細懸浮微粒,32.4,9,18,0.37,1.42,10.4
木柵站,2026/06/19 17:00,38,細懸浮微粒,31.4,9,18,0.36,1.38,9.7
木柵站,2026/06/19 18:00,37,細懸浮微粒,25.8,10,17,0.36,0.91,10.1
木柵站,2026/06/19 19:00,39,細懸浮微粒,17.5,12,26,0.3,0.49,6.8
木柵站,2026/06/19 20:00,40,細懸浮微粒,15.5,11,26,0.33,0.54,8
木柵站,2026/06/19 21:00,44,細懸浮微粒,11.1,13,24,0.37,0.6,9.1
木柵站,2026/06/19 22:00,50,細懸浮微粒,9.5,19,23,0.33,0.61,7.4
木柵站,2026/06/19 23:00,51,細懸浮微粒,7.4,12,24,0.32,0.63,6.8
木柵站,2026/06/20 00:00,51,細懸浮微粒,5.5,12,29,0.34,0.36,7.6
木柵站,2026/06/20 01:00,48,細懸浮微粒,6.1,7,27,0.4,0.62,4.7
木柵站,2026/06/20 02:00,43,細懸浮微粒,7.1,10,25,0.37,0.47,4.2
木柵站,2026/06/20 03:00,44,細懸浮微粒,5.6,13,30,0.3,0.46,4.2
木柵站,2026/06/20 04:00,45,細懸浮微粒,4.8,12,24,0.29,0.4,5.3
木柵站,2026/06/20 05:00,48,細懸浮微粒,4.7,12,26,0.29,0.59,4
木柵站,2026/06/20 06:00,48,細懸浮微粒,6.6,10,25,0.33,0.65,3.8
木柵站,2026/06/20 07:00,50,細懸浮微粒,13.2,16,23,0.38,0.9,4.3
木柵站,2026/06/20 08:00,51,細懸浮微粒,23.2,14,23,0.44,1.29,4.7
木柵站,2026/06/20 09:00,53,細懸浮微粒,34.8,17,24,0.5,1.43,5.8
木柵站,2026/06/20 10:00,54,細懸浮微粒,40.8,13,17,0.45,0.89,5.3
木柵站,2026/06/20 11:00,53,細懸浮微粒,40.2,14,20,0.47,0.55,3.8
木柵站,2026/06/20 12:00,53,細懸浮微粒,39.6,13,22,0.46,0.79,3
木柵站,2026/06/20 13:00,54,細懸浮微粒,47.8,16,35,0.51,1.66,6.1
木柵站,2026/06/20 14:00,57,細懸浮微粒,44.5,19,27,0.51,2.27,7.7
木柵站,2026/06/20 15:00,55,細懸浮微粒,42,11,23,0.48,1.49,8.4
木柵站,2026/06/20 16:00,55,細懸浮微粒,40.9,12,18,0.41,1.4,7.4
木柵站,2026/06/20 17:00,55,細懸浮微粒,39.5,15,84,0.44,1.39,11.4
木柵站,2026/06/20 18:00,53,細懸浮微粒,29.5,12,20,0.5,1.29,13.7
木柵站,2026/06/20 19:00,55,細懸浮微粒,22.6,17,27,0.4,0.81,6.9
木柵站,2026/06/20 20:00,57,細懸浮微粒,17.4,17,20,0.43,0.39,9.6
木柵站,2026/06/20 21:00,57,細懸浮微粒,11.7,15,32,0.43,0.16,10.2
木柵站,2026/06/20 22:00,56,細懸浮微粒,9.1,11,24,0.44,0.5,8.5
木柵站,2026/06/20 23:00,54,細懸浮微粒,7.8,12,24,0.4,1.14,8.2
木柵站,2026/06/21 00:00,54,細懸浮微粒,7.8,16,22,0.4,0.86,6.9
木柵站,2026/06/21 01:00,54,細懸浮微粒,6.5,15,28,0.45,0.72,6.2
木柵站,2026/06/21 02:00,55,細懸浮微粒,7.9,14,29,0.4,0.49,6.4
木柵站,2026/06/21 03:00,56,細懸浮微粒,4.5,15,27,0.33,0.27,4.7
木柵站,2026/06/21 04:00,55,細懸浮微粒,3.4,13,22,0.34,0.7,5.1
木柵站,2026/06/21 05:00,56,細懸浮微粒,3.8,17,21,0.32,0.82,4.5
木柵站,2026/06/21 06:00,57,細懸浮微粒,5.5,15,31,0.35,0.66,4.5
木柵站,2026/06/21 07:00,56,細懸浮微粒,10.5,13,19,0.38,1.03,5.6
木柵站,2026/06/21 08:00,56,細懸浮微粒,20.5,15,16,0.41,1.19,6.2
木柵站,2026/06/21 09:00,56,細懸浮微粒,30.6,17,23,0.41,1.24,4.8
木柵站,2026/06/21 10:00,55,細懸浮微粒,32.5,12,19,0.38,0.75,3.5
木柵站,2026/06/21 11:00,53,細懸浮微粒,31.9,7,7,0.42,0.83,4.4
木柵站,2026/06/21 12:00,49,細懸浮微粒,37.6,7,11,0.44,0.74,4.1
木柵站,2026/06/21 13:00,42,細懸浮微粒,39.8,6,12,0.46,0.64,3.6
木柵站,2026/06/21 14:00,38,細懸浮微粒,51.2,7,12,0.48,0.95,4.9
木柵站,2026/06/21 15:00,40,細懸浮微粒,52.7,12,15,0.48,1.3,7
木柵站,2026/06/21 16:00,43,細懸浮微粒,51,13,20,0.37,2.01,8.4
木柵站,2026/06/21 17:00,44,細懸浮微粒,45.7,11,13,0.32,3.98,10.2
木柵站,2026/06/21 18:00,51,細懸浮微粒,33.2,20,19,0.32,3.99,19.7
木柵站,2026/06/21 19:00,51,細懸浮微粒,25.1,12,18,0.32,2.19,15.7
木柵站,2026/06/21 20:00,52,細懸浮微粒,19.2,16,22,0.29,1.25,11
木柵站,2026/06/21 21:00,51,細懸浮微粒,15.5,9,15,0.22,0.71,7.6
木柵站,2026/06/21 22:00,45,細懸浮微粒,14.9,9,20,0.17,0.72,4.4
木柵站,2026/06/21 23:00,44,細懸浮微粒,13.6,9,34,0.2,0.88,6.7
木柵站,2026/06/22 00:00,39,細懸浮微粒,12.9,7,11,0.33,0.65,5.8
木柵站,2026/06/22 01:00,39,細懸浮微粒,12.3,8,11,0.43,0.58,4.1
木柵站,2026/06/22 02:00,42,細懸浮微粒,9.5,13,18,0.47,0.66,6.2
木柵站,2026/06/22 03:00,42,細懸浮微粒,5.9,9,19,0.38,0.5,6.8
木柵站,2026/06/22 04:00,41,細懸浮微粒,6.1,8,23,0.33,0.46,5.3
木柵站,2026/06/22 05:00,43,細懸浮微粒,5.7,11,17,0.35,0.6,5.8
木柵站,2026/06/22 07:00,41,細懸浮微粒,-,12,12,-,-,-
木柵站,2026/06/22 08:00,41,細懸浮微粒,19.8,10,24,0.39,1.3,9
木柵站,2026/06/22 09:00,45,細懸浮微粒,31.6,15,21,0.36,1.1,7.9
木柵站,2026/06/22 10:00,49,細懸浮微粒,39.1,17,19,0.34,0.85,5.7
木柵站,2026/06/22 11:00,51,細懸浮微粒,45.8,15,21,0.38,0.95,6.3
木柵站,2026/06/22 12:00,56,細懸浮微粒,60.4,19,24,0.46,1.2,8.1
木柵站,2026/06/22 13:00,59,細懸浮微粒,83.8,19,31,0.57,1.28,10
木柵站,2026/06/22 14:00,61,細懸浮微粒,72,21,33,0.51,1.28,10.3
木柵站,2026/06/22 16:00,62,細懸浮微粒,50.4,15,24,0.41,1.19,13.9
木柵站,2026/06/22 17:00,62,細懸浮微粒,46.1,16,35,0.39,1.41,16
木柵站,2026/06/22 18:00,61,細懸浮微粒,31.9,18,18,0.38,1.72,19.1
木柵站,2026/06/22 19:00,61,細懸浮微粒,18.7,16,14,0.34,0.76,10.9
木柵站,2026/06/22 20:00,62,細懸浮微粒,13.1,15,13,0.25,0.69,7.3
木柵站,2026/06/22 21:00,60,細懸浮微粒,14.8,13,14,0.26,0.69,7.5
木柵站,2026/06/22 22:00,58,細懸浮微粒,12.3,12,21,0.28,0.68,7.5
木柵站,2026/06/22 23:00,54,細懸浮微粒,12.4,9,18,0.25,0.48,5.8
木柵站,2026/06/23 00:00,49,細懸浮微粒,11.8,6,35,0.29,0.67,5.7
木柵站,2026/06/23 01:00,50,細懸浮微粒,13.2,15,20,0.37,0.43,4.2
木柵站,2026/06/23 02:00,45,細懸浮微粒,13.8,8,10,0.34,0.65,4
木柵站,2026/06/23 03:00,43,細懸浮微粒,8.7,7,24,0.31,0.75,6.4
木柵站,2026/06/23 04:00,44,細懸浮微粒,8.7,9,20,0.28,0.65,5
木柵站,2026/06/23 05:00,40,細懸浮微粒,7.4,9,19,0.31,0.73,5.9
木柵站,2026/06/23 06:00,39,細懸浮微粒,8,10,18,0.34,0.83,8.3
木柵站,2026/06/23 07:00,43,細懸浮微粒,9.7,15,18,0.37,0.81,9.2
木柵站,2026/06/23 08:00,46,細懸浮微粒,20.3,15,38,0.45,0.87,10.1
木柵站,2026/06/23 09:00,55,細懸浮微粒,41.6,26,31,0.43,0.98,8.4
木柵站,2026/06/23 10:00,60,細懸浮微粒,49.8,22,25,0.41,0.83,9
木柵站,2026/06/23 11:00,62,細懸浮微粒,56.3,17,18,0.4,0.72,6.5
木柵站,2026/06/23 12:00,66,細懸浮微粒,76.7,21,36,0.5,0.96,7.9
木柵站,2026/06/23 13:00,64,細懸浮微粒,87.9,20,29,0.58,1.25,12
木柵站,2026/06/23 14:00,61,細懸浮微粒,68.8,12,25,0.51,1.28,11.5
木柵站,2026/06/23 15:00,63,細懸浮微粒,56.2,19,22,0.45,1.66,10.1
木柵站,2026/06/23 16:00,74,臭氧8小時,55.7,22,30,0.39,2.14,11.5
木柵站,2026/06/23 17:00,75,臭氧8小時,45.1,20,25,0.39,3.17,16.4
木柵站,2026/06/23 18:00,70,細懸浮微粒,31.3,19,23,0.37,3.28,19
木柵站,2026/06/23 19:00,68,細懸浮微粒,15.9,15,19,0.3,1.43,9.4
木柵站,2026/06/23 20:00,60,細懸浮微粒,9.5,3,9,0.22,1.04,6.8
木柵站,2026/06/23 21:00,52,細懸浮微粒,9.4,3,7,0.2,0.76,5
木柵站,2026/06/23 22:00,41,細懸浮微粒,9.6,3,4,0.17,0.79,5.7
木柵站,2026/06/23 23:00,36,細懸浮微粒,9.2,8,8,0.18,0.53,7
木柵站,2026/06/24 00:00,36,細懸浮微粒,8.8,7,12,0.32,0.73,6.6
木柵站,2026/06/24 01:00,34,細懸浮微粒,9.1,4,7,0.43,0.78,4.2
木柵站,2026/06/24 02:00,33,細懸浮微粒,9.5,4,4,0.39,0.63,4.4
木柵站,2026/06/24 03:00,29,細懸浮微粒,8.1,5,9,0.35,0.58,3.8
木柵站,2026/06/24 04:00,26,細懸浮微粒,6.8,6,10,0.32,0.56,4.1
木柵站,2026/06/24 05:00,24,細懸浮微粒,4.8,5,8,0.36,0.62,6.9
木柵站,2026/06/24 06:00,22,細懸浮微粒,5.2,5,7,0.38,0.65,8
木柵站,2026/06/24 07:00,23,二氧化氮小時值,8.6,8,11,0.45,0.7,9.5
木柵站,2026/06/24 08:00,31,細懸浮微粒,20.6,18,30,0.45,0.98,12.1
木柵站,2026/06/24 09:00,41,細懸浮微粒,34.1,19,38,0.46,0.8,12
木柵站,2026/06/24 10:00,52,細懸浮微粒,50.3,22,48,0.48,1.03,12.1
木柵站,2026/06/24 11:00,55,細懸浮微粒,55.8,15,29,0.46,1.1,9.9
木柵站,2026/06/24 12:00,54,細懸浮微粒,62.1,13,29,0.45,1.07,9.6
木柵站,2026/06/24 13:00,56,細懸浮微粒,66.4,19,30,0.46,1.36,9.4
木柵站,2026/06/24 14:00,55,細懸浮微粒,65.6,17,38,0.44,1.29,8.4
木柵站,2026/06/24 15:00,56,細懸浮微粒,62.8,14,23,0.46,1.34,8.6
木柵站,2026/06/24 16:00,58,細懸浮微粒,45.8,15,22,0.36,2.35,13.8
木柵站,2026/06/24 17:00,56,細懸浮微粒,37.7,12,17,0.27,1.26,9.9
木柵站,2026/06/24 18:00,55,細懸浮微粒,33.3,11,10,0.26,0.96,9.6
木柵站,2026/06/24 19:00,56,細懸浮微粒,29.2,16,11,0.27,1.14,10
木柵站,2026/06/24 20:00,52,細懸浮微粒,28.5,7,21,0.21,0.64,6.7
木柵站,2026/06/24 21:00,51,細懸浮微粒,28.8,11,5,0.2,0.43,5
木柵站,2026/06/24 22:00,48,細懸浮微粒,25.1,9,18,0.2,0.56,6.2
木柵站,2026/06/24 23:00,42,細懸浮微粒,20.7,6,16,0.2,0.53,5.4
木柵站,2026/06/25 00:00,42,細懸浮微粒,18.7,9,17,0.34,0.84,5.8
木柵站,2026/06/25 01:00,41,細懸浮微粒,19.6,11,19,0.45,0.96,4.9
木柵站,2026/06/25 02:00,41,細懸浮微粒,19,11,12,0.38,1,5.2
木柵站,2026/06/25 03:00,40,細懸浮微粒,17.6,7,14,0.36,0.96,5.4
木柵站,2026/06/25 04:00,38,細懸浮微粒,11.6,7,20,0.36,0.52,8
木柵站,2026/06/25 05:00,36,細懸浮微粒,12.4,8,37,0.38,0.53,9.6
木柵站,2026/06/25 06:00,36,細懸浮微粒,11.6,12,23,0.46,0.94,12.1
木柵站,2026/06/25 07:00,37,細懸浮微粒,10.9,10,13,0.52,0.91,14.6
木柵站,2026/06/25 08:00,37,細懸浮微粒,17.4,8,10,0.36,0.64,12.1
木柵站,2026/06/25 09:00,36,細懸浮微粒,16.5,7,3,0.34,0.33,14.7
木柵站,2026/06/25 10:00,38,二氧化氮小時值,21.9,6,3,0.31,0.58,15.9
木柵站,2026/06/25 11:00,40,二氧化氮小時值,25.6,4,3,0.34,0.76,16.7
木柵站,2026/06/25 12:00,30,二氧化氮小時值,39.4,-,-,0.26,0.62,12.7
木柵站,2026/06/25 13:00,46,懸浮微粒,-,15,97,-,-,-
木柵站,2026/06/25 14:00,52,懸浮微粒,-,14,24,0.37,0.95,9.2
木柵站,2026/06/25 15:00,56,懸浮微粒,25.7,11,21,0.38,0.94,11.1
木柵站,2026/06/25 16:00,49,懸浮微粒,28.8,6,7,0.33,0.21,10.9
木柵站,2026/06/25 17:00,35,細懸浮微粒,24.8,3,4,0.13,0.1,8.3
木柵站,2026/06/25 18:00,29,細懸浮微粒,23,5,5,0.12,0.35,6
木柵站,2026/06/25 19:00,26,二氧化氮小時值,20.5,3,12,0.16,0.54,10.8
木柵站,2026/06/25 20:00,23,臭氧8小時,24.4,1,6,0.14,0.43,7.9
木柵站,2026/06/25 21:00,23,臭氧8小時,26.3,1,3,0.13,0.54,7.1
木柵站,2026/06/25 22:00,23,臭氧8小時,26.9,1,3,0.11,0.5,6.3
木柵站,2026/06/25 23:00,23,臭氧8小時,23.7,1,3,0.12,0.43,6.7
木柵站,2026/06/26 00:00,22,臭氧8小時,19.7,4,6,0.34,0.38,9
木柵站,2026/06/26 01:00,21,臭氧8小時,20.9,5,5,0.45,0.43,6.3
木柵站,2026/06/26 02:00,22,臭氧8小時,27,4,9,0.42,0.51,5.1
木柵站,2026/06/26 03:00,22,臭氧8小時,23.4,5,-,0.36,0.53,5.2
木柵站,2026/06/26 04:00,22,臭氧8小時,21.6,5,3,0.37,0.4,6.6
木柵站,2026/06/26 05:00,25,二氧化氮小時值,20.5,1,3,0.33,0.53,10.3
木柵站,2026/06/26 06:00,53,懸浮微粒,21.4,1,138,0.33,0.59,7.9
木柵站,2026/06/26 07:00,46,二氧化氮小時值,12.8,1,3,0.37,0.59,19.4
木柵站,2026/06/26 08:00,44,懸浮微粒,16.5,1,3,0.39,0.28,10.7
木柵站,2026/06/26 09:00,32,二氧化氮小時值,15.1,1,3,0.4,0.33,13.6
木柵站,2026/06/26 10:00,23,二氧化氮小時值,21,1,-,0.4,0.52,9.7
木柵站,2026/06/26 11:00,20,二氧化氮小時值,20.9,1,3,0.43,0.69,8.6
木柵站,2026/06/26 12:00,18,臭氧8小時,25,1,3,0.42,0.7,6.8
木柵站,2026/06/26 13:00,21,二氧化氮小時值,24.3,1,3,0.41,0.61,8.9
木柵站,2026/06/26 14:00,19,臭氧8小時,24.7,1,-,0.35,0.6,6.6
木柵站,2026/06/26 15:00,25,二氧化氮小時值,26.1,1,3,0.57,0.55,10.7
木柵站,2026/06/26 16:00,24,二氧化氮小時值,26.6,1,-,0.38,0.53,10.2
木柵站,2026/06/26 17:00,23,臭氧8小時,28.7,6,4,0.4,0.47,8.7
木柵站,2026/06/26 18:00,24,臭氧8小時,29,5,4,0.38,0.46,8
木柵站,2026/06/26 19:00,25,臭氧8小時,29.8,5,6,0.37,0.41,8.1
木柵站,2026/06/26 20:00,25,臭氧8小時,25.2,3,9,0.32,0.43,7.4
木柵站,2026/06/26 21:00,25,臭氧8小時,23,1,10,0.3,0.38,5.9
木柵站,2026/06/26 22:00,24,臭氧8小時,22.7,1,6,0.3,0.27,6.1
木柵站,2026/06/26 23:00,24,臭氧8小時,24.2,1,3,0.31,0.3,4.8
木柵站,2026/06/27 00:00,24,臭氧8小時,20.6,1,3,0.33,0.35,5.7
木柵站,2026/06/27 01:00,22,臭氧8小時,19.3,1,3,0.44,0.51,4.1
木柵站,2026/06/27 02:00,22,臭氧8小時,21.2,1,9,0.38,0.46,3.6
木柵站,2026/06/27 03:00,20,臭氧8小時,15.2,1,8,0.31,0.37,4.6
木柵站,2026/06/27 04:00,19,臭氧8小時,14.5,1,11,0.29,0.35,3.4
木柵站,2026/06/27 05:00,17,臭氧8小時,12.5,1,15,0.28,0.43,4.9
木柵站,2026/06/27 06:00,16,臭氧8小時,12.4,1,11,0.29,0.57,5.8
木柵站,2026/06/27 07:00,17,懸浮微粒,12.7,1,10,0.32,0.75,6.8
木柵站,2026/06/27 08:00,19,懸浮微粒,15.8,1,18,0.4,0.97,7.4
木柵站,2026/06/27 09:00,24,二氧化氮小時值,18,3,11,0.44,0.85,10.2
木柵站,2026/06/27 10:00,28,二氧化氮小時值,23.1,2,10,0.47,0.9,11.7
木柵站,2026/06/27 11:00,25,二氧化氮小時值,22.9,4,11,0.45,0.75,10.3
木柵站,2026/06/27 12:00,18,懸浮微粒,24.2,2,12,0.41,0.72,6.8
木柵站,2026/06/27 13:00,21,二氧化氮小時值,26.4,1,10,0.43,1.08,8.7
木柵站,2026/06/27 14:00,23,二氧化氮小時值,26.3,5,10,0.43,0.37,9.8
木柵站,2026/06/27 15:00,22,二氧化氮小時值,27.5,4,14,0.4,0.1,9.1
木柵站,2026/06/27 16:00,23,臭氧8小時,28.4,2,13,0.34,0.52,6.4
木柵站,2026/06/27 17:00,24,二氧化氮小時值,24,2,11,0.33,0.74,10.2
木柵站,2026/06/27 18:00,28,二氧化氮小時值,20.5,2,10,0.33,0.61,11.9
木柵站,2026/06/27 19:00,25,二氧化氮小時值,17.6,1,11,0.36,0.59,10.4
木柵站,2026/06/27 20:00,24,二氧化氮小時值,12.3,1,12,0.35,0.51,10.1
木柵站,2026/06/27 21:00,20,二氧化氮小時值,10,1,14,0.32,0.45,8.4
木柵站,2026/06/27 22:00,22,懸浮微粒,10.8,1,18,0.34,0.38,7.9
木柵站,2026/06/27 23:00,21,懸浮微粒,12.7,3,9,0.31,0.47,8.4
木柵站,2026/06/28 00:00,22,二氧化氮小時值,14.3,1,6,0.35,0.31,9.3
木柵站,2026/06/28 01:00,18,懸浮微粒,15.5,1,9,0.49,0.43,7.6
木柵站,2026/06/28 02:00,22,二氧化氮小時值,13.4,2,20,0.51,0.55,9.3
木柵站,2026/06/28 03:00,21,二氧化氮小時值,10.7,1,14,0.46,0.61,9
木柵站,2026/06/28 04:00,24,二氧化氮小時值,7.7,1,18,0.45,0.5,10.1
木柵站,2026/06/28 05:00,22,懸浮微粒,8.2,1,5,0.46,0.31,7.7
木柵站,2026/06/28 06:00,22,懸浮微粒,9.5,1,19,0.5,0.42,7.4
木柵站,2026/06/28 07:00,23,懸浮微粒,10.8,1,17,0.52,0.24,6.5
木柵站,2026/06/28 08:00,25,懸浮微粒,15.4,1,21,0.41,0.45,5.9
木柵站,2026/06/28 09:00,26,懸浮微粒,22.1,1,13,0.37,0.88,5.2
木柵站,2026/06/28 10:00,26,懸浮微粒,36.3,3,19,0.45,0.85,6.2
木柵站,2026/06/28 11:00,25,懸浮微粒,47.2,3,11,0.44,0.94,6.3
木柵站,2026/06/28 12:00,26,懸浮微粒,49.8,5,19,0.48,0.9,6.6
木柵站,2026/06/28 13:00,28,臭氧8小時,48.3,11,13,0.47,0.84,7.6
木柵站,2026/06/28 14:00,34,二氧化氮小時值,40.1,11,15,0.45,2.06,14.2
木柵站,2026/06/28 15:00,34,臭氧8小時,30.7,6,14,0.38,1.4,9.3
木柵站,2026/06/28 16:00,35,臭氧8小時,29.8,2,6,0.37,0.74,6.2
木柵站,2026/06/28 17:00,36,臭氧8小時,26.7,3,4,0.32,0.66,5.6
木柵站,2026/06/28 18:00,34,臭氧8小時,22.8,3,5,0.35,0.57,6.1
木柵站,2026/06/28 19:00,31,臭氧8小時,17.2,1,6,0.36,0.4,7.3
木柵站,2026/06/28 20:00,26,臭氧8小時,10.9,1,21,0.37,0.61,9.3
木柵站,2026/06/28 21:00,26,二氧化氮小時值,8.9,1,9,0.39,0.71,10.8
木柵站,2026/06/28 22:00,21,懸浮微粒,9.9,1,19,0.33,0.42,6.8
木柵站,2026/06/28 23:00,25,懸浮微粒,9.6,4,22,0.31,0.42,5.4
木柵站,2026/06/29 00:00,26,懸浮微粒,8.5,2,21,0.29,0.64,4.7
木柵站,2026/06/29 01:00,27,懸浮微粒,6.6,1,14,0.39,0.41,5.8
木柵站,2026/06/29 02:00,27,懸浮微粒,10.3,1,18,0.38,0.5,5.1
木柵站,2026/06/29 03:00,30,懸浮微粒,5.7,1,31,0.35,0.74,6.4
木柵站,2026/06/29 04:00,32,懸浮微粒,6.3,1,24,0.31,0.53,4.3
木柵站,2026/06/29 05:00,37,懸浮微粒,5.4,1,30,0.34,0.62,6.8
木柵站,2026/06/29 06:00,37,懸浮微粒,6.9,1,17,0.42,0.62,3.9
木柵站,2026/06/29 07:00,36,懸浮微粒,9.9,1,20,0.38,0.58,4.8
木柵站,2026/06/29 08:00,35,懸浮微粒,12.9,3,19,0.39,0.67,5.8
木柵站,2026/06/29 09:00,32,懸浮微粒,22.5,6,15,0.41,1.29,10
木柵站,2026/06/29 10:00,30,懸浮微粒,32,5,8,0.39,1.2,6.5
木柵站,2026/06/29 11:00,25,懸浮微粒,42.8,2,3,0.45,0.91,7.2
木柵站,2026/06/29 12:00,24,懸浮微粒,44.9,6,18,0.43,2.14,8.7
木柵站,2026/06/29 13:00,25,臭氧8小時,41.8,5,6,0.42,2.36,7
木柵站,2026/06/29 14:00,29,臭氧8小時,42.3,3,9,0.43,2,6.5
木柵站,2026/06/29 15:00,32,臭氧8小時,34.7,9,19,0.44,1.89,9.5
木柵站,2026/06/29 16:00,34,臭氧8小時,28.6,5,12,0.35,1.37,10
木柵站,2026/06/29 17:00,34,臭氧8小時,24.1,2,11,0.33,1.53,11.2
木柵站,2026/06/29 18:00,33,臭氧8小時,25.3,4,9,0.32,0.7,9.6
木柵站,2026/06/29 19:00,30,臭氧8小時,19.9,1,8,0.34,0.66,11
木柵站,2026/06/29 20:00,27,臭氧8小時,16.7,4,23,0.25,0.39,7.6
木柵站,2026/06/29 21:00,24,臭氧8小時,13.4,4,15,0.28,0.29,8.1
木柵站,2026/06/29 22:00,24,懸浮微粒,13,5,20,0.24,0.55,5.8
木柵站,2026/06/29 23:00,28,懸浮微粒,10.9,3,18,0.22,0.6,5.4
木柵站,2026/06/30 00:00,27,懸浮微粒,10.4,2,21,0.33,0.65,5.8
木柵站,2026/06/30 01:00,31,懸浮微粒,9.1,3,27,0.46,0.52,5.4
木柵站,2026/06/30 02:00,33,懸浮微粒,11.3,1,25,0.45,0.5,5.2
木柵站,2026/06/30 03:00,35,懸浮微粒,8.1,1,23,0.41,0.6,3.8
木柵站,2026/06/30 04:00,36,懸浮微粒,8.3,2,24,0.43,0.59,3.6
木柵站,2026/06/30 05:00,36,懸浮微粒,8.1,5,21,0.4,0.6,4.3
木柵站,2026/06/30 06:00,36,懸浮微粒,9.9,5,24,0.42,0.72,4.2
木柵站,2026/06/30 07:00,36,懸浮微粒,13.3,5,19,0.48,0.8,5.9
木柵站,2026/06/30 08:00,32,懸浮微粒,19.9,4,9,0.36,0.74,5
木柵站,2026/06/30 09:00,29,懸浮微粒,26.6,7,7,0.32,1.03,4.6
木柵站,2026/06/30 10:00,25,懸浮微粒,40.2,5,9,0.37,0.82,5.9
木柵站,2026/06/30 11:00,29,懸浮微粒,63.4,6,32,0.47,1.69,10.4
木柵站,2026/06/30 12:00,32,懸浮微粒,55.1,9,23,0.42,2.58,9.3
木柵站,2026/06/30 13:00,33,懸浮微粒,43,11,16,0.36,1.33,6.5
木柵站,2026/06/30 14:00,35,臭氧8小時,39.5,9,14,0.35,0.83,5.8
木柵站,2026/06/30 15:00,37,臭氧8小時,28.2,5,9,0.36,0.99,9.9
木柵站,2026/06/30 16:00,36,臭氧8小時,16,4,3,0.32,0.55,8.3
木柵站,2026/06/30 17:00,35,臭氧8小時,15.5,5,3,0.32,0.75,9.8
木柵站,2026/06/30 18:00,32,臭氧8小時,18.8,4,8,0.31,0.69,10.5
木柵站,2026/06/30 19:00,27,臭氧8小時,19,4,13,0.27,0.63,7.2
木柵站,2026/06/30 20:00,23,臭氧8小時,16.6,5,13,0.27,0.52,8.2
木柵站,2026/06/30 21:00,28,二氧化氮小時值,11.8,6,21,0.35,0.41,11.9
木柵站,2026/06/30 22:00,27,懸浮微粒,10.7,7,22,0.35,0.53,9.3
木柵站,2026/06/30 23:00,26,懸浮微粒,7.8,5,17,0.31,0.44,8.7
木柵站,2026/07/01 00:00,28,懸浮微粒,7.9,5,22,0.35,0.36,7.1
木柵站,2026/07/01 01:00,30,懸浮微粒,8,9,25,0.47,0.51,8.5
木柵站,2026/07/01 02:00,31,懸浮微粒,10.3,5,23,0.41,0.4,7.2
木柵站,2026/07/01 03:00,32,懸浮微粒,7,3,19,0.38,0.56,6.8
木柵站,2026/07/01 04:00,32,懸浮微粒,5.3,3,19,0.37,0.58,7.8
木柵站,2026/07/01 05:00,32,懸浮微粒,5.9,3,19,0.4,0.58,6.9
木柵站,2026/07/01 06:00,32,懸浮微粒,7.4,6,20,0.39,0.61,5.6
木柵站,2026/07/01 07:00,32,懸浮微粒,13,8,18,0.43,0.46,5.2
木柵站,2026/07/01 08:00,32,懸浮微粒,20.7,5,17,0.34,0.79,6.3
木柵站,2026/07/01 09:00,31,懸浮微粒,27.6,3,15,0.37,1.18,6.8
木柵站,2026/07/01 10:00,29,懸浮微粒,36.7,5,13,0.37,1.16,7.4
木柵站,2026/07/01 11:00,28,懸浮微粒,47.9,10,15,0.39,2.14,7.8
木柵站,2026/07/01 12:00,31,懸浮微粒,55,16,30,0.4,2.28,7.7
木柵站,2026/07/01 13:00,33,懸浮微粒,57.9,3,22,0.42,1.66,9.2
木柵站,2026/07/01 14:00,36,臭氧8小時,54.4,7,9,0.44,1.49,7.2
木柵站,2026/07/01 15:00,40,臭氧8小時,44.7,9,13,0.4,1.45,10.4
木柵站,2026/07/01 16:00,42,臭氧8小時,40.5,8,13,0.34,2.49,9.7
木柵站,2026/07/01 17:00,43,臭氧8小時,33.2,5,10,0.34,1.53,8.9
木柵站,2026/07/01 18:00,42,臭氧8小時,27.3,3,11,0.33,1.28,8.8
木柵站,2026/07/01 19:00,39,臭氧8小時,26.4,8,11,0.33,1.16,8.5
木柵站,2026/07/01 20:00,35,臭氧8小時,14.8,6,13,0.3,0.71,7.7
木柵站,2026/07/01 21:00,29,臭氧8小時,8.9,6,18,0.26,0.45,7
木柵站,2026/07/01 22:00,26,細懸浮微粒,7.8,3,16,0.26,0.48,6.8
木柵站,2026/07/01 23:00,25,懸浮微粒,7.1,3,15,0.23,0.66,6.5
木柵站,2026/07/02 00:00,25,懸浮微粒,7.1,2,14,0.29,0.79,6.6
木柵站,2026/07/02 01:00,26,懸浮微粒,8.5,1,23,0.44,0.64,5.1
木柵站,2026/07/02 02:00,27,懸浮微粒,11.3,7,18,0.39,0.55,6.9
木柵站,2026/07/02 03:00,29,懸浮微粒,9.3,5,22,0.36,0.55,6.2
木柵站,2026/07/02 04:00,29,懸浮微粒,7.8,4,15,0.35,0.42,6.3
木柵站,2026/07/02 05:00,29,懸浮微粒,6.8,2,20,0.36,0.55,8.5
木柵站,2026/07/02 06:00,32,懸浮微粒,7.5,2,25,0.41,0.55,8
木柵站,2026/07/02 07:00,32,懸浮微粒,10.8,3,21,0.44,0.47,7.2
木柵站,2026/07/02 08:00,32,懸浮微粒,20.4,7,15,0.42,0.68,8.6
木柵站,2026/07/02 09:00,32,懸浮微粒,35.3,8,18,0.45,1.09,10.1
木柵站,2026/07/02 10:00,33,懸浮微粒,41.3,6,25,0.41,2.9,11.1
木柵站,2026/07/02 11:00,32,懸浮微粒,43.3,13,17,0.38,3.42,8.7
木柵站,2026/07/02 12:00,32,懸浮微粒,39.1,9,15,0.36,4.43,7.8
木柵站,2026/07/02 13:00,32,懸浮微粒,36.2,7,19,0.38,2.98,9
木柵站,2026/07/02 14:00,33,懸浮微粒,54.5,10,29,0.46,2.07,8.8
木柵站,2026/07/02 15:00,37,臭氧8小時,46,8,20,0.41,1.85,10
木柵站,2026/07/02 16:00,42,二氧化氮小時值,31.9,7,22,0.38,1.6,17.6
木柵站,2026/07/02 17:00,38,臭氧8小時,37.8,5,9,0.31,0.49,6
木柵站,2026/07/02 18:00,37,臭氧8小時,30.2,3,9,0.29,0.66,9
木柵站,2026/07/02 19:00,34,臭氧8小時,22.1,5,12,0.26,0.37,7.2
木柵站,2026/07/02 20:00,32,臭氧8小時,15.7,4,15,0.28,0.5,8.2
木柵站,2026/07/02 21:00,29,臭氧8小時,14.8,12,23,0.27,0.66,7.2
木柵站,2026/07/02 22:00,30,懸浮微粒,15.5,7,24,0.28,0.65,6
木柵站,2026/07/02 23:00,33,懸浮微粒,11.9,8,23,0.27,0.6,7
木柵站,2026/07/03 00:00,34,懸浮微粒,10.7,6,20,0.36,0.7,6.3
木柵站,2026/07/03 01:00,34,懸浮微粒,9.6,8,22,0.46,0.58,5.7
木柵站,2026/07/03 02:00,33,懸浮微粒,13.2,5,20,0.41,0.45,4.8
木柵站,2026/07/03 03:00,31,懸浮微粒,9.2,6,16,0.35,0.54,4.9
木柵站,2026/07/03 04:00,33,懸浮微粒,9.2,6,27,0.33,0.65,6.5
木柵站,2026/07/03 05:00,34,懸浮微粒,7.8,4,23,0.35,0.8,6.8
木柵站,2026/07/03 06:00,35,懸浮微粒,8.8,3,20,0.38,0.51,6.9
木柵站,2026/07/03 07:00,36,懸浮微粒,15.4,3,18,0.42,0.49,5.3
木柵站,2026/07/03 08:00,33,懸浮微粒,22.8,6,15,0.4,0.95,5.7
木柵站,2026/07/03 09:00,30,懸浮微粒,30.7,5,12,0.38,1.21,6.2
木柵站,2026/07/03 10:00,27,懸浮微粒,41.1,6,11,0.39,0.96,6.2
木柵站,2026/07/03 11:00,27,懸浮微粒,51.5,7,18,0.41,0.81,6
木柵站,2026/07/03 12:00,31,懸浮微粒,61,9,29,0.47,0.92,7.3
木柵站,2026/07/03 13:00,32,懸浮微粒,43.5,6,-,0.42,0.7,7.5
木柵站,2026/07/03 14:00,35,臭氧8小時,37.1,5,21,0.44,0.89,8.5
木柵站,2026/07/03 15:00,36,臭氧8小時,26.1,3,20,0.41,0.66,9.4
木柵站,2026/07/03 16:00,36,臭氧8小時,24.1,3,13,0.44,0.72,10.5
木柵站,2026/07/03 17:00,37,臭氧8小時,31.4,8,14,0.43,1.17,9.8
木柵站,2026/07/03 18:00,35,臭氧8小時,24.2,8,13,0.38,1.55,8.1
木柵站,2026/07/03 19:00,31,臭氧8小時,17.3,6,9,0.39,1.07,9.3
木柵站,2026/07/03 20:00,28,細懸浮微粒,13.3,8,21,0.37,0.69,9.1
木柵站,2026/07/03 21:00,29,懸浮微粒,12.6,8,24,0.35,0.56,8.1
木柵站,2026/07/03 22:00,31,懸浮微粒,11.8,4,21,0.37,0.59,7.8
木柵站,2026/07/03 23:00,33,懸浮微粒,8.9,5,20,0.41,0.67,9.6
木柵站,2026/07/04 00:00,32,懸浮微粒,7.7,5,19,0.38,0.71,7.5
木柵站,2026/07/04 01:00,30,懸浮微粒,8.3,3,14,0.45,0.42,6.5
木柵站,2026/07/04 02:00,29,懸浮微粒,11.4,4,19,0.44,0.59,6.5
木柵站,2026/07/04 03:00,29,懸浮微粒,7.2,4,17,0.4,0.83,7.1
木柵站,2026/07/04 04:00,29,懸浮微粒,6.8,4,18,0.38,0.48,7.1
木柵站,2026/07/04 05:00,31,懸浮微粒,6.4,5,23,0.37,0.53,8.1
木柵站,2026/07/04 06:00,33,懸浮微粒,7.2,5,23,0.44,0.68,7
木柵站,2026/07/04 07:00,34,懸浮微粒,12.2,5,20,0.44,0.55,6.5
木柵站,2026/07/04 08:00,34,懸浮微粒,19.9,4,18,0.36,0.96,5.1
木柵站,2026/07/04 09:00,30,懸浮微粒,31.1,5,8,0.39,0.94,4.8
木柵站,2026/07/04 10:00,26,懸浮微粒,41.6,8,11,0.39,0.71,5.8
木柵站,2026/07/04 11:00,27,懸浮微粒,49.1,5,21,0.41,0.69,6
木柵站,2026/07/04 12:00,29,懸浮微粒,62.3,9,28,0.49,1.22,9.6
木柵站,2026/07/04 13:00,37,懸浮微粒,58.5,9,37,0.46,2.41,13.1
木柵站,2026/07/04 14:00,42,懸浮微粒,53.9,15,29,0.41,3.63,9.4
木柵站,2026/07/04 15:00,42,臭氧8小時,50.3,13,19,0.43,2.92,9.9
木柵站,2026/07/04 16:00,45,臭氧8小時,45.4,9,18,0.38,2.08,10.6
木柵站,2026/07/04 17:00,47,臭氧8小時,41.2,5,15,0.38,2.24,12.2
木柵站,2026/07/04 18:00,46,臭氧8小時,32.9,6,19,0.37,2.19,13.8
木柵站,2026/07/04 19:00,43,臭氧8小時,27.4,11,20,0.38,2.34,15.5
木柵站,2026/07/04 20:00,39,臭氧8小時,24.9,13,18,0.37,2.5,15.1
木柵站,2026/07/04 21:00,38,細懸浮微粒,16.9,8,26,0.34,1.39,12.6
木柵站,2026/07/04 22:00,40,懸浮微粒,12.3,6,35,0.27,0.71,9
木柵站,2026/07/04 23:00,39,懸浮微粒,7.5,3,15,0.27,0.48,8.4
木柵站,2026/07/05 00:00,37,懸浮微粒,7.3,1,15,0.33,0.58,8.8
木柵站,2026/07/05 01:00,35,懸浮微粒,7.4,1,20,0.41,0.46,6.9
木柵站,2026/07/05 02:00,30,懸浮微粒,11.2,1,16,0.39,0.51,6.3
木柵站,2026/07/05 03:00,30,懸浮微粒,7,3,17,0.35,0.67,6.1
木柵站,2026/07/05 04:00,31,懸浮微粒,6.2,4,18,0.33,0.73,5.7
木柵站,2026/07/05 05:00,34,懸浮微粒,5.1,4,28,0.38,0.87,6.8
木柵站,2026/07/05 06:00,34,懸浮微粒,7,3,19,0.4,0.75,4.7
木柵站,2026/07/05 07:00,33,懸浮微粒,8.7,4,14,0.37,0.52,5.2
木柵站,2026/07/05 08:00,32,懸浮微粒,11.9,4,15,0.43,0.59,5.9
木柵站,2026/07/05 09:00,31,懸浮微粒,20.8,6,24,0.45,0.56,7.9
木柵站,2026/07/05 10:00,29,懸浮微粒,32.1,8,13,0.46,0.73,5.7
木柵站,2026/07/05 11:00,28,懸浮微粒,34.2,5,12,0.4,0.63,4.1
木柵站,2026/07/05 12:00,27,懸浮微粒,42.5,3,10,0.46,0.88,5.9
木柵站,2026/07/05 13:00,25,懸浮微粒,47.3,10,18,0.45,1.39,7.4
木柵站,2026/07/05 14:00,29,臭氧8小時,49.7,7,26,0.45,1.79,8.4
木柵站,2026/07/05 15:00,33,臭氧8小時,46.7,5,16,0.44,1.46,8.8
木柵站,2026/07/05 16:00,36,臭氧8小時,35.7,6,14,0.42,1.96,12.1
木柵站,2026/07/05 17:00,37,臭氧8小時,29.5,8,8,0.39,2.23,10.8
木柵站,2026/07/05 18:00,36,臭氧8小時,23.8,9,8,0.35,0.91,8
木柵站,2026/07/05 19:00,34,臭氧8小時,18.7,6,25,0.34,0.55,6.8
木柵站,2026/07/05 20:00,31,臭氧8小時,15.9,8,25,0.34,0.5,6.3
木柵站,2026/07/05 21:00,29,懸浮微粒,13.9,6,17,0.32,0.67,7.3
木柵站,2026/07/05 22:00,31,懸浮微粒,13.4,9,16,0.32,0.78,5.7
木柵站,2026/07/05 23:00,30,懸浮微粒,9.1,5,19,0.34,0.85,7.1
木柵站,2026/07/06 00:00,29,懸浮微粒,7.6,5,17,0.4,0.64,8
木柵站,2026/07/06 01:00,31,懸浮微粒,7.5,5,24,0.44,0.52,5.5
木柵站,2026/07/06 02:00,32,懸浮微粒,11.7,6,24,0.43,0.58,5
木柵站,2026/07/06 03:00,34,懸浮微粒,6.6,5,24,0.37,0.55,5.3
木柵站,2026/07/06 04:00,36,懸浮微粒,6.8,4,24,0.38,0.6,4.9
木柵站,2026/07/06 05:00,36,懸浮微粒,6,8,20,0.36,0.65,5.1
木柵站,2026/07/06 06:00,37,懸浮微粒,6.9,6,25,0.42,0.68,5.5
木柵站,2026/07/06 07:00,37,懸浮微粒,10.5,7,21,0.42,0.9,4.9
木柵站,2026/07/06 08:00,35,懸浮微粒,18.8,8,18,0.44,0.9,5.6
木柵站,2026/07/06 09:00,34,懸浮微粒,27,7,16,0.46,0.84,7.9
木柵站,2026/07/06 10:00,32,懸浮微粒,36.4,3,17,0.45,0.9,6.4
木柵站,2026/07/06 11:00,31,懸浮微粒,49.3,16,15,0.49,0.94,7.2
木柵站,2026/07/06 12:00,34,細懸浮微粒,58.2,12,26,0.54,1.62,11
木柵站,2026/07/06 13:00,35,細懸浮微粒,53.3,9,20,0.49,3.43,11.1
木柵站,2026/07/06 14:00,42,細懸浮微粒,47,14,18,0.45,2.96,10.6
木柵站,2026/07/06 15:00,40,細懸浮微粒,42.9,10,19,0.43,1.72,9.4
木柵站,2026/07/06 16:00,40,臭氧8小時,34.8,8,19,0.34,1.5,10.1
木柵站,2026/07/06 17:00,40,臭氧8小時,27.7,6,13,0.32,2,11.4
木柵站,2026/07/06 18:00,39,臭氧8小時,26.7,3,13,0.33,1.93,12.1
木柵站,2026/07/06 19:00,36,臭氧8小時,22.7,9,9,0.32,1.58,12.2
木柵站,2026/07/06 20:00,32,臭氧8小時,17.3,6,19,0.3,1,10.7
木柵站,2026/07/06 21:00,27,懸浮微粒,9.9,3,21,0.27,0.31,9.3
木柵站,2026/07/06 22:00,29,懸浮微粒,9.8,3,21,0.24,0.45,7.2
木柵站,2026/07/06 23:00,30,懸浮微粒,9.7,3,12,0.26,0.6,6.9
木柵站,2026/07/07 00:00,28,懸浮微粒,8.2,3,14,0.36,0.88,7.3
木柵站,2026/07/07 01:00,26,懸浮微粒,7.6,2,14,0.47,0.86,5.3
木柵站,2026/07/07 02:00,24,懸浮微粒,11.3,1,13,0.5,0.49,5
木柵站,2026/07/07 03:00,27,懸浮微粒,7.3,6,24,0.46,0.39,6.4
木柵站,2026/07/07 04:00,29,懸浮微粒,5.7,5,22,0.45,0.58,7.3
木柵站,2026/07/07 05:00,32,懸浮微粒,6,4,26,0.42,0.74,6.5
木柵站,2026/07/07 06:00,35,懸浮微粒,6.5,4,22,0.44,0.69,6.2
木柵站,2026/07/07 07:00,32,懸浮微粒,9.1,3,12,0.45,0.55,6.1
木柵站,2026/07/07 08:00,33,懸浮微粒,16.6,6,24,0.45,0.74,7.4
木柵站,2026/07/07 09:00,32,懸浮微粒,29.3,10,19,0.47,0.76,7.7
木柵站,2026/07/07 10:00,32,懸浮微粒,41.7,7,23,0.57,0.82,10.3
木柵站,2026/07/07 11:00,34,懸浮微粒,47.2,13,20,0.58,1.3,13.1
木柵站,2026/07/07 12:00,38,懸浮微粒,58.8,14,35,0.53,1.74,10.9
木柵站,2026/07/07 13:00,39,懸浮微粒,67.9,13,22,0.51,2.85,8.4
木柵站,2026/07/07 14:00,43,細懸浮微粒,54.6,12,31,0.49,1.87,7.7
木柵站,2026/07/07 15:00,44,懸浮微粒,48.4,-,-,0.47,2.28,9.9
木柵站,2026/07/07 16:00,44,臭氧8小時,35.3,9,13,0.4,1.33,11.6
木柵站,2026/07/07 17:00,46,臭氧8小時,40,7,20,0.38,1.24,8.4
木柵站,2026/07/07 18:00,45,臭氧8小時,39.9,8,24,0.31,1.34,7.1
木柵站,2026/07/07 19:00,43,臭氧8小時,29.1,9,26,0.33,1.19,8.3
木柵站,2026/07/07 20:00,41,細懸浮微粒,26.8,15,30,0.32,0.72,6.8
木柵站,2026/07/07 21:00,45,細懸浮微粒,20.5,14,27,0.32,0.46,9
木柵站,2026/07/07 22:00,50,細懸浮微粒,16.6,15,23,0.34,0.43,9.3
木柵站,2026/07/07 23:00,49,細懸浮微粒,15.3,8,20,0.33,0.47,7.1
木柵站,2026/07/08 00:00,43,細懸浮微粒,14.6,6,22,0.35,0.27,5.8
木柵站,2026/07/08 01:00,41,細懸浮微粒,15.1,11,20,0.42,0.51,5.9
木柵站,2026/07/08 02:00,40,細懸浮微粒,15.5,12,22,0.41,0.27,5.4
木柵站,2026/07/08 03:00,41,細懸浮微粒,11.5,11,22,0.39,0.34,4.6
木柵站,2026/07/08 04:00,45,細懸浮微粒,8.2,13,25,0.37,0.71,5.6
木柵站,2026/07/08 05:00,45,細懸浮微粒,6.3,9,24,0.41,0.75,6.4
木柵站,2026/07/08 06:00,41,細懸浮微粒,8.1,5,23,0.42,0.3,5.6
木柵站,2026/07/08 07:00,38,懸浮微粒,11.2,2,20,0.43,0.56,6.9
木柵站,2026/07/08 08:00,38,懸浮微粒,22.6,3,23,0.34,0.88,7.6
木柵站,2026/07/08 09:00,35,懸浮微粒,35,3,15,0.39,0.75,9.7
木柵站,2026/07/08 10:00,35,懸浮微粒,46,5,23,0.38,1.06,10
木柵站,2026/07/08 11:00,36,懸浮微粒,62.2,14,25,0.43,1.3,10.5
木柵站,2026/07/08 12:00,36,懸浮微粒,51.5,9,22,0.37,1.85,10.2
木柵站,2026/07/08 13:00,38,懸浮微粒,51.7,8,23,0.35,1.61,8.4
木柵站,2026/07/08 14:00,38,臭氧8小時,44.4,5,16,0.32,1.65,8.3
木柵站,2026/07/08 15:00,41,臭氧8小時,43.6,1,22,0.35,1.51,9.4
木柵站,2026/07/08 16:00,44,臭氧8小時,44.6,4,12,0.37,1.18,9.1
木柵站,2026/07/08 17:00,44,臭氧8小時,38.3,7,13,0.38,1.1,14.5
木柵站,2026/07/08 18:00,43,臭氧8小時,31.2,5,16,0.37,0.72,8.3
木柵站,2026/07/08 19:00,39,臭氧8小時,31.5,8,19,0.32,0.55,6.4
木柵站,2026/07/08 20:00,36,臭氧8小時,28.9,8,22,0.32,1.01,6.7
木柵站,2026/07/08 21:00,33,臭氧8小時,26.8,9,16,0.29,0.82,6.6
木柵站,2026/07/08 22:00,32,臭氧8小時,28.1,7,19,0.27,0.76,5.3
木柵站,2026/07/08 23:00,32,懸浮微粒,25.7,10,22,0.26,0.74,4.7
木柵站,2026/07/09 00:00,31,細懸浮微粒,23.1,9,17,0.39,0.63,5.6
木柵站,2026/07/09 01:00,33,細懸浮微粒,23.3,12,17,0.46,0.64,3.7
木柵站,2026/07/09 02:00,38,細懸浮微粒,20.6,13,16,0.46,0.46,4.9
木柵站,2026/07/09 03:00,42,細懸浮微粒,15.7,14,15,0.37,0.54,5.8
木柵站,2026/07/09 04:00,44,細懸浮微粒,14.9,10,20,0.37,0.53,4.4
木柵站,2026/07/09 05:00,42,細懸浮微粒,12.9,8,14,0.37,0.36,7.1
木柵站,2026/07/09 06:00,40,細懸浮微粒,13,9,17,0.41,0.55,8.6
木柵站,2026/07/09 07:00,38,細懸浮微粒,17.3,9,21,0.5,0.84,6.6
木柵站,2026/07/09 08:00,40,細懸浮微粒,25.6,13,28,0.52,1,11.5
木柵站,2026/07/09 09:00,45,細懸浮微粒,39.4,15,24,0.62,1.29,11.6
木柵站,2026/07/09 10:00,48,細懸浮微粒,-,13,35,-,-,-
木柵站,2026/07/09 11:00,48,細懸浮微粒,40.8,9,12,0.46,1.99,8.6
木柵站,2026/07/09 12:00,44,細懸浮微粒,33.7,6,12,0.36,2.22,6.9
木柵站,2026/07/09 13:00,35,細懸浮微粒,32,1,9,0.35,1.58,4.1
木柵站,2026/07/09 14:00,29,臭氧8小時,27.5,1,5,0.36,1.44,4.7
木柵站,2026/07/09 15:00,30,臭氧8小時,25.9,3,3,0.36,1.73,4.9
木柵站,2026/07/09 16:00,29,臭氧8小時,20.1,3,3,0.25,1.86,6.3
木柵站,2026/07/09 17:00,26,臭氧8小時,18.1,3,3,0.17,0.4,3.7
木柵站,2026/07/09 18:00,25,臭氧8小時,17,1,5,0.16,0.61,6.4
木柵站,2026/07/09 19:00,22,臭氧8小時,14.3,6,4,0.15,0.69,6.4
木柵站,2026/07/09 20:00,19,臭氧8小時,13,6,3,0.19,1.01,6.2
木柵站,2026/07/09 21:00,19,細懸浮微粒,11.2,5,4,0.15,1,6.9
木柵站,2026/07/09 22:00,19,細懸浮微粒,12.7,4,9,0.09,0.57,3.8
木柵站,2026/07/09 23:00,15,細懸浮微粒,11,1,11,0.08,0.29,4.5
木柵站,2026/07/10 00:00,13,懸浮微粒,11.1,1,14,0.21,0.27,3.6
木柵站,2026/07/10 01:00,15,懸浮微粒,10.1,1,13,0.38,0.45,2.9
木柵站,2026/07/10 02:00,16,懸浮微粒,13.3,1,12,0.27,0.41,2.2
木柵站,2026/07/10 03:00,17,懸浮微粒,9.6,4,12,0.19,0.25,2.5
木柵站,2026/07/10 04:00,19,懸浮微粒,7.7,3,17,0.18,0.34,3.3
木柵站,2026/07/10 05:00,19,懸浮微粒,7.4,2,11,0.19,0.3,4
木柵站,2026/07/10 06:00,21,懸浮微粒,7.9,4,17,0.21,0.41,3.4
木柵站,2026/07/10 07:00,22,懸浮微粒,8.4,2,13,0.22,0.59,2.8
木柵站,2026/07/10 08:00,21,懸浮微粒,11.5,1,11,0.26,0.51,2.4
木柵站,2026/07/10 09:00,24,懸浮微粒,12.8,1,22,0.26,0.47,2.6
木柵站,2026/07/10 10:00,25,懸浮微粒,14.9,5,19,0.26,0.89,2.5
木柵站,2026/07/10 11:00,30,懸浮微粒,14.4,4,27,0.28,0.73,2.5
木柵站,2026/07/10 12:00,33,懸浮微粒,14.3,1,23,0.28,0.57,2
木柵站,2026/07/10 13:00,32,懸浮微粒,17.6,1,16,0.26,0.63,1.6
木柵站,2026/07/10 14:00,34,懸浮微粒,13.9,1,25,0.27,0.44,1.4
木柵站,2026/07/10 15:00,37,懸浮微粒,13.5,4,34,0.26,0.51,2.4
木柵站,2026/07/10 16:00,37,懸浮微粒,15.9,4,23,0.24,0.56,2.4
木柵站,2026/07/10 17:00,51,懸浮微粒,17.4,5,65,0.18,0.63,1.9
木柵站,2026/07/10 18:00,51,懸浮微粒,14.9,5,22,0.2,0.58,1.8
木柵站,2026/07/10 19:00,49,懸浮微粒,15.4,4,22,0.19,0.43,2.7
木柵站,2026/07/10 20:00,51,懸浮微粒,15.5,6,28,0.19,0.62,2.4
木柵站,2026/07/10 21:00,42,懸浮微粒,18.4,6,21,0.2,0.55,2.2
木柵站,2026/07/10 22:00,42,懸浮微粒,18,4,22,0.19,0.59,2.7
木柵站,2026/07/10 23:00,42,懸浮微粒,18.5,2,24,0.17,0.58,2.4
木柵站,2026/07/11 00:00,39,懸浮微粒,19.7,1,15,0.24,0.66,1.9
木柵站,2026/07/11 01:00,37,懸浮微粒,19.8,1,13,0.35,0.56,1.7
木柵站,2026/07/11 02:00,35,懸浮微粒,23.6,9,14,0.29,0.52,1.7
木柵站,2026/07/11 03:00,31,懸浮微粒,20.6,4,13,0.25,0.55,1.1
木柵站,2026/07/11 04:00,32,懸浮微粒,19.8,1,20,0.24,0.45,1.2
木柵站,2026/07/11 05:00,25,懸浮微粒,19.7,1,3,0.24,0.52,0.9
木柵站,2026/07/11 06:00,22,懸浮微粒,19.4,1,3,0.25,0.47,1.2
木柵站,2026/07/11 07:00,19,臭氧8小時,20,1,3,0.25,0.65,1.8
木柵站,2026/07/11 08:00,19,臭氧8小時,19.5,1,3,0.25,0.44,2.5
木柵站,2026/07/11 09:00,19,臭氧8小時,20.8,1,3,0.24,0.55,2.3
木柵站,2026/07/11 10:00,19,臭氧8小時,21.1,1,3,0.23,0.6,1.6
木柵站,2026/07/11 11:00,19,臭氧8小時,21.3,1,3,0.23,0.62,1.4
木柵站,2026/07/11 12:00,19,臭氧8小時,20.3,1,3,0.24,0.42,1.3
木柵站,2026/07/11 13:00,19,臭氧8小時,20.9,1,3,0.23,0.27,1.2
木柵站,2026/07/11 14:00,19,臭氧8小時,20.6,1,3,0.23,0.39,1
木柵站,2026/07/11 15:00,19,臭氧8小時,20.9,1,4,0.24,0.37,2.1
木柵站,2026/07/11 16:00,19,臭氧8小時,22,1,4,0.29,0.38,1.8
木柵站,2026/07/11 17:00,20,臭氧8小時,24.3,1,3,0.29,0.38,2.3
木柵站,2026/07/11 18:00,20,臭氧8小時,25.3,1,3,0.28,0.5,1.4
木柵站,2026/07/11 19:00,20,臭氧8小時,22.7,1,3,0.27,0.66,0.9
木柵站,2026/07/11 20:00,21,臭氧8小時,22.4,1,3,0.28,0.42,1.5
木柵站,2026/07/11 21:00,21,臭氧8小時,22.5,1,3,0.28,0.38,0.7
木柵站,2026/07/11 22:00,21,臭氧8小時,21.4,1,3,0.31,0.53,1.6
木柵站,2026/07/11 23:00,21,臭氧8小時,16.7,1,7,0.34,0.49,3.3
木柵站,2026/07/12 00:00,20,臭氧8小時,14.2,1,12,0.24,0.42,3.2
木柵站,2026/07/12 01:00,18,臭氧8小時,14.4,1,10,0.28,0.36,1.8
木柵站,2026/07/12 02:00,17,臭氧8小時,15.9,1,10,0.26,0.44,1.9
木柵站,2026/07/12 03:00,16,臭氧8小時,13.5,1,12,0.23,0.55,2.1
木柵站,2026/07/12 04:00,15,懸浮微粒,9.3,4,13,0.23,0.65,2.9
木柵站,2026/07/12 05:00,17,懸浮微粒,8.3,3,14,0.24,0.72,3.5
木柵站,2026/07/12 06:00,18,懸浮微粒,8.8,1,12,0.24,0.82,3.9
木柵站,2026/07/12 07:00,18,懸浮微粒,8.9,1,10,0.28,0.82,4.6
木柵站,2026/07/12 08:00,18,懸浮微粒,9.3,1,13,0.28,0.68,5
木柵站,2026/07/12 09:00,19,懸浮微粒,12.8,3,13,0.29,0.56,4.6
木柵站,2026/07/12 10:00,20,懸浮微粒,17.1,2,12,0.3,0.79,4.2
木柵站,2026/07/12 11:00,21,懸浮微粒,19.8,8,15,0.3,0.84,4.2
木柵站,2026/07/12 12:00,22,懸浮微粒,23.3,6,16,0.33,0.9,3.2
木柵站,2026/07/12 13:00,25,懸浮微粒,24.6,2,24,0.31,0.9,2.6
木柵站,2026/07/12 14:00,29,懸浮微粒,26.6,3,26,0.33,0.5,2.4
木柵站,2026/07/12 15:00,34,懸浮微粒,24.2,8,32,0.31,0.34,3.1
木柵站,2026/07/12 16:00,38,懸浮微粒,22.8,5,28,0.31,0.57,4.8
木柵站,2026/07/12 17:00,35,懸浮微粒,22.1,4,12,0.33,0.36,6.4
木柵站,2026/07/12 18:00,36,懸浮微粒,22.4,8,24,0.26,0.69,4.8
木柵站,2026/07/12 19:00,32,懸浮微粒,20.8,11,15,0.26,0.83,4.6
木柵站,2026/07/12 20:00,33,懸浮微粒,21.8,6,27,0.27,0.41,5.2
木柵站,2026/07/12 21:00,36,懸浮微粒,16.3,9,21,0.24,0.48,5.7
木柵站,2026/07/12 22:00,36,懸浮微粒,12.1,7,24,0.25,0.65,6.9
木柵站,2026/07/12 23:00,38,懸浮微粒,9,5,21,0.27,0.64,8.8
木柵站,2026/07/13 00:00,38,懸浮微粒,9.3,6,23,0.28,0.75,6.7
木柵站,2026/07/13 01:00,40,懸浮微粒,9.4,1,28,0.36,0.66,5.3
木柵站,2026/07/13 02:00,40,懸浮微粒,17.5,1,28,0.37,0.26,4.2
木柵站,2026/07/13 03:00,41,懸浮微粒,9.5,1,26,0.3,0.37,3.4
木柵站,2026/07/13 04:00,42,懸浮微粒,8,2,26,0.31,0.48,3.6
木柵站,2026/07/13 05:00,42,懸浮微粒,5.2,7,26,0.34,0.61,6.1
木柵站,2026/07/13 06:00,42,懸浮微粒,8.3,5,28,0.31,0.4,4
木柵站,2026/07/13 07:00,47,懸浮微粒,11.8,1,40,0.33,0.35,4.6
木柵站,2026/07/13 08:00,46,懸浮微粒,22.1,1,22,0.24,0.52,5.5
木柵站,2026/07/13 09:00,45,懸浮微粒,23.9,7,21,0.23,1.07,5.6
木柵站,2026/07/13 10:00,45,懸浮微粒,30.3,8,27,0.28,1.14,9
木柵站,2026/07/13 11:00,41,懸浮微粒,31.8,7,22,0.25,1.05,8.1
木柵站,2026/07/13 12:00,40,懸浮微粒,29.3,8,17,0.23,0.94,7.6
木柵站,2026/07/13 13:00,40,懸浮微粒,25.9,6,22,0.22,0.9,9.5
木柵站,2026/07/13 14:00,35,懸浮微粒,27.7,5,12,0.28,0.88,14.3
木柵站,2026/07/13 15:00,37,二氧化氮小時值,26.1,9,19,0.32,0.82,15.6
木柵站,2026/07/13 16:00,35,二氧化氮小時值,24.3,7,15,0.28,0.92,14.8
木柵站,2026/07/13 17:00,29,懸浮微粒,23.2,3,7,0.22,0.77,10.9
木柵站,2026/07/13 18:00,25,懸浮微粒,21.8,1,3,0.15,0.86,6.7
木柵站,2026/07/13 19:00,23,臭氧8小時,19.5,3,5,0.14,0.91,6.8
木柵站,2026/07/13 20:00,22,臭氧8小時,19.1,2,8,0.14,0.69,6.7
木柵站,2026/07/13 21:00,20,臭氧8小時,14.7,1,12,0.12,0.65,4.9
木柵站,2026/07/13 22:00,19,懸浮微粒,11.8,1,13,0.13,0.31,6.8
木柵站,2026/07/13 23:00,20,懸浮微粒,11.5,1,13,0.14,0.38,5.7
木柵站,2026/07/14 00:00,22,懸浮微粒,9.4,1,20,0.27,0.47,6.9
木柵站,2026/07/14 01:00,25,懸浮微粒,9.4,1,22,0.34,0.51,4.7
木柵站,2026/07/14 02:00,29,懸浮微粒,14.1,1,29,0.35,0.32,4.7
木柵站,2026/07/14 03:00,32,懸浮微粒,9,1,24,0.31,0.38,3.4
木柵站,2026/07/14 04:00,35,懸浮微粒,7.4,2,31,0.3,0.47,5.1
木柵站,2026/07/14 05:00,37,懸浮微粒,7.2,1,26,0.32,0.53,4.9
木柵站,2026/07/14 06:00,36,懸浮微粒,10.1,1,18,0.34,0.49,3.3
木柵站,2026/07/14 07:00,36,懸浮微粒,12.9,1,19,0.37,0.39,5.2
木柵站,2026/07/14 08:00,34,懸浮微粒,21.9,1,17,0.23,0.69,4.3
木柵站,2026/07/14 09:00,30,懸浮微粒,26.3,2,9,0.22,0.68,5.2
木柵站,2026/07/14 10:00,30,懸浮微粒,31.4,4,17,0.24,0.93,5.5
木柵站,2026/07/14 11:00,30,懸浮微粒,37.2,1,17,0.26,1.32,6.7
木柵站,2026/07/14 12:00,30,懸浮微粒,50,4,19,0.32,1.42,8.6
木柵站,2026/07/14 13:00,32,懸浮微粒,48.4,7,20,0.28,0.82,6.6
木柵站,2026/07/14 14:00,33,懸浮微粒,44.6,8,22,0.26,1.29,7.8
木柵站,2026/07/14 15:00,35,臭氧8小時,39.5,9,14,0.28,0.99,11.7
木柵站,2026/07/14 16:00,35,臭氧8小時,22.1,6,10,0.25,0.68,9.3
木柵站,2026/07/14 17:00,34,臭氧8小時,23.3,8,3,0.2,0.89,7.5
木柵站,2026/07/14 18:00,33,臭氧8小時,22.7,4,3,0.19,0.58,8.2
木柵站,2026/07/14 19:00,31,臭氧8小時,18.1,4,9,0.19,0.67,8.2
木柵站,2026/07/14 20:00,27,臭氧8小時,16,5,21,0.17,0.34,6.2
木柵站,2026/07/14 21:00,25,懸浮微粒,15.5,3,26,0.16,0.53,5.6
木柵站,2026/07/14 22:00,31,懸浮微粒,15.7,5,29,0.17,0.36,6.4
木柵站,2026/07/14 23:00,37,懸浮微粒,12,3,32,0.17,0.49,5.8
木柵站,2026/07/15 00:00,40,懸浮微粒,11,5,31,0.24,0.46,5
木柵站,2026/07/15 01:00,41,懸浮微粒,11.7,3,28,0.38,0.49,5
木柵站,2026/07/15 02:00,44,懸浮微粒,18,2,37,0.41,0.51,5.2
木柵站,2026/07/15 03:00,46,懸浮微粒,10.1,6,37,0.3,0.46,4
木柵站,2026/07/15 04:00,45,懸浮微粒,11.8,3,22,0.28,0.49,4.3
木柵站,2026/07/15 05:00,46,懸浮微粒,5.8,4,26,0.34,0.32,7.1
木柵站,2026/07/15 06:00,47,懸浮微粒,8.6,5,30,0.34,0.35,4.4
木柵站,2026/07/15 07:00,46,懸浮微粒,11.7,3,28,0.37,0.55,5.7
木柵站,2026/07/15 08:00,45,懸浮微粒,20.4,3,19,0.36,0.63,6.9
木柵站,2026/07/15 09:00,42,懸浮微粒,33.6,3,15,0.35,0.64,6.3
木柵站,2026/07/15 10:00,40,懸浮微粒,40.9,3,20,0.37,0.86,5.7
木柵站,2026/07/15 11:00,36,懸浮微粒,46.2,8,17,0.35,0.93,5.5
木柵站,2026/07/15 12:00,38,懸浮微粒,60,10,27,0.47,1.25,11
木柵站,2026/07/15 13:00,37,懸浮微粒,48.9,11,17,0.4,2.93,9.7
木柵站,2026/07/15 14:00,36,懸浮微粒,43.4,10,19,0.36,2.92,9.9
木柵站,2026/07/15 15:00,39,臭氧8小時,39.3,8,14,0.34,1.74,10.1
木柵站,2026/07/15 16:00,40,臭氧8小時,34.8,7,14,0.25,1.16,9.7
木柵站,2026/07/16 00:00,7,二氧化氮小時值,18,5,11,0.22,0.6,3
木柵站,2026/07/16 01:00,7,二氧化氮小時值,16.2,1,21,0.37,0.71,3.1
木柵站,2026/07/16 02:00,7,二氧化氮小時值,24.9,1,21,0.33,0.42,3.1
木柵站,2026/07/16 03:00,6,二氧化氮小時值,16.3,1,29,0.27,0.38,2.5
木柵站,2026/07/16 04:00,10,二氧化氮小時值,9.7,1,25,0.26,0.55,4.1
木柵站,2026/07/16 05:00,39,懸浮微粒,10.3,1,25,0.28,0.67,4.9
木柵站,2026/07/16 06:00,40,懸浮微粒,10.5,1,25,0.31,0.54,5.1
木柵站,2026/07/16 07:00,39,懸浮微粒,15.8,1,21,0.34,0.54,5.1
木柵站,2026/07/16 08:00,36,懸浮微粒,22.9,2,16,0.29,0.38,6.7
木柵站,2026/07/16 09:00,34,懸浮微粒,33.5,4,16,0.32,0.36,6.8
木柵站,2026/07/16 10:00,31,懸浮微粒,44.2,5,15,0.32,0.85,5.6
木柵站,2026/07/16 11:00,32,懸浮微粒,65.1,6,25,0.45,1.16,9.9
木柵站,2026/07/16 12:00,32,懸浮微粒,48.6,6,14,0.35,0.68,7.1
木柵站,2026/07/16 13:00,33,臭氧8小時,47.6,4,15,0.35,0.95,8.3
木柵站,2026/07/16 14:00,38,臭氧8小時,47.8,6,21,0.3,0.91,7.9
木柵站,2026/07/16 15:00,41,臭氧8小時,45.2,10,21,0.28,0.88,7.6
木柵站,2026/07/16 16:00,43,臭氧8小時,38.4,9,22,0.33,0.61,10.1
木柵站,2026/07/16 17:00,42,臭氧8小時,30.1,8,13,0.36,0.68,9.6
木柵站,2026/07/16 18:00,40,臭氧8小時,26.5,6,10,0.39,0.67,9.9
木柵站,2026/07/16 19:00,36,臭氧8小時,24.1,3,3,0.28,0.28,5.9
木柵站,2026/07/16 20:00,32,臭氧8小時,19.8,1,3,0.34,0.57,7.9
木柵站,2026/07/16 21:00,29,臭氧8小時,19.3,2,6,0.29,0.51,6.2
木柵站,2026/07/16 22:00,25,臭氧8小時,13.9,3,13,0.31,0.5,6.8
木柵站,2026/07/16 23:00,21,臭氧8小時,12.8,2,19,0.3,0.5,4.8
木柵站,2026/07/17 00:00,26,懸浮微粒,12.2,3,28,0.27,0.62,3.4
木柵站,2026/07/17 01:00,30,懸浮微粒,10.6,4,24,0.34,0.57,3.9
木柵站,2026/07/17 02:00,34,懸浮微粒,14.5,4,27,0.32,0.48,2.9
木柵站,2026/07/17 03:00,33,懸浮微粒,9.2,6,18,0.29,0.53,3.8
木柵站,2026/07/17 04:00,33,懸浮微粒,6.7,4,25,0.29,0.57,6
木柵站,2026/07/17 05:00,36,懸浮微粒,7,1,33,0.31,0.65,5.1
木柵站,2026/07/17 06:00,37,懸浮微粒,8.1,3,28,0.42,0.65,4.1
木柵站,2026/07/17 07:00,41,懸浮微粒,10.8,2,27,0.38,0.83,6.1
木柵站,2026/07/17 08:00,46,懸浮微粒,15.8,3,37,0.27,0.64,7.5
木柵站,2026/07/17 09:00,42,懸浮微粒,24.3,5,11,0.25,0.25,6.2
木柵站,2026/07/17 10:00,38,懸浮微粒,30.4,3,12,0.22,0.6,4.8
木柵站,2026/07/17 11:00,35,懸浮微粒,32,5,14,0.22,0.54,4.4
木柵站,2026/07/17 12:00,29,懸浮微粒,33.1,5,14,0.23,0.58,3.5
木柵站,2026/07/17 13:00,29,懸浮微粒,34.1,8,13,0.23,0.99,4.9
木柵站,2026/07/17 14:00,28,懸浮微粒,44,7,13,0.31,0.41,5.3
木柵站,2026/07/17 15:00,32,懸浮微粒,54.5,7,27,0.4,0.54,8.1
木柵站,2026/07/17 16:00,34,臭氧8小時,40.1,10,15,0.28,0.94,13.2
木柵站,2026/07/17 17:00,35,臭氧8小時,36.3,7,14,0.23,1.37,8.7
木柵站,2026/07/17 18:00,35,臭氧8小時,31.5,6,14,0.19,0.87,7.9
木柵站,2026/07/17 19:00,35,臭氧8小時,25,5,12,0.15,0.5,7.6
木柵站,2026/07/17 20:00,33,臭氧8小時,20.3,5,12,0.19,0.48,8.9
木柵站,2026/07/17 21:00,31,臭氧8小時,16.7,4,18,0.16,0.86,8.6
木柵站,2026/07/17 22:00,28,臭氧8小時,14.2,1,24,0.15,0.61,6.1
木柵站,2026/07/17 23:00,29,懸浮微粒,13.5,5,21,0.15,0.44,6.2
木柵站,2026/07/18 00:00,32,懸浮微粒,12.1,5,22,0.24,0.52,5.3
木柵站,2026/07/18 01:00,34,懸浮微粒,10.4,4,23,0.33,0.59,4.8
木柵站,2026/07/18 02:00,32,懸浮微粒,16.2,2,16,0.31,0.66,5.4
木柵站,2026/07/18 03:00,34,懸浮微粒,5.5,1,28,0.27,0.57,5.2
木柵站,2026/07/18 04:00,37,懸浮微粒,7,3,31,0.26,0.44,4.8
木柵站,2026/07/18 05:00,38,懸浮微粒,6.7,2,27,0.3,0.34,5.4
木柵站,2026/07/18 06:00,41,懸浮微粒,7.8,1,25,0.32,0.45,4.8
木柵站,2026/07/18 07:00,42,懸浮微粒,11.4,5,26,0.34,0.71,5.4
木柵站,2026/07/18 08:00,37,懸浮微粒,16.6,4,9,0.3,0.53,5.7
木柵站,2026/07/18 09:00,33,懸浮微粒,22.6,1,10,0.25,0.33,5.5
木柵站,2026/07/18 10:00,27,懸浮微粒,27.2,2,5,0.24,0.79,4.9
木柵站,2026/07/18 11:00,22,懸浮微粒,29.2,3,6,0.26,0.65,4.1
木柵站,2026/07/18 12:00,23,懸浮微粒,36.3,2,14,0.27,0.4,3.9
木柵站,2026/07/18 13:00,23,懸浮微粒,40.1,3,13,0.27,0.66,4.3
木柵站,2026/07/18 14:00,25,臭氧8小時,30.7,9,10,0.23,0.71,5.9
木柵站,2026/07/18 15:00,27,臭氧8小時,26.8,6,11,0.21,0.47,4.5
木柵站,2026/07/18 16:00,27,臭氧8小時,24.5,3,13,0.25,0.55,5.3
木柵站,2026/07/18 17:00,28,臭氧8小時,25.1,3,12,0.23,0.86,3.3
木柵站,2026/07/18 18:00,28,臭氧8小時,28.3,2,12,0.21,0.87,3.4
木柵站,2026/07/18 19:00,27,臭氧8小時,20.7,6,19,0.22,0.94,4
木柵站,2026/07/18 20:00,24,臭氧8小時,15.3,7,24,0.25,0.56,6.1
木柵站,2026/07/18 21:00,27,懸浮微粒,15.6,7,20,0.24,0.51,5.3
木柵站,2026/07/18 22:00,30,懸浮微粒,12.4,9,23,0.26,0.39,7.1
木柵站,2026/07/18 23:00,33,懸浮微粒,9.6,5,24,0.25,0.44,7.4
木柵站,2026/07/19 00:00,32,懸浮微粒,8.8,4,18,0.28,0.33,5.3
木柵站,2026/07/19 01:00,33,懸浮微粒,9.2,2,25,0.43,0.49,5.4
木柵站,2026/07/19 02:00,35,懸浮微粒,10.8,1,26,0.41,0.32,5.2
木柵站,2026/07/19 03:00,36,懸浮微粒,9.2,2,24,0.31,0.31,3.6
木柵站,2026/07/19 04:00,38,懸浮微粒,8.9,1,24,0.33,0.23,4.5
木柵站,2026/07/19 05:00,40,懸浮微粒,7.7,5,30,0.33,0.38,4.5
木柵站,2026/07/19 06:00,41,懸浮微粒,8.6,5,24,0.36,0.28,3.3
木柵站,2026/07/19 07:00,41,懸浮微粒,12.8,2,24,0.39,0.38,4.2
木柵站,2026/07/19 08:00,38,懸浮微粒,19.9,5,14,0.27,0.68,4.5
木柵站,2026/07/19 09:00,35,懸浮微粒,32.8,4,14,0.27,0.86,5
木柵站,2026/07/19 10:00,31,懸浮微粒,32.7,2,11,0.26,0.68,5
木柵站,2026/07/19 11:00,26,懸浮微粒,29.7,3,7,0.25,0.3,5
木柵站,2026/07/19 12:00,25,懸浮微粒,24.6,2,10,0.23,0.45,3.2
木柵站,2026/07/19 13:00,22,臭氧8小時,30.2,1,6,0.23,0.88,3.3
木柵站,2026/07/19 14:00,25,臭氧8小時,32.8,2,4,0.21,0.56,5.7
木柵站,2026/07/19 15:00,29,臭氧8小時,44.7,3,18,0.27,0.89,5.3
木柵站,2026/07/19 16:00,30,臭氧8小時,30.8,6,3,0.26,1.07,6.8
木柵站,2026/07/19 17:00,29,臭氧8小時,28.9,5,3,0.18,1,4.7
木柵站,2026/07/19 18:00,28,臭氧8小時,21,1,4,0.12,0.59,4.4
木柵站,2026/07/19 19:00,26,臭氧8小時,15,1,10,0.1,0.24,4.4
木柵站,2026/07/19 20:00,25,臭氧8小時,12.7,1,17,0.13,0.38,6.5
木柵站,2026/07/19 21:00,23,臭氧8小時,11.1,6,14,0.12,0.32,7.3
木柵站,2026/07/19 22:00,20,懸浮微粒,10.1,5,18,0.12,0.46,5.6
木柵站,2026/07/19 23:00,24,懸浮微粒,8.3,3,23,0.13,0.4,5.8
木柵站,2026/07/20 00:00,26,懸浮微粒,8.5,1,22,0.19,0.42,4.8
木柵站,2026/07/20 01:00,31,懸浮微粒,8.1,3,31,0.27,0.36,3.6
木柵站,2026/07/20 02:00,35,懸浮微粒,11.6,6,28,0.23,0.39,3.5
木柵站,2026/07/20 03:00,38,懸浮微粒,8.3,8,31,0.19,0.5,3.8
木柵站,2026/07/20 04:00,43,懸浮微粒,7,9,36,0.2,0.44,4.1
木柵站,2026/07/20 05:00,44,懸浮微粒,5.9,3,28,0.22,0.46,5.6
木柵站,2026/07/20 06:00,45,懸浮微粒,7,5,27,0.26,0.69,5
木柵站,2026/07/20 07:00,45,懸浮微粒,8.3,6,26,0.28,0.81,5.2
木柵站,2026/07/20 08:00,42,懸浮微粒,13.1,2,20,0.27,0.63,6.9
木柵站,2026/07/20 09:00,40,懸浮微粒,23.2,4,15,0.29,0.36,7.6
木柵站,2026/07/20 10:00,36,懸浮微粒,39,2,12,0.32,0.84,6.9
木柵站,2026/07/20 11:00,31,懸浮微粒,33,1,7,0.23,1.09,5
木柵站,2026/07/20 12:00,31,懸浮微粒,43.5,1,22,0.28,0.56,6.2
木柵站,2026/07/20 13:00,32,懸浮微粒,44.3,5,20,0.29,0.87,9.1
木柵站,2026/07/20 14:00,32,懸浮微粒,41.1,4,19,0.32,1.07,10.6
木柵站,2026/07/20 15:00,32,懸浮微粒,34.9,9,11,0.22,0.95,9.1
木柵站,2026/07/20 16:00,34,臭氧8小時,35.2,7,10,0.2,0.82,6.8
木柵站,2026/07/20 17:00,35,臭氧8小時,28.4,2,10,0.22,0.43,6.9
木柵站,2026/07/20 18:00,33,臭氧8小時,23.8,5,13,0.22,0.53,7.7
木柵站,2026/07/20 19:00,31,臭氧8小時,18.6,9,18,0.22,0.7,9
木柵站,2026/07/20 20:00,28,臭氧8小時,15.8,9,24,0.22,0.59,8.2
木柵站,2026/07/20 21:00,31,懸浮微粒,12.5,4,28,0.19,0.34,7.8
木柵站,2026/07/20 22:00,36,懸浮微粒,14.1,6,30,0.16,0.45,5.5
木柵站,2026/07/20 23:00,40,懸浮微粒,13.8,5,31,0.15,0.57,4.6
木柵站,2026/07/21 00:00,43,懸浮微粒,13.1,6,35,0.2,0.49,4.2
木柵站,2026/07/21 01:00,46,懸浮微粒,9.9,9,37,0.33,0.51,5.1
木柵站,2026/07/21 02:00,49,懸浮微粒,11.9,6,36,0.24,0.36,4.8
木柵站,2026/07/21 03:00,52,懸浮微粒,8,2,41,0.21,0.29,5.1
木柵站,2026/07/21 04:00,54,懸浮微粒,7.8,1,39,0.23,0.45,4.1
木柵站,2026/07/21 05:00,54,懸浮微粒,6.6,1,33,0.25,0.48,5.8
木柵站,2026/07/21 06:00,55,懸浮微粒,7.6,2,36,0.29,0.55,4.9
木柵站,2026/07/21 07:00,55,懸浮微粒,11.9,3,31,0.28,0.83,5
木柵站,2026/07/21 08:00,53,懸浮微粒,19.4,6,28,0.36,0.61,7.4
木柵站,2026/07/21 09:00,52,懸浮微粒,28.1,6,24,0.42,0.6,10.6
木柵站,2026/07/21 10:00,49,懸浮微粒,34.9,9,23,0.35,0.76,6.5
木柵站,2026/07/21 11:00,48,懸浮微粒,40,6,24,0.36,0.99,6.4
木柵站,2026/07/21 12:00,48,懸浮微粒,47.1,8,31,0.38,0.54,6.1
木柵站,2026/07/21 13:00,51,懸浮微粒,55.6,11,40,0.45,0.94,9.5
木柵站,2026/07/21 14:00,52,懸浮微粒,45,13,31,0.43,0.95,11.3
木柵站,2026/07/21 15:00,48,懸浮微粒,33.4,12,12,0.3,1.16,9.9
木柵站,2026/07/21 16:00,42,懸浮微粒,26.2,7,10,0.31,0.81,9.3
木柵站,2026/07/21 17:00,35,臭氧8小時,21.2,4,12,0.36,0.83,12
木柵站,2026/07/21 18:00,33,臭氧8小時,16.4,4,21,0.41,0.62,11.9
木柵站,2026/07/21 19:00,31,懸浮微粒,14.5,4,16,0.38,0.44,9.2
木柵站,2026/07/21 20:00,33,懸浮微粒,9.9,4,21,0.39,0.48,10.4
木柵站,2026/07/21 21:00,37,懸浮微粒,7.4,3,29,0.38,0.7,10.7
木柵站,2026/07/21 22:00,40,懸浮微粒,7.8,4,31,0.35,0.49,8
木柵站,2026/07/21 23:00,42,懸浮微粒,7,5,28,0.35,0.54,7
木柵站,2026/07/22 00:00,46,懸浮微粒,6.1,4,37,0.29,0.41,7.5
木柵站,2026/07/22 01:00,48,懸浮微粒,6.1,3,37,0.33,0.41,6.1
木柵站,2026/07/22 02:00,49,懸浮微粒,9.6,5,37,0.28,0.38,4.9
木柵站,2026/07/22 03:00,52,懸浮微粒,5.9,5,37,0.24,0.46,5.7
木柵站,2026/07/22 04:00,53,懸浮微粒,6.4,3,34,0.23,0.65,4.4
木柵站,2026/07/22 05:00,54,懸浮微粒,7,5,38,0.25,0.63,3.9
木柵站,2026/07/22 06:00,54,懸浮微粒,7.1,3,32,0.27,0.8,4.7
木柵站,2026/07/22 07:00,53,懸浮微粒,10.3,4,26,0.32,0.64,4.3
木柵站,2026/07/22 08:00,52,懸浮微粒,14.2,4,26,0.26,0.72,7.6
木柵站,2026/07/22 09:00,50,懸浮微粒,27.9,5,27,0.29,0.66,9.1
木柵站,2026/07/22 10:00,50,懸浮微粒,39.7,8,32,0.25,0.68,7.2
木柵站,2026/07/22 11:00,51,懸浮微粒,46.4,8,31,0.24,0.79,6.5
木柵站,2026/07/22 12:00,55,懸浮微粒,54.2,17,50,0.31,0.83,9.6
木柵站,2026/07/22 13:00,59,懸浮微粒,55,17,50,0.3,1.01,8.8
木柵站,2026/07/22 14:00,66,懸浮微粒,48.4,16,70,0.27,1.13,9.1
木柵站,2026/07/22 15:00,67,懸浮微粒,57.6,21,40,0.31,1.63,13.4
木柵站,2026/07/22 16:00,64,懸浮微粒,46.7,20,31,0.37,1.05,9.9
木柵站,2026/07/22 17:00,58,懸浮微粒,34.6,11,13,0.3,0.58,5.3
木柵站,2026/07/22 18:00,52,細懸浮微粒,27.2,7,8,0.3,0.43,6
木柵站,2026/07/22 19:00,44,細懸浮微粒,20.2,3,18,0.35,0.44,8.1
木柵站,2026/07/22 20:00,42,懸浮微粒,11.3,3,28,0.37,0.47,10.2
木柵站,2026/07/22 21:00,45,懸浮微粒,8.1,3,27,0.37,0.45,10.9
木柵站,2026/07/22 22:00,51,懸浮微粒,7.4,3,37,0.33,0.56,9
木柵站,2026/07/22 23:00,53,懸浮微粒,7.7,11,36,0.28,0.51,6.6
木柵站,2026/07/23 00:00,53,懸浮微粒,6.8,7,29,0.26,0.52,6.6
木柵站,2026/07/23 01:00,54,懸浮微粒,7,5,42,0.37,0.59,5.5
木柵站,2026/07/23 02:00,53,懸浮微粒,10,3,41,0.32,0.52,4.9
木柵站,2026/07/23 03:00,55,懸浮微粒,5.8,5,45,0.27,0.5,6.1
木柵站,2026/07/23 04:00,57,懸浮微粒,5,5,41,0.24,0.41,6.3
木柵站,2026/07/23 05:00,58,懸浮微粒,6,7,40,0.25,0.3,4
木柵站,2026/07/23 06:00,58,懸浮微粒,6,9,31,0.3,0.59,6.1
木柵站,2026/07/23 07:00,56,懸浮微粒,8.9,9,31,0.35,0.54,6.4
木柵站,2026/07/23 08:00,57,懸浮微粒,16.1,12,40,0.37,0.66,7.8
木柵站,2026/07/23 09:00,59,懸浮微粒,28.5,12,51,0.41,1.09,9.9
木柵站,2026/07/23 10:00,62,懸浮微粒,44,20,45,0.41,0.98,7.6
木柵站,2026/07/23 11:00,66,懸浮微粒,62.9,22,53,0.51,1.37,13.1
木柵站,2026/07/23 12:00,70,懸浮微粒,54.4,19,59,0.45,1.18,11
木柵站,2026/07/23 13:00,69,懸浮微粒,42.6,16,47,0.4,0.84,10.3
木柵站,2026/07/23 15:00,70,懸浮微粒,-,14,-,0.5,0.81,11.6
木柵站,2026/07/23 16:00,63,懸浮微粒,24.4,13,33,0.3,0.89,12.4
木柵站,2026/07/23 17:00,59,細懸浮微粒,28.6,22,30,0.22,0.78,7.4
木柵站,2026/07/23 18:00,59,細懸浮微粒,24.4,14,28,0.23,0.49,8.9
木柵站,2026/07/23 19:00,60,細懸浮微粒,24.6,14,27,0.16,0.45,6
木柵站,2026/07/23 20:00,61,細懸浮微粒,23.7,14,30,0.13,0.44,4.7
木柵站,2026/07/23 21:00,56,細懸浮微粒,25.2,9,23,0.12,0.52,3.3
木柵站,2026/07/23 22:00,52,細懸浮微粒,25.8,8,24,0.1,0.57,2.7
木柵站,2026/07/23 23:00,49,懸浮微粒,25.6,10,26,0.09,0.48,2.2
木柵站,2026/07/24 00:00,44,細懸浮微粒,24.3,9,19,0.2,0.44,1.9
木柵站,2026/07/24 01:00,42,細懸浮微粒,19,8,27,0.34,0.47,3
木柵站,2026/07/24 02:00,44,懸浮微粒,15.6,10,31,0.28,0.29,4.2
木柵站,2026/07/24 03:00,43,懸浮微粒,11.3,8,24,0.24,0.35,4.9
木柵站,2026/07/24 04:00,44,懸浮微粒,11.9,6,26,0.23,0.44,4.1
木柵站,2026/07/24 05:00,43,懸浮微粒,8.2,3,22,0.24,0.52,6.9
木柵站,2026/07/24 06:00,39,懸浮微粒,11.6,3,18,0.27,0.51,5.9
木柵站,2026/07/24 07:00,37,懸浮微粒,14.6,4,15,0.33,0.46,4
木柵站,2026/07/24 08:00,33,懸浮微粒,15.8,4,14,0.21,0.46,2.9
木柵站,2026/07/24 09:00,30,懸浮微粒,16.3,3,11,0.21,0.31,2.8
木柵站,2026/07/24 10:00,27,懸浮微粒,13.3,2,9,0.19,0.48,2.5
木柵站,2026/07/24 11:00,24,懸浮微粒,12.1,2,8,0.18,0.52,2
木柵站,2026/07/24 12:00,23,懸浮微粒,13.2,1,11,0.17,0.27,1.8
木柵站,2026/07/24 13:00,22,懸浮微粒,12.8,1,12,0.16,0.35,2
木柵站,2026/07/24 14:00,20,懸浮微粒,13.1,4,6,0.17,0.5,2.5
木柵站,2026/07/24 15:00,22,懸浮微粒,11.5,1,18,0.13,0.75,1.1
木柵站,2026/07/24 16:00,21,懸浮微粒,12.2,1,-,0.23,0.46,2.3
木柵站,2026/07/24 17:00,18,懸浮微粒,11.6,1,7,0.18,0.46,2.4
木柵站,2026/07/24 18:00,18,懸浮微粒,11.7,1,8,0.18,0.71,1.6
木柵站,2026/07/24 19:00,15,懸浮微粒,11.9,1,7,0.16,0.53,1.6
木柵站,2026/07/24 20:00,13,懸浮微粒,12.1,1,5,0.16,0.45,1.3
木柵站,2026/07/24 21:00,12,懸浮微粒,12.6,1,4,0.17,0.44,1.4
木柵站,2026/07/24 22:00,12,懸浮微粒,11.9,1,6,0.13,0.59,1.1
木柵站,2026/07/24 23:00,11,臭氧8小時,13.2,1,4,0.16,0.66,0.6
木柵站,2026/07/25 00:00,11,臭氧8小時,12.6,1,3,0.15,0.43,0.7
木柵站,2026/07/25 01:00,11,臭氧8小時,13,1,5,0.3,0.4,-
木柵站,2026/07/25 02:00,12,臭氧8小時,17.3,1,3,0.26,0.33,0.3
木柵站,2026/07/25 03:00,12,臭氧8小時,14.9,1,3,0.22,0.25,0.4
木柵站,2026/07/25 04:00,13,臭氧8小時,16.1,1,3,0.23,0.54,0.8
木柵站,2026/07/25 05:00,13,臭氧8小時,17.1,2,4,0.23,0.66,0.6
木柵站,2026/07/25 06:00,14,臭氧8小時,17.2,1,4,0.24,0.65,0.8
木柵站,2026/07/25 07:00,15,臭氧8小時,18.4,1,8,0.24,0.57,1.2
木柵站,2026/07/25 08:00,15,臭氧8小時,18.9,1,15,0.22,0.68,3.3
木柵站,2026/07/25 09:00,16,臭氧8小時,21,3,22,0.2,0.72,3.1
木柵站,2026/07/25 10:00,22,懸浮微粒,21.2,1,27,0.2,0.62,2.5
木柵站,2026/07/25 11:00,36,懸浮微粒,20.6,5,58,0.19,0.56,2.5
木柵站,2026/07/25 12:00,43,懸浮微粒,21.1,5,35,0.2,0.68,1.3
木柵站,2026/07/25 13:00,52,懸浮微粒,20.1,7,56,0.17,0.64,1.7
木柵站,2026/07/25 14:00,52,懸浮微粒,19.4,6,20,0.17,0.68,2.6
木柵站,2026/07/25 15:00,49,懸浮微粒,19.6,5,30,0.18,0.51,2.6
木柵站,2026/07/25 16:00,52,懸浮微粒,19.5,6,41,0.21,0.64,3.7
木柵站,2026/07/25 17:00,46,懸浮微粒,19.8,4,17,0.2,0.57,1.7
木柵站,2026/07/25 18:00,45,懸浮微粒,18.8,1,13,0.2,0.53,2
木柵站,2026/07/25 19:00,41,懸浮微粒,17.6,4,12,0.18,0.48,1.6
木柵站,2026/07/25 20:00,35,懸浮微粒,17.6,4,11,0.21,0.43,1.6
木柵站,2026/07/25 21:00,32,懸浮微粒,14.3,3,8,0.26,0.37,4.9
木柵站,2026/07/25 22:00,30,懸浮微粒,8.3,4,8,0.28,0.45,8.6
木柵站,2026/07/25 23:00,25,懸浮微粒,11.2,2,7,0.25,0.44,4.8
木柵站,2026/07/26 00:00,23,懸浮微粒,10.8,1,10,0.29,0.51,4.9
木柵站,2026/07/26 01:00,23,懸浮微粒,12.8,1,20,0.43,0.53,4.6
木柵站,2026/07/26 02:00,24,懸浮微粒,13.7,1,14,0.39,0.62,4.1
木柵站,2026/07/26 03:00,24,懸浮微粒,10.1,1,13,0.33,0.57,3.2
木柵站,2026/07/26 04:00,22,懸浮微粒,9.1,2,11,0.3,0.54,3.6
木柵站,2026/07/26 05:00,20,懸浮微粒,8.2,3,12,0.31,0.54,3.7
木柵站,2026/07/26 06:00,20,懸浮微粒,8.8,2,14,0.36,0.68,4.8
木柵站,2026/07/26 07:00,21,懸浮微粒,12.3,1,16,0.36,0.92,3.4
木柵站,2026/07/26 08:00,24,懸浮微粒,24.6,7,21,0.25,1,4.1
木柵站,2026/07/26 09:00,25,懸浮微粒,28.8,9,15,0.21,0.86,3.8
木柵站,2026/07/26 10:00,34,懸浮微粒,22.3,5,44,0.21,0.72,3.5
木柵站,2026/07/26 11:00,32,懸浮微粒,21,1,6,0.21,0.57,2.4
木柵站,2026/07/26 12:00,29,懸浮微粒,21.2,1,9,0.17,0.47,1.6
木柵站,2026/07/26 13:00,27,懸浮微粒,20.1,1,10,0.18,0.62,1.4
木柵站,2026/07/26 14:00,20,懸浮微粒,19.7,1,12,0.21,0.58,2.3
木柵站,2026/07/26 15:00,21,懸浮微粒,22.4,1,11,0.21,0.47,1.8
木柵站,2026/07/26 16:00,21,臭氧8小時,21.7,2,4,0.24,0.73,1.7
木柵站,2026/07/26 17:00,20,臭氧8小時,21.3,2,6,0.22,1.2,2
木柵站,2026/07/26 18:00,19,臭氧8小時,18.6,1,6,0.18,0.7,3.3
木柵站,2026/07/26 19:00,18,臭氧8小時,14,3,7,0.2,0.28,5.9
木柵站,2026/07/26 20:00,17,臭氧8小時,12.6,4,11,0.23,0.45,6.3
木柵站,2026/07/26 21:00,19,二氧化氮小時值,11.1,1,12,0.23,0.45,8.1
木柵站,2026/07/26 22:00,16,懸浮微粒,11,1,12,0.2,0.57,6.7
木柵站,2026/07/26 23:00,17,懸浮微粒,16.2,1,9,0.17,0.73,2.6
木柵站,2026/07/27 00:00,16,懸浮微粒,15.2,3,7,0.17,0.58,2.5
木柵站,2026/07/27 01:00,15,懸浮微粒,11.5,2,8,0.29,0.42,4.3
木柵站,2026/07/27 02:00,14,懸浮微粒,12.6,5,8,0.22,0.46,3.8
木柵站,2026/07/27 03:00,14,懸浮微粒,11.4,4,9,0.17,0.48,2.9
木柵站,2026/07/27 04:00,15,懸浮微粒,8.5,1,11,0.18,0.53,4.3
木柵站,2026/07/27 05:00,17,二氧化氮小時值,6.1,3,7,0.24,0.6,7.2
木柵站,2026/07/27 06:00,18,懸浮微粒,7.8,3,19,0.26,0.63,5.7
木柵站,2026/07/27 07:00,19,懸浮微粒,10.6,2,13,0.29,0.7,5.8
木柵站,2026/07/27 08:00,24,懸浮微粒,14.4,3,30,0.3,0.85,9.9
木柵站,2026/07/27 09:00,27,懸浮微粒,22.2,5,17,0.27,0.86,8.7
木柵站,2026/07/27 10:00,26,懸浮微粒,26.4,2,14,0.25,0.57,5.6
木柵站,2026/07/27 11:00,26,懸浮微粒,19.3,1,13,0.19,0.56,3.1
木柵站,2026/07/27 12:00,21,懸浮微粒,18.3,1,5,0.18,0.67,2.4
木柵站,2026/07/27 13:00,22,懸浮微粒,19.5,1,18,0.16,0.87,1.9
木柵站,2026/07/27 14:00,21,懸浮微粒,20.3,1,10,0.19,0.63,2.4
木柵站,2026/07/27 15:00,21,懸浮微粒,22.9,1,10,0.19,0.4,4.3
木柵站,2026/07/27 16:00,21,臭氧8小時,32,1,5,0.2,0.56,6
木柵站,2026/07/27 17:00,23,二氧化氮小時值,28.4,1,3,0.22,0.73,9.7
木柵站,2026/07/27 18:00,22,二氧化氮小時值,24.7,2,3,0.25,0.54,9.3
木柵站,2026/07/27 19:00,26,二氧化氮小時值,15.5,1,5,0.24,0.45,11.1
木柵站,2026/07/27 20:00,21,臭氧8小時,15.5,1,6,0.23,0.47,8
木柵站,2026/07/27 21:00,21,二氧化氮小時值,14.7,1,7,0.24,0.5,8.9
木柵站,2026/07/27 22:00,19,臭氧8小時,13.8,1,13,0.22,0.76,6.6
木柵站,2026/07/27 23:00,18,臭氧8小時,10.4,1,15,0.24,0.58,7.2
木柵站,2026/07/28 00:00,18,懸浮微粒,10.6,1,13,0.3,0.55,6.2
木柵站,2026/07/28 01:00,18,懸浮微粒,8.7,2,11,0.4,0.51,3.7
木柵站,2026/07/28 02:00,18,懸浮微粒,9.6,5,11,0.41,0.38,6.7
木柵站,2026/07/28 03:00,16,懸浮微粒,8.2,5,10,0.31,0.31,4.9
木柵站,2026/07/28 04:00,18,懸浮微粒,6.2,1,17,0.29,0.47,5.6
木柵站,2026/07/28 05:00,20,懸浮微粒,5.5,1,16,0.31,0.63,5.9
木柵站,2026/07/28 06:00,23,懸浮微粒,7,1,18,0.41,0.67,3.8
木柵站,2026/07/28 07:00,24,懸浮微粒,9.2,1,13,0.39,0.48,4.8
木柵站,2026/07/28 08:00,23,懸浮微粒,14.9,1,12,0.34,0.59,5.6
木柵站,2026/07/28 09:00,22,懸浮微粒,22.2,1,11,0.29,0.71,2.7
木柵站,2026/07/28 10:00,19,懸浮微粒,21.7,1,6,0.28,0.51,2.6
木柵站,2026/07/28 11:00,16,懸浮微粒,20.4,1,3,0.26,0.28,2.7
木柵站,2026/07/28 12:00,14,懸浮微粒,18.9,1,4,0.25,0.56,3.1
木柵站,2026/07/28 13:00,15,臭氧8小時,17.5,-,-,0.24,0.67,3.6
木柵站,2026/07/28 14:00,16,臭氧8小時,16.4,7,-,0.25,0.74,2.8
木柵站,2026/07/28 15:00,17,臭氧8小時,18.2,7,-,0.3,0.72,2.5
木柵站,2026/07/28 16:00,18,臭氧8小時,18,5,-,0.2,0.69,1.4
木柵站,2026/07/28 17:00,17,臭氧8小時,17,4,9,0.11,0.73,2.1
木柵站,2026/07/28 18:00,16,臭氧8小時,15.8,4,8,0.13,0.56,2.5
木柵站,2026/07/28 19:00,16,臭氧8小時,15.3,5,8,0.16,0.47,3.4
木柵站,2026/07/28 20:00,15,細懸浮微粒,12.8,3,10,0.13,0.61,3.3
木柵站,2026/07/28 21:00,15,臭氧8小時,12.2,2,11,0.18,0.69,4.7
木柵站,2026/07/28 22:00,18,懸浮微粒,9.6,3,21,0.16,0.48,5.6
木柵站,2026/07/28 23:00,21,懸浮微粒,7.7,3,15,0.19,0.57,7.1
木柵站,2026/07/29 00:00,23,懸浮微粒,8.8,2,16,0.23,0.52,5.4
木柵站,2026/07/29 01:00,25,懸浮微粒,6.1,2,17,0.37,0.59,5.5
木柵站,2026/07/29 02:00,23,懸浮微粒,9,5,11,0.33,0.43,4.3
木柵站,2026/07/29 03:00,22,懸浮微粒,7.2,4,13,0.29,0.44,4.5
木柵站,2026/07/29 04:00,22,懸浮微粒,6.8,2,15,0.29,0.62,4.1
木柵站,2026/07/29 05:00,22,懸浮微粒,6.7,3,15,0.27,0.62,4
木柵站,2026/07/29 06:00,24,懸浮微粒,7.1,8,15,0.3,0.7,4.9
木柵站,2026/07/29 07:00,25,懸浮微粒,9.1,3,16,0.31,0.65,4.6
木柵站,2026/07/29 08:00,27,懸浮微粒,13.1,2,23,0.29,0.81,4.9
木柵站,2026/07/29 09:00,30,懸浮微粒,18.6,5,22,0.32,0.89,6
木柵站,2026/07/29 10:00,28,懸浮微粒,22.4,4,12,0.29,0.83,5.1
木柵站,2026/07/29 11:00,28,懸浮微粒,22.8,5,13,0.34,0.71,6.5
木柵站,2026/07/29 12:00,26,懸浮微粒,23.2,7,17,0.28,0.31,3.1
木柵站,2026/07/29 13:00,30,懸浮微粒,22.4,5,34,0.26,0.26,2.8
木柵站,2026/07/29 14:00,33,懸浮微粒,18.7,3,23,0.24,0.33,2.9
木柵站,2026/07/29 15:00,37,懸浮微粒,17.7,2,26,0.25,0.61,3.7
木柵站,2026/07/29 16:00,38,懸浮微粒,17.3,2,19,0.2,0.73,2.5
木柵站,2026/07/29 17:00,31,懸浮微粒,17.9,4,6,0.15,0.93,2.3
木柵站,2026/07/29 18:00,27,懸浮微粒,18.3,2,6,0.19,0.53,3.7
木柵站,2026/07/29 19:00,23,懸浮微粒,18.7,7,10,0.21,0.49,4.3
木柵站,2026/07/29 20:00,21,懸浮微粒,17.7,8,11,0.18,0.6,3.2
木柵站,2026/07/29 21:00,22,細懸浮微粒,16.1,7,10,0.17,0.6,3.3
木柵站,2026/07/29 22:00,22,懸浮微粒,12.4,3,13,0.18,0.56,5.1
木柵站,2026/07/29 23:00,23,懸浮微粒,8.8,1,15,0.2,0.57,7.3
木柵站,2026/07/30 00:00,24,懸浮微粒,10.2,2,13,0.21,0.63,4.4
木柵站,2026/07/30 01:00,23,懸浮微粒,9.7,3,13,0.29,0.68,3.5
木柵站,2026/07/30 02:00,22,懸浮微粒,11.8,1,12,0.3,0.53,3.4
木柵站,2026/07/30 03:00,22,懸浮微粒,9.4,4,18,0.24,0.46,3.2
木柵站,2026/07/30 04:00,22,懸浮微粒,8.6,5,15,0.26,0.38,4.5
木柵站,2026/07/30 05:00,24,懸浮微粒,6.1,5,18,0.3,0.48,7.1
木柵站,2026/07/30 06:00,25,懸浮微粒,6.8,6,13,0.3,0.43,6.1
木柵站,2026/07/30 07:00,24,懸浮微粒,8.4,9,14,0.35,0.62,5.9
木柵站,2026/07/30 08:00,27,懸浮微粒,11.8,5,24,0.33,0.78,8
木柵站,2026/07/30 09:00,30,懸浮微粒,23,6,28,0.37,0.8,10
木柵站,2026/07/30 10:00,36,懸浮微粒,36.1,17,36,0.38,0.73,12.4
木柵站,2026/07/30 11:00,41,懸浮微粒,55.2,19,30,0.42,1.01,10.2
木柵站,2026/07/30 12:00,48,細懸浮微粒,60.5,20,37,0.43,1,11.9
木柵站,2026/07/30 13:00,51,細懸浮微粒,47.4,10,31,0.32,1.38,10.1
木柵站,2026/07/30 14:00,53,細懸浮微粒,41.2,18,33,0.31,1.28,7.2
木柵站,2026/07/30 15:00,54,細懸浮微粒,36.6,17,30,0.29,0.91,7.1
木柵站,2026/07/30 16:00,50,細懸浮微粒,27.6,7,20,0.32,0.76,7.7
木柵站,2026/07/30 17:00,50,細懸浮微粒,23.5,10,20,0.36,0.84,9.6
木柵站,2026/07/30 18:00,47,細懸浮微粒,25,10,28,0.34,0.69,8
木柵站,2026/07/30 19:00,48,細懸浮微粒,28.2,16,29,0.35,0.57,9.1
木柵站,2026/07/30 20:00,52,細懸浮微粒,24.7,14,29,0.33,0.57,6.3
木柵站,2026/07/30 21:00,53,細懸浮微粒,22.2,12,27,0.36,0.5,7.6
木柵站,2026/07/30 22:00,54,細懸浮微粒,18.3,14,28,0.32,0.47,7.1
木柵站,2026/07/30 23:00,53,細懸浮微粒,17.5,13,31,0.33,0.33,6.7
木柵站,2026/07/31 00:00,52,細懸浮微粒,14.4,14,29,0.28,0.66,5.6
木柵站,2026/07/31 01:00,51,細懸浮微粒,12.6,10,28,0.36,0.86,4.9
木柵站,2026/07/31 02:00,47,懸浮微粒,15.2,7,29,0.32,0.61,6
木柵站,2026/07/31 03:00,46,懸浮微粒,12.1,10,27,0.28,0.42,4.8
木柵站,2026/07/31 04:00,46,懸浮微粒,11.7,11,27,0.27,0.56,5.6
木柵站,2026/07/31 05:00,45,懸浮微粒,10.3,12,23,0.27,0.55,7.2
木柵站,2026/07/31 06:00,48,細懸浮微粒,13.7,13,30,0.27,0.65,7.1
木柵站,2026/07/31 07:00,50,細懸浮微粒,14.5,15,35,0.3,0.76,9.9
木柵站,2026/07/31 08:00,51,懸浮微粒,19,11,40,0.37,1.22,9.6
木柵站,2026/07/31 09:00,52,懸浮微粒,28,16,32,0.38,1.32,10.1
木柵站,2026/07/31 10:00,54,懸浮微粒,37.1,15,36,0.45,0.73,12.3
木柵站,2026/07/31 11:00,55,懸浮微粒,50.1,16,40,0.43,0.74,10.5
木柵站,2026/07/31 12:00,55,懸浮微粒,55,11,37,0.42,0.66,10
木柵站,2026/07/31 13:00,56,懸浮微粒,64.6,16,41,0.41,0.9,9.6
木柵站,2026/07/31 14:00,59,懸浮微粒,69.5,18,46,0.4,0.94,9.7
木柵站,2026/07/31 15:00,60,懸浮微粒,35,11,42,0.39,0.68,6
木柵站,2026/07/31 16:00,60,懸浮微粒,29.4,11,38,0.26,0.81,4.5
木柵站,2026/07/31 17:00,56,懸浮微粒,28,8,15,0.19,0.67,2.6
木柵站,2026/07/31 18:00,52,懸浮微粒,29.4,9,19,0.22,0.85,7.4
木柵站,2026/07/31 19:00,48,懸浮微粒,34.5,11,23,0.29,1.05,11.4
木柵站,2026/07/31 20:00,44,細懸浮微粒,34.9,9,20,0.38,0.85,10.1
木柵站,2026/07/31 21:00,48,細懸浮微粒,32,16,18,0.35,0.65,9.1
木柵站,2026/07/31 22:00,50,細懸浮微粒,29.5,14,24,0.23,0.65,6.4
木柵站,2026/07/31 23:00,48,細懸浮微粒,28.8,8,25,0.19,0.59,4.9
木柵站,2026/08/01 00:00,47,細懸浮微粒,17.6,8,25,0.21,0.42,4.6
木柵站,2026/08/01 01:00,43,細懸浮微粒,15.4,11,19,0.32,0.57,4
木柵站,2026/08/01 02:00,42,懸浮微粒,18.6,9,31,0.29,0.4,4
木柵站,2026/08/01 03:00,40,懸浮微粒,15.4,8,23,0.22,0.45,3.5
木柵站,2026/08/01 04:00,38,懸浮微粒,14.9,8,23,0.21,0.33,3.6
木柵站,2026/08/01 05:00,39,懸浮微粒,13.8,8,21,0.21,0.24,3.4
木柵站,2026/08/01 06:00,38,懸浮微粒,11.3,6,23,0.25,0.48,6
木柵站,2026/08/01 07:00,42,懸浮微粒,11.3,10,37,0.29,0.57,9.1
木柵站,2026/08/01 08:00,46,懸浮微粒,18.7,13,36,0.32,0.79,7.7
木柵站,2026/08/01 09:00,48,懸浮微粒,30.4,12,28,0.36,0.95,6
木柵站,2026/08/01 10:00,50,細懸浮微粒,37.1,23,26,0.36,0.95,5.7
木柵站,2026/08/01 11:00,50,細懸浮微粒,40.8,10,34,0.35,0.89,4.5
木柵站,2026/08/01 12:00,49,細懸浮微粒,45.7,9,31,0.38,0.75,4.4
木柵站,2026/08/01 13:00,52,懸浮微粒,48.5,13,42,0.39,0.66,4.2
木柵站,2026/08/01 14:00,50,懸浮微粒,53.6,11,21,0.41,2.28,7.9
木柵站,2026/08/01 15:00,46,懸浮微粒,45.8,10,15,0.4,2.95,9.1
木柵站,2026/08/01 16:00,49,細懸浮微粒,38.3,16,15,0.3,2.29,10.4
木柵站,2026/08/01 17:00,50,細懸浮微粒,40.2,14,22,0.28,1.32,9.6
木柵站,2026/08/01 18:00,52,細懸浮微粒,36.5,13,20,0.29,1.05,9.3
木柵站,2026/08/01 19:00,54,細懸浮微粒,27.9,15,27,0.27,0.79,9.1
木柵站,2026/08/01 20:00,52,細懸浮微粒,21.6,11,18,0.27,0.46,9.2
木柵站,2026/08/01 21:00,53,細懸浮微粒,18.8,15,26,0.27,0.38,9.9
木柵站,2026/08/01 22:00,53,細懸浮微粒,19.2,16,31,0.23,0.37,9
木柵站,2026/08/01 23:00,55,細懸浮微粒,18.3,17,20,0.23,0.43,8.6
木柵站,2026/08/02 00:00,54,細懸浮微粒,14.3,9,25,0.3,0.39,8.1
木柵站,2026/08/02 01:00,52,細懸浮微粒,14,10,30,0.38,0.27,7.4
木柵站,2026/08/02 02:00,52,細懸浮微粒,15.1,15,27,0.36,0.24,5.6
木柵站,2026/08/02 03:00,51,細懸浮微粒,11,13,30,0.32,0.25,6.1
木柵站,2026/08/02 04:00,50,細懸浮微粒,10.3,9,28,0.3,0.62,5.3
木柵站,2026/08/02 05:00,50,細懸浮微粒,9.2,11,26,0.32,0.61,5.8
木柵站,2026/08/02 06:00,48,細懸浮微粒,10,11,28,0.32,0.63,5.8
木柵站,2026/08/02 07:00,45,細懸浮微粒,14.5,9,25,0.34,0.72,5.5
木柵站,2026/08/02 08:00,48,細懸浮微粒,24.7,14,33,0.3,0.83,6.2
木柵站,2026/08/02 09:00,48,細懸浮微粒,31.7,12,24,0.32,0.82,5
木柵站,2026/08/02 10:00,47,細懸浮微粒,35.9,11,18,0.29,0.64,4
木柵站,2026/08/02 11:00,50,細懸浮微粒,54.1,15,26,0.35,1.45,5.7
木柵站,2026/08/02 12:00,52,細懸浮微粒,53.1,18,31,0.33,2.34,6
木柵站,2026/08/02 13:00,54,細懸浮微粒,48.6,15,26,0.32,2.06,6.6
木柵站,2026/08/02 14:00,57,細懸浮微粒,43.4,18,24,0.36,1.06,4.9
木柵站,2026/08/02 15:00,55,細懸浮微粒,43.4,12,24,0.36,0.57,4.8
木柵站,2026/08/02 16:00,55,細懸浮微粒,43.1,16,23,0.3,0.98,3.9
木柵站,2026/08/02 17:00,57,細懸浮微粒,41.4,17,18,0.26,0.86,4.5
木柵站,2026/08/02 18:00,56,細懸浮微粒,36.3,15,21,0.18,0.58,4.3
木柵站,2026/08/02 19:00,56,細懸浮微粒,31,10,18,0.18,0.67,3.8
木柵站,2026/08/02 20:00,55,細懸浮微粒,24.7,14,24,0.18,0.57,6.1
木柵站,2026/08/02 21:00,53,細懸浮微粒,22.4,12,17,0.19,0.5,5.4
木柵站,2026/08/02 22:00,51,細懸浮微粒,19.4,9,11,0.18,0.51,3.9
木柵站,2026/08/02 23:00,47,細懸浮微粒,13.3,5,11,0.15,0.51,6.6
木柵站,2026/08/03 00:00,44,細懸浮微粒,9.8,10,20,0.26,0.65,7.3
木柵站,2026/08/03 01:00,39,細懸浮微粒,9.8,6,14,0.39,0.86,5.4
木柵站,2026/08/03 02:00,35,細懸浮微粒,11.8,5,18,0.34,0.49,4.7
木柵站,2026/08/03 03:00,36,細懸浮微粒,8.5,8,26,0.33,0.32,4.6
木柵站,2026/08/03 04:00,32,細懸浮微粒,8,6,21,0.27,0.37,4
木柵站,2026/08/03 05:00,34,細懸浮微粒,7.7,11,21,0.32,0.52,4.7
木柵站,2026/08/03 06:00,34,細懸浮微粒,8.4,8,16,0.3,0.51,3.9
木柵站,2026/08/03 07:00,32,懸浮微粒,11.8,4,23,0.34,0.79,3.6
木柵站,2026/08/03 08:00,32,懸浮微粒,20.8,8,19,0.26,0.75,4.7
木柵站,2026/08/03 09:00,32,懸浮微粒,23.9,7,20,0.22,0.72,4.6
木柵站,2026/08/03 10:00,31,懸浮微粒,25.7,5,12,0.22,0.93,2.9
木柵站,2026/08/03 11:00,28,懸浮微粒,26.6,1,11,0.23,0.94,3.2
木柵站,2026/08/03 12:00,28,懸浮微粒,27.8,2,19,0.22,1.12,3.1
木柵站,2026/08/03 13:00,27,懸浮微粒,21.6,5,15,0.26,0.78,3.3
木柵站,2026/08/03 14:00,31,懸浮微粒,22,6,26,0.27,0.54,3.3
木柵站,2026/08/03 15:00,36,懸浮微粒,21.2,4,33,0.26,0.69,2.9
木柵站,2026/08/03 16:00,34,懸浮微粒,21.8,4,12,0.2,0.56,2.9
木柵站,2026/08/03 17:00,31,懸浮微粒,23.3,5,7,0.18,0.57,3.1
木柵站,2026/08/03 18:00,25,懸浮微粒,22.5,4,3,0.16,0.74,4
木柵站,2026/08/03 19:00,21,臭氧8小時,22.4,5,3,0.13,0.62,4.5
木柵站,2026/08/03 20:00,20,臭氧8小時,21.5,3,7,0.1,0.66,3.6
木柵站,2026/08/03 21:00,20,臭氧8小時,18.6,3,11,0.14,0.75,4.6
木柵站,2026/08/03 22:00,20,臭氧8小時,18.4,6,7,0.11,0.76,4.3
木柵站,2026/08/03 23:00,19,臭氧8小時,18.2,4,8,0.12,0.83,2.9
木柵站,2026/08/04 00:00,19,臭氧8小時,17.9,1,6,0.16,0.76,1.9
木柵站,2026/08/04 01:00,18,臭氧8小時,17.3,2,7,0.27,0.7,2.1
木柵站,2026/08/04 02:00,18,臭氧8小時,18.2,3,7,0.24,0.64,1.6
木柵站,2026/08/04 03:00,17,臭氧8小時,16.4,3,7,0.2,0.61,2
木柵站,2026/08/04 04:00,16,臭氧8小時,15.8,2,10,0.2,0.43,1.8
木柵站,2026/08/04 05:00,16,臭氧8小時,14.8,5,8,0.22,0.3,2.8
木柵站,2026/08/04 06:00,15,臭氧8小時,13.7,4,8,0.25,0.59,3.5
木柵站,2026/08/04 07:00,15,臭氧8小時,14.6,4,10,0.28,0.66,3.3
木柵站,2026/08/04 08:00,17,細懸浮微粒,17.3,7,13,0.24,0.79,3.8
木柵站,2026/08/04 09:00,18,細懸浮微粒,19.1,5,14,0.23,0.8,3.2
木柵站,2026/08/04 10:00,18,懸浮微粒,21,2,11,0.23,0.73,3.1
木柵站,2026/08/04 11:00,21,懸浮微粒,21.3,3,21,0.24,0.68,2.7
木柵站,2026/08/04 12:00,20,懸浮微粒,22.1,1,9,0.26,0.52,2.1
木柵站,2026/08/04 13:00,22,懸浮微粒,23.7,6,20,0.26,0.51,2.5
木柵站,2026/08/04 14:00,24,懸浮微粒,22.1,5,16,0.25,0.39,3.2
木柵站,2026/08/04 15:00,23,懸浮微粒,21.8,1,14,0.28,0.32,2.9
木柵站,2026/08/04 16:00,25,懸浮微粒,20.9,4,18,0.25,0.52,4.3
木柵站,2026/08/04 17:00,23,懸浮微粒,22.2,7,9,0.24,0.7,4.2
木柵站,2026/08/04 18:00,22,懸浮微粒,22,8,11,0.22,0.81,6
木柵站,2026/08/04 19:00,24,懸浮微粒,20.9,5,18,0.23,0.96,6
木柵站,2026/08/04 20:00,22,細懸浮微粒,21.3,6,10,0.18,0.46,6.5
木柵站,2026/08/04 21:00,22,懸浮微粒,20.4,5,10,0.21,0.36,5.4
木柵站,2026/08/04 22:00,23,懸浮微粒,18.6,5,17,0.13,0.32,4.9
木柵站,2026/08/04 23:00,21,懸浮微粒,18.9,3,9,0.12,0.37,3.6
木柵站,2026/08/05 00:00,24,懸浮微粒,18.8,3,20,0.2,0.49,3
木柵站,2026/08/05 01:00,24,懸浮微粒,17.6,10,14,0.31,0.41,2.9
木柵站,2026/08/05 02:00,24,懸浮微粒,20.5,8,15,0.26,0.46,2.3
木柵站,2026/08/05 03:00,25,細懸浮微粒,15.4,5,13,0.23,0.37,3.6
木柵站,2026/08/05 04:00,28,細懸浮微粒,12.4,8,18,0.23,0.46,5.1
木柵站,2026/08/05 05:00,26,懸浮微粒,9.5,5,20,0.25,0.56,8.2
木柵站,2026/08/05 06:00,27,懸浮微粒,12.4,3,17,0.28,0.42,5.9
木柵站,2026/08/05 07:00,28,懸浮微粒,14.7,2,19,0.31,0.48,5.9
木柵站,2026/08/05 08:00,30,懸浮微粒,20.2,6,24,0.36,0.81,8
木柵站,2026/08/05 09:00,30,懸浮微粒,32,4,15,0.39,0.83,6
木柵站,2026/08/05 10:00,32,懸浮微粒,45.4,4,24,0.36,0.81,5.6
木柵站,2026/08/05 11:00,35,懸浮微粒,55.5,7,29,0.4,0.95,7.2
木柵站,2026/08/05 12:00,37,懸浮微粒,58.9,15,30,0.4,1.62,7
木柵站,2026/08/05 13:00,38,懸浮微粒,45.5,10,19,0.4,2.25,6.7
木柵站,2026/08/05 14:00,41,細懸浮微粒,30.3,20,21,0.43,1.87,6.9
木柵站,2026/08/05 15:00,46,細懸浮微粒,30.4,14,24,0.41,2.85,9.2
木柵站,2026/08/05 16:00,44,細懸浮微粒,28.4,10,26,0.29,3.52,9.8
木柵站,2026/08/05 17:00,49,細懸浮微粒,27.8,16,27,0.25,2.49,8.8
木柵站,2026/08/05 18:00,46,細懸浮微粒,25.3,11,22,0.21,1.13,7.8
木柵站,2026/08/05 19:00,48,細懸浮微粒,23.3,14,37,0.25,0.66,8.3
木柵站,2026/08/05 20:00,54,細懸浮微粒,23.3,20,36,0.21,0.41,4.7
木柵站,2026/08/05 21:00,52,細懸浮微粒,20.3,10,24,0.19,0.47,5.9
木柵站,2026/08/05 22:00,54,細懸浮微粒,18.4,14,25,0.17,0.37,5.1
木柵站,2026/08/05 23:00,53,細懸浮微粒,18,10,25,0.16,0.63,4
木柵站,2026/08/06 00:00,48,細懸浮微粒,17,9,14,0.3,0.54,4.4
木柵站,2026/08/06 01:00,52,細懸浮微粒,15.5,16,27,0.34,0.6,3.9
木柵站,2026/08/06 02:00,50,細懸浮微粒,17.4,12,21,0.31,0.6,4
木柵站,2026/08/06 03:00,51,細懸浮微粒,12.9,13,20,0.26,0.62,4.9
木柵站,2026/08/06 04:00,54,細懸浮微粒,10.2,15,23,0.27,0.39,5.2
木柵站,2026/08/06 05:00,53,細懸浮微粒,8.9,15,17,0.28,0.36,5.1
木柵站,2026/08/06 06:00,54,細懸浮微粒,9.4,13,20,0.32,0.6,5.3
木柵站,2026/08/06 07:00,54,細懸浮微粒,11.7,15,23,0.36,0.72,5.9
木柵站,2026/08/06 08:00,52,細懸浮微粒,18.2,12,28,0.26,0.7,4.2
木柵站,2026/08/06 09:00,52,細懸浮微粒,24.5,12,27,0.26,1.15,4.1
木柵站,2026/08/06 10:00,49,細懸浮微粒,27.2,8,20,0.25,0.99,5.4
木柵站,2026/08/06 11:00,44,細懸浮微粒,31.7,6,17,0.28,0.71,3
木柵站,2026/08/06 12:00,42,細懸浮微粒,32.6,8,16,0.29,0.74,3.3
木柵站,2026/08/06 13:00,38,細懸浮微粒,28.8,8,21,0.32,0.64,4.2
木柵站,2026/08/06 14:00,44,細懸浮微粒,27.7,17,33,0.33,0.72,8.3
木柵站,2026/08/06 15:00,46,細懸浮微粒,25.6,12,6,0.25,0.67,9.5
木柵站,2026/08/06 16:00,48,細懸浮微粒,27.5,12,30,0.38,0.68,9.3
木柵站,2026/08/06 17:00,52,細懸浮微粒,26.2,17,33,0.44,0.71,8.1
木柵站,2026/08/06 18:00,51,細懸浮微粒,15,15,28,0.44,0.56,11.4
木柵站,2026/08/06 19:00,52,細懸浮微粒,12.4,14,34,0.42,0.47,10.1
木柵站,2026/08/06 20:00,53,細懸浮微粒,14.7,15,34,0.34,0.6,5.3
木柵站,2026/08/06 21:00,48,細懸浮微粒,14.1,6,31,0.33,0.54,5.3
木柵站,2026/08/06 22:00,51,細懸浮微粒,10,18,38,0.34,0.62,6.5
木柵站,2026/08/06 23:00,54,細懸浮微粒,8.4,19,46,0.33,0.58,5.5
木柵站,2026/08/07 00:00,57,細懸浮微粒,7.1,19,36,0.33,0.52,6.6
木柵站,2026/08/07 01:00,60,細懸浮微粒,8.5,12,31,0.31,0.47,3.3
木柵站,2026/08/07 02:00,57,細懸浮微粒,13.9,13,28,0.31,0.55,3.5
木柵站,2026/08/07 03:00,54,細懸浮微粒,8.2,10,29,0.31,0.44,5.5
木柵站,2026/08/07 04:00,52,懸浮微粒,7.4,11,34,0.31,0.47,6.9
木柵站,2026/08/07 05:00,53,懸浮微粒,8.5,13,35,0.34,0.62,7.8
木柵站,2026/08/07 06:00,54,懸浮微粒,7.2,17,32,0.36,0.67,9.9
木柵站,2026/08/07 07:00,54,細懸浮微粒,13.6,15,27,0.35,0.85,8.7
木柵站,2026/08/07 08:00,56,細懸浮微粒,16.7,16,36,0.31,1.03,9.2
木柵站,2026/08/07 09:00,61,細懸浮微粒,24.7,22,32,0.38,0.86,13.5
木柵站,2026/08/07 10:00,63,細懸浮微粒,38.3,20,45,0.28,0.83,6.8
木柵站,2026/08/07 11:00,63,細懸浮微粒,45,16,41,0.32,0.94,5
木柵站,2026/08/07 12:00,64,細懸浮微粒,45.4,20,26,0.33,0.97,4.3
木柵站,2026/08/07 13:00,61,細懸浮微粒,45.9,12,25,0.32,0.94,4.2
木柵站,2026/08/07 14:00,62,細懸浮微粒,50,21,36,0.34,0.54,4.3
木柵站,2026/08/07 15:00,64,細懸浮微粒,47.6,19,25,0.36,0.55,4.7
木柵站,2026/08/07 16:00,64,細懸浮微粒,47,17,33,0.27,0.58,4.7
木柵站,2026/08/07 17:00,65,細懸浮微粒,46.1,15,23,0.28,0.7,6.7
木柵站,2026/08/07 18:00,63,細懸浮微粒,43.7,17,31,0.32,0.86,8.4
木柵站,2026/08/07 19:00,61,細懸浮微粒,36.8,12,26,0.26,0.8,9.3
木柵站,2026/08/07 20:00,65,細懸浮微粒,23.3,25,-,0.31,0.61,16.1
木柵站,2026/08/07 21:00,66,細懸浮微粒,19.4,20,-,0.35,0.57,17.4
木柵站,2026/08/07 22:00,71,細懸浮微粒,23,28,-,0.35,0.84,16.4
木柵站,2026/08/07 23:00,70,細懸浮微粒,35.5,12,26,0.29,1.12,9.1
木柵站,2026/08/08 00:00,67,細懸浮微粒,32.9,17,30,0.33,1.28,10
木柵站,2026/08/08 01:00,67,細懸浮微粒,36.9,18,23,0.33,0.75,4.9
木柵站,2026/08/08 02:00,62,細懸浮微粒,42.1,15,29,0.28,0.43,3.9
木柵站,2026/08/08 03:00,61,細懸浮微粒,35.3,12,24,0.21,0.48,3.7
木柵站,2026/08/08 04:00,57,細懸浮微粒,34.7,7,13,0.23,0.51,3
木柵站,2026/08/08 05:00,51,細懸浮微粒,38.5,6,23,0.24,0.62,2.1
木柵站,2026/08/08 06:00,49,細懸浮微粒,38.5,11,19,0.26,0.8,2.7
木柵站,2026/08/08 07:00,48,細懸浮微粒,35.5,10,22,0.3,0.85,4.9
木柵站,2026/08/08 08:00,50,細懸浮微粒,34.2,15,28,0.36,0.88,8.3
木柵站,2026/08/08 09:00,53,細懸浮微粒,38,16,28,0.35,0.86,8.8
木柵站,2026/08/08 10:00,54,細懸浮微粒,43.5,18,34,0.33,0.9,6.1
木柵站,2026/08/08 11:00,56,細懸浮微粒,43.7,15,29,0.32,0.93,5.5
木柵站,2026/08/08 12:00,56,細懸浮微粒,44.7,14,30,0.33,1.03,4.4
木柵站,2026/08/08 13:00,54,細懸浮微粒,44.2,14,35,0.32,1.01,5.2
木柵站,2026/08/08 14:00,52,細懸浮微粒,39.2,12,14,0.29,0.7,6.1
木柵站,2026/08/08 15:00,49,細懸浮微粒,31.8,9,13,0.19,0.58,4.2
木柵站,2026/08/08 16:00,46,細懸浮微粒,24.6,7,13,0.24,0.44,6.4
木柵站,2026/08/08 17:00,43,細懸浮微粒,22.5,7,20,0.28,0.53,8.9
木柵站,2026/08/08 18:00,37,細懸浮微粒,23.5,3,13,0.25,0.61,5.3
木柵站,2026/08/08 19:00,34,懸浮微粒,22.4,3,22,0.26,0.47,5.8
木柵站,2026/08/08 20:00,32,懸浮微粒,24.9,5,10,0.23,0.49,4.1
木柵站,2026/08/08 21:00,31,懸浮微粒,23.7,9,18,0.27,0.49,5.6
木柵站,2026/08/08 22:00,29,懸浮微粒,24.7,5,12,0.22,0.24,4.9
木柵站,2026/08/08 23:00,27,細懸浮微粒,25.4,4,8,0.21,0.15,2.9
木柵站,2026/08/09 00:00,26,細懸浮微粒,28,5,4,0.21,0.25,2.6
木柵站,2026/08/09 01:00,23,臭氧8小時,30.3,4,8,0.28,0.32,1.5
木柵站,2026/08/09 02:00,25,臭氧8小時,34.9,5,13,0.26,0.39,1.4
木柵站,2026/08/09 03:00,26,臭氧8小時,33.1,5,15,0.23,0.42,1.4
木柵站,2026/08/09 04:00,27,臭氧8小時,31.8,5,13,0.21,0.68,1.6
木柵站,2026/08/09 05:00,27,臭氧8小時,28.4,4,12,0.19,0.68,1.2
木柵站,2026/08/09 06:00,28,臭氧8小時,26.9,2,9,0.19,0.36,1.2
木柵站,2026/08/09 07:00,28,臭氧8小時,26.2,1,4,0.18,0.24,1.2
木柵站,2026/08/09 08:00,27,臭氧8小時,25,1,6,0.21,0.35,2.1
木柵站,2026/08/09 09:00,27,臭氧8小時,24.2,3,9,0.24,0.54,3.2
木柵站,2026/08/09 10:00,26,臭氧8小時,24.8,2,9,0.25,0.42,3.1
木柵站,2026/08/09 11:00,25,臭氧8小時,25.7,1,6,0.24,0.42,2.9
木柵站,2026/08/09 12:00,24,臭氧8小時,26.3,1,3,0.23,0.54,2.1
木柵站,2026/08/09 13:00,24,臭氧8小時,26.4,1,3,0.25,0.53,1.2
木柵站,2026/08/09 14:00,24,臭氧8小時,25.8,2,3,0.24,0.7,1.4
木柵站,2026/08/09 15:00,24,臭氧8小時,24.8,1,3,0.25,0.53,0.8
木柵站,2026/08/09 16:00,23,臭氧8小時,23.4,1,11,0.28,0.64,2.4
木柵站,2026/08/09 17:00,23,臭氧8小時,22.9,2,18,0.29,0.61,2.7
木柵站,2026/08/09 18:00,22,臭氧8小時,15.6,4,32,0.36,0.59,6.3
木柵站,2026/08/09 19:00,25,懸浮微粒,12.8,15,-,0.42,0.64,8.8
木柵站,2026/08/09 20:00,29,懸浮微粒,9.8,13,-,0.42,0.79,8.4
木柵站,2026/08/09 21:00,28,細懸浮微粒,8.5,7,-,0.43,0.65,6.9
木柵站,2026/08/09 22:00,30,細懸浮微粒,8.4,7,32,0.41,0.71,5.8
木柵站,2026/08/09 23:00,38,懸浮微粒,7.8,11,29,0.37,0.56,4.8
木柵站,2026/08/10 00:00,39,懸浮微粒,8.4,7,28,0.3,0.51,4.1
木柵站,2026/08/10 01:00,42,懸浮微粒,9.3,5,30,0.35,0.44,2.8
木柵站,2026/08/10 02:00,46,懸浮微粒,11.4,6,37,0.32,0.58,3.7
木柵站,2026/08/10 03:00,50,懸浮微粒,9.6,5,32,0.28,0.56,4
木柵站,2026/08/10 04:00,52,懸浮微粒,11.5,7,32,0.24,0.45,2.1
木柵站,2026/08/10 05:00,52,懸浮微粒,7.2,4,30,0.31,0.59,5.8
木柵站,2026/08/10 06:00,52,懸浮微粒,8.2,8,33,0.34,0.63,5.3
木柵站,2026/08/10 07:00,50,懸浮微粒,12.3,7,23,0.36,0.64,5.2
木柵站,2026/08/10 08:00,47,懸浮微粒,18.4,7,22,0.34,0.88,7.3
木柵站,2026/08/10 09:00,47,懸浮微粒,25.1,5,29,0.32,0.91,9.2
木柵站,2026/08/10 10:00,45,懸浮微粒,39.8,5,27,0.39,0.77,8.1
木柵站,2026/08/10 11:00,48,懸浮微粒,47.7,11,32,0.43,0.78,8.9
木柵站,2026/08/10 12:00,50,懸浮微粒,68.6,11,34,0.44,1.2,9.2
木柵站,2026/08/10 13:00,53,懸浮微粒,87.9,16,43,0.48,1.28,9.5
木柵站,2026/08/10 14:00,55,懸浮微粒,55.7,17,43,0.42,1.02,12.5
木柵站,2026/08/10 15:00,57,懸浮微粒,31,12,39,0.31,0.72,9.3
木柵站,2026/08/10 16:00,59,懸浮微粒,28.2,17,45,0.28,0.57,8.5
木柵站,2026/08/10 17:00,58,懸浮微粒,28.3,11,34,0.27,0.57,6.8
木柵站,2026/08/10 18:00,55,懸浮微粒,19.7,12,25,0.24,0.47,8.3
木柵站,2026/08/10 19:00,54,懸浮微粒,14.4,10,30,0.23,0.55,9.5
木柵站,2026/08/10 20:00,51,懸浮微粒,11.9,9,26,0.23,0.44,8.3
木柵站,2026/08/10 21:00,51,懸浮微粒,13,10,30,0.23,0.52,7.2
木柵站,2026/08/10 22:00,50,懸浮微粒,13.4,9,19,0.26,0.39,7.7
木柵站,2026/08/10 23:00,49,懸浮微粒,13.7,8,29,0.26,0.28,6.5
木柵站,2026/08/11 00:00,48,懸浮微粒,16.3,8,25,0.21,0.41,4.8
木柵站,2026/08/11 01:00,48,懸浮微粒,15.4,5,33,0.29,0.54,4.6
木柵站,2026/08/11 02:00,50,懸浮微粒,23.9,11,30,0.25,0.41,3.3
木柵站,2026/08/11 03:00,50,懸浮微粒,16.1,11,32,0.21,0.52,4.2
木柵站,2026/08/11 04:00,51,懸浮微粒,12.7,9,36,0.22,0.32,4.8
木柵站,2026/08/11 05:00,51,懸浮微粒,9.7,8,35,0.23,0.48,7.2
木柵站,2026/08/11 06:00,52,懸浮微粒,9.8,9,33,0.24,0.42,5.7
木柵站,2026/08/11 07:00,51,懸浮微粒,10.2,11,28,0.3,0.5,7.1
木柵站,2026/08/11 08:00,51,懸浮微粒,14.8,12,30,0.37,0.57,6.9
木柵站,2026/08/11 09:00,50,懸浮微粒,22.6,8,29,0.37,0.58,6.2
木柵站,2026/08/11 10:00,47,懸浮微粒,33,7,20,0.33,0.41,4.6
木柵站,2026/08/11 11:00,44,懸浮微粒,45.8,7,18,0.41,0.52,7.2
木柵站,2026/08/11 12:00,42,懸浮微粒,39.8,6,21,0.39,0.39,6.5
木柵站,2026/08/11 13:00,39,懸浮微粒,41.3,15,19,0.4,0.49,9.1
木柵站,2026/08/11 14:00,42,懸浮微粒,38.9,13,31,0.35,0.72,7.7
木柵站,2026/08/11 15:00,48,懸浮微粒,28.2,12,46,0.34,0.48,9.5
木柵站,2026/08/11 16:00,48,懸浮微粒,25.3,9,23,0.31,0.6,11.8
木柵站,2026/08/11 17:00,50,懸浮微粒,23.2,5,30,0.33,0.75,12.1
木柵站,2026/08/11 18:00,49,懸浮微粒,18.2,11,27,0.36,0.6,13
木柵站,2026/08/11 19:00,51,懸浮微粒,12.4,16,53,0.31,0.51,9.9
木柵站,2026/08/11 20:00,55,懸浮微粒,12,6,44,0.24,0.47,5.4
木柵站,2026/08/11 21:00,56,懸浮微粒,12,6,35,0.23,0.41,4.6
木柵站,2026/08/11 22:00,57,懸浮微粒,12.5,9,34,0.21,0.25,3.5
木柵站,2026/08/11 23:00,55,懸浮微粒,9.8,12,33,0.23,0.29,4.2
