日期,預測AQI,實際AQI
2026-01-01 00:00:00,29.1808,30.0000
2026-01-01 01:00:00,29.4018,30.0000
2026-01-01 02:00:00,30.3644,31.0000
2026-01-01 03:00:00,32.6176,32.0000
2026-01-01 04:00:00,33.2806,32.0000
2026-01-01 05:00:00,33.2047,33.0000
2026-01-01 06:00:00,33.6688,33.0000
2026-01-01 07:00:00,33.7085,33.0000
2026-01-01 08:00:00,33.8128,32.0000
2026-01-01 09:00:00,32.3234,31.0000
2026-01-01 10:00:00,31.1496,30.0000
2026-01-01 11:00:00,30.5571,30.0000
2026-01-01 12:00:00,30.4723,29.0000
2026-01-01 13:00:00,31.5135,28.0000
2026-01-01 14:00:00,31.8033,28.0000
2026-01-01 15:00:00,31.2964,28.0000
2026-01-01 16:00:00,30.7934,31.0000
2026-01-01 17:00:00,32.3058,32.0000
2026-01-01 18:00:00,31.9142,30.0000
2026-01-01 19:00:00,31.4389,30.0000
2026-01-01 20:00:00,30.6882,29.0000
2026-01-01 21:00:00,30.2247,29.0000
2026-01-01 22:00:00,28.9059,30.0000
2026-01-01 23:00:00,28.5592,30.0000
2026-01-02 00:00:00,28.4219,31.0000
2026-01-02 01:00:00,30.5098,31.0000
2026-01-02 02:00:00,30.7804,30.0000
2026-01-02 03:00:00,30.8733,32.0000
2026-01-02 04:00:00,31.9108,31.0000
2026-01-02 05:00:00,31.8937,31.0000
2026-01-02 06:00:00,30.8966,34.0000
2026-01-02 07:00:00,32.2917,37.0000
2026-01-02 08:00:00,35.8848,41.0000
2026-01-02 09:00:00,38.9235,46.0000
2026-01-02 10:00:00,41.6236,51.0000
2026-01-02 11:00:00,49.1899,54.0000
2026-01-02 12:00:00,57.1826,58.0000
2026-01-02 13:00:00,61.0614,59.0000
2026-01-02 14:00:00,60.9407,61.0000
2026-01-02 15:00:00,62.0113,61.0000
2026-01-02 16:00:00,64.0660,63.0000
2026-01-02 17:00:00,68.4905,67.0000
2026-01-02 18:00:00,71.5099,70.0000
2026-01-02 19:00:00,73.1994,75.0000
2026-01-02 20:00:00,75.0539,76.0000
2026-01-02 21:00:00,74.7874,78.0000
2026-01-02 22:00:00,74.6296,80.0000
2026-01-02 23:00:00,76.1306,84.0000
2026-01-03 00:00:00,77.1978,81.0000
2026-01-03 01:00:00,73.6665,80.0000
2026-01-03 02:00:00,73.1014,77.0000
2026-01-03 03:00:00,70.1905,73.0000
2026-01-03 04:00:00,68.8122,72.0000
2026-01-03 05:00:00,66.4864,68.0000
2026-01-03 06:00:00,62.8456,67.0000
2026-01-03 07:00:00,60.7746,65.0000
2026-01-03 08:00:00,59.0332,65.0000
2026-01-03 09:00:00,60.3024,62.0000
2026-01-03 10:00:00,56.1956,57.0000
2026-01-03 11:00:00,51.3457,53.0000
2026-01-03 12:00:00,48.4605,50.0000
2026-01-03 13:00:00,49.0128,48.0000
2026-01-03 14:00:00,48.4424,49.0000
2026-01-03 15:00:00,47.8122,48.0000
2026-01-03 16:00:00,46.7886,44.0000
2026-01-03 17:00:00,41.5555,42.0000
2026-01-03 18:00:00,37.4380,37.0000
2026-01-03 19:00:00,38.6474,35.0000
2026-01-03 20:00:00,38.0532,34.0000
2026-01-03 21:00:00,35.3191,36.0000
2026-01-03 22:00:00,34.8072,33.0000
2026-01-03 23:00:00,32.2821,29.0000
2026-01-04 00:00:00,29.5030,28.0000
2026-01-04 01:00:00,27.2039,27.0000
2026-01-04 02:00:00,26.5358,25.0000
2026-01-04 03:00:00,27.6760,30.0000
2026-01-04 04:00:00,30.3148,32.0000
2026-01-04 05:00:00,29.6605,32.0000
2026-01-04 06:00:00,27.8777,28.0000
2026-01-04 07:00:00,26.3674,25.0000
2026-01-04 08:00:00,27.5485,24.0000
2026-01-04 09:00:00,26.3971,27.0000
2026-01-04 10:00:00,28.7739,27.0000
2026-01-04 11:00:00,28.6753,28.0000
2026-01-04 12:00:00,28.8095,28.0000
2026-01-04 13:00:00,29.1876,27.0000
2026-01-04 14:00:00,30.9165,30.0000
2026-01-04 15:00:00,32.7526,33.0000
2026-01-04 16:00:00,35.2684,36.0000
2026-01-04 17:00:00,39.3785,37.0000
2026-01-04 18:00:00,41.0593,37.0000
2026-01-04 19:00:00,41.2520,39.0000
2026-01-04 20:00:00,41.9836,37.0000
2026-01-04 21:00:00,40.6725,42.0000
2026-01-04 22:00:00,42.7890,42.0000
2026-01-04 23:00:00,41.8446,41.0000
2026-01-05 00:00:00,39.0166,40.0000
2026-01-05 01:00:00,36.5525,41.0000
2026-01-05 02:00:00,35.0617,38.0000
2026-01-05 03:00:00,32.6847,40.0000
2026-01-05 04:00:00,32.8761,42.0000
2026-01-05 05:00:00,35.9210,43.0000
2026-01-05 06:00:00,37.0678,46.0000
2026-01-05 07:00:00,40.3192,46.0000
2026-01-05 08:00:00,43.0127,45.0000
2026-01-05 09:00:00,43.9767,52.0000
2026-01-05 10:00:00,57.0762,57.0000
2026-01-05 11:00:00,61.5387,64.0000
2026-01-05 12:00:00,66.9688,72.0000
2026-01-05 13:00:00,71.2261,72.0000
2026-01-05 14:00:00,70.6250,74.0000
2026-01-05 15:00:00,70.5392,72.0000
2026-01-05 16:00:00,70.1809,69.0000
2026-01-05 17:00:00,68.1419,66.0000
2026-01-05 18:00:00,65.1996,63.0000
2026-01-05 19:00:00,61.1051,62.0000
2026-01-05 20:00:00,59.6300,64.0000
2026-01-05 21:00:00,61.5043,64.0000
2026-01-05 22:00:00,59.2324,67.0000
2026-01-05 23:00:00,61.8360,65.0000
2026-01-06 00:00:00,61.5463,63.0000
2026-01-06 01:00:00,59.9703,67.0000
2026-01-06 02:00:00,62.6559,66.0000
2026-01-06 03:00:00,65.9262,68.0000
2026-01-06 04:00:00,66.7394,71.0000
2026-01-06 05:00:00,69.4315,69.0000
2026-01-06 06:00:00,68.7099,69.0000
2026-01-06 07:00:00,68.8679,76.0000
2026-01-06 08:00:00,74.6028,79.0000
2026-01-06 09:00:00,81.1015,84.0000
2026-01-06 10:00:00,83.0504,90.0000
2026-01-06 11:00:00,87.1476,91.0000
2026-01-06 12:00:00,89.9823,93.0000
2026-01-06 13:00:00,91.4840,95.0000
2026-01-06 14:00:00,93.3760,100.0000
2026-01-06 15:00:00,98.7038,106.0000
2026-01-06 16:00:00,104.0054,114.0000
2026-01-06 17:00:00,106.5220,125.0000
2026-01-06 18:00:00,110.3346,128.0000
2026-01-06 19:00:00,106.6680,125.0000
2026-01-06 20:00:00,92.6531,121.0000
2026-01-06 21:00:00,88.7943,116.0000
2026-01-06 22:00:00,86.6630,113.0000
2026-01-06 23:00:00,86.2492,112.0000
2026-01-07 00:00:00,21.3986,111.0000
2026-01-07 01:00:00,20.8305,110.0000
2026-01-07 02:00:00,22.7572,109.0000
2026-01-07 03:00:00,22.3016,108.0000
2026-01-07 04:00:00,20.7057,101.0000
2026-01-07 05:00:00,18.1345,96.0000
2026-01-07 06:00:00,23.6324,93.0000
2026-01-07 07:00:00,27.3489,91.0000
2026-01-07 08:00:00,35.1185,92.0000
2026-01-07 09:00:00,40.7436,92.0000
2026-01-07 10:00:00,39.8229,92.0000
2026-01-07 11:00:00,35.5897,92.0000
2026-01-07 12:00:00,36.9936,91.0000
2026-01-07 13:00:00,40.0747,90.0000
2026-01-07 14:00:00,48.1310,90.0000
2026-01-07 15:00:00,63.4818,91.0000
2026-01-07 16:00:00,79.2421,92.0000
2026-01-07 17:00:00,83.8691,94.0000
2026-01-07 18:00:00,85.6575,95.0000
2026-01-07 19:00:00,87.6822,93.0000
2026-01-07 20:00:00,84.7381,92.0000
2026-01-07 21:00:00,81.1583,92.0000
2026-01-07 22:00:00,85.3026,90.0000
2026-01-07 23:00:00,83.7432,91.0000
2026-01-08 00:00:00,82.9408,90.0000
2026-01-08 01:00:00,81.5142,88.0000
2026-01-08 02:00:00,78.5890,87.0000
2026-01-08 03:00:00,77.9090,83.0000
2026-01-08 04:00:00,75.7716,80.0000
2026-01-08 05:00:00,73.0184,77.0000
2026-01-08 06:00:00,70.4703,74.0000
2026-01-08 07:00:00,70.6298,79.0000
2026-01-08 08:00:00,76.3348,83.0000
2026-01-08 09:00:00,81.9942,81.0000
2026-01-08 10:00:00,78.9561,82.0000
2026-01-08 11:00:00,76.7730,82.0000
2026-01-08 12:00:00,78.4037,79.0000
2026-01-08 13:00:00,77.7515,80.0000
2026-01-08 14:00:00,77.2298,81.0000
2026-01-08 15:00:00,77.9755,80.0000
2026-01-08 16:00:00,76.6657,79.0000
2026-01-08 17:00:00,73.1207,78.0000
2026-01-08 18:00:00,69.0891,77.0000
2026-01-08 19:00:00,69.6370,76.0000
2026-01-08 20:00:00,72.1436,76.0000
2026-01-08 21:00:00,73.4788,78.0000
2026-01-08 22:00:00,73.7245,78.0000
2026-01-08 23:00:00,73.3695,77.0000
2026-01-09 00:00:00,71.2397,74.0000
2026-01-09 01:00:00,67.7111,74.0000
2026-01-09 02:00:00,66.1674,71.0000
2026-01-09 03:00:00,66.6221,72.0000
2026-01-09 04:00:00,67.6438,74.0000
2026-01-09 05:00:00,68.9584,73.0000
2026-01-09 06:00:00,70.1569,75.0000
2026-01-09 07:00:00,71.6788,73.0000
2026-01-09 08:00:00,71.1357,76.0000
2026-01-09 09:00:00,77.6049,80.0000
2026-01-09 10:00:00,83.3341,79.0000
2026-01-09 11:00:00,81.9761,79.0000
2026-01-09 12:00:00,76.6627,74.0000
2026-01-09 13:00:00,71.3230,71.0000
2026-01-09 14:00:00,68.3364,69.0000
2026-01-09 15:00:00,66.7643,67.0000
2026-01-09 16:00:00,64.9544,69.0000
2026-01-09 17:00:00,66.6825,71.0000
2026-01-09 18:00:00,69.7378,69.0000
2026-01-09 19:00:00,68.1253,72.0000
2026-01-09 20:00:00,63.5505,71.0000
2026-01-09 21:00:00,62.7483,67.0000
2026-01-09 22:00:00,60.3676,68.0000
2026-01-09 23:00:00,58.7694,63.0000
2026-01-10 00:00:00,54.9978,60.0000
2026-01-10 01:00:00,51.6132,58.0000
2026-01-10 02:00:00,49.5596,57.0000
2026-01-10 03:00:00,49.8417,57.0000
2026-01-10 04:00:00,49.1993,56.0000
2026-01-10 05:00:00,47.9820,57.0000
2026-01-10 06:00:00,50.3632,57.0000
2026-01-10 07:00:00,51.1869,57.0000
2026-01-10 08:00:00,51.5405,58.0000
2026-01-10 09:00:00,54.7041,58.0000
2026-01-10 10:00:00,57.2866,56.0000
2026-01-10 11:00:00,54.0804,54.0000
2026-01-10 12:00:00,50.5898,52.0000
2026-01-10 13:00:00,49.1248,50.0000
2026-01-10 14:00:00,49.8438,50.0000
2026-01-10 15:00:00,50.3677,50.0000
2026-01-10 16:00:00,49.7737,51.0000
2026-01-10 17:00:00,49.9826,51.0000
2026-01-10 18:00:00,49.7540,51.0000
2026-01-10 19:00:00,51.2344,52.0000
2026-01-10 20:00:00,50.2465,49.0000
2026-01-10 21:00:00,48.7042,49.0000
2026-01-10 22:00:00,47.5511,49.0000
2026-01-10 23:00:00,47.0472,50.0000
2026-01-11 00:00:00,49.0063,55.0000
2026-01-11 01:00:00,54.3582,56.0000
2026-01-11 02:00:00,56.9229,55.0000
2026-01-11 03:00:00,54.2802,58.0000
2026-01-11 04:00:00,54.4107,56.0000
2026-01-11 05:00:00,55.4366,58.0000
2026-01-11 06:00:00,57.7260,62.0000
2026-01-11 07:00:00,63.6374,67.0000
2026-01-11 08:00:00,72.2372,74.0000
2026-01-11 09:00:00,85.5710,84.0000
2026-01-11 10:00:00,98.4169,95.0000
2026-01-11 11:00:00,110.8112,103.0000
2026-01-11 12:00:00,118.1594,107.0000
2026-01-11 13:00:00,118.8755,107.0000
2026-01-11 14:00:00,117.7555,108.0000
2026-01-11 15:00:00,117.9141,107.0000
2026-01-11 16:00:00,114.3931,107.0000
2026-01-11 17:00:00,112.1637,107.0000
2026-01-11 18:00:00,109.7990,107.0000
2026-01-11 19:00:00,109.0895,106.0000
2026-01-11 20:00:00,106.4781,106.0000
2026-01-11 21:00:00,105.6564,104.0000
2026-01-11 22:00:00,102.6749,101.0000
2026-01-11 23:00:00,99.6814,96.0000
2026-01-12 00:00:00,91.7498,90.0000
2026-01-12 01:00:00,87.9540,85.0000
2026-01-12 02:00:00,78.5321,80.0000
2026-01-12 03:00:00,73.9869,78.0000
2026-01-12 04:00:00,70.1918,74.0000
2026-01-12 05:00:00,67.6710,73.0000
2026-01-12 06:00:00,67.0418,70.0000
2026-01-12 07:00:00,66.7292,68.0000
2026-01-12 08:00:00,64.7694,67.0000
2026-01-12 09:00:00,60.6856,65.0000
2026-01-12 10:00:00,61.0835,64.0000
2026-01-12 11:00:00,59.9078,63.0000
2026-01-12 12:00:00,59.1464,63.0000
2026-01-12 13:00:00,61.1767,64.0000
2026-01-12 14:00:00,66.5863,67.0000
2026-01-12 15:00:00,71.0664,74.0000
2026-01-12 16:00:00,76.6945,78.0000
2026-01-12 17:00:00,74.4105,78.0000
2026-01-12 18:00:00,72.5883,78.0000
2026-01-12 19:00:00,70.0833,73.0000
2026-01-12 20:00:00,69.6465,70.0000
2026-01-12 21:00:00,68.8410,67.0000
2026-01-12 22:00:00,65.7999,63.0000
2026-01-12 23:00:00,61.7841,61.0000
2026-01-13 00:00:00,59.2195,60.0000
2026-01-13 01:00:00,58.4188,58.0000
2026-01-13 02:00:00,56.0447,59.0000
2026-01-13 03:00:00,56.3237,56.0000
2026-01-13 04:00:00,52.9611,56.0000
2026-01-13 05:00:00,53.0604,58.0000
2026-01-13 06:00:00,57.4453,58.0000
2026-01-13 07:00:00,59.3764,62.0000
2026-01-13 08:00:00,63.6473,63.0000
2026-01-13 09:00:00,65.7771,63.0000
2026-01-13 10:00:00,65.6809,65.0000
2026-01-13 11:00:00,65.3617,71.0000
2026-01-13 12:00:00,76.2602,70.0000
2026-01-13 13:00:00,71.4146,74.0000
2026-01-13 14:00:00,72.5222,75.0000
2026-01-13 15:00:00,72.3737,72.0000
2026-01-13 16:00:00,73.3485,74.0000
2026-01-13 17:00:00,72.4452,76.0000
2026-01-13 18:00:00,78.5845,79.0000
2026-01-13 19:00:00,78.4586,80.0000
2026-01-13 20:00:00,79.1812,80.0000
2026-01-13 21:00:00,76.3061,81.0000
2026-01-13 22:00:00,77.2434,81.0000
2026-01-13 23:00:00,78.3499,80.0000
2026-01-14 00:00:00,76.7591,80.0000
2026-01-14 01:00:00,76.5822,78.0000
2026-01-14 02:00:00,74.5782,77.0000
2026-01-14 03:00:00,73.5817,75.0000
2026-01-14 04:00:00,70.7226,74.0000
2026-01-14 05:00:00,69.8352,72.0000
2026-01-14 06:00:00,69.0363,72.0000
2026-01-14 07:00:00,69.6785,75.0000
2026-01-14 08:00:00,73.0004,74.0000
2026-01-14 09:00:00,72.7567,71.0000
2026-01-14 10:00:00,69.0193,69.0000
2026-01-14 11:00:00,67.6400,67.0000
2026-01-14 12:00:00,68.6021,66.0000
2026-01-14 13:00:00,66.8660,65.0000
2026-01-14 14:00:00,65.3041,64.0000
2026-01-14 15:00:00,64.3111,61.0000
2026-01-14 16:00:00,61.4992,61.0000
2026-01-14 17:00:00,60.6170,60.0000
2026-01-14 18:00:00,60.4379,59.0000
2026-01-14 19:00:00,58.1075,58.0000
2026-01-14 20:00:00,55.9452,60.0000
2026-01-14 21:00:00,58.6010,60.0000
2026-01-14 22:00:00,58.7998,63.0000
2026-01-14 23:00:00,60.2070,64.0000
2026-01-15 00:00:00,60.9926,61.0000
2026-01-15 01:00:00,58.2163,59.0000
2026-01-15 02:00:00,55.7987,58.0000
2026-01-15 03:00:00,56.1956,56.0000
2026-01-15 04:00:00,54.8402,55.0000
2026-01-15 05:00:00,52.2901,54.0000
2026-01-15 06:00:00,50.9094,55.0000
2026-01-15 07:00:00,53.3805,57.0000
2026-01-15 08:00:00,57.7230,57.0000
2026-01-15 09:00:00,58.0847,63.0000
2026-01-15 10:00:00,66.6756,65.0000
2026-01-15 11:00:00,71.4970,72.0000
2026-01-15 12:00:00,77.4362,76.0000
2026-01-15 13:00:00,76.0178,76.0000
2026-01-15 14:00:00,73.7603,76.0000
2026-01-15 15:00:00,73.2329,76.0000
2026-01-15 16:00:00,74.1281,79.0000
2026-01-15 17:00:00,76.9946,80.0000
2026-01-15 18:00:00,76.6129,81.0000
2026-01-15 19:00:00,77.0375,79.0000
2026-01-15 20:00:00,72.2566,79.0000
2026-01-15 21:00:00,72.0978,76.0000
2026-01-15 22:00:00,70.3351,71.0000
2026-01-15 23:00:00,67.2857,70.0000
2026-01-16 00:00:00,65.8206,68.0000
2026-01-16 01:00:00,65.9490,68.0000
2026-01-16 02:00:00,65.4459,68.0000
2026-01-16 03:00:00,64.5616,66.0000
2026-01-16 04:00:00,62.8566,64.0000
2026-01-16 05:00:00,61.5084,62.0000
2026-01-16 06:00:00,59.8285,59.0000
2026-01-16 07:00:00,58.1962,58.0000
2026-01-16 08:00:00,57.7840,59.0000
2026-01-16 09:00:00,60.4654,59.0000
2026-01-16 10:00:00,61.3357,60.0000
2026-01-16 11:00:00,60.6441,61.0000
2026-01-16 12:00:00,60.5974,60.0000
2026-01-16 13:00:00,61.3027,61.0000
2026-01-16 14:00:00,60.5919,61.0000
2026-01-16 15:00:00,57.7424,62.0000
2026-01-16 16:00:00,59.7327,59.0000
2026-01-16 17:00:00,58.4948,58.0000
2026-01-16 18:00:00,56.2906,59.0000
2026-01-16 19:00:00,57.1908,58.0000
2026-01-16 20:00:00,58.3257,59.0000
2026-01-16 21:00:00,59.0454,61.0000
2026-01-16 22:00:00,60.8760,61.0000
2026-01-16 23:00:00,61.6244,60.0000
2026-01-17 00:00:00,62.3303,61.0000
2026-01-17 01:00:00,60.7061,62.0000
2026-01-17 02:00:00,60.5550,65.0000
2026-01-17 03:00:00,62.1865,66.0000
2026-01-17 04:00:00,65.0364,67.0000
2026-01-17 05:00:00,64.4208,68.0000
2026-01-17 06:00:00,64.3145,65.0000
2026-01-17 07:00:00,62.7426,65.0000
2026-01-17 08:00:00,64.7570,64.0000
2026-01-17 09:00:00,64.4942,66.0000
2026-01-17 10:00:00,67.0443,66.0000
2026-01-17 11:00:00,66.0561,66.0000
2026-01-17 12:00:00,64.8494,67.0000
2026-01-17 13:00:00,65.6504,69.0000
2026-01-17 14:00:00,68.7637,67.0000
2026-01-17 15:00:00,66.0266,68.0000
2026-01-17 16:00:00,64.5932,68.0000
2026-01-17 17:00:00,64.0934,68.0000
2026-01-17 18:00:00,65.1608,71.0000
2026-01-17 19:00:00,67.2003,69.0000
2026-01-17 20:00:00,65.4270,68.0000
2026-01-17 21:00:00,63.5557,66.0000
2026-01-17 22:00:00,61.0485,64.0000
2026-01-17 23:00:00,61.3705,65.0000
2026-01-18 00:00:00,61.2437,63.0000
2026-01-18 01:00:00,58.9775,60.0000
2026-01-18 02:00:00,57.1535,61.0000
2026-01-18 03:00:00,57.9216,63.0000
2026-01-18 04:00:00,62.9391,66.0000
2026-01-18 05:00:00,65.2575,67.0000
2026-01-18 06:00:00,68.9107,66.0000
2026-01-18 07:00:00,65.7995,67.0000
2026-01-18 08:00:00,65.9952,68.0000
2026-01-18 09:00:00,69.2380,69.0000
2026-01-18 10:00:00,71.5416,71.0000
2026-01-18 11:00:00,70.7731,67.0000
2026-01-18 12:00:00,67.2108,66.0000
2026-01-18 13:00:00,64.8393,64.0000
2026-01-18 14:00:00,62.7579,61.0000
2026-01-18 15:00:00,61.1808,60.0000
2026-01-18 16:00:00,61.3257,60.0000
2026-01-18 17:00:00,60.7763,62.0000
2026-01-18 18:00:00,61.9912,62.0000
2026-01-18 19:00:00,63.7120,62.0000
2026-01-18 20:00:00,61.6192,62.0000
2026-01-18 21:00:00,61.4802,61.0000
2026-01-18 22:00:00,60.9091,60.0000
2026-01-18 23:00:00,59.7786,60.0000
2026-01-19 00:00:00,58.2451,58.0000
2026-01-19 01:00:00,57.3533,58.0000
2026-01-19 02:00:00,57.7422,59.0000
2026-01-19 03:00:00,58.9271,60.0000
2026-01-19 04:00:00,61.1743,61.0000
2026-01-19 05:00:00,62.8629,62.0000
2026-01-19 06:00:00,64.0080,64.0000
2026-01-19 07:00:00,65.2580,64.0000
2026-01-19 08:00:00,63.6056,64.0000
2026-01-19 09:00:00,63.2612,65.0000
2026-01-19 10:00:00,64.4674,65.0000
2026-01-19 11:00:00,63.9395,66.0000
2026-01-19 12:00:00,65.4880,68.0000
2026-01-19 13:00:00,68.1417,68.0000
2026-01-19 14:00:00,68.4688,70.0000
2026-01-19 15:00:00,69.2422,69.0000
2026-01-19 16:00:00,67.9621,68.0000
2026-01-19 17:00:00,66.7710,65.0000
2026-01-19 18:00:00,62.5867,64.0000
2026-01-19 19:00:00,62.6211,64.0000
2026-01-19 20:00:00,62.4628,63.0000
2026-01-19 21:00:00,62.9248,63.0000
2026-01-19 22:00:00,59.9642,62.0000
2026-01-19 23:00:00,59.0511,63.0000
2026-01-20 00:00:00,58.8512,63.0000
2026-01-20 01:00:00,60.5836,63.0000
2026-01-20 02:00:00,60.4747,61.0000
2026-01-20 03:00:00,57.1691,56.0000
2026-01-20 04:00:00,52.2676,51.0000
2026-01-20 05:00:00,46.2881,47.0000
2026-01-20 06:00:00,42.5312,45.0000
2026-01-20 07:00:00,42.0977,44.0000
2026-01-20 08:00:00,42.2429,43.0000
2026-01-20 09:00:00,42.2304,42.0000
2026-01-20 10:00:00,39.8474,40.0000
2026-01-20 11:00:00,38.5078,40.0000
2026-01-20 12:00:00,38.3971,39.0000
2026-01-20 13:00:00,38.2658,39.0000
2026-01-20 14:00:00,39.2904,38.0000
2026-01-20 15:00:00,37.5437,38.0000
2026-01-20 16:00:00,38.7022,42.0000
2026-01-20 17:00:00,42.1430,42.0000
2026-01-20 18:00:00,43.2082,44.0000
2026-01-20 19:00:00,42.8218,46.0000
2026-01-20 20:00:00,40.9045,43.0000
2026-01-20 21:00:00,38.7898,43.0000
2026-01-20 22:00:00,38.0079,43.0000
2026-01-20 23:00:00,39.0931,42.0000
2026-01-21 00:00:00,40.0464,42.0000
2026-01-21 01:00:00,39.2012,41.0000
2026-01-21 02:00:00,37.9750,41.0000
2026-01-21 03:00:00,37.0900,41.0000
2026-01-21 04:00:00,36.7440,38.0000
2026-01-21 05:00:00,35.3601,37.0000
2026-01-21 06:00:00,33.7471,34.0000
2026-01-21 07:00:00,33.8980,31.0000
2026-01-21 08:00:00,33.1415,32.0000
2026-01-21 09:00:00,34.1915,38.0000
2026-01-21 10:00:00,38.0154,35.0000
2026-01-21 11:00:00,35.7776,36.0000
2026-01-21 12:00:00,34.2608,35.0000
2026-01-21 13:00:00,32.2464,33.0000
2026-01-21 14:00:00,31.5685,32.0000
2026-01-21 15:00:00,30.6595,32.0000
2026-01-21 16:00:00,29.2372,32.0000
2026-01-21 17:00:00,30.4745,32.0000
2026-01-21 18:00:00,27.8020,35.0000
2026-01-21 19:00:00,29.1134,35.0000
2026-01-21 20:00:00,29.2411,40.0000
2026-01-21 21:00:00,32.1810,41.0000
2026-01-21 22:00:00,34.1503,37.0000
2026-01-21 23:00:00,31.0002,36.0000
2026-01-22 00:00:00,28.2782,33.0000
2026-01-22 01:00:00,27.5573,32.0000
2026-01-22 02:00:00,27.3214,30.0000
2026-01-22 03:00:00,27.2379,32.0000
2026-01-22 04:00:00,30.1777,33.0000
2026-01-22 05:00:00,32.5202,36.0000
2026-01-22 06:00:00,35.4905,38.0000
2026-01-22 07:00:00,38.3383,37.0000
2026-01-22 08:00:00,41.5344,47.0000
2026-01-22 09:00:00,42.9922,40.0000
2026-01-22 10:00:00,39.4908,38.0000
2026-01-22 11:00:00,37.9544,36.0000
2026-01-22 12:00:00,36.3243,37.0000
2026-01-22 13:00:00,33.9075,35.0000
2026-01-22 14:00:00,33.9586,38.0000
2026-01-22 15:00:00,35.6634,36.0000
2026-01-22 16:00:00,32.9556,40.0000
2026-01-22 17:00:00,34.3539,33.0000
2026-01-22 18:00:00,29.0379,40.0000
2026-01-22 19:00:00,33.0680,34.0000
2026-01-22 20:00:00,30.7946,35.0000
2026-01-22 21:00:00,28.9218,34.0000
2026-01-22 22:00:00,28.9274,32.0000
2026-01-22 23:00:00,27.3961,32.0000
2026-01-23 00:00:00,24.3259,31.0000
2026-01-23 01:00:00,21.9028,28.0000
2026-01-23 02:00:00,21.0962,27.0000
2026-01-23 03:00:00,22.5437,24.0000
2026-01-23 04:00:00,23.9826,25.0000
2026-01-23 05:00:00,24.9088,25.0000
2026-01-23 06:00:00,25.6005,27.0000
2026-01-23 07:00:00,28.2674,29.0000
2026-01-23 08:00:00,31.0925,45.0000
2026-01-23 09:00:00,38.9783,30.0000
2026-01-23 10:00:00,29.2331,29.0000
2026-01-23 11:00:00,25.1948,28.0000
2026-01-23 12:00:00,24.1546,23.0000
2026-01-23 13:00:00,23.5820,22.0000
2026-01-23 14:00:00,23.1770,23.0000
2026-01-23 15:00:00,24.1198,23.0000
2026-01-23 16:00:00,24.2314,30.0000
2026-01-23 17:00:00,26.3816,31.0000
2026-01-23 18:00:00,25.6871,36.0000
2026-01-23 19:00:00,29.6471,30.0000
2026-01-23 20:00:00,27.7877,27.0000
2026-01-23 21:00:00,25.9452,25.0000
2026-01-23 22:00:00,24.4230,27.0000
2026-01-23 23:00:00,25.8759,27.0000
2026-01-24 00:00:00,25.7753,27.0000
2026-01-24 01:00:00,23.2162,28.0000
2026-01-24 02:00:00,22.9509,27.0000
2026-01-24 03:00:00,24.0838,26.0000
2026-01-24 04:00:00,23.4093,29.0000
2026-01-24 05:00:00,25.2359,28.0000
2026-01-24 06:00:00,25.6344,29.0000
2026-01-24 07:00:00,25.4327,31.0000
2026-01-24 08:00:00,25.9933,29.0000
2026-01-24 09:00:00,27.0981,27.0000
2026-01-24 10:00:00,25.3828,27.0000
2026-01-24 11:00:00,24.8515,27.0000
2026-01-24 12:00:00,27.1646,28.0000
2026-01-24 13:00:00,25.5971,28.0000
2026-01-24 14:00:00,23.3097,25.0000
2026-01-24 15:00:00,21.7079,23.0000
2026-01-24 16:00:00,22.4546,24.0000
2026-01-24 17:00:00,22.8668,25.0000
2026-01-24 18:00:00,24.2071,26.0000
2026-01-24 19:00:00,24.3510,26.0000
2026-01-24 20:00:00,24.5724,28.0000
2026-01-24 21:00:00,22.7953,30.0000
2026-01-24 22:00:00,25.7387,28.0000
2026-01-24 23:00:00,23.7506,31.0000
2026-01-25 00:00:00,23.6652,29.0000
2026-01-25 01:00:00,23.1358,25.0000
2026-01-25 02:00:00,20.2286,24.0000
2026-01-25 03:00:00,19.6796,20.0000
2026-01-25 04:00:00,20.1169,20.0000
2026-01-25 05:00:00,20.2497,23.0000
2026-01-25 06:00:00,20.6143,24.0000
2026-01-25 07:00:00,22.6853,27.0000
2026-01-25 08:00:00,25.3837,31.0000
2026-01-25 09:00:00,28.1816,27.0000
2026-01-25 10:00:00,24.6495,25.0000
2026-01-25 11:00:00,22.0731,20.0000
2026-01-25 12:00:00,20.0624,19.0000
2026-01-25 13:00:00,21.1177,20.0000
2026-01-25 14:00:00,20.7949,19.0000
2026-01-25 15:00:00,20.4450,21.0000
2026-01-25 16:00:00,22.1762,24.0000
2026-01-25 17:00:00,26.3424,26.0000
2026-01-25 18:00:00,27.4176,29.0000
2026-01-25 19:00:00,31.0097,42.0000
2026-01-25 20:00:00,36.6563,50.0000
2026-01-25 21:00:00,39.0945,47.0000
2026-01-25 22:00:00,39.4813,38.0000
2026-01-25 23:00:00,37.9790,34.0000
2026-01-26 00:00:00,36.2338,34.0000
2026-01-26 01:00:00,34.0352,34.0000
2026-01-26 02:00:00,31.6155,35.0000
2026-01-26 03:00:00,32.5108,36.0000
2026-01-26 04:00:00,34.2771,43.0000
2026-01-26 05:00:00,37.7643,46.0000
2026-01-26 06:00:00,42.8954,50.0000
2026-01-26 07:00:00,48.9368,54.0000
2026-01-26 08:00:00,52.1014,56.0000
2026-01-26 09:00:00,61.2064,61.0000
2026-01-26 10:00:00,65.1090,65.0000
2026-01-26 11:00:00,70.4921,68.0000
2026-01-26 12:00:00,73.9039,72.0000
2026-01-26 13:00:00,76.5449,73.0000
2026-01-26 14:00:00,76.0173,72.0000
2026-01-26 15:00:00,73.4104,74.0000
2026-01-26 16:00:00,74.4090,74.0000
2026-01-26 17:00:00,77.0393,77.0000
2026-01-26 18:00:00,80.7817,80.0000
2026-01-26 19:00:00,79.0274,83.0000
2026-01-26 20:00:00,80.0613,82.0000
2026-01-26 21:00:00,76.4830,81.0000
2026-01-26 22:00:00,73.3650,81.0000
2026-01-26 23:00:00,73.7827,82.0000
2026-01-27 00:00:00,75.0538,84.0000
2026-01-27 01:00:00,80.8913,88.0000
2026-01-27 02:00:00,83.1200,91.0000
2026-01-27 03:00:00,81.0702,88.0000
2026-01-27 04:00:00,78.2483,84.0000
2026-01-27 05:00:00,70.2384,75.0000
2026-01-27 06:00:00,64.7983,70.0000
2026-01-27 07:00:00,63.7154,66.0000
2026-01-27 08:00:00,62.3679,62.0000
2026-01-27 09:00:00,59.9850,61.0000
2026-01-27 10:00:00,57.4897,59.0000
2026-01-27 11:00:00,50.6292,58.0000
2026-01-27 12:00:00,50.1334,56.0000
2026-01-27 13:00:00,55.2166,57.0000
2026-01-27 14:00:00,59.9646,56.0000
2026-01-27 15:00:00,50.9321,50.0000
2026-01-27 16:00:00,42.5719,39.0000
2026-01-27 17:00:00,39.0140,37.0000
2026-01-27 18:00:00,36.8731,36.0000
2026-01-27 19:00:00,34.6626,36.0000
2026-01-27 20:00:00,29.9650,35.0000
2026-01-27 21:00:00,29.0002,38.0000
2026-01-27 22:00:00,30.2675,38.0000
2026-01-27 23:00:00,30.9056,41.0000
2026-01-28 00:00:00,34.8757,44.0000
2026-01-28 01:00:00,36.9563,45.0000
2026-01-28 02:00:00,38.6472,45.0000
2026-01-28 03:00:00,36.4178,40.0000
2026-01-28 04:00:00,32.5937,35.0000
2026-01-28 05:00:00,29.1325,35.0000
2026-01-28 06:00:00,30.1137,34.0000
2026-01-28 07:00:00,34.4959,38.0000
2026-01-28 08:00:00,41.2783,44.0000
2026-01-28 09:00:00,46.6835,49.0000
2026-01-28 10:00:00,55.4098,56.0000
2026-01-28 11:00:00,61.3701,59.0000
2026-01-28 12:00:00,61.6222,57.0000
2026-01-28 13:00:00,58.1135,54.0000
2026-01-28 14:00:00,53.4325,52.0000
2026-01-28 15:00:00,52.4963,52.0000
2026-01-28 16:00:00,52.9604,53.0000
2026-01-28 17:00:00,51.5283,53.0000
2026-01-28 18:00:00,51.2749,52.0000
2026-01-28 19:00:00,49.1892,51.0000
2026-01-28 20:00:00,46.7738,50.0000
2026-01-28 21:00:00,45.4077,51.0000
2026-01-28 22:00:00,48.4692,52.0000
2026-01-28 23:00:00,48.7155,52.0000
2026-01-29 00:00:00,46.4390,52.0000
2026-01-29 01:00:00,48.2553,51.0000
2026-01-29 02:00:00,45.8989,50.0000
2026-01-29 03:00:00,48.3070,51.0000
2026-01-29 04:00:00,49.9055,54.0000
2026-01-29 05:00:00,53.5793,55.0000
2026-01-29 06:00:00,53.8660,56.0000
2026-01-29 07:00:00,56.7237,54.0000
2026-01-29 08:00:00,59.3630,55.0000
2026-01-29 09:00:00,58.8867,57.0000
2026-01-29 10:00:00,59.6858,59.0000
2026-01-29 11:00:00,60.0459,60.0000
2026-01-29 12:00:00,59.6164,62.0000
2026-01-29 13:00:00,59.8270,64.0000
2026-01-29 14:00:00,60.1589,64.0000
2026-01-29 15:00:00,60.8361,65.0000
2026-01-29 16:00:00,61.2026,64.0000
2026-01-29 17:00:00,59.4407,62.0000
2026-01-29 18:00:00,57.5211,60.0000
2026-01-29 19:00:00,53.9666,57.0000
2026-01-29 20:00:00,51.8921,55.0000
2026-01-29 21:00:00,50.9459,54.0000
2026-01-29 22:00:00,50.2085,50.0000
2026-01-29 23:00:00,45.7543,48.0000
2026-01-30 00:00:00,41.9038,44.0000
2026-01-30 01:00:00,37.2927,41.0000
2026-01-30 02:00:00,36.7023,40.0000
2026-01-30 03:00:00,37.1042,39.0000
2026-01-30 04:00:00,38.2854,40.0000
2026-01-30 05:00:00,38.6743,41.0000
2026-01-30 06:00:00,40.7048,43.0000
2026-01-30 07:00:00,42.8498,52.0000
2026-01-30 08:00:00,47.2801,51.0000
2026-01-30 09:00:00,46.0657,51.0000
2026-01-30 10:00:00,51.4700,50.0000
2026-01-30 11:00:00,52.5908,43.0000
2026-01-30 12:00:00,48.0633,45.0000
2026-01-30 13:00:00,43.3998,41.0000
2026-01-30 14:00:00,40.9690,43.0000
2026-01-30 15:00:00,44.8212,48.0000
2026-01-30 16:00:00,54.6499,54.0000
2026-01-30 17:00:00,60.7749,60.0000
2026-01-30 18:00:00,63.9376,65.0000
2026-01-30 19:00:00,65.1983,67.0000
2026-01-30 20:00:00,67.3713,69.0000
2026-01-30 21:00:00,67.7151,72.0000
2026-01-30 22:00:00,69.2072,74.0000
2026-01-30 23:00:00,69.0110,78.0000
2026-01-31 00:00:00,70.2624,78.0000
2026-01-31 01:00:00,68.6054,76.0000
2026-01-31 02:00:00,66.8535,72.0000
2026-01-31 03:00:00,63.2323,66.0000
2026-01-31 04:00:00,60.5829,62.0000
2026-01-31 05:00:00,57.5585,58.0000
2026-01-31 06:00:00,55.3203,55.0000
2026-01-31 07:00:00,51.6925,54.0000
2026-01-31 08:00:00,51.9226,51.0000
2026-01-31 09:00:00,49.8955,47.0000
2026-01-31 10:00:00,44.4330,42.0000
2026-01-31 11:00:00,40.4109,36.0000
2026-01-31 12:00:00,36.6485,32.0000
2026-01-31 13:00:00,32.4431,29.0000
2026-01-31 14:00:00,29.2683,27.0000
2026-01-31 15:00:00,26.9139,26.0000
2026-01-31 16:00:00,28.0612,25.0000
2026-01-31 17:00:00,27.1186,23.0000
2026-01-31 18:00:00,24.3373,24.0000
2026-01-31 19:00:00,24.3652,22.0000
2026-01-31 20:00:00,23.9658,22.0000
2026-01-31 21:00:00,24.4653,22.0000
2026-01-31 22:00:00,23.9403,23.0000
2026-01-31 23:00:00,23.7599,24.0000
2026-02-01 00:00:00,23.0887,26.0000
2026-02-01 01:00:00,24.2805,27.0000
2026-02-01 02:00:00,24.6435,26.0000
2026-02-01 03:00:00,23.8089,24.0000
2026-02-01 04:00:00,22.8426,24.0000
2026-02-01 05:00:00,22.9957,24.0000
2026-02-01 06:00:00,22.0100,26.0000
2026-02-01 07:00:00,21.7759,37.0000
2026-02-01 08:00:00,30.2776,40.0000
2026-02-01 09:00:00,31.5432,36.0000
2026-02-01 10:00:00,29.8456,37.0000
2026-02-01 11:00:00,28.4213,35.0000
2026-02-01 12:00:00,26.8872,34.0000
2026-02-01 13:00:00,27.4476,33.0000
2026-02-01 14:00:00,26.9927,31.0000
2026-02-01 15:00:00,23.6809,29.0000
2026-02-01 16:00:00,24.5471,35.0000
2026-02-01 17:00:00,28.6198,29.0000
2026-02-01 18:00:00,26.7309,27.0000
2026-02-01 19:00:00,24.8824,25.0000
2026-02-01 20:00:00,21.7220,24.0000
2026-02-01 21:00:00,20.6434,24.0000
2026-02-01 22:00:00,22.0948,24.0000
2026-02-01 23:00:00,23.3895,25.0000
2026-02-02 00:00:00,23.4114,25.0000
2026-02-02 01:00:00,24.3008,24.0000
2026-02-02 02:00:00,24.9460,25.0000
2026-02-02 03:00:00,24.4118,25.0000
2026-02-02 04:00:00,24.1663,24.0000
2026-02-02 05:00:00,23.2811,27.0000
2026-02-02 06:00:00,25.3850,32.0000
2026-02-02 07:00:00,31.5573,44.0000
2026-02-02 08:00:00,36.0550,51.0000
2026-02-02 09:00:00,41.7636,52.0000
2026-02-02 10:00:00,44.3301,50.0000
2026-02-02 11:00:00,46.0446,44.0000
2026-02-02 12:00:00,43.5252,45.0000
2026-02-02 13:00:00,42.7705,44.0000
2026-02-02 14:00:00,41.6602,42.0000
2026-02-02 15:00:00,39.4220,39.0000
2026-02-02 16:00:00,38.9463,41.0000
2026-02-02 17:00:00,41.0941,42.0000
2026-02-02 18:00:00,40.6786,48.0000
2026-02-02 19:00:00,46.7428,53.0000
2026-02-02 20:00:00,50.4581,58.0000
2026-02-02 21:00:00,56.7724,62.0000
2026-02-02 22:00:00,59.9694,62.0000
2026-02-02 23:00:00,60.6847,65.0000
2026-02-03 00:00:00,62.6904,67.0000
2026-02-03 01:00:00,68.0656,74.0000
2026-02-03 02:00:00,74.2763,79.0000
2026-02-03 03:00:00,75.6943,81.0000
2026-02-03 04:00:00,76.3092,83.0000
2026-02-03 05:00:00,75.7166,81.0000
2026-02-03 06:00:00,73.4803,81.0000
2026-02-03 07:00:00,73.9991,84.0000
2026-02-03 08:00:00,79.9334,84.0000
2026-02-03 09:00:00,80.2496,89.0000
2026-02-03 10:00:00,85.2774,92.0000
2026-02-03 11:00:00,86.3693,92.0000
2026-02-03 12:00:00,84.8811,89.0000
2026-02-03 13:00:00,81.0920,85.0000
2026-02-03 14:00:00,80.4257,83.0000
2026-02-03 15:00:00,77.7446,80.0000
2026-02-03 16:00:00,75.2160,79.0000
2026-02-03 17:00:00,41.2115,75.0000
2026-02-03 18:00:00,54.7421,74.0000
2026-02-03 19:00:00,62.6448,70.0000
2026-02-03 20:00:00,66.2844,67.0000
2026-02-03 21:00:00,60.4938,63.0000
2026-02-03 22:00:00,55.6023,60.0000
2026-02-03 23:00:00,50.9482,55.0000
2026-02-04 00:00:00,47.7532,54.0000
2026-02-04 01:00:00,46.1389,51.0000
2026-02-04 02:00:00,44.2318,48.0000
2026-02-04 03:00:00,42.9763,45.0000
2026-02-04 04:00:00,41.5311,44.0000
2026-02-04 05:00:00,41.8639,41.0000
2026-02-04 06:00:00,41.8637,39.0000
2026-02-04 07:00:00,40.8654,43.0000
2026-02-04 08:00:00,41.5080,47.0000
2026-02-04 09:00:00,45.3064,38.0000
2026-02-04 10:00:00,42.7011,39.0000
2026-02-04 11:00:00,41.7975,46.0000
2026-02-04 12:00:00,46.2428,49.0000
2026-02-04 13:00:00,50.8467,54.0000
2026-02-04 14:00:00,58.0435,58.0000
2026-02-04 15:00:00,66.2700,63.0000
2026-02-04 16:00:00,70.1285,64.0000
2026-02-04 17:00:00,71.9439,64.0000
2026-02-04 18:00:00,70.9159,67.0000
2026-02-04 19:00:00,71.9196,66.0000
2026-02-04 20:00:00,70.4729,61.0000
2026-02-04 21:00:00,63.9108,58.0000
2026-02-04 22:00:00,59.1783,55.0000
2026-02-04 23:00:00,57.3038,53.0000
2026-02-05 00:00:00,57.8827,54.0000
2026-02-05 01:00:00,55.8506,51.0000
2026-02-05 02:00:00,52.4840,47.0000
2026-02-05 03:00:00,48.7307,42.0000
2026-02-05 04:00:00,48.2083,41.0000
2026-02-05 05:00:00,49.9533,43.0000
2026-02-05 06:00:00,46.6644,42.0000
2026-02-05 07:00:00,46.2220,41.0000
2026-02-05 08:00:00,47.2859,40.0000
2026-02-05 09:00:00,45.8656,40.0000
2026-02-05 10:00:00,48.8944,42.0000
2026-02-05 11:00:00,47.2785,42.0000
2026-02-05 12:00:00,44.3523,44.0000
2026-02-05 13:00:00,48.4081,46.0000
2026-02-05 14:00:00,47.8910,53.0000
2026-02-05 15:00:00,58.1515,55.0000
2026-02-05 16:00:00,58.0394,59.0000
2026-02-05 17:00:00,60.8704,60.0000
2026-02-05 18:00:00,62.4073,59.0000
2026-02-05 19:00:00,64.8538,56.0000
2026-02-05 20:00:00,60.1038,56.0000
2026-02-05 21:00:00,55.6074,54.0000
2026-02-05 22:00:00,55.2794,56.0000
2026-02-05 23:00:00,54.7323,55.0000
2026-02-06 00:00:00,52.5857,52.0000
2026-02-06 01:00:00,48.5184,48.0000
2026-02-06 02:00:00,43.8963,41.0000
2026-02-06 03:00:00,42.2922,42.0000
2026-02-06 04:00:00,44.0513,44.0000
2026-02-06 05:00:00,45.0512,49.0000
2026-02-06 06:00:00,47.5083,48.0000
2026-02-06 07:00:00,46.9827,48.0000
2026-02-06 08:00:00,48.3168,49.0000
2026-02-06 09:00:00,49.5911,49.0000
2026-02-06 10:00:00,58.8192,55.0000
2026-02-06 11:00:00,67.2093,65.0000
2026-02-06 12:00:00,76.6244,72.0000
2026-02-06 13:00:00,79.4140,75.0000
2026-02-06 14:00:00,76.9047,73.0000
2026-02-06 15:00:00,73.2617,71.0000
2026-02-06 16:00:00,71.2800,70.0000
2026-02-06 17:00:00,73.0319,69.0000
2026-02-06 18:00:00,71.6647,71.0000
2026-02-06 19:00:00,69.3874,72.0000
2026-02-06 20:00:00,69.9538,72.0000
2026-02-06 21:00:00,70.0806,73.0000
2026-02-06 22:00:00,70.1159,71.0000
2026-02-06 23:00:00,67.9431,66.0000
2026-02-07 00:00:00,64.3723,63.0000
2026-02-07 01:00:00,60.3322,59.0000
2026-02-07 02:00:00,56.6676,55.0000
2026-02-07 03:00:00,50.6053,50.0000
2026-02-07 04:00:00,45.4756,44.0000
2026-02-07 05:00:00,41.4902,36.0000
2026-02-07 06:00:00,40.1106,35.0000
2026-02-07 07:00:00,39.5234,36.0000
2026-02-07 08:00:00,39.4982,35.0000
2026-02-07 09:00:00,37.7688,35.0000
2026-02-07 10:00:00,37.0496,34.0000
2026-02-07 11:00:00,36.9723,33.0000
2026-02-07 12:00:00,34.9390,32.0000
2026-02-07 13:00:00,36.7324,34.0000
2026-02-07 14:00:00,36.8021,36.0000
2026-02-07 15:00:00,38.4645,40.0000
2026-02-07 16:00:00,40.3765,40.0000
2026-02-07 17:00:00,41.5941,41.0000
2026-02-07 18:00:00,40.7728,44.0000
2026-02-07 19:00:00,42.7800,46.0000
2026-02-07 20:00:00,43.1658,50.0000
2026-02-07 21:00:00,50.0432,54.0000
2026-02-07 22:00:00,53.6612,55.0000
2026-02-07 23:00:00,55.8434,57.0000
2026-02-08 00:00:00,56.5783,59.0000
2026-02-08 01:00:00,58.6644,59.0000
2026-02-08 02:00:00,58.5877,61.0000
2026-02-08 03:00:00,61.0873,62.0000
2026-02-08 04:00:00,60.3894,62.0000
2026-02-08 05:00:00,62.9601,69.0000
2026-02-08 06:00:00,69.4947,71.0000
2026-02-08 07:00:00,75.1645,77.0000
2026-02-08 08:00:00,79.3379,82.0000
2026-02-08 09:00:00,82.9664,83.0000
2026-02-08 10:00:00,86.9462,85.0000
2026-02-08 11:00:00,88.8489,87.0000
2026-02-08 12:00:00,88.7797,90.0000
2026-02-08 13:00:00,93.4733,93.0000
2026-02-08 14:00:00,93.6745,95.0000
2026-02-08 15:00:00,95.0667,97.0000
2026-02-08 16:00:00,95.0953,96.0000
2026-02-08 17:00:00,93.3523,93.0000
2026-02-08 18:00:00,89.9203,94.0000
2026-02-08 19:00:00,88.4265,94.0000
2026-02-08 20:00:00,87.6679,91.0000
2026-02-08 21:00:00,82.9893,89.0000
2026-02-08 22:00:00,76.6573,86.0000
2026-02-08 23:00:00,73.4333,81.0000
2026-02-09 00:00:00,70.5400,77.0000
2026-02-09 01:00:00,69.0233,73.0000
2026-02-09 02:00:00,65.8177,68.0000
2026-02-09 03:00:00,59.7481,63.0000
2026-02-09 04:00:00,54.9536,58.0000
2026-02-09 05:00:00,51.6636,55.0000
2026-02-09 06:00:00,51.1760,51.0000
2026-02-09 07:00:00,47.4021,45.0000
2026-02-09 08:00:00,41.7804,42.0000
2026-02-09 09:00:00,39.4179,40.0000
2026-02-09 10:00:00,40.5402,38.0000
2026-02-09 11:00:00,36.9884,38.0000
2026-02-09 12:00:00,36.3068,35.0000
2026-02-09 13:00:00,34.2775,33.0000
2026-02-09 14:00:00,34.3758,31.0000
2026-02-09 15:00:00,34.6358,32.0000
2026-02-09 16:00:00,34.1364,33.0000
2026-02-09 17:00:00,35.4576,32.0000
2026-02-09 18:00:00,36.6009,34.0000
2026-02-09 19:00:00,36.4575,32.0000
2026-02-09 20:00:00,34.1051,32.0000
2026-02-09 21:00:00,34.2414,31.0000
2026-02-09 22:00:00,34.0199,33.0000
2026-02-09 23:00:00,37.1587,30.0000
2026-02-10 00:00:00,34.6842,29.0000
2026-02-10 01:00:00,31.2444,29.0000
2026-02-10 02:00:00,28.6853,27.0000
2026-02-10 03:00:00,25.9485,24.0000
2026-02-10 04:00:00,24.5970,27.0000
2026-02-10 05:00:00,28.4920,27.0000
2026-02-10 06:00:00,29.1410,29.0000
2026-02-10 07:00:00,32.0844,33.0000
2026-02-10 08:00:00,33.9171,35.0000
2026-02-10 09:00:00,38.4313,46.0000
2026-02-10 10:00:00,53.0208,51.0000
2026-02-10 11:00:00,56.2402,55.0000
2026-02-10 12:00:00,53.5397,57.0000
2026-02-10 13:00:00,56.3488,58.0000
2026-02-10 14:00:00,60.7028,59.0000
2026-02-10 15:00:00,58.6573,59.0000
2026-02-10 16:00:00,57.8295,60.0000
2026-02-10 17:00:00,57.5515,58.0000
2026-02-10 18:00:00,56.0769,60.0000
2026-02-10 19:00:00,60.2806,63.0000
2026-02-10 20:00:00,64.2082,63.0000
2026-02-10 21:00:00,66.6021,61.0000
2026-02-10 22:00:00,64.0776,59.0000
2026-02-10 23:00:00,58.8000,57.0000
2026-02-11 00:00:00,56.6348,56.0000
2026-02-11 01:00:00,56.0691,56.0000
2026-02-11 02:00:00,54.8361,55.0000
2026-02-11 03:00:00,49.4571,54.0000
2026-02-11 04:00:00,43.1819,50.0000
2026-02-11 05:00:00,38.6427,47.0000
2026-02-11 06:00:00,36.3960,49.0000
2026-02-11 07:00:00,41.4262,51.0000
2026-02-11 08:00:00,51.3569,57.0000
2026-02-11 09:00:00,60.5572,60.0000
2026-02-11 10:00:00,59.7845,61.0000
2026-02-11 11:00:00,56.8091,60.0000
2026-02-11 12:00:00,53.5389,56.0000
2026-02-11 13:00:00,52.3120,55.0000
2026-02-11 14:00:00,51.9243,53.0000
2026-02-11 15:00:00,47.9980,52.0000
2026-02-11 16:00:00,48.2601,55.0000
2026-02-11 17:00:00,56.4873,59.0000
2026-02-11 18:00:00,64.3159,64.0000
2026-02-11 19:00:00,67.4253,66.0000
2026-02-11 20:00:00,65.3772,65.0000
2026-02-11 21:00:00,64.0918,66.0000
2026-02-11 22:00:00,66.2508,
2026-02-11 23:00:00,67.8341,68.0000
2026-02-12 00:00:00,70.2125,68.0000
2026-02-12 01:00:00,69.9872,67.0000
2026-02-12 02:00:00,68.1836,73.0000
2026-02-12 03:00:00,73.6607,79.0000
2026-02-12 04:00:00,81.0719,83.0000
2026-02-12 05:00:00,85.7301,89.0000
2026-02-12 06:00:00,88.6078,90.0000
2026-02-12 07:00:00,93.9884,89.0000
2026-02-12 08:00:00,92.0584,88.0000
2026-02-12 09:00:00,86.8492,87.0000
2026-02-12 10:00:00,83.2082,83.0000
2026-02-12 11:00:00,79.8373,82.0000
2026-02-12 12:00:00,77.7628,82.0000
2026-02-12 13:00:00,75.4684,81.0000
2026-02-12 14:00:00,73.4111,78.0000
2026-02-12 15:00:00,70.7845,75.0000
2026-02-12 16:00:00,69.1650,73.0000
2026-02-12 17:00:00,68.0028,72.0000
2026-02-12 18:00:00,66.4142,71.0000
2026-02-12 19:00:00,64.6470,70.0000
2026-02-12 20:00:00,63.2641,68.0000
2026-02-12 21:00:00,61.1978,65.0000
2026-02-12 22:00:00,60.0283,63.0000
2026-02-12 23:00:00,58.5967,60.0000
2026-02-13 00:00:00,55.8999,57.0000
2026-02-13 01:00:00,55.1775,57.0000
2026-02-13 02:00:00,56.5644,55.0000
2026-02-13 03:00:00,55.5642,54.0000
2026-02-13 04:00:00,52.3447,54.0000
2026-02-13 05:00:00,51.5941,50.0000
2026-02-13 06:00:00,50.4541,52.0000
2026-02-13 07:00:00,51.3049,52.0000
2026-02-13 08:00:00,50.8665,49.0000
2026-02-13 09:00:00,48.0712,50.0000
2026-02-13 10:00:00,46.3513,52.0000
2026-02-13 11:00:00,50.9257,56.0000
2026-02-13 12:00:00,58.8134,54.0000
2026-02-13 13:00:00,55.6436,58.0000
2026-02-13 14:00:00,61.7625,62.0000
2026-02-13 15:00:00,68.3591,65.0000
2026-02-13 16:00:00,75.1125,71.0000
2026-02-13 17:00:00,76.0163,70.0000
2026-02-13 18:00:00,73.6818,69.0000
2026-02-13 19:00:00,72.0805,68.0000
2026-02-13 20:00:00,72.9069,67.0000
2026-02-13 21:00:00,68.3226,69.0000
2026-02-13 22:00:00,66.8061,66.0000
2026-02-13 23:00:00,63.9893,61.0000
2026-02-14 00:00:00,60.6213,59.0000
2026-02-14 01:00:00,56.4305,56.0000
2026-02-14 02:00:00,55.7747,54.0000
2026-02-14 03:00:00,55.2214,52.0000
2026-02-14 04:00:00,51.5862,51.0000
2026-02-14 05:00:00,48.7519,50.0000
2026-02-14 06:00:00,49.1781,49.0000
2026-02-14 07:00:00,48.5905,52.0000
2026-02-14 08:00:00,50.0958,54.0000
2026-02-14 09:00:00,53.7079,53.0000
2026-02-14 10:00:00,54.4110,55.0000
2026-02-14 11:00:00,53.5585,53.0000
2026-02-14 12:00:00,51.9515,54.0000
2026-02-14 13:00:00,55.6384,57.0000
2026-02-14 14:00:00,61.2522,61.0000
2026-02-14 15:00:00,66.8027,65.0000
2026-02-14 16:00:00,67.8940,69.0000
2026-02-14 17:00:00,68.1609,69.0000
2026-02-14 18:00:00,68.1206,71.0000
2026-02-14 19:00:00,70.5013,69.0000
2026-02-14 20:00:00,68.3802,67.0000
2026-02-14 21:00:00,68.2531,67.0000
2026-02-14 22:00:00,66.4288,65.0000
2026-02-14 23:00:00,66.5172,67.0000
2026-02-15 00:00:00,65.6894,66.0000
2026-02-15 01:00:00,63.6581,66.0000
2026-02-15 02:00:00,63.0970,63.0000
2026-02-15 03:00:00,60.9228,62.0000
2026-02-15 04:00:00,58.0352,62.0000
2026-02-15 05:00:00,60.2581,62.0000
2026-02-15 06:00:00,61.2948,62.0000
2026-02-15 07:00:00,61.3527,60.0000
2026-02-15 08:00:00,59.6659,57.0000
2026-02-15 09:00:00,56.3807,57.0000
2026-02-15 10:00:00,56.3841,56.0000
2026-02-15 11:00:00,57.1292,55.0000
2026-02-15 12:00:00,55.3221,56.0000
2026-02-15 13:00:00,53.6374,56.0000
2026-02-15 14:00:00,54.8230,59.0000
2026-02-15 15:00:00,57.2762,57.0000
2026-02-15 16:00:00,55.4543,57.0000
2026-02-15 17:00:00,54.8438,53.0000
2026-02-15 18:00:00,49.5465,53.0000
2026-02-15 19:00:00,52.8914,57.0000
2026-02-15 20:00:00,58.9644,60.0000
2026-02-15 21:00:00,62.1150,61.0000
2026-02-15 22:00:00,60.0701,58.0000
2026-02-15 23:00:00,55.5258,54.0000
2026-02-16 00:00:00,50.3454,50.0000
2026-02-16 01:00:00,47.1435,51.0000
2026-02-16 02:00:00,48.5946,60.0000
2026-02-16 03:00:00,68.8171,76.0000
2026-02-16 04:00:00,87.6476,93.0000
2026-02-16 05:00:00,100.2980,104.0000
2026-02-16 06:00:00,103.6856,108.0000
2026-02-16 07:00:00,103.0774,105.0000
2026-02-16 08:00:00,100.3784,101.0000
2026-02-16 09:00:00,98.3850,102.0000
2026-02-16 10:00:00,97.3568,101.0000
2026-02-16 11:00:00,99.6610,104.0000
2026-02-16 12:00:00,98.5918,102.0000
2026-02-16 13:00:00,91.5862,95.0000
2026-02-16 14:00:00,82.5535,89.0000
2026-02-16 15:00:00,75.7109,85.0000
2026-02-16 16:00:00,81.6119,87.0000
2026-02-16 17:00:00,87.5359,89.0000
2026-02-16 18:00:00,82.9288,87.0000
2026-02-16 19:00:00,74.9761,83.0000
2026-02-16 20:00:00,52.4739,76.0000
2026-02-16 21:00:00,66.3657,72.0000
2026-02-16 22:00:00,70.0360,71.0000
2026-02-16 23:00:00,65.4631,68.0000
2026-02-17 00:00:00,58.8885,68.0000
2026-02-17 01:00:00,56.3612,62.0000
2026-02-17 02:00:00,48.8505,57.0000
2026-02-17 03:00:00,43.7887,50.0000
2026-02-17 04:00:00,39.8408,40.0000
2026-02-17 05:00:00,36.9721,40.0000
2026-02-17 06:00:00,36.2588,40.0000
2026-02-17 07:00:00,35.7288,39.0000
2026-02-17 08:00:00,35.2494,37.0000
2026-02-17 09:00:00,34.0203,36.0000
2026-02-17 10:00:00,32.9733,34.0000
2026-02-17 11:00:00,33.0699,33.0000
2026-02-17 12:00:00,33.6596,32.0000
2026-02-17 13:00:00,32.7164,31.0000
2026-02-17 14:00:00,31.8904,31.0000
2026-02-17 15:00:00,32.8818,30.0000
2026-02-17 16:00:00,32.6141,31.0000
2026-02-17 17:00:00,32.8458,30.0000
2026-02-17 18:00:00,31.9696,31.0000
2026-02-17 19:00:00,32.5275,34.0000
2026-02-17 20:00:00,32.0039,38.0000
2026-02-17 21:00:00,32.8411,40.0000
2026-02-17 22:00:00,34.6263,42.0000
2026-02-17 23:00:00,35.2035,39.0000
2026-02-18 00:00:00,33.5619,33.0000
2026-02-18 01:00:00,29.3970,31.0000
2026-02-18 02:00:00,27.7501,28.0000
2026-02-18 03:00:00,25.9600,28.0000
2026-02-18 04:00:00,26.8767,28.0000
2026-02-18 05:00:00,29.4978,32.0000
2026-02-18 06:00:00,33.3755,33.0000
2026-02-18 07:00:00,35.3028,37.0000
2026-02-18 08:00:00,38.5809,41.0000
2026-02-18 09:00:00,40.2503,41.0000
2026-02-18 10:00:00,42.0898,44.0000
2026-02-18 11:00:00,46.1753,45.0000
2026-02-18 12:00:00,47.3743,46.0000
2026-02-18 13:00:00,49.2570,50.0000
2026-02-18 14:00:00,51.5946,52.0000
2026-02-18 15:00:00,53.5465,54.0000
2026-02-18 16:00:00,58.3258,59.0000
2026-02-18 17:00:00,60.9053,64.0000
2026-02-18 18:00:00,66.5384,67.0000
2026-02-18 19:00:00,68.7499,70.0000
2026-02-18 20:00:00,71.5740,72.0000
2026-02-18 21:00:00,71.5042,74.0000
2026-02-18 22:00:00,74.7754,76.0000
2026-02-18 23:00:00,76.6939,77.0000
2026-02-19 00:00:00,78.5549,78.0000
2026-02-19 01:00:00,81.1797,80.0000
2026-02-19 02:00:00,84.8730,83.0000
2026-02-19 03:00:00,88.5011,82.0000
2026-02-19 04:00:00,90.0213,83.0000
2026-02-19 05:00:00,90.6622,80.0000
2026-02-19 06:00:00,89.6209,81.0000
2026-02-19 07:00:00,89.1046,82.0000
2026-02-19 08:00:00,87.0703,81.0000
2026-02-19 09:00:00,82.7564,80.0000
2026-02-19 10:00:00,79.7996,79.0000
2026-02-19 11:00:00,77.6930,78.0000
2026-02-19 12:00:00,76.4065,79.0000
2026-02-19 13:00:00,77.5244,77.0000
2026-02-19 14:00:00,75.3977,76.0000
2026-02-19 15:00:00,73.4487,73.0000
2026-02-19 16:00:00,70.4394,67.0000
2026-02-19 17:00:00,67.3527,67.0000
2026-02-19 18:00:00,66.4872,68.0000
2026-02-19 19:00:00,65.9418,67.0000
2026-02-19 20:00:00,64.9825,69.0000
2026-02-19 21:00:00,64.3312,69.0000
2026-02-19 22:00:00,66.7557,65.0000
2026-02-19 23:00:00,65.1026,66.0000
2026-02-20 00:00:00,65.5046,69.0000
2026-02-20 01:00:00,67.6404,68.0000
2026-02-20 02:00:00,66.9333,69.0000
2026-02-20 03:00:00,66.2814,68.0000
2026-02-20 04:00:00,64.0518,64.0000
2026-02-20 05:00:00,60.7537,62.0000
2026-02-20 06:00:00,56.9801,61.0000
2026-02-20 07:00:00,56.9154,62.0000
2026-02-20 08:00:00,58.9647,64.0000
2026-02-20 09:00:00,61.1971,67.0000
2026-02-20 10:00:00,65.4001,73.0000
2026-02-20 11:00:00,69.8003,75.0000
2026-02-20 12:00:00,71.3099,77.0000
2026-02-20 13:00:00,72.7626,81.0000
2026-02-20 14:00:00,74.2912,78.0000
2026-02-20 15:00:00,72.8311,78.0000
2026-02-20 16:00:00,71.8676,76.0000
2026-02-20 17:00:00,70.7117,76.0000
2026-02-20 18:00:00,72.7191,78.0000
2026-02-20 19:00:00,71.8114,79.0000
2026-02-20 20:00:00,53.4251,79.0000
2026-02-20 21:00:00,61.6751,79.0000
2026-02-20 22:00:00,67.1652,78.0000
2026-02-20 23:00:00,71.2416,77.0000
2026-02-21 00:00:00,71.2398,75.0000
2026-02-21 01:00:00,68.0434,72.0000
2026-02-21 02:00:00,65.3454,71.0000
2026-02-21 03:00:00,63.1544,70.0000
2026-02-21 04:00:00,62.9153,68.0000
2026-02-21 05:00:00,60.7891,65.0000
2026-02-21 06:00:00,57.1801,64.0000
2026-02-21 07:00:00,56.8853,63.0000
2026-02-21 08:00:00,56.5412,63.0000
2026-02-21 09:00:00,58.5069,64.0000
2026-02-21 10:00:00,60.0740,65.0000
2026-02-21 11:00:00,63.0258,66.0000
2026-02-21 12:00:00,62.5119,66.0000
2026-02-21 13:00:00,62.8568,67.0000
2026-02-21 14:00:00,63.1086,65.0000
2026-02-21 15:00:00,61.5068,62.0000
2026-02-21 16:00:00,58.6479,63.0000
2026-02-21 17:00:00,59.1618,65.0000
2026-02-21 18:00:00,62.5804,68.0000
2026-02-21 19:00:00,66.6918,74.0000
2026-02-21 20:00:00,72.7918,72.0000
2026-02-21 21:00:00,68.2157,71.0000
2026-02-21 22:00:00,65.8566,68.0000
2026-02-21 23:00:00,64.5316,62.0000
2026-02-22 00:00:00,62.2321,64.0000
2026-02-22 01:00:00,61.1078,61.0000
2026-02-22 02:00:00,59.0126,63.0000
2026-02-22 03:00:00,58.9687,65.0000
2026-02-22 04:00:00,59.7191,62.0000
2026-02-22 05:00:00,57.9485,63.0000
2026-02-22 06:00:00,56.3568,59.0000
2026-02-22 07:00:00,56.5598,57.0000
2026-02-22 08:00:00,57.1331,58.0000
2026-02-22 09:00:00,59.4654,60.0000
2026-02-22 10:00:00,61.3784,63.0000
2026-02-22 11:00:00,64.1788,65.0000
2026-02-22 12:00:00,63.2508,68.0000
2026-02-22 13:00:00,66.4721,68.0000
2026-02-22 14:00:00,64.6565,70.0000
2026-02-22 15:00:00,69.4393,71.0000
2026-02-22 16:00:00,67.9389,73.0000
2026-02-22 17:00:00,69.9279,79.0000
2026-02-22 18:00:00,74.2013,80.0000
2026-02-22 19:00:00,73.4906,82.0000
2026-02-22 20:00:00,79.2629,83.0000
2026-02-22 21:00:00,77.8355,83.0000
2026-02-22 22:00:00,76.6230,82.0000
2026-02-22 23:00:00,75.7062,77.0000
2026-02-23 00:00:00,70.7732,72.0000
2026-02-23 01:00:00,64.1573,68.0000
2026-02-23 02:00:00,60.5926,67.0000
2026-02-23 03:00:00,61.5167,67.0000
2026-02-23 04:00:00,62.7987,67.0000
2026-02-23 05:00:00,60.7120,65.0000
2026-02-23 06:00:00,60.4924,62.0000
2026-02-23 07:00:00,62.5618,61.0000
2026-02-23 08:00:00,61.5889,59.0000
2026-02-23 09:00:00,59.0485,55.0000
2026-02-23 10:00:00,55.7041,52.0000
2026-02-23 11:00:00,52.7225,47.0000
2026-02-23 12:00:00,49.0316,44.0000
2026-02-23 13:00:00,42.9440,41.0000
2026-02-23 14:00:00,38.8688,36.0000
2026-02-23 15:00:00,34.9477,33.0000
2026-02-23 16:00:00,33.2819,34.0000
2026-02-23 17:00:00,34.3303,35.0000
2026-02-23 18:00:00,36.4946,35.0000
2026-02-23 19:00:00,37.2521,34.0000
2026-02-23 20:00:00,35.6464,33.0000
2026-02-23 21:00:00,33.7306,33.0000
2026-02-23 22:00:00,34.9523,32.0000
2026-02-23 23:00:00,33.4862,31.0000
2026-02-24 00:00:00,32.9225,33.0000
2026-02-24 01:00:00,35.2534,38.0000
2026-02-24 02:00:00,41.2293,42.0000
2026-02-24 03:00:00,43.5996,42.0000
2026-02-24 04:00:00,44.2336,45.0000
2026-02-24 05:00:00,45.6617,46.0000
2026-02-24 06:00:00,47.9890,50.0000
2026-02-24 07:00:00,51.4540,51.0000
2026-02-24 08:00:00,53.0133,51.0000
2026-02-24 09:00:00,56.1507,54.0000
2026-02-24 10:00:00,56.2662,52.0000
2026-02-24 11:00:00,56.0612,54.0000
2026-02-24 12:00:00,55.5449,55.0000
2026-02-24 13:00:00,57.9258,59.0000
2026-02-24 14:00:00,65.9441,61.0000
2026-02-24 15:00:00,67.6314,64.0000
2026-02-24 16:00:00,67.4567,62.0000
2026-02-24 17:00:00,65.4366,59.0000
2026-02-24 18:00:00,63.5929,64.0000
2026-02-24 19:00:00,64.1400,63.0000
2026-02-24 20:00:00,63.0023,62.0000
2026-02-24 21:00:00,62.0556,62.0000
2026-02-24 22:00:00,62.0546,64.0000
2026-02-24 23:00:00,66.3984,67.0000
2026-02-25 00:00:00,66.9946,67.0000
2026-02-25 01:00:00,62.9484,65.0000
2026-02-25 02:00:00,60.8114,58.0000
2026-02-25 03:00:00,51.2317,53.0000
2026-02-25 04:00:00,45.0743,47.0000
2026-02-25 05:00:00,42.2341,38.0000
2026-02-25 06:00:00,39.5054,34.0000
2026-02-25 07:00:00,37.6210,36.0000
2026-02-25 08:00:00,39.6180,42.0000
2026-02-25 09:00:00,37.9131,34.0000
2026-02-25 10:00:00,35.0597,28.0000
2026-02-25 11:00:00,32.6975,32.0000
2026-02-25 12:00:00,37.4609,36.0000
2026-02-25 13:00:00,42.6964,38.0000
2026-02-25 14:00:00,43.9443,38.0000
2026-02-25 15:00:00,42.7157,37.0000
2026-02-25 16:00:00,40.0304,35.0000
2026-02-25 17:00:00,40.1480,38.0000
2026-02-25 18:00:00,42.7438,40.0000
2026-02-25 19:00:00,43.7517,40.0000
2026-02-25 20:00:00,41.4290,40.0000
2026-02-25 21:00:00,39.5333,38.0000
2026-02-25 22:00:00,39.1263,38.0000
2026-02-25 23:00:00,40.3893,38.0000
2026-02-26 00:00:00,39.7790,36.0000
2026-02-26 01:00:00,38.1543,35.0000
2026-02-26 02:00:00,36.5954,36.0000
2026-02-26 03:00:00,37.4552,34.0000
2026-02-26 04:00:00,36.8794,35.0000
2026-02-26 05:00:00,37.3100,36.0000
2026-02-26 06:00:00,37.0413,35.0000
2026-02-26 07:00:00,36.8861,38.0000
2026-02-26 08:00:00,39.5081,40.0000
2026-02-26 09:00:00,40.9474,40.0000
2026-02-26 10:00:00,39.4931,38.0000
2026-02-26 11:00:00,36.2509,34.0000
2026-02-26 12:00:00,34.5014,35.0000
2026-02-26 13:00:00,35.9363,37.0000
2026-02-26 14:00:00,39.5202,46.0000
2026-02-26 15:00:00,48.8669,49.0000
2026-02-26 16:00:00,50.1027,55.0000
2026-02-26 17:00:00,57.0087,55.0000
2026-02-26 18:00:00,55.6405,55.0000
2026-02-26 19:00:00,52.5036,55.0000
2026-02-26 20:00:00,52.5926,57.0000
2026-02-26 21:00:00,61.5227,60.0000
2026-02-26 22:00:00,63.9583,62.0000
2026-02-26 23:00:00,62.6376,65.0000
2026-02-27 00:00:00,64.0138,66.0000
2026-02-27 01:00:00,64.9217,65.0000
2026-02-27 02:00:00,65.6651,62.0000
2026-02-27 03:00:00,58.8654,58.0000
2026-02-27 04:00:00,52.4455,51.0000
2026-02-27 05:00:00,46.8557,44.0000
2026-02-27 06:00:00,42.4107,40.0000
2026-02-27 07:00:00,40.5927,39.0000
2026-02-27 08:00:00,40.9260,36.0000
2026-02-27 09:00:00,39.1327,33.0000
2026-02-27 10:00:00,34.9808,34.0000
2026-02-27 11:00:00,34.3900,30.0000
2026-02-27 12:00:00,29.6637,28.0000
2026-02-27 13:00:00,28.9186,27.0000
2026-02-27 14:00:00,29.4923,28.0000
2026-02-27 15:00:00,31.8819,34.0000
2026-02-27 16:00:00,36.9340,36.0000
2026-02-27 17:00:00,38.9487,40.0000
2026-02-27 18:00:00,41.8402,41.0000
2026-02-27 19:00:00,42.6774,41.0000
2026-02-27 20:00:00,42.9922,44.0000
2026-02-27 21:00:00,43.5728,43.0000
2026-02-27 22:00:00,44.3758,44.0000
2026-02-27 23:00:00,45.2947,41.0000
2026-02-28 00:00:00,42.4861,37.0000
2026-02-28 01:00:00,39.3279,35.0000
2026-02-28 02:00:00,35.2221,36.0000
2026-02-28 03:00:00,35.1916,34.0000
2026-02-28 04:00:00,33.3172,32.0000
2026-02-28 05:00:00,31.9035,30.0000
2026-02-28 06:00:00,31.3892,29.0000
2026-02-28 07:00:00,33.5664,30.0000
2026-02-28 08:00:00,33.9441,31.0000
2026-02-28 09:00:00,34.2467,33.0000
2026-02-28 10:00:00,36.5135,35.0000
2026-02-28 11:00:00,38.1520,35.0000
2026-02-28 12:00:00,37.1747,34.0000
2026-02-28 13:00:00,34.7130,33.0000
2026-02-28 14:00:00,34.7383,32.0000
2026-02-28 15:00:00,33.6396,33.0000
2026-02-28 16:00:00,35.6486,34.0000
2026-02-28 17:00:00,37.3290,34.0000
2026-02-28 18:00:00,35.7391,34.0000
2026-02-28 19:00:00,34.1660,31.0000
2026-02-28 20:00:00,32.1558,29.0000
2026-02-28 21:00:00,29.1305,28.0000
2026-02-28 22:00:00,28.3875,27.0000
2026-02-28 23:00:00,27.7762,27.0000
2026-03-01 00:00:00,26.5149,26.0000
2026-03-01 01:00:00,25.6883,25.0000
2026-03-01 02:00:00,25.2450,25.0000
2026-03-01 03:00:00,24.6847,24.0000
2026-03-01 04:00:00,23.4219,24.0000
2026-03-01 05:00:00,22.9095,23.0000
2026-03-01 06:00:00,23.3959,23.0000
2026-03-01 07:00:00,23.7545,23.0000
2026-03-01 08:00:00,26.2883,53.0000
2026-03-01 09:00:00,46.8528,30.0000
2026-03-01 10:00:00,28.5989,30.0000
2026-03-01 11:00:00,25.7360,36.0000
2026-03-01 12:00:00,28.7912,46.0000
2026-03-01 13:00:00,34.8227,52.0000
2026-03-01 14:00:00,40.3678,52.0000
2026-03-01 15:00:00,39.6410,53.0000
2026-03-01 16:00:00,41.4398,55.0000
2026-03-01 17:00:00,44.5951,53.0000
2026-03-01 18:00:00,44.2814,37.0000
2026-03-01 19:00:00,35.1023,38.0000
2026-03-01 20:00:00,33.9849,40.0000
2026-03-01 21:00:00,38.8526,41.0000
2026-03-01 22:00:00,39.1605,38.0000
2026-03-01 23:00:00,36.6173,38.0000
2026-03-02 00:00:00,36.8881,42.0000
2026-03-02 01:00:00,44.3718,43.0000
2026-03-02 02:00:00,43.2066,45.0000
2026-03-02 03:00:00,41.9138,44.0000
2026-03-02 04:00:00,39.4330,41.0000
2026-03-02 05:00:00,37.2310,35.0000
2026-03-02 06:00:00,35.9631,33.0000
2026-03-02 07:00:00,36.3606,35.0000
2026-03-02 08:00:00,36.9233,34.0000
2026-03-02 09:00:00,36.5012,36.0000
2026-03-02 10:00:00,37.1497,46.0000
2026-03-02 11:00:00,47.0193,51.0000
2026-03-02 12:00:00,53.9675,50.0000
2026-03-02 13:00:00,52.9395,53.0000
2026-03-02 14:00:00,53.8970,53.0000
2026-03-02 15:00:00,53.7276,53.0000
2026-03-02 16:00:00,53.1729,53.0000
2026-03-02 17:00:00,57.2598,54.0000
2026-03-02 18:00:00,55.3316,54.0000
2026-03-02 19:00:00,55.1819,52.0000
2026-03-02 20:00:00,51.1689,51.0000
2026-03-02 21:00:00,51.9773,54.0000
2026-03-02 22:00:00,52.4195,53.0000
2026-03-02 23:00:00,51.2546,50.0000
2026-03-03 00:00:00,44.5304,48.0000
2026-03-03 01:00:00,43.1888,45.0000
2026-03-03 02:00:00,45.9897,46.0000
2026-03-03 03:00:00,49.2010,51.0000
2026-03-03 04:00:00,52.1453,53.0000
2026-03-03 05:00:00,53.8111,53.0000
2026-03-03 06:00:00,53.7173,53.0000
2026-03-03 07:00:00,52.0622,49.0000
2026-03-03 08:00:00,48.8331,48.0000
2026-03-03 09:00:00,49.9776,46.0000
2026-03-03 10:00:00,48.2918,44.0000
2026-03-03 11:00:00,45.0497,44.0000
2026-03-03 12:00:00,41.0844,39.0000
2026-03-03 13:00:00,36.9626,37.0000
2026-03-03 14:00:00,35.3702,32.0000
2026-03-03 15:00:00,32.3673,30.0000
2026-03-03 16:00:00,32.5350,40.0000
2026-03-03 17:00:00,38.3776,26.0000
2026-03-03 18:00:00,33.3146,33.0000
2026-03-03 19:00:00,36.3227,35.0000
2026-03-03 20:00:00,36.0114,27.0000
2026-03-03 21:00:00,31.5254,25.0000
2026-03-03 22:00:00,28.4689,25.0000
2026-03-03 23:00:00,26.8112,26.0000
2026-03-04 00:00:00,26.2398,27.0000
2026-03-04 01:00:00,27.8136,28.0000
2026-03-04 02:00:00,30.1689,30.0000
2026-03-04 03:00:00,33.9397,33.0000
2026-03-04 04:00:00,35.5845,36.0000
2026-03-04 05:00:00,37.3321,34.0000
2026-03-04 06:00:00,35.9303,35.0000
2026-03-04 07:00:00,35.4463,35.0000
2026-03-04 08:00:00,34.4786,41.0000
2026-03-04 09:00:00,40.2290,40.0000
2026-03-04 10:00:00,38.0784,34.0000
2026-03-04 11:00:00,34.0635,37.0000
2026-03-04 12:00:00,35.8221,32.0000
2026-03-04 13:00:00,33.5167,32.0000
2026-03-04 14:00:00,34.4628,34.0000
2026-03-04 15:00:00,36.4404,35.0000
2026-03-04 16:00:00,36.8106,47.0000
2026-03-04 17:00:00,40.4668,41.0000
2026-03-04 18:00:00,35.8912,42.0000
2026-03-04 19:00:00,35.2247,36.0000
2026-03-04 20:00:00,32.2147,31.0000
2026-03-04 21:00:00,29.1587,27.0000
2026-03-04 22:00:00,27.9507,28.0000
2026-03-04 23:00:00,26.9810,26.0000
2026-03-05 00:00:00,24.0295,23.0000
2026-03-05 01:00:00,22.1627,23.0000
2026-03-05 02:00:00,23.5146,25.0000
2026-03-05 03:00:00,26.1041,29.0000
2026-03-05 04:00:00,29.4153,32.0000
2026-03-05 05:00:00,31.9987,34.0000
2026-03-05 06:00:00,34.0265,35.0000
2026-03-05 07:00:00,34.2946,33.0000
2026-03-05 08:00:00,34.3864,36.0000
2026-03-05 09:00:00,34.6415,40.0000
2026-03-05 10:00:00,35.6921,39.0000
2026-03-05 11:00:00,34.6422,25.0000
2026-03-05 12:00:00,28.3206,25.0000
2026-03-05 13:00:00,26.8556,23.0000
2026-03-05 14:00:00,27.9655,26.0000
2026-03-05 15:00:00,30.3644,26.0000
2026-03-05 16:00:00,29.4624,41.0000
2026-03-05 17:00:00,35.5986,32.0000
2026-03-05 18:00:00,29.9460,39.0000
2026-03-05 19:00:00,33.0858,37.0000
2026-03-05 20:00:00,32.0654,30.0000
2026-03-05 21:00:00,28.6611,25.0000
2026-03-05 22:00:00,26.0883,33.0000
2026-03-05 23:00:00,29.5036,25.0000
2026-03-06 00:00:00,25.1678,25.0000
2026-03-06 01:00:00,24.5279,29.0000
2026-03-06 02:00:00,27.0609,25.0000
2026-03-06 03:00:00,24.5400,28.0000
2026-03-06 04:00:00,24.4440,29.0000
2026-03-06 05:00:00,26.3364,29.0000
2026-03-06 06:00:00,26.7142,30.0000
2026-03-06 07:00:00,29.5428,28.0000
2026-03-06 08:00:00,28.2301,26.0000
2026-03-06 09:00:00,27.9672,30.0000
2026-03-06 10:00:00,31.0303,35.0000
2026-03-06 11:00:00,34.2237,30.0000
2026-03-06 12:00:00,33.1034,33.0000
2026-03-06 13:00:00,33.4342,30.0000
2026-03-06 14:00:00,30.5858,30.0000
2026-03-06 15:00:00,31.0505,29.0000
2026-03-06 16:00:00,33.2153,36.0000
2026-03-06 17:00:00,37.4936,33.0000
2026-03-06 18:00:00,36.7426,40.0000
2026-03-06 19:00:00,39.5962,39.0000
2026-03-06 20:00:00,39.4014,44.0000
2026-03-06 21:00:00,42.2464,49.0000
2026-03-06 22:00:00,49.5850,50.0000
2026-03-06 23:00:00,53.1740,55.0000
2026-03-07 00:00:00,57.2494,58.0000
2026-03-07 01:00:00,58.9521,63.0000
2026-03-07 02:00:00,63.1908,66.0000
2026-03-07 03:00:00,64.8392,68.0000
2026-03-07 04:00:00,67.2031,72.0000
2026-03-07 05:00:00,72.0241,77.0000
2026-03-07 06:00:00,76.8553,80.0000
2026-03-07 07:00:00,79.7577,81.0000
2026-03-07 08:00:00,79.1114,82.0000
2026-03-07 09:00:00,79.2528,81.0000
2026-03-07 10:00:00,79.3214,81.0000
2026-03-07 11:00:00,78.4900,83.0000
2026-03-07 12:00:00,80.4994,84.0000
2026-03-07 13:00:00,81.6369,83.0000
2026-03-07 14:00:00,79.7719,83.0000
2026-03-07 15:00:00,79.1025,83.0000
2026-03-07 16:00:00,79.7846,83.0000
2026-03-07 17:00:00,77.0138,81.0000
2026-03-07 18:00:00,73.2521,78.0000
2026-03-07 19:00:00,69.9486,74.0000
2026-03-07 20:00:00,66.8681,71.0000
2026-03-07 21:00:00,66.5545,69.0000
2026-03-07 22:00:00,64.2484,66.0000
2026-03-07 23:00:00,62.3152,62.0000
2026-03-08 00:00:00,57.2485,57.0000
2026-03-08 01:00:00,53.6140,55.0000
2026-03-08 02:00:00,48.7748,51.0000
2026-03-08 03:00:00,47.2060,51.0000
2026-03-08 04:00:00,47.1414,50.0000
2026-03-08 05:00:00,47.0705,49.0000
2026-03-08 06:00:00,47.0360,45.0000
2026-03-08 07:00:00,44.0927,42.0000
2026-03-08 08:00:00,40.5229,41.0000
2026-03-08 09:00:00,40.3024,42.0000
2026-03-08 10:00:00,41.3074,47.0000
2026-03-08 11:00:00,48.5685,51.0000
2026-03-08 12:00:00,54.0501,51.0000
2026-03-08 13:00:00,51.5007,50.0000
2026-03-08 14:00:00,49.2341,50.0000
2026-03-08 15:00:00,48.1705,47.0000
2026-03-08 16:00:00,46.4367,46.0000
2026-03-08 17:00:00,46.8154,43.0000
2026-03-08 18:00:00,44.4018,40.0000
2026-03-08 19:00:00,41.5592,37.0000
2026-03-08 20:00:00,37.1244,33.0000
2026-03-08 21:00:00,34.7049,35.0000
2026-03-08 22:00:00,33.8734,34.0000
2026-03-08 23:00:00,33.8786,32.0000
2026-03-09 00:00:00,32.6475,31.0000
2026-03-09 01:00:00,30.7910,29.0000
2026-03-09 02:00:00,29.3285,30.0000
2026-03-09 03:00:00,28.5913,30.0000
2026-03-09 04:00:00,30.3466,31.0000
2026-03-09 05:00:00,31.3689,32.0000
2026-03-09 06:00:00,31.7524,33.0000
2026-03-09 07:00:00,34.0348,33.0000
2026-03-09 08:00:00,37.7270,33.0000
2026-03-09 09:00:00,38.0419,34.0000
2026-03-09 10:00:00,39.2653,38.0000
2026-03-09 11:00:00,35.3926,37.0000
2026-03-09 12:00:00,34.9178,42.0000
2026-03-09 13:00:00,39.4409,45.0000
2026-03-09 14:00:00,43.5728,49.0000
2026-03-09 15:00:00,46.5979,51.0000
2026-03-09 16:00:00,48.3228,50.0000
2026-03-09 17:00:00,46.2166,47.0000
2026-03-09 18:00:00,45.4558,44.0000
2026-03-09 19:00:00,43.1848,40.0000
2026-03-09 20:00:00,40.0716,42.0000
2026-03-09 21:00:00,40.6248,43.0000
2026-03-09 22:00:00,41.6126,42.0000
2026-03-09 23:00:00,43.6886,43.0000
2026-03-10 00:00:00,42.2567,44.0000
2026-03-10 01:00:00,44.1950,43.0000
2026-03-10 02:00:00,44.4667,44.0000
2026-03-10 03:00:00,44.9316,45.0000
2026-03-10 04:00:00,46.6523,46.0000
2026-03-10 05:00:00,47.1806,47.0000
2026-03-10 06:00:00,49.2926,46.0000
2026-03-10 07:00:00,49.0493,50.0000
2026-03-10 08:00:00,51.1475,50.0000
2026-03-10 09:00:00,52.3797,51.0000
2026-03-10 10:00:00,51.8236,55.0000
2026-03-10 11:00:00,54.6666,57.0000
2026-03-10 12:00:00,58.4037,59.0000
2026-03-10 13:00:00,60.4938,62.0000
2026-03-10 14:00:00,59.9119,58.0000
2026-03-10 15:00:00,57.3548,59.0000
2026-03-10 16:00:00,57.5569,58.0000
2026-03-10 17:00:00,58.2519,57.0000
2026-03-10 18:00:00,57.7492,59.0000
2026-03-10 19:00:00,57.5315,55.0000
2026-03-10 20:00:00,55.9457,55.0000
2026-03-10 21:00:00,54.6430,57.0000
2026-03-10 22:00:00,55.1802,56.0000
2026-03-10 23:00:00,54.9852,54.0000
2026-03-11 00:00:00,52.5947,53.0000
2026-03-11 01:00:00,50.0108,51.0000
2026-03-11 02:00:00,48.9213,48.0000
2026-03-11 03:00:00,47.9403,49.0000
2026-03-11 04:00:00,48.5205,50.0000
2026-03-11 05:00:00,47.4882,46.0000
2026-03-11 06:00:00,47.3383,43.0000
2026-03-11 07:00:00,47.7772,43.0000
2026-03-11 08:00:00,45.7440,44.0000
2026-03-11 09:00:00,44.4525,45.0000
2026-03-11 10:00:00,45.4390,47.0000
2026-03-11 11:00:00,46.7204,48.0000
2026-03-11 12:00:00,47.0395,47.0000
2026-03-11 13:00:00,45.9585,45.0000
2026-03-11 14:00:00,43.3678,44.0000
2026-03-11 15:00:00,43.0337,43.0000
2026-03-11 16:00:00,43.9135,41.0000
2026-03-11 17:00:00,44.8160,43.0000
2026-03-11 18:00:00,44.9868,43.0000
2026-03-11 19:00:00,46.7420,45.0000
2026-03-11 20:00:00,46.7136,42.0000
2026-03-11 21:00:00,43.1977,40.0000
2026-03-11 22:00:00,42.5371,39.0000
2026-03-11 23:00:00,41.8796,42.0000
2026-03-12 00:00:00,42.4320,40.0000
2026-03-12 01:00:00,39.9351,37.0000
2026-03-12 02:00:00,37.3878,37.0000
2026-03-12 03:00:00,38.5606,39.0000
2026-03-12 04:00:00,41.6175,41.0000
2026-03-12 05:00:00,42.1287,41.0000
2026-03-12 06:00:00,42.9709,42.0000
2026-03-12 07:00:00,45.9518,43.0000
2026-03-12 08:00:00,47.5681,46.0000
2026-03-12 09:00:00,49.8794,49.0000
2026-03-12 10:00:00,50.3939,50.0000
2026-03-12 11:00:00,51.0713,52.0000
2026-03-12 12:00:00,51.6625,52.0000
2026-03-12 13:00:00,51.0154,53.0000
2026-03-12 14:00:00,53.9470,55.0000
2026-03-12 15:00:00,57.1636,55.0000
2026-03-12 16:00:00,58.6483,58.0000
2026-03-12 17:00:00,59.8592,59.0000
2026-03-12 18:00:00,60.2685,58.0000
2026-03-12 19:00:00,60.5515,58.0000
2026-03-12 20:00:00,58.2782,58.0000
2026-03-12 21:00:00,57.9841,58.0000
2026-03-12 22:00:00,58.6828,60.0000
2026-03-12 23:00:00,62.5737,65.0000
2026-03-13 00:00:00,66.7805,69.0000
2026-03-13 01:00:00,69.4625,69.0000
2026-03-13 02:00:00,67.2136,70.0000
2026-03-13 03:00:00,69.3266,74.0000
2026-03-13 04:00:00,74.7758,77.0000
2026-03-13 05:00:00,79.4722,83.0000
2026-03-13 06:00:00,83.6037,83.0000
2026-03-13 07:00:00,82.2639,80.0000
2026-03-13 08:00:00,78.1182,84.0000
2026-03-13 09:00:00,83.9571,86.0000
2026-03-13 10:00:00,86.3252,84.0000
2026-03-13 11:00:00,81.2861,82.0000
2026-03-13 12:00:00,76.3619,79.0000
2026-03-13 13:00:00,74.7436,74.0000
2026-03-13 14:00:00,73.3333,74.0000
2026-03-13 15:00:00,73.1724,71.0000
2026-03-13 16:00:00,71.1441,72.0000
2026-03-13 17:00:00,72.9756,70.0000
2026-03-13 18:00:00,70.6037,68.0000
2026-03-13 19:00:00,66.5643,68.0000
2026-03-13 20:00:00,64.1859,66.0000
2026-03-13 21:00:00,61.7747,66.0000
2026-03-13 22:00:00,63.6860,66.0000
2026-03-13 23:00:00,63.6849,64.0000
2026-03-14 00:00:00,61.0461,63.0000
2026-03-14 01:00:00,58.6386,60.0000
2026-03-14 02:00:00,56.0270,61.0000
2026-03-14 03:00:00,58.0142,62.0000
2026-03-14 04:00:00,59.2916,62.0000
2026-03-14 05:00:00,59.7515,66.0000
2026-03-14 06:00:00,62.1766,68.0000
2026-03-14 07:00:00,65.3970,69.0000
2026-03-14 08:00:00,68.2437,69.0000
2026-03-14 09:00:00,67.6897,66.0000
2026-03-14 10:00:00,64.2518,61.0000
2026-03-14 11:00:00,62.9216,63.0000
2026-03-14 12:00:00,65.2626,63.0000
2026-03-14 13:00:00,64.8598,62.0000
2026-03-14 14:00:00,62.3870,62.0000
2026-03-14 15:00:00,62.3211,61.0000
2026-03-14 16:00:00,62.7297,63.0000
2026-03-14 17:00:00,63.7254,63.0000
2026-03-14 18:00:00,61.8406,60.0000
2026-03-14 19:00:00,59.8808,57.0000
2026-03-14 20:00:00,57.7559,55.0000
2026-03-14 21:00:00,56.3187,54.0000
2026-03-14 22:00:00,53.5039,53.0000
2026-03-14 23:00:00,51.1830,52.0000
2026-03-15 00:00:00,48.9220,51.0000
2026-03-15 01:00:00,46.9262,49.0000
2026-03-15 02:00:00,46.0886,48.0000
2026-03-15 03:00:00,45.1912,48.0000
2026-03-15 04:00:00,43.0029,46.0000
2026-03-15 05:00:00,42.7728,48.0000
2026-03-15 06:00:00,43.1823,46.0000
2026-03-15 07:00:00,43.7121,45.0000
2026-03-15 08:00:00,42.5895,45.0000
2026-03-15 09:00:00,43.6202,45.0000
2026-03-15 10:00:00,47.0269,46.0000
2026-03-15 11:00:00,48.8829,50.0000
2026-03-15 12:00:00,51.4354,50.0000
2026-03-15 13:00:00,49.1124,47.0000
2026-03-15 14:00:00,48.0051,48.0000
2026-03-15 15:00:00,47.4805,48.0000
2026-03-15 16:00:00,49.9601,49.0000
2026-03-15 17:00:00,50.2696,51.0000
2026-03-15 18:00:00,52.0445,51.0000
2026-03-15 19:00:00,50.7896,51.0000
2026-03-15 20:00:00,51.1470,49.0000
2026-03-15 21:00:00,49.2590,45.0000
2026-03-15 22:00:00,45.7504,44.0000
2026-03-15 23:00:00,44.0916,40.0000
2026-03-16 00:00:00,41.7075,40.0000
2026-03-16 01:00:00,40.2705,39.0000
2026-03-16 02:00:00,38.0007,37.0000
2026-03-16 03:00:00,37.5464,39.0000
2026-03-16 04:00:00,36.6786,37.0000
2026-03-16 05:00:00,36.2973,34.0000
2026-03-16 06:00:00,33.3446,32.0000
2026-03-16 07:00:00,35.4445,32.0000
2026-03-16 08:00:00,35.1222,35.0000
2026-03-16 09:00:00,37.9370,39.0000
2026-03-16 10:00:00,40.5009,43.0000
2026-03-16 11:00:00,46.8458,46.0000
2026-03-16 12:00:00,48.3472,46.0000
2026-03-16 13:00:00,48.0598,46.0000
2026-03-16 14:00:00,47.6109,42.0000
2026-03-16 15:00:00,44.2962,41.0000
2026-03-16 16:00:00,42.1559,41.0000
2026-03-16 17:00:00,44.3498,41.0000
2026-03-16 18:00:00,45.3325,41.0000
2026-03-16 19:00:00,45.5314,46.0000
2026-03-16 20:00:00,45.0636,44.0000
2026-03-16 21:00:00,45.5558,47.0000
2026-03-16 22:00:00,46.3083,45.0000
2026-03-16 23:00:00,45.9298,45.0000
2026-03-17 00:00:00,44.7545,46.0000
2026-03-17 01:00:00,42.9154,42.0000
2026-03-17 02:00:00,40.4915,42.0000
2026-03-17 03:00:00,38.7387,40.0000
2026-03-17 04:00:00,36.9494,41.0000
2026-03-17 05:00:00,37.3887,
2026-03-17 06:00:00,39.9447,41.0000
2026-03-17 07:00:00,42.3865,45.0000
2026-03-17 08:00:00,47.5622,44.0000
2026-03-17 09:00:00,46.7048,46.0000
2026-03-17 10:00:00,50.5220,49.0000
2026-03-17 11:00:00,51.7492,49.0000
2026-03-17 12:00:00,49.2321,54.0000
2026-03-17 13:00:00,59.4498,61.0000
2026-03-17 14:00:00,67.0779,67.0000
2026-03-17 15:00:00,74.0567,74.0000
2026-03-17 16:00:00,78.1933,78.0000
2026-03-17 17:00:00,80.4229,76.0000
2026-03-17 18:00:00,78.5607,74.0000
2026-03-17 19:00:00,73.5063,74.0000
2026-03-17 20:00:00,72.5603,73.0000
2026-03-17 21:00:00,74.2070,73.0000
2026-03-17 22:00:00,74.5764,74.0000
2026-03-17 23:00:00,73.4811,74.0000
2026-03-18 00:00:00,71.3474,73.0000
2026-03-18 01:00:00,69.0841,70.0000
2026-03-18 02:00:00,65.5057,67.0000
2026-03-18 03:00:00,64.8327,63.0000
2026-03-18 04:00:00,60.0898,57.0000
2026-03-18 05:00:00,55.0512,56.0000
2026-03-18 06:00:00,53.4299,53.0000
2026-03-18 07:00:00,51.9052,51.0000
2026-03-18 08:00:00,54.1165,52.0000
2026-03-18 09:00:00,52.6525,50.0000
2026-03-18 10:00:00,52.8482,54.0000
2026-03-18 11:00:00,55.5189,56.0000
2026-03-18 12:00:00,58.3641,57.0000
2026-03-18 13:00:00,61.8859,61.0000
2026-03-18 14:00:00,62.3948,60.0000
2026-03-18 15:00:00,62.4454,60.0000
2026-03-18 16:00:00,63.3325,63.0000
2026-03-18 17:00:00,66.4824,62.0000
2026-03-18 18:00:00,67.3209,67.0000
2026-03-18 19:00:00,72.8070,71.0000
2026-03-18 20:00:00,72.7958,70.0000
2026-03-18 21:00:00,72.4758,70.0000
2026-03-18 22:00:00,69.5267,68.0000
2026-03-18 23:00:00,67.8110,66.0000
2026-03-19 00:00:00,66.3800,62.0000
2026-03-19 01:00:00,61.9309,63.0000
2026-03-19 02:00:00,61.5735,63.0000
2026-03-19 03:00:00,61.8073,61.0000
2026-03-19 04:00:00,59.2062,61.0000
2026-03-19 05:00:00,56.2928,58.0000
2026-03-19 06:00:00,54.3152,56.0000
2026-03-19 07:00:00,54.5043,55.0000
2026-03-19 08:00:00,56.5385,53.0000
2026-03-19 09:00:00,54.6800,53.0000
2026-03-19 10:00:00,54.2708,51.0000
2026-03-19 11:00:00,53.1753,51.0000
2026-03-19 12:00:00,52.0909,48.0000
2026-03-19 13:00:00,49.0679,43.0000
2026-03-19 14:00:00,45.1852,40.0000
2026-03-19 15:00:00,42.6281,40.0000
2026-03-19 16:00:00,41.1826,40.0000
2026-03-19 17:00:00,41.7697,40.0000
2026-03-19 18:00:00,42.6700,34.0000
2026-03-19 19:00:00,36.9445,34.0000
2026-03-19 20:00:00,32.7855,34.0000
2026-03-19 21:00:00,31.8169,34.0000
2026-03-19 22:00:00,31.6500,33.0000
2026-03-19 23:00:00,31.9151,33.0000
2026-03-20 00:00:00,31.5081,33.0000
2026-03-20 01:00:00,31.7306,33.0000
2026-03-20 02:00:00,33.0498,33.0000
2026-03-20 03:00:00,35.1029,40.0000
2026-03-20 04:00:00,40.7447,42.0000
2026-03-20 05:00:00,43.4651,47.0000
2026-03-20 06:00:00,45.5820,47.0000
2026-03-20 07:00:00,47.2719,45.0000
2026-03-20 08:00:00,47.8289,50.0000
2026-03-20 09:00:00,50.9685,55.0000
2026-03-20 10:00:00,60.2750,60.0000
2026-03-20 11:00:00,66.1746,67.0000
2026-03-20 12:00:00,71.9486,68.0000
2026-03-20 13:00:00,70.3744,67.0000
2026-03-20 14:00:00,67.4352,64.0000
2026-03-20 15:00:00,62.4215,60.0000
2026-03-20 16:00:00,60.2318,62.0000
2026-03-20 17:00:00,62.0825,59.0000
2026-03-20 18:00:00,60.8505,60.0000
2026-03-20 19:00:00,57.4800,60.0000
2026-03-20 20:00:00,55.6959,58.0000
2026-03-20 21:00:00,54.7814,56.0000
2026-03-20 22:00:00,55.4245,54.0000
2026-03-20 23:00:00,54.6625,52.0000
2026-03-21 00:00:00,54.1225,50.0000
2026-03-21 01:00:00,50.1774,46.0000
2026-03-21 02:00:00,45.0660,41.0000
2026-03-21 03:00:00,40.2067,40.0000
2026-03-21 04:00:00,40.6055,36.0000
2026-03-21 05:00:00,38.4864,35.0000
2026-03-21 06:00:00,39.2784,36.0000
2026-03-21 07:00:00,40.6285,36.0000
2026-03-21 08:00:00,41.2807,36.0000
2026-03-21 09:00:00,40.8568,38.0000
2026-03-21 10:00:00,40.4379,43.0000
2026-03-21 11:00:00,41.6966,43.0000
2026-03-21 12:00:00,42.2312,42.0000
2026-03-21 13:00:00,41.3318,41.0000
2026-03-21 14:00:00,41.4159,39.0000
2026-03-21 15:00:00,41.1798,42.0000
2026-03-21 16:00:00,46.4668,44.0000
2026-03-21 17:00:00,48.4362,44.0000
2026-03-21 18:00:00,44.9733,42.0000
2026-03-21 19:00:00,40.2326,35.0000
2026-03-21 20:00:00,35.7696,34.0000
2026-03-21 21:00:00,33.8828,33.0000
2026-03-21 22:00:00,33.5454,31.0000
2026-03-21 23:00:00,33.0971,32.0000
2026-03-22 00:00:00,32.0814,32.0000
2026-03-22 01:00:00,31.5587,29.0000
2026-03-22 02:00:00,28.3375,26.0000
2026-03-22 03:00:00,27.1340,24.0000
2026-03-22 04:00:00,26.5604,24.0000
2026-03-22 05:00:00,27.9118,24.0000
2026-03-22 06:00:00,30.4933,25.0000
2026-03-22 07:00:00,31.4208,25.0000
2026-03-22 08:00:00,32.1460,25.0000
2026-03-22 09:00:00,30.7508,29.0000
2026-03-22 10:00:00,31.1019,30.0000
2026-03-22 11:00:00,29.2968,32.0000
2026-03-22 12:00:00,30.0557,33.0000
2026-03-22 13:00:00,31.7426,32.0000
2026-03-22 14:00:00,33.0625,34.0000
2026-03-22 15:00:00,35.9119,37.0000
2026-03-22 16:00:00,40.5414,38.0000
2026-03-22 17:00:00,40.9042,42.0000
2026-03-22 18:00:00,43.9232,53.0000
2026-03-22 19:00:00,54.3018,56.0000
2026-03-22 20:00:00,57.8047,60.0000
2026-03-22 21:00:00,63.2130,63.0000
2026-03-22 22:00:00,66.1952,61.0000
2026-03-22 23:00:00,65.8863,60.0000
2026-03-23 00:00:00,62.3328,61.0000
2026-03-23 01:00:00,62.2105,60.0000
2026-03-23 02:00:00,61.4795,62.0000
2026-03-23 03:00:00,61.3495,62.0000
2026-03-23 04:00:00,61.2392,60.0000
2026-03-23 05:00:00,58.4555,59.0000
2026-03-23 06:00:00,58.0866,58.0000
2026-03-23 07:00:00,59.2001,61.0000
2026-03-23 08:00:00,61.0556,62.0000
2026-03-23 09:00:00,63.2089,63.0000
2026-03-23 10:00:00,61.3318,66.0000
2026-03-23 11:00:00,64.0419,65.0000
2026-03-23 12:00:00,63.3245,64.0000
2026-03-23 13:00:00,60.6724,62.0000
2026-03-23 14:00:00,57.3093,59.0000
2026-03-23 15:00:00,57.4266,61.0000
2026-03-23 16:00:00,60.3154,61.0000
2026-03-23 17:00:00,60.6086,62.0000
2026-03-23 18:00:00,58.5614,59.0000
2026-03-23 19:00:00,52.3341,54.0000
2026-03-23 20:00:00,48.2854,52.0000
2026-03-23 21:00:00,48.0664,50.0000
2026-03-23 22:00:00,48.5278,51.0000
2026-03-23 23:00:00,46.8441,50.0000
2026-03-24 00:00:00,43.1343,45.0000
2026-03-24 01:00:00,38.3857,44.0000
2026-03-24 02:00:00,36.6331,43.0000
2026-03-24 03:00:00,41.9972,50.0000
2026-03-24 04:00:00,52.4890,50.0000
2026-03-24 05:00:00,50.5853,50.0000
2026-03-24 06:00:00,47.2717,50.0000
2026-03-24 07:00:00,44.7197,47.0000
2026-03-24 08:00:00,44.3412,48.0000
2026-03-24 09:00:00,44.2532,49.0000
2026-03-24 10:00:00,45.2580,50.0000
2026-03-24 11:00:00,51.1547,58.0000
2026-03-24 12:00:00,68.9841,66.0000
2026-03-24 13:00:00,77.7267,73.0000
2026-03-24 14:00:00,82.3360,77.0000
2026-03-24 15:00:00,80.2939,78.0000
2026-03-24 16:00:00,82.6848,82.0000
2026-03-24 17:00:00,85.8627,86.0000
2026-03-24 18:00:00,90.0663,91.0000
2026-03-24 19:00:00,93.4281,96.0000
2026-03-24 20:00:00,97.0684,97.0000
2026-03-24 21:00:00,95.6693,99.0000
2026-03-24 22:00:00,94.2827,97.0000
2026-03-24 23:00:00,89.9317,91.0000
2026-03-25 00:00:00,88.9168,88.0000
2026-03-25 01:00:00,86.0837,85.0000
2026-03-25 02:00:00,83.8922,85.0000
2026-03-25 03:00:00,79.4183,84.0000
2026-03-25 04:00:00,77.8141,84.0000
2026-03-25 05:00:00,80.5009,83.0000
2026-03-25 06:00:00,80.4358,85.0000
2026-03-25 07:00:00,84.8393,85.0000
2026-03-25 08:00:00,87.7931,84.0000
2026-03-25 09:00:00,84.7002,81.0000
2026-03-25 10:00:00,77.2858,80.0000
2026-03-25 11:00:00,72.1906,79.0000
2026-03-25 12:00:00,74.7311,79.0000
2026-03-25 13:00:00,77.1190,79.0000
2026-03-25 14:00:00,73.1487,77.0000
2026-03-25 15:00:00,69.2345,71.0000
2026-03-25 16:00:00,62.7528,68.0000
2026-03-25 17:00:00,61.7310,63.0000
2026-03-25 18:00:00,58.4705,59.0000
2026-03-25 19:00:00,56.7882,60.0000
2026-03-25 20:00:00,56.5433,60.0000
2026-03-25 21:00:00,57.6486,62.0000
2026-03-25 22:00:00,58.6416,61.0000
2026-03-25 23:00:00,54.3205,61.0000
2026-03-26 00:00:00,55.3091,60.0000
2026-03-26 01:00:00,57.4686,60.0000
2026-03-26 02:00:00,58.4856,61.0000
2026-03-26 03:00:00,59.4062,63.0000
2026-03-26 04:00:00,62.4174,62.0000
2026-03-26 05:00:00,62.0013,61.0000
2026-03-26 06:00:00,59.0567,60.0000
2026-03-26 07:00:00,57.7697,59.0000
2026-03-26 08:00:00,57.9712,60.0000
2026-03-26 09:00:00,59.8284,59.0000
2026-03-26 10:00:00,58.7670,60.0000
2026-03-26 11:00:00,58.4558,58.0000
2026-03-26 12:00:00,58.0538,56.0000
2026-03-26 13:00:00,57.7132,56.0000
2026-03-26 14:00:00,56.9726,56.0000
2026-03-26 15:00:00,57.3298,56.0000
2026-03-26 16:00:00,61.0448,64.0000
2026-03-26 17:00:00,68.5904,72.0000
2026-03-26 18:00:00,75.2228,68.0000
2026-03-26 19:00:00,69.3257,63.0000
2026-03-26 20:00:00,59.8132,56.0000
2026-03-26 21:00:00,53.2086,48.0000
2026-03-26 22:00:00,49.5695,44.0000
2026-03-26 23:00:00,46.0979,45.0000
2026-03-27 00:00:00,45.5161,45.0000
2026-03-27 01:00:00,44.0059,45.0000
2026-03-27 02:00:00,41.6268,43.0000
2026-03-27 03:00:00,40.2891,45.0000
2026-03-27 04:00:00,42.6979,51.0000
2026-03-27 05:00:00,50.1841,53.0000
2026-03-27 06:00:00,53.9955,56.0000
2026-03-27 07:00:00,53.9358,55.0000
2026-03-27 08:00:00,53.6858,53.0000
2026-03-27 09:00:00,50.7396,52.0000
2026-03-27 10:00:00,50.7864,51.0000
2026-03-27 11:00:00,48.1763,49.0000
2026-03-27 12:00:00,44.5251,56.0000
2026-03-27 13:00:00,54.2275,58.0000
2026-03-27 14:00:00,55.2159,54.0000
2026-03-27 15:00:00,49.8960,52.0000
2026-03-27 16:00:00,48.2754,50.0000
2026-03-27 17:00:00,48.2021,43.0000
2026-03-27 18:00:00,42.5012,41.0000
2026-03-27 19:00:00,39.9036,38.0000
2026-03-27 20:00:00,34.0354,37.0000
2026-03-27 21:00:00,34.7237,37.0000
2026-03-27 22:00:00,38.1798,44.0000
2026-03-27 23:00:00,45.6103,51.0000
2026-03-28 00:00:00,50.4386,54.0000
2026-03-28 01:00:00,52.0817,53.0000
2026-03-28 02:00:00,50.9478,52.0000
2026-03-28 03:00:00,49.2269,48.0000
2026-03-28 04:00:00,45.1531,42.0000
2026-03-28 05:00:00,42.0828,38.0000
2026-03-28 06:00:00,38.9922,37.0000
2026-03-28 07:00:00,37.0792,39.0000
2026-03-28 08:00:00,40.7670,40.0000
2026-03-28 09:00:00,39.5208,42.0000
2026-03-28 10:00:00,39.4755,41.0000
2026-03-28 11:00:00,37.8391,42.0000
2026-03-28 12:00:00,39.6152,42.0000
2026-03-28 13:00:00,42.1122,42.0000
2026-03-28 14:00:00,44.0007,42.0000
2026-03-28 15:00:00,44.2939,40.0000
2026-03-28 16:00:00,44.2466,40.0000
2026-03-28 17:00:00,46.2397,41.0000
2026-03-28 18:00:00,46.4154,44.0000
2026-03-28 19:00:00,45.4587,46.0000
2026-03-28 20:00:00,44.8491,50.0000
2026-03-28 21:00:00,48.3020,52.0000
2026-03-28 22:00:00,53.6069,54.0000
2026-03-28 23:00:00,53.8251,55.0000
2026-03-29 00:00:00,54.1764,54.0000
2026-03-29 01:00:00,53.5655,52.0000
2026-03-29 02:00:00,51.6193,52.0000
2026-03-29 03:00:00,49.1001,50.0000
2026-03-29 04:00:00,48.4928,53.0000
2026-03-29 05:00:00,54.1338,59.0000
2026-03-29 06:00:00,61.7282,63.0000
2026-03-29 07:00:00,65.4406,69.0000
2026-03-29 08:00:00,69.6184,75.0000
2026-03-29 09:00:00,74.6457,85.0000
2026-03-29 10:00:00,86.1269,86.0000
2026-03-29 11:00:00,84.5312,90.0000
2026-03-29 12:00:00,87.9611,97.0000
2026-03-29 13:00:00,95.2486,96.0000
2026-03-29 14:00:00,99.1253,107.0000
2026-03-29 15:00:00,103.6279,109.0000
2026-03-29 16:00:00,101.2666,108.0000
2026-03-29 17:00:00,93.9621,112.0000
2026-03-29 18:00:00,92.6872,114.0000
2026-03-29 19:00:00,95.9128,118.0000
2026-03-29 20:00:00,94.2491,120.0000
2026-03-29 21:00:00,98.1667,122.0000
2026-03-29 22:00:00,32.4625,119.0000
2026-03-29 23:00:00,27.9052,114.0000
2026-03-30 00:00:00,27.1668,105.0000
2026-03-30 01:00:00,27.9226,96.0000
2026-03-30 02:00:00,33.8855,94.0000
2026-03-30 03:00:00,50.7823,95.0000
2026-03-30 04:00:00,86.1789,100.0000
2026-03-30 05:00:00,91.2090,101.0000
2026-03-30 06:00:00,87.6848,97.0000
2026-03-30 07:00:00,86.5320,91.0000
2026-03-30 08:00:00,82.9878,87.0000
2026-03-30 09:00:00,83.4939,84.0000
2026-03-30 10:00:00,84.0648,85.0000
2026-03-30 11:00:00,38.1242,89.0000
2026-03-30 12:00:00,23.3034,97.0000
2026-03-30 13:00:00,30.8776,102.0000
2026-03-30 14:00:00,42.4288,102.0000
2026-03-30 15:00:00,49.4305,97.0000
2026-03-30 16:00:00,56.9113,89.0000
2026-03-30 17:00:00,63.5338,83.0000
2026-03-30 18:00:00,68.0032,83.0000
2026-03-30 19:00:00,74.8013,83.0000
2026-03-30 20:00:00,79.4913,84.0000
2026-03-30 21:00:00,82.8236,83.0000
2026-03-30 22:00:00,81.8601,82.0000
2026-03-30 23:00:00,79.1258,82.0000
2026-03-31 00:00:00,75.7029,80.0000
2026-03-31 01:00:00,73.8051,77.0000
2026-03-31 02:00:00,70.3192,78.0000
2026-03-31 03:00:00,70.8410,77.0000
2026-03-31 04:00:00,71.1082,76.0000
2026-03-31 05:00:00,70.4144,76.0000
2026-03-31 06:00:00,68.5363,74.0000
2026-03-31 07:00:00,69.0227,73.0000
2026-03-31 08:00:00,70.0991,74.0000
2026-03-31 09:00:00,69.5857,74.0000
2026-03-31 10:00:00,71.0498,72.0000
2026-03-31 11:00:00,69.8685,71.0000
2026-03-31 12:00:00,71.0479,73.0000
2026-03-31 13:00:00,74.3614,73.0000
2026-03-31 14:00:00,74.4505,74.0000
2026-03-31 15:00:00,72.4881,79.0000
2026-03-31 16:00:00,76.0303,80.0000
2026-03-31 17:00:00,74.7126,85.0000
2026-03-31 18:00:00,79.3979,86.0000
2026-03-31 19:00:00,86.9361,89.0000
2026-03-31 20:00:00,97.1909,89.0000
2026-03-31 21:00:00,95.3523,87.0000
2026-03-31 22:00:00,90.7938,88.0000
2026-03-31 23:00:00,87.5700,82.0000
2026-04-01 00:00:00,82.9376,81.0000
2026-04-01 01:00:00,77.3771,79.0000
2026-04-01 02:00:00,73.1251,76.0000
2026-04-01 03:00:00,70.9239,78.0000
2026-04-01 04:00:00,73.6825,76.0000
2026-04-01 05:00:00,72.8721,76.0000
2026-04-01 06:00:00,72.2710,74.0000
2026-04-01 07:00:00,67.2306,68.0000
2026-04-01 08:00:00,60.9197,63.0000
2026-04-01 09:00:00,56.4119,57.0000
2026-04-01 10:00:00,52.5610,52.0000
2026-04-01 11:00:00,48.7739,47.0000
2026-04-01 12:00:00,45.6181,47.0000
2026-04-01 13:00:00,44.3957,40.0000
2026-04-01 14:00:00,36.5052,41.0000
2026-04-01 15:00:00,36.7549,51.0000
2026-04-01 16:00:00,42.3589,48.0000
2026-04-01 17:00:00,36.6497,50.0000
2026-04-01 18:00:00,36.2914,37.0000
2026-04-01 19:00:00,32.1170,37.0000
2026-04-01 20:00:00,32.6591,37.0000
2026-04-01 21:00:00,33.1378,33.0000
2026-04-01 22:00:00,32.0018,30.0000
2026-04-01 23:00:00,32.1309,32.0000
2026-04-02 00:00:00,32.4062,31.0000
2026-04-02 01:00:00,30.1781,31.0000
2026-04-02 02:00:00,30.1804,33.0000
2026-04-02 03:00:00,31.2629,34.0000
2026-04-02 04:00:00,30.4290,34.0000
2026-04-02 05:00:00,29.8414,35.0000
2026-04-02 06:00:00,35.5603,36.0000
2026-04-02 07:00:00,36.5833,37.0000
2026-04-02 08:00:00,41.1546,40.0000
2026-04-02 09:00:00,40.8073,42.0000
2026-04-02 10:00:00,42.3301,39.0000
2026-04-02 11:00:00,42.2031,41.0000
2026-04-02 12:00:00,42.2039,44.0000
2026-04-02 13:00:00,46.0514,44.0000
2026-04-02 14:00:00,47.6747,46.0000
2026-04-02 15:00:00,49.1767,46.0000
2026-04-02 16:00:00,49.8298,46.0000
2026-04-02 17:00:00,48.5822,48.0000
2026-04-02 18:00:00,49.3480,47.0000
2026-04-02 19:00:00,49.4128,49.0000
2026-04-02 20:00:00,49.8145,49.0000
2026-04-02 21:00:00,51.7410,51.0000
2026-04-02 22:00:00,52.0202,52.0000
2026-04-02 23:00:00,53.5487,51.0000
2026-04-03 00:00:00,50.2602,46.0000
2026-04-03 01:00:00,46.4401,44.0000
2026-04-03 02:00:00,43.6685,44.0000
2026-04-03 03:00:00,43.2247,46.0000
2026-04-03 04:00:00,44.4486,49.0000
2026-04-03 05:00:00,45.7005,49.0000
2026-04-03 06:00:00,44.5299,46.0000
2026-04-03 07:00:00,42.8702,44.0000
2026-04-03 08:00:00,42.7723,44.0000
2026-04-03 09:00:00,45.3709,43.0000
2026-04-03 10:00:00,46.6705,52.0000
2026-04-03 11:00:00,49.4826,53.0000
2026-04-03 12:00:00,58.8243,56.0000
2026-04-03 13:00:00,62.2523,52.0000
2026-04-03 14:00:00,50.7753,51.0000
2026-04-03 15:00:00,40.6501,44.0000
2026-04-03 16:00:00,37.8652,37.0000
2026-04-03 17:00:00,39.0482,39.0000
2026-04-03 18:00:00,40.1521,42.0000
2026-04-03 19:00:00,44.7128,45.0000
2026-04-03 20:00:00,49.4096,47.0000
2026-04-03 21:00:00,49.7600,50.0000
2026-04-03 22:00:00,49.4706,48.0000
2026-04-03 23:00:00,47.0621,42.0000
2026-04-04 00:00:00,41.2652,35.0000
2026-04-04 01:00:00,34.8291,32.0000
2026-04-04 02:00:00,32.1058,40.0000
2026-04-04 03:00:00,47.2619,48.0000
2026-04-04 04:00:00,57.6824,57.0000
2026-04-04 05:00:00,66.4896,61.0000
2026-04-04 06:00:00,61.9091,61.0000
2026-04-04 07:00:00,61.0334,61.0000
2026-04-04 08:00:00,60.1121,57.0000
2026-04-04 09:00:00,58.6447,61.0000
2026-04-04 10:00:00,64.1577,60.0000
2026-04-04 11:00:00,63.4420,58.0000
2026-04-04 12:00:00,58.8078,58.0000
2026-04-04 13:00:00,55.3082,53.0000
2026-04-04 14:00:00,51.3279,51.0000
2026-04-04 15:00:00,50.5103,51.0000
2026-04-04 16:00:00,49.8848,46.0000
2026-04-04 17:00:00,46.2859,43.0000
2026-04-04 18:00:00,39.7185,43.0000
2026-04-04 19:00:00,42.7495,41.0000
2026-04-04 20:00:00,43.5618,43.0000
2026-04-04 21:00:00,45.4316,45.0000
2026-04-04 22:00:00,44.0986,41.0000
2026-04-04 23:00:00,40.5869,37.0000
2026-04-05 00:00:00,34.6986,36.0000
2026-04-05 01:00:00,36.2887,34.0000
2026-04-05 02:00:00,36.0313,31.0000
2026-04-05 03:00:00,32.3529,30.0000
2026-04-05 04:00:00,29.4489,29.0000
2026-04-05 05:00:00,30.6726,30.0000
2026-04-05 06:00:00,31.8916,28.0000
2026-04-05 07:00:00,28.8310,26.0000
2026-04-05 08:00:00,24.1471,22.0000
2026-04-05 09:00:00,23.3028,22.0000
2026-04-05 10:00:00,27.0149,24.0000
2026-04-05 11:00:00,27.6247,28.0000
2026-04-05 12:00:00,31.5167,33.0000
2026-04-05 13:00:00,35.8211,36.0000
2026-04-05 14:00:00,40.1192,40.0000
2026-04-05 15:00:00,43.2667,48.0000
2026-04-05 16:00:00,51.2815,53.0000
2026-04-05 17:00:00,56.5375,55.0000
2026-04-05 18:00:00,56.6729,57.0000
2026-04-05 19:00:00,56.2942,55.0000
2026-04-05 20:00:00,54.5667,52.0000
2026-04-05 21:00:00,51.9427,52.0000
2026-04-05 22:00:00,52.3320,50.0000
2026-04-05 23:00:00,50.9346,47.0000
2026-04-06 00:00:00,46.8031,43.0000
2026-04-06 01:00:00,40.3753,45.0000
2026-04-06 02:00:00,48.3324,47.0000
2026-04-06 03:00:00,51.7765,48.0000
2026-04-06 04:00:00,51.9499,49.0000
2026-04-06 05:00:00,48.9880,46.0000
2026-04-06 06:00:00,47.3396,41.0000
2026-04-06 07:00:00,41.8083,37.0000
2026-04-06 08:00:00,37.2613,32.0000
2026-04-06 09:00:00,32.5079,26.0000
2026-04-06 10:00:00,26.1640,25.0000
2026-04-06 11:00:00,26.5566,25.0000
2026-04-06 12:00:00,25.3158,31.0000
2026-04-06 13:00:00,33.5993,35.0000
2026-04-06 14:00:00,39.2118,40.0000
2026-04-06 15:00:00,45.5648,42.0000
2026-04-06 16:00:00,44.1908,44.0000
2026-04-06 17:00:00,47.5132,45.0000
2026-04-06 18:00:00,49.6870,43.0000
2026-04-06 19:00:00,49.5829,44.0000
2026-04-06 20:00:00,47.6209,47.0000
2026-04-06 21:00:00,51.7104,50.0000
2026-04-06 22:00:00,55.4972,51.0000
2026-04-06 23:00:00,55.5841,54.0000
2026-04-07 00:00:00,55.6660,54.0000
2026-04-07 01:00:00,56.8796,56.0000
2026-04-07 02:00:00,59.1419,57.0000
2026-04-07 03:00:00,60.2019,61.0000
2026-04-07 04:00:00,62.9367,60.0000
2026-04-07 05:00:00,60.9850,60.0000
2026-04-07 06:00:00,62.3801,60.0000
2026-04-07 07:00:00,59.4028,58.0000
2026-04-07 08:00:00,60.5244,55.0000
2026-04-07 09:00:00,52.6829,51.0000
2026-04-07 10:00:00,48.4534,48.0000
2026-04-07 11:00:00,44.7390,48.0000
2026-04-07 12:00:00,51.7763,47.0000
2026-04-07 13:00:00,47.3083,46.0000
2026-04-07 14:00:00,43.9451,46.0000
2026-04-07 15:00:00,42.9508,37.0000
2026-04-07 16:00:00,38.1591,39.0000
2026-04-07 17:00:00,36.9186,36.0000
2026-04-07 18:00:00,33.2347,30.0000
2026-04-07 19:00:00,31.8626,32.0000
2026-04-07 20:00:00,32.5731,35.0000
2026-04-07 21:00:00,33.3200,36.0000
2026-04-07 22:00:00,34.0003,35.0000
2026-04-07 23:00:00,35.0483,34.0000
2026-04-08 00:00:00,37.3157,38.0000
2026-04-08 01:00:00,42.5376,43.0000
2026-04-08 02:00:00,48.6813,45.0000
2026-04-08 03:00:00,49.7620,45.0000
2026-04-08 04:00:00,48.4273,41.0000
2026-04-08 05:00:00,42.6292,37.0000
2026-04-08 06:00:00,38.3550,37.0000
2026-04-08 07:00:00,37.9871,50.0000
2026-04-08 08:00:00,47.1445,51.0000
2026-04-08 09:00:00,44.8786,54.0000
2026-04-08 10:00:00,47.5011,45.0000
2026-04-08 11:00:00,39.5696,43.0000
2026-04-08 12:00:00,36.6707,39.0000
2026-04-08 13:00:00,34.8183,32.0000
2026-04-08 14:00:00,33.2994,32.0000
2026-04-08 15:00:00,33.6708,32.0000
2026-04-08 16:00:00,34.2360,37.0000
2026-04-08 17:00:00,36.9220,51.0000
2026-04-08 18:00:00,44.1865,41.0000
2026-04-08 19:00:00,37.2047,51.0000
2026-04-08 20:00:00,42.5022,47.0000
2026-04-08 21:00:00,36.3344,39.0000
2026-04-08 22:00:00,35.1314,36.0000
2026-04-08 23:00:00,35.9852,36.0000
2026-04-09 00:00:00,36.9238,38.0000
2026-04-09 01:00:00,37.2722,40.0000
2026-04-09 02:00:00,37.4976,44.0000
2026-04-09 03:00:00,41.5867,48.0000
2026-04-09 04:00:00,43.7586,49.0000
2026-04-09 05:00:00,43.3844,49.0000
2026-04-09 06:00:00,44.2892,46.0000
2026-04-09 07:00:00,43.3955,41.0000
2026-04-09 08:00:00,40.4469,44.0000
2026-04-09 09:00:00,42.0488,41.0000
2026-04-09 10:00:00,43.1790,45.0000
2026-04-09 11:00:00,47.8241,48.0000
2026-04-09 12:00:00,50.1673,51.0000
2026-04-09 13:00:00,51.5436,53.0000
2026-04-09 14:00:00,52.7492,54.0000
2026-04-09 15:00:00,57.5731,58.0000
2026-04-09 16:00:00,59.4363,63.0000
2026-04-09 17:00:00,67.4975,69.0000
2026-04-09 18:00:00,68.3411,73.0000
2026-04-09 19:00:00,74.3637,72.0000
2026-04-09 20:00:00,72.2353,73.0000
2026-04-09 21:00:00,72.4393,74.0000
2026-04-09 22:00:00,74.6550,73.0000
2026-04-09 23:00:00,74.7011,74.0000
2026-04-10 00:00:00,73.7178,77.0000
2026-04-10 01:00:00,75.8721,75.0000
2026-04-10 02:00:00,74.9272,75.0000
2026-04-10 03:00:00,74.2905,77.0000
2026-04-10 04:00:00,75.0334,76.0000
2026-04-10 05:00:00,74.4273,75.0000
2026-04-10 06:00:00,72.4439,73.0000
2026-04-10 07:00:00,71.2365,71.0000
2026-04-10 08:00:00,71.2670,72.0000
2026-04-10 09:00:00,72.7352,76.0000
2026-04-10 10:00:00,75.5589,76.0000
2026-04-10 11:00:00,75.1657,79.0000
2026-04-10 12:00:00,76.7849,74.0000
2026-04-10 13:00:00,71.9009,71.0000
2026-04-10 14:00:00,66.1103,70.0000
2026-04-10 15:00:00,63.2244,66.0000
2026-04-10 16:00:00,63.4265,66.0000
2026-04-10 17:00:00,63.4174,66.0000
2026-04-10 18:00:00,61.9112,66.0000
2026-04-10 19:00:00,59.5078,66.0000
2026-04-10 20:00:00,61.0740,67.0000
2026-04-10 21:00:00,64.7321,66.0000
2026-04-10 22:00:00,64.7940,71.0000
2026-04-10 23:00:00,69.9006,70.0000
2026-04-11 00:00:00,69.8885,70.0000
2026-04-11 01:00:00,67.0992,69.0000
2026-04-11 02:00:00,62.7798,66.0000
2026-04-11 03:00:00,61.6030,67.0000
2026-04-11 04:00:00,63.8645,67.0000
2026-04-11 05:00:00,65.2273,67.0000
2026-04-11 06:00:00,65.2601,67.0000
2026-04-11 07:00:00,64.9395,66.0000
2026-04-11 08:00:00,64.8179,68.0000
2026-04-11 09:00:00,65.8718,66.0000
2026-04-11 10:00:00,64.0703,66.0000
2026-04-11 11:00:00,66.1115,67.0000
2026-04-11 12:00:00,66.7154,67.0000
2026-04-11 13:00:00,66.6029,72.0000
2026-04-11 14:00:00,68.1614,75.0000
2026-04-11 15:00:00,70.9756,79.0000
2026-04-11 16:00:00,74.5371,80.0000
2026-04-11 17:00:00,71.9879,81.0000
2026-04-11 18:00:00,72.3861,82.0000
2026-04-11 19:00:00,72.8502,81.0000
2026-04-11 20:00:00,83.5399,80.0000
2026-04-11 21:00:00,80.6069,81.0000
2026-04-11 22:00:00,77.9918,82.0000
2026-04-11 23:00:00,80.0478,83.0000
2026-04-12 00:00:00,80.1072,84.0000
2026-04-12 01:00:00,78.7320,80.0000
2026-04-12 02:00:00,73.6613,76.0000
2026-04-12 03:00:00,71.3433,73.0000
2026-04-12 04:00:00,69.4875,72.0000
2026-04-12 05:00:00,68.7214,73.0000
2026-04-12 06:00:00,68.5015,73.0000
2026-04-12 07:00:00,68.5700,73.0000
2026-04-12 08:00:00,69.4628,72.0000
2026-04-12 09:00:00,68.4561,73.0000
2026-04-12 10:00:00,70.0983,72.0000
2026-04-12 11:00:00,69.6253,72.0000
2026-04-12 12:00:00,69.1267,75.0000
2026-04-12 13:00:00,71.1000,74.0000
2026-04-12 14:00:00,66.3282,77.0000
2026-04-12 15:00:00,68.8628,77.0000
2026-04-12 16:00:00,67.8233,78.0000
2026-04-12 17:00:00,51.8573,81.0000
2026-04-12 18:00:00,72.1949,83.0000
2026-04-12 19:00:00,81.5542,84.0000
2026-04-12 20:00:00,82.9891,82.0000
2026-04-12 21:00:00,78.8364,80.0000
2026-04-12 22:00:00,77.0688,77.0000
2026-04-12 23:00:00,75.6710,77.0000
2026-04-13 00:00:00,73.6739,78.0000
2026-04-13 01:00:00,74.3127,79.0000
2026-04-13 02:00:00,73.5345,78.0000
2026-04-13 03:00:00,72.7523,80.0000
2026-04-13 04:00:00,73.4321,79.0000
2026-04-13 05:00:00,74.5226,80.0000
2026-04-13 06:00:00,74.2757,80.0000
2026-04-13 07:00:00,74.7256,80.0000
2026-04-13 08:00:00,75.4433,82.0000
2026-04-13 09:00:00,76.2503,83.0000
2026-04-13 10:00:00,77.6789,83.0000
2026-04-13 11:00:00,78.1678,86.0000
2026-04-13 12:00:00,80.8411,87.0000
2026-04-13 13:00:00,79.6429,86.0000
2026-04-13 14:00:00,76.4923,87.0000
2026-04-13 15:00:00,74.4608,85.0000
2026-04-13 16:00:00,60.8328,84.0000
2026-04-13 17:00:00,70.2503,81.0000
2026-04-13 18:00:00,71.0465,80.0000
2026-04-13 19:00:00,74.4542,80.0000
2026-04-13 20:00:00,79.0033,80.0000
2026-04-13 21:00:00,79.9514,79.0000
2026-04-13 22:00:00,76.1427,79.0000
2026-04-13 23:00:00,74.1052,80.0000
2026-04-14 00:00:00,74.0050,78.0000
2026-04-14 01:00:00,75.7130,78.0000
2026-04-14 02:00:00,77.1637,76.0000
2026-04-14 03:00:00,72.4632,72.0000
2026-04-14 04:00:00,67.9481,71.0000
2026-04-14 05:00:00,65.7486,70.0000
2026-04-14 06:00:00,64.5920,70.0000
2026-04-14 07:00:00,65.3165,68.0000
2026-04-14 08:00:00,64.1697,66.0000
2026-04-14 09:00:00,63.0858,66.0000
2026-04-14 10:00:00,61.8637,64.0000
2026-04-14 11:00:00,57.6990,63.0000
2026-04-14 12:00:00,58.3617,61.0000
2026-04-14 13:00:00,55.9510,61.0000
2026-04-14 14:00:00,55.9948,61.0000
2026-04-14 15:00:00,55.1336,61.0000
2026-04-14 16:00:00,58.6386,62.0000
2026-04-14 17:00:00,59.6043,63.0000
2026-04-14 18:00:00,65.1818,64.0000
2026-04-14 19:00:00,72.4115,64.0000
2026-04-14 20:00:00,73.1770,65.0000
2026-04-14 21:00:00,71.1721,67.0000
2026-04-14 22:00:00,70.8839,64.0000
2026-04-14 23:00:00,66.6960,61.0000
2026-04-15 00:00:00,62.8316,60.0000
2026-04-15 01:00:00,62.3142,58.0000
2026-04-15 02:00:00,62.1843,62.0000
2026-04-15 03:00:00,63.5010,61.0000
2026-04-15 04:00:00,60.7134,58.0000
2026-04-15 05:00:00,57.4738,61.0000
2026-04-15 06:00:00,61.1491,58.0000
2026-04-15 07:00:00,62.5633,61.0000
2026-04-15 08:00:00,63.9159,63.0000
2026-04-15 09:00:00,62.9809,62.0000
2026-04-15 10:00:00,63.7804,65.0000
2026-04-15 11:00:00,67.7676,66.0000
2026-04-15 12:00:00,69.4363,68.0000
2026-04-15 13:00:00,69.5949,69.0000
2026-04-15 14:00:00,67.1119,69.0000
2026-04-15 15:00:00,67.3401,69.0000
2026-04-15 16:00:00,65.4318,71.0000
2026-04-15 17:00:00,66.3487,68.0000
2026-04-15 18:00:00,66.6694,70.0000
2026-04-15 19:00:00,66.9832,67.0000
2026-04-15 20:00:00,60.4516,62.0000
2026-04-15 21:00:00,54.6819,56.0000
2026-04-15 22:00:00,44.9789,51.0000
2026-04-15 23:00:00,42.7300,46.0000
2026-04-16 00:00:00,41.4956,43.0000
2026-04-16 01:00:00,37.4221,41.0000
2026-04-16 02:00:00,33.7658,35.0000
2026-04-16 03:00:00,28.9699,30.0000
2026-04-16 04:00:00,26.0734,24.0000
2026-04-16 05:00:00,24.7203,24.0000
2026-04-16 06:00:00,25.4542,23.0000
2026-04-16 07:00:00,25.5419,24.0000
2026-04-16 08:00:00,27.3511,23.0000
2026-04-16 09:00:00,28.5895,23.0000
2026-04-16 10:00:00,28.0970,23.0000
2026-04-16 11:00:00,25.8410,24.0000
2026-04-16 12:00:00,31.3340,28.0000
2026-04-16 13:00:00,34.6240,33.0000
2026-04-16 14:00:00,40.4427,40.0000
2026-04-16 15:00:00,43.0560,42.0000
2026-04-16 16:00:00,43.7771,44.0000
2026-04-16 17:00:00,45.1506,51.0000
2026-04-16 18:00:00,49.6632,51.0000
2026-04-16 19:00:00,51.5057,50.0000
2026-04-16 20:00:00,52.2082,51.0000
2026-04-16 21:00:00,52.3370,52.0000
2026-04-16 22:00:00,53.5286,52.0000
2026-04-16 23:00:00,52.3915,55.0000
2026-04-17 00:00:00,55.4182,57.0000
2026-04-17 01:00:00,57.7100,59.0000
2026-04-17 02:00:00,59.2373,60.0000
2026-04-17 03:00:00,59.6498,61.0000
2026-04-17 04:00:00,60.0999,59.0000
2026-04-17 05:00:00,59.6184,60.0000
2026-04-17 06:00:00,59.7866,60.0000
2026-04-17 07:00:00,59.4404,61.0000
2026-04-17 08:00:00,60.6797,66.0000
2026-04-17 09:00:00,68.6243,71.0000
2026-04-17 10:00:00,76.0616,76.0000
2026-04-17 11:00:00,80.3763,80.0000
2026-04-17 12:00:00,82.5766,83.0000
2026-04-17 13:00:00,82.6481,86.0000
2026-04-17 14:00:00,84.8445,89.0000
2026-04-17 15:00:00,90.0982,88.0000
2026-04-17 16:00:00,87.8293,87.0000
2026-04-17 17:00:00,83.6243,83.0000
2026-04-17 18:00:00,78.3930,77.0000
2026-04-17 19:00:00,72.1702,73.0000
2026-04-17 20:00:00,65.3144,70.0000
2026-04-17 21:00:00,60.3089,67.0000
2026-04-17 22:00:00,59.4965,65.0000
2026-04-17 23:00:00,56.2344,64.0000
2026-04-18 00:00:00,54.2173,59.0000
2026-04-18 01:00:00,50.5877,56.0000
2026-04-18 02:00:00,48.3148,53.0000
2026-04-18 03:00:00,47.2767,47.0000
2026-04-18 04:00:00,45.3568,46.0000
2026-04-18 05:00:00,42.6883,46.0000
2026-04-18 06:00:00,42.2308,44.0000
2026-04-18 07:00:00,41.1370,43.0000
2026-04-18 08:00:00,38.9949,40.0000
2026-04-18 09:00:00,39.2566,43.0000
2026-04-18 10:00:00,43.9764,50.0000
2026-04-18 11:00:00,55.0729,54.0000
2026-04-18 12:00:00,61.6796,59.0000
2026-04-18 13:00:00,62.5687,63.0000
2026-04-18 14:00:00,64.7629,66.0000
2026-04-18 15:00:00,68.8335,69.0000
2026-04-18 16:00:00,71.9849,72.0000
2026-04-18 17:00:00,74.5342,74.0000
2026-04-18 18:00:00,75.8138,75.0000
2026-04-18 19:00:00,77.8545,73.0000
2026-04-18 20:00:00,73.8227,74.0000
2026-04-18 21:00:00,71.8170,72.0000
2026-04-18 22:00:00,71.1344,72.0000
2026-04-18 23:00:00,72.7683,75.0000
2026-04-19 00:00:00,74.5843,76.0000
2026-04-19 01:00:00,75.6231,73.0000
2026-04-19 02:00:00,71.7490,68.0000
2026-04-19 03:00:00,67.1329,66.0000
2026-04-19 04:00:00,64.2318,63.0000
2026-04-19 05:00:00,63.0337,63.0000
2026-04-19 06:00:00,62.6553,60.0000
2026-04-19 07:00:00,59.9283,59.0000
2026-04-19 08:00:00,58.9299,59.0000
2026-04-19 09:00:00,58.2241,56.0000
2026-04-19 10:00:00,57.3112,57.0000
2026-04-19 11:00:00,53.9271,56.0000
2026-04-19 12:00:00,54.0826,55.0000
2026-04-19 13:00:00,54.6935,58.0000
2026-04-19 14:00:00,57.8653,61.0000
2026-04-19 15:00:00,59.7221,62.0000
2026-04-19 16:00:00,60.1459,60.0000
2026-04-19 17:00:00,56.7930,59.0000
2026-04-19 18:00:00,54.4011,58.0000
2026-04-19 19:00:00,55.5948,57.0000
2026-04-19 20:00:00,56.8942,59.0000
2026-04-19 21:00:00,58.4160,59.0000
2026-04-19 22:00:00,58.3234,58.0000
2026-04-19 23:00:00,55.8333,58.0000
2026-04-20 00:00:00,54.1463,56.0000
2026-04-20 01:00:00,53.5372,56.0000
2026-04-20 02:00:00,55.4773,57.0000
2026-04-20 03:00:00,58.6249,54.0000
2026-04-20 04:00:00,56.5540,54.0000
2026-04-20 05:00:00,53.3664,51.0000
2026-04-20 06:00:00,50.6470,49.0000
2026-04-20 07:00:00,50.9485,52.0000
2026-04-20 08:00:00,53.2190,52.0000
2026-04-20 09:00:00,54.1218,54.0000
2026-04-20 10:00:00,55.0376,57.0000
2026-04-20 11:00:00,58.9965,58.0000
2026-04-20 12:00:00,64.4874,63.0000
2026-04-20 13:00:00,69.8702,67.0000
2026-04-20 14:00:00,75.0863,66.0000
2026-04-20 15:00:00,75.6775,68.0000
2026-04-20 16:00:00,73.6470,71.0000
2026-04-20 17:00:00,71.6859,78.0000
2026-04-20 18:00:00,70.8659,72.0000
2026-04-20 19:00:00,70.2032,69.0000
2026-04-20 20:00:00,68.2874,69.0000
2026-04-20 21:00:00,67.4773,67.0000
2026-04-20 22:00:00,65.4251,65.0000
2026-04-20 23:00:00,62.6622,61.0000
2026-04-21 00:00:00,58.0519,59.0000
2026-04-21 01:00:00,58.6669,59.0000
2026-04-21 02:00:00,58.7304,58.0000
2026-04-21 03:00:00,57.8418,61.0000
2026-04-21 04:00:00,60.6633,59.0000
2026-04-21 05:00:00,60.9685,57.0000
2026-04-21 06:00:00,58.9786,58.0000
2026-04-21 07:00:00,58.9032,54.0000
2026-04-21 08:00:00,57.0580,54.0000
2026-04-21 09:00:00,55.0380,54.0000
2026-04-21 10:00:00,54.5563,54.0000
2026-04-21 11:00:00,56.0289,56.0000
2026-04-21 12:00:00,57.4840,56.0000
2026-04-21 13:00:00,57.5153,57.0000
2026-04-21 14:00:00,55.6095,55.0000
2026-04-21 15:00:00,53.8889,52.0000
2026-04-21 16:00:00,50.3156,51.0000
2026-04-21 17:00:00,50.0368,53.0000
2026-04-21 18:00:00,50.8823,53.0000
2026-04-21 19:00:00,54.3101,53.0000
2026-04-21 20:00:00,55.6269,53.0000
2026-04-21 21:00:00,55.7407,53.0000
2026-04-21 22:00:00,53.3773,50.0000
2026-04-21 23:00:00,50.7292,47.0000
2026-04-22 00:00:00,49.0953,47.0000
2026-04-22 01:00:00,44.9689,46.0000
2026-04-22 02:00:00,45.0205,43.0000
2026-04-22 03:00:00,43.1175,42.0000
2026-04-22 04:00:00,43.8668,46.0000
2026-04-22 05:00:00,44.3684,45.0000
2026-04-22 06:00:00,45.4244,46.0000
2026-04-22 07:00:00,44.9203,45.0000
2026-04-22 08:00:00,44.2810,43.0000
2026-04-22 09:00:00,44.5018,44.0000
2026-04-22 10:00:00,45.7473,44.0000
2026-04-22 11:00:00,45.9188,46.0000
2026-04-22 12:00:00,46.7002,52.0000
2026-04-22 13:00:00,53.5177,58.0000
2026-04-22 14:00:00,61.7893,68.0000
2026-04-22 15:00:00,75.9455,75.0000
2026-04-22 16:00:00,83.7123,78.0000
2026-04-22 17:00:00,80.7004,77.0000
2026-04-22 18:00:00,73.1735,71.0000
2026-04-22 19:00:00,67.1083,68.0000
2026-04-22 20:00:00,63.6642,67.0000
2026-04-22 21:00:00,65.8072,69.0000
2026-04-22 22:00:00,70.3436,71.0000
2026-04-22 23:00:00,70.4173,71.0000
2026-04-23 00:00:00,67.7355,68.0000
2026-04-23 01:00:00,66.4523,67.0000
2026-04-23 02:00:00,67.6917,67.0000
2026-04-23 03:00:00,71.0552,69.0000
2026-04-23 04:00:00,71.7380,70.0000
2026-04-23 05:00:00,74.7900,72.0000
2026-04-23 06:00:00,75.9520,73.0000
2026-04-23 07:00:00,76.1210,71.0000
2026-04-23 08:00:00,74.2268,72.0000
2026-04-23 09:00:00,74.1230,73.0000
2026-04-23 10:00:00,76.9317,76.0000
2026-04-23 11:00:00,79.8980,77.0000
2026-04-23 12:00:00,78.6411,77.0000
2026-04-23 13:00:00,76.0860,77.0000
2026-04-23 14:00:00,74.0976,76.0000
2026-04-23 15:00:00,74.1885,71.0000
2026-04-23 16:00:00,67.6871,64.0000
2026-04-23 17:00:00,58.4204,55.0000
2026-04-23 18:00:00,50.1646,45.0000
2026-04-23 19:00:00,41.3992,41.0000
2026-04-23 20:00:00,38.0027,38.0000
2026-04-23 21:00:00,35.6720,34.0000
2026-04-23 22:00:00,34.2845,34.0000
2026-04-23 23:00:00,35.5749,35.0000
2026-04-24 00:00:00,35.8575,33.0000
2026-04-24 01:00:00,32.5661,31.0000
2026-04-24 02:00:00,30.6899,31.0000
2026-04-24 03:00:00,30.4755,31.0000
2026-04-24 04:00:00,30.5298,31.0000
2026-04-24 05:00:00,31.4844,30.0000
2026-04-24 06:00:00,31.1252,29.0000
2026-04-24 07:00:00,32.6476,29.0000
2026-04-24 08:00:00,37.5441,42.0000
2026-04-24 09:00:00,40.7521,35.0000
2026-04-24 10:00:00,35.2582,29.0000
2026-04-24 11:00:00,29.8044,30.0000
2026-04-24 12:00:00,31.7775,33.0000
2026-04-24 13:00:00,34.3506,32.0000
2026-04-24 14:00:00,34.7144,32.0000
2026-04-24 15:00:00,33.2217,34.0000
2026-04-24 16:00:00,33.3307,40.0000
2026-04-24 17:00:00,40.3597,43.0000
2026-04-24 18:00:00,43.3156,45.0000
2026-04-24 19:00:00,45.8124,52.0000
2026-04-24 20:00:00,53.0200,54.0000
2026-04-24 21:00:00,56.7313,59.0000
2026-04-24 22:00:00,60.4075,59.0000
2026-04-24 23:00:00,59.6356,57.0000
2026-04-25 00:00:00,55.9894,58.0000
2026-04-25 01:00:00,56.1337,56.0000
2026-04-25 02:00:00,58.2679,57.0000
2026-04-25 03:00:00,58.0918,57.0000
2026-04-25 04:00:00,55.4143,56.0000
2026-04-25 05:00:00,53.4388,54.0000
2026-04-25 06:00:00,51.7917,54.0000
2026-04-25 07:00:00,51.7116,52.0000
2026-04-25 08:00:00,48.8485,49.0000
2026-04-25 09:00:00,46.8099,50.0000
2026-04-25 10:00:00,48.4593,47.0000
2026-04-25 11:00:00,46.5851,47.0000
2026-04-25 12:00:00,45.6463,47.0000
2026-04-25 13:00:00,44.3294,42.0000
2026-04-25 14:00:00,42.0028,40.0000
2026-04-25 15:00:00,39.8007,42.0000
2026-04-25 16:00:00,39.4281,40.0000
2026-04-25 17:00:00,39.0766,40.0000
2026-04-25 18:00:00,38.9724,38.0000
2026-04-25 19:00:00,36.0606,32.0000
2026-04-25 20:00:00,33.4120,30.0000
2026-04-25 21:00:00,31.2374,30.0000
2026-04-25 22:00:00,31.5790,30.0000
2026-04-25 23:00:00,30.7228,29.0000
2026-04-26 00:00:00,28.9244,29.0000
2026-04-26 01:00:00,28.7382,28.0000
2026-04-26 02:00:00,28.1588,28.0000
2026-04-26 03:00:00,28.3206,28.0000
2026-04-26 04:00:00,27.9562,27.0000
2026-04-26 05:00:00,27.3698,28.0000
2026-04-26 06:00:00,26.5253,29.0000
2026-04-26 07:00:00,29.5379,32.0000
2026-04-26 08:00:00,33.1291,34.0000
2026-04-26 09:00:00,39.1404,38.0000
2026-04-26 10:00:00,43.1863,45.0000
2026-04-26 11:00:00,46.4354,53.0000
2026-04-26 12:00:00,55.2918,54.0000
2026-04-26 13:00:00,59.9010,60.0000
2026-04-26 14:00:00,65.2306,63.0000
2026-04-26 15:00:00,67.6008,64.0000
2026-04-26 16:00:00,68.6267,65.0000
2026-04-26 17:00:00,67.4597,66.0000
2026-04-26 18:00:00,66.9614,63.0000
2026-04-26 19:00:00,63.5248,62.0000
2026-04-26 20:00:00,62.1891,62.0000
2026-04-26 21:00:00,60.1319,60.0000
2026-04-26 22:00:00,60.3166,63.0000
2026-04-26 23:00:00,61.2380,64.0000
2026-04-27 00:00:00,63.2634,64.0000
2026-04-27 01:00:00,63.1306,63.0000
2026-04-27 02:00:00,62.3787,59.0000
2026-04-27 03:00:00,58.0526,56.0000
2026-04-27 04:00:00,54.8056,53.0000
2026-04-27 05:00:00,52.8035,48.0000
2026-04-27 06:00:00,52.2630,50.0000
2026-04-27 07:00:00,52.4716,51.0000
2026-04-27 08:00:00,54.3904,53.0000
2026-04-27 09:00:00,56.1415,56.0000
2026-04-27 10:00:00,59.3044,64.0000
2026-04-27 11:00:00,67.0502,65.0000
2026-04-27 12:00:00,70.9952,68.0000
2026-04-27 13:00:00,70.6492,71.0000
2026-04-27 14:00:00,69.7067,69.0000
2026-04-27 15:00:00,71.2424,71.0000
2026-04-27 16:00:00,71.8433,54.0000
2026-04-27 17:00:00,72.3780,62.0000
2026-04-27 18:00:00,73.0524,56.0000
2026-04-27 19:00:00,72.3405,48.0000
2026-04-27 20:00:00,71.2545,44.0000
2026-04-27 21:00:00,70.6010,38.0000
2026-04-27 22:00:00,71.4013,33.0000
2026-04-27 23:00:00,72.3289,29.0000
2026-04-28 00:00:00,71.8132,27.0000
2026-04-28 01:00:00,71.2666,21.0000
2026-04-28 02:00:00,70.9584,20.0000
2026-04-28 03:00:00,69.2630,15.0000
2026-04-28 04:00:00,67.6874,22.0000
2026-04-28 05:00:00,67.3483,22.0000
2026-04-28 06:00:00,66.8569,23.0000
2026-04-28 07:00:00,66.2117,22.0000
2026-04-28 08:00:00,66.2414,24.0000
2026-04-28 09:00:00,65.3604,25.0000
2026-04-28 10:00:00,63.7919,28.0000
2026-04-28 11:00:00,63.6172,27.0000
2026-04-28 12:00:00,62.6411,30.0000
2026-04-28 13:00:00,62.0241,36.0000
2026-04-28 14:00:00,59.5231,43.0000
2026-04-28 15:00:00,59.1535,48.0000
2026-04-28 16:00:00,56.8625,49.0000
2026-04-28 17:00:00,55.3812,51.0000
2026-04-28 18:00:00,55.8308,50.0000
2026-04-28 19:00:00,55.9635,48.0000
2026-04-28 20:00:00,56.2783,45.0000
2026-04-28 21:00:00,55.6009,42.0000
2026-04-28 22:00:00,52.7220,39.0000
2026-04-28 23:00:00,52.1408,37.0000
2026-04-29 00:00:00,51.1219,36.0000
2026-04-29 01:00:00,50.7634,36.0000
2026-04-29 02:00:00,49.1683,34.0000
2026-04-29 03:00:00,49.1042,32.0000
2026-04-29 04:00:00,48.4114,30.0000
2026-04-29 05:00:00,46.8784,27.0000
2026-04-29 06:00:00,46.0273,25.0000
2026-04-29 07:00:00,46.1051,23.0000
2026-04-29 08:00:00,45.4796,21.0000
2026-04-29 09:00:00,44.8364,21.0000
2026-04-29 10:00:00,43.9911,22.0000
2026-04-29 11:00:00,43.6451,26.0000
2026-04-29 12:00:00,44.6729,31.0000
2026-04-29 13:00:00,45.8232,46.0000
2026-04-29 14:00:00,49.3433,52.0000
2026-04-29 15:00:00,48.5447,46.0000
2026-04-29 16:00:00,46.7214,47.0000
2026-04-29 17:00:00,45.3228,45.0000
2026-04-29 18:00:00,42.8161,43.0000
2026-04-29 19:00:00,38.7219,40.0000
2026-04-29 20:00:00,36.4664,36.0000
2026-04-29 21:00:00,34.8650,33.0000
2026-04-29 22:00:00,33.6858,31.0000
2026-04-29 23:00:00,32.7507,31.0000
2026-04-30 00:00:00,32.2868,30.0000
2026-04-30 01:00:00,31.8116,30.0000
2026-04-30 02:00:00,29.7333,31.0000
2026-04-30 03:00:00,30.5142,32.0000
2026-04-30 04:00:00,31.9744,33.0000
2026-04-30 05:00:00,33.0174,34.0000
2026-04-30 06:00:00,34.0245,35.0000
2026-04-30 07:00:00,34.8777,35.0000
2026-04-30 08:00:00,35.3532,35.0000
2026-04-30 09:00:00,36.2934,35.0000
2026-04-30 10:00:00,35.9221,34.0000
2026-04-30 11:00:00,34.2802,33.0000
2026-04-30 12:00:00,32.2271,33.0000
2026-04-30 13:00:00,31.5221,33.0000
2026-04-30 14:00:00,33.1615,33.0000
2026-04-30 15:00:00,34.8500,33.0000
2026-04-30 16:00:00,36.6752,33.0000
2026-04-30 17:00:00,38.0621,34.0000
2026-04-30 18:00:00,36.2560,34.0000
2026-04-30 19:00:00,35.9508,35.0000
2026-04-30 20:00:00,35.8031,35.0000
2026-04-30 21:00:00,34.4944,34.0000
2026-04-30 22:00:00,34.6996,33.0000
2026-04-30 23:00:00,34.5501,32.0000
2026-05-01 00:00:00,33.0820,32.0000
2026-05-01 01:00:00,31.1765,31.0000
2026-05-01 02:00:00,29.8245,32.0000
2026-05-01 03:00:00,33.7094,33.0000
2026-05-01 04:00:00,36.2138,34.0000
2026-05-01 05:00:00,39.9583,36.0000
2026-05-01 06:00:00,42.7488,38.0000
2026-05-01 07:00:00,44.1804,42.0000
2026-05-01 08:00:00,47.7459,44.0000
2026-05-01 09:00:00,48.7161,44.0000
2026-05-01 10:00:00,49.2044,50.0000
2026-05-01 11:00:00,50.5640,53.0000
2026-05-01 12:00:00,53.2427,56.0000
2026-05-01 13:00:00,59.2377,58.0000
2026-05-01 14:00:00,62.0833,59.0000
2026-05-01 15:00:00,63.7303,59.0000
2026-05-01 16:00:00,62.1151,57.0000
2026-05-01 17:00:00,59.7914,57.0000
2026-05-01 18:00:00,56.8226,55.0000
2026-05-01 19:00:00,53.7142,52.0000
2026-05-01 20:00:00,51.4013,53.0000
2026-05-01 21:00:00,51.6650,54.0000
2026-05-01 22:00:00,52.7066,53.0000
2026-05-01 23:00:00,52.6054,53.0000
2026-05-02 00:00:00,49.6042,48.0000
2026-05-02 01:00:00,46.5048,42.0000
2026-05-02 02:00:00,44.4483,40.0000
2026-05-02 03:00:00,41.1178,38.0000
2026-05-02 04:00:00,38.8209,36.0000
2026-05-02 05:00:00,36.4478,35.0000
2026-05-02 06:00:00,35.9223,35.0000
2026-05-02 07:00:00,36.4870,32.0000
2026-05-02 08:00:00,34.3609,30.0000
2026-05-02 09:00:00,32.9705,27.0000
2026-05-02 10:00:00,32.8393,27.0000
2026-05-02 11:00:00,34.3315,28.0000
2026-05-02 12:00:00,34.9296,32.0000
2026-05-02 13:00:00,39.3916,37.0000
2026-05-02 14:00:00,44.0789,44.0000
2026-05-02 15:00:00,49.1959,52.0000
2026-05-02 16:00:00,56.5717,57.0000
2026-05-02 17:00:00,62.0530,60.0000
2026-05-02 18:00:00,64.5435,60.0000
2026-05-02 19:00:00,60.6425,58.0000
2026-05-02 20:00:00,56.8698,55.0000
2026-05-02 21:00:00,52.6570,54.0000
2026-05-02 22:00:00,52.7246,54.0000
2026-05-02 23:00:00,53.1835,54.0000
2026-05-03 00:00:00,53.4502,54.0000
2026-05-03 01:00:00,51.9104,52.0000
2026-05-03 02:00:00,48.9936,48.0000
2026-05-03 03:00:00,46.0662,45.0000
2026-05-03 04:00:00,44.7430,44.0000
2026-05-03 05:00:00,43.4956,47.0000
2026-05-03 06:00:00,45.1353,50.0000
2026-05-03 07:00:00,46.9835,50.0000
2026-05-03 08:00:00,44.8254,51.0000
2026-05-03 09:00:00,46.1381,51.0000
2026-05-03 10:00:00,55.2394,49.0000
2026-05-03 11:00:00,51.8333,51.0000
2026-05-03 12:00:00,51.2136,53.0000
2026-05-03 13:00:00,53.8116,49.0000
2026-05-03 14:00:00,49.0692,49.0000
2026-05-03 15:00:00,42.5931,46.0000
2026-05-03 16:00:00,41.4741,40.0000
2026-05-03 17:00:00,42.0303,37.0000
2026-05-03 18:00:00,41.0457,40.0000
2026-05-03 19:00:00,43.3352,39.0000
2026-05-03 20:00:00,41.9668,40.0000
2026-05-03 21:00:00,41.8207,40.0000
2026-05-03 22:00:00,42.0712,41.0000
2026-05-03 23:00:00,37.8401,37.0000
2026-05-04 00:00:00,34.5311,37.0000
2026-05-04 01:00:00,34.8236,39.0000
2026-05-04 02:00:00,38.0222,43.0000
2026-05-04 03:00:00,41.6287,48.0000
2026-05-04 04:00:00,45.4979,52.0000
2026-05-04 05:00:00,50.4416,56.0000
2026-05-04 06:00:00,55.6531,60.0000
2026-05-04 07:00:00,61.8218,62.0000
2026-05-04 08:00:00,64.0167,62.0000
2026-05-04 09:00:00,64.7529,63.0000
2026-05-04 10:00:00,63.0730,61.0000
2026-05-04 11:00:00,62.6216,63.0000
2026-05-04 12:00:00,63.4158,66.0000
2026-05-04 13:00:00,68.3756,70.0000
2026-05-04 14:00:00,72.9838,74.0000
2026-05-04 15:00:00,75.3185,73.0000
2026-05-04 16:00:00,72.6130,71.0000
2026-05-04 17:00:00,67.6765,66.0000
2026-05-04 18:00:00,63.4493,62.0000
2026-05-04 19:00:00,59.8928,60.0000
2026-05-04 20:00:00,58.1918,57.0000
2026-05-04 21:00:00,56.2765,55.0000
2026-05-04 22:00:00,53.1630,54.0000
2026-05-04 23:00:00,49.6919,52.0000
2026-05-05 00:00:00,46.1841,48.0000
2026-05-05 01:00:00,43.1019,45.0000
2026-05-05 02:00:00,41.7320,41.0000
2026-05-05 03:00:00,41.6293,37.0000
2026-05-05 04:00:00,40.2917,37.0000
2026-05-05 05:00:00,39.1165,37.0000
2026-05-05 06:00:00,35.1701,36.0000
2026-05-05 07:00:00,35.9152,35.0000
2026-05-05 08:00:00,35.9864,38.0000
2026-05-05 09:00:00,38.2491,34.0000
2026-05-05 10:00:00,35.1016,34.0000
2026-05-05 11:00:00,34.1152,31.0000
2026-05-05 12:00:00,32.4865,41.0000
2026-05-05 13:00:00,36.6417,30.0000
2026-05-05 14:00:00,31.4070,32.0000
2026-05-05 15:00:00,31.7189,23.0000
2026-05-05 16:00:00,27.9141,32.0000
2026-05-05 17:00:00,30.0449,36.0000
2026-05-05 18:00:00,29.8968,37.0000
2026-05-05 19:00:00,28.6072,29.0000
2026-05-05 20:00:00,26.0121,42.0000
2026-05-05 21:00:00,31.6113,45.0000
2026-05-05 22:00:00,31.2808,33.0000
2026-05-05 23:00:00,25.3511,28.0000
2026-05-06 00:00:00,22.6158,21.0000
2026-05-06 01:00:00,20.3710,16.0000
2026-05-06 02:00:00,19.0618,15.0000
2026-05-06 03:00:00,18.5361,16.0000
2026-05-06 04:00:00,18.1113,13.0000
2026-05-06 05:00:00,16.5679,20.0000
2026-05-06 06:00:00,18.4989,23.0000
2026-05-06 07:00:00,19.6038,23.0000
2026-05-06 08:00:00,20.6863,29.0000
2026-05-06 09:00:00,22.8106,32.0000
2026-05-06 10:00:00,24.7545,34.0000
2026-05-06 11:00:00,27.0940,35.0000
2026-05-06 12:00:00,30.7728,20.0000
2026-05-06 13:00:00,31.3432,25.0000
2026-05-06 14:00:00,32.5149,29.0000
2026-05-06 15:00:00,30.0719,32.0000
2026-05-06 16:00:00,29.7330,35.0000
2026-05-06 17:00:00,30.4411,36.0000
2026-05-06 18:00:00,29.7827,36.0000
2026-05-06 19:00:00,30.5325,36.0000
2026-05-06 20:00:00,29.5533,34.0000
2026-05-06 21:00:00,28.9083,32.0000
2026-05-06 22:00:00,27.9992,29.0000
2026-05-06 23:00:00,27.7610,39.0000
2026-05-07 00:00:00,34.9795,34.0000
2026-05-07 01:00:00,32.5197,30.0000
2026-05-07 02:00:00,32.5894,33.0000
2026-05-07 03:00:00,33.1352,32.0000
2026-05-07 04:00:00,32.7873,32.0000
2026-05-07 05:00:00,32.4546,30.0000
2026-05-07 06:00:00,32.4133,30.0000
2026-05-07 07:00:00,31.7214,29.0000
2026-05-07 08:00:00,30.4698,29.0000
2026-05-07 09:00:00,29.8846,30.0000
2026-05-07 10:00:00,34.4624,30.0000
2026-05-07 11:00:00,33.0697,33.0000
2026-05-07 12:00:00,37.3037,35.0000
2026-05-07 13:00:00,40.7682,39.0000
2026-05-07 14:00:00,40.0972,41.0000
2026-05-07 15:00:00,41.3971,45.0000
2026-05-07 16:00:00,44.8113,47.0000
2026-05-07 17:00:00,45.5357,46.0000
2026-05-07 18:00:00,43.9050,44.0000
2026-05-07 19:00:00,39.3392,40.0000
2026-05-07 20:00:00,36.6195,41.0000
2026-05-07 21:00:00,37.7766,38.0000
2026-05-07 22:00:00,37.6071,38.0000
2026-05-07 23:00:00,38.6345,36.0000
2026-05-08 00:00:00,38.1925,37.0000
2026-05-08 01:00:00,38.8072,37.0000
2026-05-08 02:00:00,38.8199,37.0000
2026-05-08 03:00:00,37.8622,39.0000
2026-05-08 04:00:00,40.0288,38.0000
2026-05-08 05:00:00,38.9906,37.0000
2026-05-08 06:00:00,37.4239,35.0000
2026-05-08 07:00:00,35.6067,33.0000
2026-05-08 08:00:00,35.3793,33.0000
2026-05-08 09:00:00,39.0974,35.0000
2026-05-08 10:00:00,40.3663,36.0000
2026-05-08 11:00:00,39.4210,37.0000
2026-05-08 12:00:00,38.3375,35.0000
2026-05-08 13:00:00,36.0343,39.0000
2026-05-08 14:00:00,39.7463,38.0000
2026-05-08 15:00:00,39.3235,38.0000
2026-05-08 16:00:00,38.3053,36.0000
2026-05-08 17:00:00,35.1674,37.0000
2026-05-08 18:00:00,33.1873,39.0000
2026-05-08 19:00:00,33.0845,39.0000
2026-05-08 20:00:00,33.4072,40.0000
2026-05-08 21:00:00,34.0714,40.0000
2026-05-08 22:00:00,34.8522,40.0000
2026-05-08 23:00:00,35.2947,39.0000
2026-05-09 00:00:00,35.3994,39.0000
2026-05-09 01:00:00,35.3800,39.0000
2026-05-09 02:00:00,34.0354,39.0000
2026-05-09 03:00:00,36.6915,39.0000
2026-05-09 04:00:00,36.7439,39.0000
2026-05-09 05:00:00,36.6606,39.0000
2026-05-09 06:00:00,38.6076,40.0000
2026-05-09 07:00:00,38.2843,40.0000
2026-05-09 08:00:00,37.3426,39.0000
2026-05-09 09:00:00,38.7047,40.0000
2026-05-09 10:00:00,36.4476,39.0000
2026-05-09 11:00:00,36.4056,39.0000
2026-05-09 12:00:00,33.8984,38.0000
2026-05-09 13:00:00,33.4192,38.0000
2026-05-09 14:00:00,33.5589,37.0000
2026-05-09 15:00:00,34.3765,37.0000
2026-05-09 16:00:00,35.9139,37.0000
2026-05-09 17:00:00,29.9307,37.0000
2026-05-09 18:00:00,27.4154,37.0000
2026-05-09 19:00:00,27.8937,37.0000
2026-05-09 20:00:00,29.6752,36.0000
2026-05-09 21:00:00,31.1131,35.0000
2026-05-09 22:00:00,31.7660,35.0000
2026-05-09 23:00:00,32.6389,34.0000
2026-05-10 00:00:00,32.9991,34.0000
2026-05-10 01:00:00,32.8795,33.0000
2026-05-10 02:00:00,32.8667,32.0000
2026-05-10 03:00:00,32.6997,31.0000
2026-05-10 04:00:00,31.7733,31.0000
2026-05-10 05:00:00,31.3904,30.0000
2026-05-10 06:00:00,30.2894,28.0000
2026-05-10 07:00:00,30.2640,27.0000
2026-05-10 08:00:00,28.0295,27.0000
2026-05-10 09:00:00,29.4192,26.0000
2026-05-10 10:00:00,29.9672,26.0000
2026-05-10 11:00:00,29.7070,26.0000
2026-05-10 12:00:00,29.6143,27.0000
2026-05-10 13:00:00,29.8339,28.0000
2026-05-10 14:00:00,29.7972,29.0000
2026-05-10 15:00:00,31.5015,30.0000
2026-05-10 16:00:00,30.8899,30.0000
2026-05-10 17:00:00,29.9024,29.0000
2026-05-10 18:00:00,31.6766,28.0000
2026-05-10 19:00:00,29.6456,28.0000
2026-05-10 20:00:00,29.0841,31.0000
2026-05-10 21:00:00,28.8119,29.0000
2026-05-10 22:00:00,30.3802,27.0000
2026-05-10 23:00:00,26.7640,26.0000
2026-05-11 00:00:00,24.3659,28.0000
2026-05-11 01:00:00,26.4026,25.0000
2026-05-11 02:00:00,24.6396,29.0000
2026-05-11 03:00:00,29.4504,27.0000
2026-05-11 04:00:00,26.0991,27.0000
2026-05-11 05:00:00,24.6376,24.0000
2026-05-11 06:00:00,23.2705,21.0000
2026-05-11 07:00:00,23.4627,27.0000
2026-05-11 08:00:00,26.5346,49.0000
2026-05-11 09:00:00,37.9164,41.0000
2026-05-11 10:00:00,36.3419,40.0000
2026-05-11 11:00:00,38.5864,30.0000
2026-05-11 12:00:00,39.0027,32.0000
2026-05-11 13:00:00,37.7050,32.0000
2026-05-11 14:00:00,35.0669,40.0000
2026-05-11 15:00:00,36.4118,30.0000
2026-05-11 16:00:00,33.3646,38.0000
2026-05-11 17:00:00,35.8270,44.0000
2026-05-11 18:00:00,39.0065,51.0000
2026-05-11 19:00:00,43.9061,47.0000
2026-05-11 20:00:00,42.6203,37.0000
2026-05-11 21:00:00,41.6118,40.0000
2026-05-11 22:00:00,46.7649,39.0000
2026-05-11 23:00:00,48.7529,39.0000
2026-05-12 00:00:00,49.3756,39.0000
2026-05-12 01:00:00,45.9886,40.0000
2026-05-12 02:00:00,42.8911,40.0000
2026-05-12 03:00:00,41.9562,38.0000
2026-05-12 04:00:00,40.3783,40.0000
2026-05-12 05:00:00,41.2187,41.0000
2026-05-12 06:00:00,43.7363,40.0000
2026-05-12 07:00:00,42.8689,41.0000
2026-05-12 08:00:00,43.1940,40.0000
2026-05-12 09:00:00,44.5516,40.0000
2026-05-12 10:00:00,48.9729,51.0000
2026-05-12 11:00:00,55.3810,49.0000
2026-05-12 12:00:00,60.3029,53.0000
2026-05-12 13:00:00,53.5072,52.0000
2026-05-12 14:00:00,45.9839,49.0000
2026-05-12 15:00:00,42.7311,42.0000
2026-05-12 16:00:00,40.9929,42.0000
2026-05-12 17:00:00,41.8604,39.0000
2026-05-12 18:00:00,37.8866,38.0000
2026-05-12 19:00:00,36.9105,35.0000
2026-05-12 20:00:00,36.7869,32.0000
2026-05-12 21:00:00,34.1227,30.0000
2026-05-12 22:00:00,34.5668,30.0000
2026-05-12 23:00:00,34.1308,32.0000
2026-05-13 00:00:00,35.6947,32.0000
2026-05-13 01:00:00,32.5751,
2026-05-13 02:00:00,29.9847,
2026-05-13 03:00:00,28.3187,
2026-05-13 04:00:00,28.5600,
2026-05-13 05:00:00,29.5005,
2026-05-13 06:00:00,30.4086,
2026-05-13 07:00:00,31.2164,
2026-05-13 08:00:00,32.2415,18.0000
2026-05-13 09:00:00,33.2562,19.0000
2026-05-13 10:00:00,36.3013,27.0000
2026-05-13 11:00:00,38.5908,30.0000
2026-05-13 12:00:00,36.5559,28.0000
2026-05-13 13:00:00,33.4350,42.0000
2026-05-13 14:00:00,35.7672,42.0000
2026-05-13 15:00:00,39.1582,45.0000
2026-05-13 16:00:00,41.5586,44.0000
2026-05-13 17:00:00,39.3947,42.0000
2026-05-13 18:00:00,37.5663,38.0000
2026-05-13 19:00:00,35.6177,34.0000
2026-05-13 20:00:00,31.6896,32.0000
2026-05-13 21:00:00,28.3294,29.0000
2026-05-13 22:00:00,26.8931,27.0000
2026-05-13 23:00:00,25.6324,25.0000
2026-05-14 00:00:00,25.1643,22.0000
2026-05-14 01:00:00,23.7556,22.0000
2026-05-14 02:00:00,23.9297,23.0000
2026-05-14 03:00:00,24.0558,23.0000
2026-05-14 04:00:00,24.5736,23.0000
2026-05-14 05:00:00,24.2318,23.0000
2026-05-14 06:00:00,24.3102,23.0000
2026-05-14 07:00:00,24.7293,23.0000
2026-05-14 08:00:00,24.2379,23.0000
2026-05-14 09:00:00,22.6210,34.0000
2026-05-14 10:00:00,27.6335,47.0000
2026-05-14 11:00:00,33.9395,53.0000
2026-05-14 12:00:00,40.3569,52.0000
2026-05-14 13:00:00,42.2857,29.0000
2026-05-14 14:00:00,31.4863,20.0000
2026-05-14 15:00:00,36.1627,51.0000
2026-05-14 16:00:00,45.9535,48.0000
2026-05-14 17:00:00,42.2889,34.0000
2026-05-14 18:00:00,40.2358,35.0000
2026-05-14 19:00:00,38.5008,29.0000
2026-05-14 20:00:00,36.1294,28.0000
2026-05-14 21:00:00,35.7948,34.0000
2026-05-14 22:00:00,37.8920,31.0000
2026-05-14 23:00:00,38.9944,33.0000
2026-05-15 00:00:00,38.5691,37.0000
2026-05-15 01:00:00,40.5247,40.0000
2026-05-15 02:00:00,42.6817,40.0000
2026-05-15 03:00:00,41.6213,37.0000
2026-05-15 04:00:00,37.7322,38.0000
2026-05-15 05:00:00,39.5540,40.0000
2026-05-15 06:00:00,43.6706,38.0000
2026-05-15 07:00:00,41.1685,38.0000
2026-05-15 08:00:00,37.0750,35.0000
2026-05-15 09:00:00,33.8417,32.0000
2026-05-15 10:00:00,34.2451,28.0000
2026-05-15 11:00:00,29.9751,24.0000
2026-05-15 12:00:00,25.8405,23.0000
2026-05-15 13:00:00,25.0440,22.0000
2026-05-15 14:00:00,26.0515,25.0000
2026-05-15 15:00:00,26.6510,28.0000
2026-05-15 16:00:00,29.2453,30.0000
2026-05-15 17:00:00,29.3786,31.0000
2026-05-15 18:00:00,28.7578,32.0000
2026-05-15 19:00:00,29.9721,33.0000
2026-05-15 20:00:00,31.7350,34.0000
2026-05-15 21:00:00,32.3952,34.0000
2026-05-15 22:00:00,34.7820,34.0000
2026-05-15 23:00:00,33.4493,35.0000
2026-05-16 00:00:00,33.1977,35.0000
2026-05-16 01:00:00,31.9574,35.0000
2026-05-16 02:00:00,30.5965,34.0000
2026-05-16 03:00:00,30.3777,34.0000
2026-05-16 04:00:00,31.2857,34.0000
2026-05-16 05:00:00,32.0988,33.0000
2026-05-16 06:00:00,31.2125,33.0000
2026-05-16 07:00:00,32.1575,33.0000
2026-05-16 08:00:00,32.6625,33.0000
2026-05-16 09:00:00,33.2080,34.0000
2026-05-16 10:00:00,33.8379,34.0000
2026-05-16 11:00:00,33.2147,35.0000
2026-05-16 12:00:00,37.5177,36.0000
2026-05-16 13:00:00,38.2367,37.0000
2026-05-16 14:00:00,38.1211,42.0000
2026-05-16 15:00:00,41.4831,44.0000
2026-05-16 16:00:00,44.9606,50.0000
2026-05-16 17:00:00,50.3707,50.0000
2026-05-16 18:00:00,45.8445,45.0000
2026-05-16 19:00:00,41.2329,41.0000
2026-05-16 20:00:00,36.9021,35.0000
2026-05-16 21:00:00,34.6663,36.0000
2026-05-16 22:00:00,34.8566,36.0000
2026-05-16 23:00:00,35.6760,36.0000
2026-05-17 00:00:00,36.4114,37.0000
2026-05-17 01:00:00,35.5928,38.0000
2026-05-17 02:00:00,36.1689,36.0000
2026-05-17 03:00:00,35.4302,35.0000
2026-05-17 04:00:00,35.5859,36.0000
2026-05-17 05:00:00,36.3073,36.0000
2026-05-17 06:00:00,35.9186,37.0000
2026-05-17 07:00:00,37.3102,42.0000
2026-05-17 08:00:00,41.5261,43.0000
2026-05-17 09:00:00,42.2918,47.0000
2026-05-17 10:00:00,46.7919,54.0000
2026-05-17 11:00:00,55.9412,53.0000
2026-05-17 12:00:00,55.0979,54.0000
2026-05-17 13:00:00,51.6589,51.0000
2026-05-17 14:00:00,46.1646,47.0000
2026-05-17 15:00:00,45.0451,51.0000
2026-05-17 16:00:00,48.7174,55.0000
2026-05-17 17:00:00,54.8620,53.0000
2026-05-17 18:00:00,51.4527,52.0000
2026-05-17 19:00:00,46.2707,48.0000
2026-05-17 20:00:00,41.5486,44.0000
2026-05-17 21:00:00,41.7302,45.0000
2026-05-17 22:00:00,41.9609,42.0000
2026-05-17 23:00:00,41.5023,40.0000
2026-05-18 00:00:00,39.1743,38.0000
2026-05-18 01:00:00,37.3319,38.0000
2026-05-18 02:00:00,37.1473,37.0000
2026-05-18 03:00:00,36.7071,36.0000
2026-05-18 04:00:00,36.2851,34.0000
2026-05-18 05:00:00,35.4654,34.0000
2026-05-18 06:00:00,34.9665,34.0000
2026-05-18 07:00:00,35.6433,34.0000
2026-05-18 08:00:00,35.7296,31.0000
2026-05-18 09:00:00,33.4396,31.0000
2026-05-18 10:00:00,31.9938,33.0000
2026-05-18 11:00:00,35.4029,33.0000
2026-05-18 12:00:00,35.5282,34.0000
2026-05-18 13:00:00,35.6248,33.0000
2026-05-18 14:00:00,32.8097,33.0000
2026-05-18 15:00:00,33.5593,33.0000
2026-05-18 16:00:00,31.7498,32.0000
2026-05-18 17:00:00,33.8378,32.0000
2026-05-18 18:00:00,32.6333,32.0000
2026-05-18 19:00:00,34.4682,31.0000
2026-05-18 20:00:00,32.7830,32.0000
2026-05-18 21:00:00,33.1086,35.0000
2026-05-18 22:00:00,33.2308,33.0000
2026-05-18 23:00:00,33.2706,34.0000
2026-05-19 00:00:00,31.9640,32.0000
2026-05-19 01:00:00,30.6560,31.0000
2026-05-19 02:00:00,29.0245,29.0000
2026-05-19 03:00:00,27.7700,29.0000
2026-05-19 04:00:00,28.8270,31.0000
2026-05-19 05:00:00,29.6255,27.0000
2026-05-19 06:00:00,24.6824,24.0000
2026-05-19 07:00:00,23.1007,23.0000
2026-05-19 08:00:00,23.0874,22.0000
2026-05-19 09:00:00,27.7485,34.0000
2026-05-19 10:00:00,43.5809,43.0000
2026-05-19 11:00:00,53.5796,50.0000
2026-05-19 12:00:00,58.1603,55.0000
2026-05-19 13:00:00,60.3960,56.0000
2026-05-19 14:00:00,60.0640,58.0000
2026-05-19 15:00:00,60.9605,61.0000
2026-05-19 16:00:00,62.6480,61.0000
2026-05-19 17:00:00,66.3315,63.0000
2026-05-19 18:00:00,67.3488,61.0000
2026-05-19 19:00:00,62.0882,60.0000
2026-05-19 20:00:00,59.3568,57.0000
2026-05-19 21:00:00,56.9380,54.0000
2026-05-19 22:00:00,56.4309,52.0000
2026-05-19 23:00:00,56.4564,51.0000
2026-05-20 00:00:00,54.5990,50.0000
2026-05-20 01:00:00,53.0245,50.0000
2026-05-20 02:00:00,51.8200,47.0000
2026-05-20 03:00:00,48.9109,44.0000
2026-05-20 04:00:00,46.5215,42.0000
2026-05-20 05:00:00,45.1350,38.0000
2026-05-20 06:00:00,43.6246,37.0000
2026-05-20 07:00:00,41.0411,35.0000
2026-05-20 08:00:00,38.5215,36.0000
2026-05-20 09:00:00,42.0906,38.0000
2026-05-20 10:00:00,46.7661,39.0000
2026-05-20 11:00:00,44.4367,45.0000
2026-05-20 12:00:00,44.6787,46.0000
2026-05-20 13:00:00,42.8588,46.0000
2026-05-20 14:00:00,42.3031,50.0000
2026-05-20 15:00:00,49.8074,52.0000
2026-05-20 16:00:00,50.1161,52.0000
2026-05-20 17:00:00,49.2529,53.0000
2026-05-20 18:00:00,46.5771,52.0000
2026-05-20 19:00:00,48.8276,50.0000
2026-05-20 20:00:00,48.7679,48.0000
2026-05-20 21:00:00,46.6554,45.0000
2026-05-20 22:00:00,44.3139,42.0000
2026-05-20 23:00:00,43.6784,39.0000
2026-05-21 00:00:00,41.5939,39.0000
2026-05-21 01:00:00,40.7036,37.0000
2026-05-21 02:00:00,39.9928,37.0000
2026-05-21 03:00:00,38.8935,36.0000
2026-05-21 04:00:00,39.0150,36.0000
2026-05-21 05:00:00,37.1642,35.0000
2026-05-21 06:00:00,35.9418,38.0000
2026-05-21 07:00:00,40.3719,39.0000
2026-05-21 08:00:00,42.7770,44.0000
2026-05-21 09:00:00,47.9823,47.0000
2026-05-21 10:00:00,49.4553,46.0000
2026-05-21 11:00:00,46.7619,44.0000
2026-05-21 12:00:00,44.0425,42.0000
2026-05-21 13:00:00,41.3050,41.0000
2026-05-21 14:00:00,41.9315,41.0000
2026-05-21 15:00:00,40.5791,42.0000
2026-05-21 16:00:00,39.9528,43.0000
2026-05-21 17:00:00,39.2895,46.0000
2026-05-21 18:00:00,39.1443,45.0000
2026-05-21 19:00:00,40.3169,45.0000
2026-05-21 20:00:00,38.0625,42.0000
2026-05-21 21:00:00,35.5089,39.0000
2026-05-21 22:00:00,34.0801,38.0000
2026-05-21 23:00:00,33.0945,38.0000
2026-05-22 00:00:00,31.2661,39.0000
2026-05-22 01:00:00,29.9791,39.0000
2026-05-22 02:00:00,32.1185,38.0000
2026-05-22 03:00:00,31.9732,34.0000
2026-05-22 04:00:00,30.8381,30.0000
2026-05-22 05:00:00,29.5715,27.0000
2026-05-22 06:00:00,28.3593,27.0000
2026-05-22 07:00:00,28.1427,29.0000
2026-05-22 08:00:00,30.9337,30.0000
2026-05-22 09:00:00,32.1865,32.0000
2026-05-22 10:00:00,34.2823,36.0000
2026-05-22 11:00:00,37.5733,44.0000
2026-05-22 12:00:00,47.2752,42.0000
2026-05-22 13:00:00,44.2375,40.0000
2026-05-22 14:00:00,41.9000,40.0000
2026-05-22 15:00:00,41.4626,40.0000
2026-05-22 16:00:00,44.6354,43.0000
2026-05-22 17:00:00,49.4244,42.0000
2026-05-22 18:00:00,47.3495,43.0000
2026-05-22 19:00:00,45.6649,44.0000
2026-05-22 20:00:00,43.2909,43.0000
2026-05-22 21:00:00,44.1343,46.0000
2026-05-22 22:00:00,46.2327,49.0000
2026-05-22 23:00:00,46.7839,47.0000
2026-05-23 00:00:00,44.3870,47.0000
2026-05-23 01:00:00,43.1363,44.0000
2026-05-23 02:00:00,43.2423,42.0000
2026-05-23 03:00:00,41.2465,43.0000
2026-05-23 04:00:00,46.5800,44.0000
2026-05-23 05:00:00,44.7237,44.0000
2026-05-23 06:00:00,43.3397,43.0000
2026-05-23 07:00:00,41.0326,41.0000
2026-05-23 08:00:00,41.8966,42.0000
2026-05-23 09:00:00,43.9989,43.0000
2026-05-23 10:00:00,46.0800,42.0000
2026-05-23 11:00:00,43.5317,43.0000
2026-05-23 12:00:00,41.7708,43.0000
2026-05-23 13:00:00,43.7258,45.0000
2026-05-23 14:00:00,46.8103,45.0000
2026-05-23 15:00:00,46.4823,47.0000
2026-05-23 16:00:00,48.8172,51.0000
2026-05-23 17:00:00,54.8403,56.0000
2026-05-23 18:00:00,60.3911,60.0000
2026-05-23 19:00:00,61.8507,63.0000
2026-05-23 20:00:00,62.6265,63.0000
2026-05-23 21:00:00,63.6713,65.0000
2026-05-23 22:00:00,65.3498,64.0000
2026-05-23 23:00:00,63.4823,64.0000
2026-05-24 00:00:00,61.2212,63.0000
2026-05-24 01:00:00,60.5917,62.0000
2026-05-24 02:00:00,60.2525,63.0000
2026-05-24 03:00:00,59.3071,65.0000
2026-05-24 04:00:00,60.6418,64.0000
2026-05-24 05:00:00,59.7985,67.0000
2026-05-24 06:00:00,61.9825,67.0000
2026-05-24 07:00:00,62.4054,65.0000
2026-05-24 08:00:00,61.9650,62.0000
2026-05-24 09:00:00,58.4339,56.0000
2026-05-24 10:00:00,53.8170,57.0000
2026-05-24 11:00:00,54.3242,58.0000
2026-05-24 12:00:00,58.9938,59.0000
2026-05-24 13:00:00,59.2718,60.0000
2026-05-24 14:00:00,57.4184,56.0000
2026-05-24 15:00:00,54.5944,53.0000
2026-05-24 16:00:00,52.2441,52.0000
2026-05-24 17:00:00,49.9049,53.0000
2026-05-24 18:00:00,39.6390,55.0000
2026-05-24 19:00:00,48.9468,58.0000
2026-05-24 20:00:00,54.7210,60.0000
2026-05-24 21:00:00,56.4796,60.0000
2026-05-24 22:00:00,56.3973,60.0000
2026-05-24 23:00:00,56.7854,59.0000
2026-05-25 00:00:00,57.3980,60.0000
2026-05-25 01:00:00,58.2670,61.0000
2026-05-25 02:00:00,59.0931,61.0000
2026-05-25 03:00:00,57.8172,60.0000
2026-05-25 04:00:00,56.5263,58.0000
2026-05-25 05:00:00,54.3067,54.0000
2026-05-25 06:00:00,51.1538,54.0000
2026-05-25 07:00:00,51.7003,53.0000
2026-05-25 08:00:00,50.1173,54.0000
2026-05-25 09:00:00,53.9646,55.0000
2026-05-25 10:00:00,55.1559,57.0000
2026-05-25 11:00:00,57.4427,60.0000
2026-05-25 12:00:00,60.5263,58.0000
2026-05-25 13:00:00,60.5729,61.0000
2026-05-25 14:00:00,61.3897,60.0000
2026-05-25 15:00:00,58.9343,59.0000
2026-05-25 16:00:00,59.6544,59.0000
2026-05-25 17:00:00,58.3678,55.0000
2026-05-25 18:00:00,54.5858,56.0000
2026-05-25 19:00:00,50.0595,56.0000
2026-05-25 20:00:00,50.4535,54.0000
2026-05-25 21:00:00,47.5644,55.0000
2026-05-25 22:00:00,47.4261,55.0000
2026-05-25 23:00:00,48.3257,56.0000
2026-05-26 00:00:00,50.1219,57.0000
2026-05-26 01:00:00,50.2292,56.0000
2026-05-26 02:00:00,49.9012,55.0000
2026-05-26 03:00:00,50.1605,54.0000
2026-05-26 04:00:00,51.8036,54.0000
2026-05-26 05:00:00,51.3941,53.0000
2026-05-26 06:00:00,49.0794,52.0000
2026-05-26 07:00:00,48.9227,51.0000
2026-05-26 08:00:00,48.1237,47.0000
2026-05-26 09:00:00,47.3161,43.0000
2026-05-26 10:00:00,42.3363,40.0000
2026-05-26 11:00:00,40.8868,39.0000
2026-05-26 12:00:00,42.5054,38.0000
2026-05-26 13:00:00,43.3628,41.0000
2026-05-26 14:00:00,44.7100,43.0000
2026-05-26 15:00:00,43.1911,47.0000
2026-05-26 16:00:00,45.1916,45.0000
2026-05-26 17:00:00,44.8172,42.0000
2026-05-26 18:00:00,44.0316,42.0000
2026-05-26 19:00:00,43.3538,43.0000
2026-05-26 20:00:00,43.1326,52.0000
2026-05-26 21:00:00,54.2512,54.0000
2026-05-26 22:00:00,55.9815,54.0000
2026-05-26 23:00:00,54.3622,54.0000
2026-05-27 00:00:00,50.0981,47.0000
2026-05-27 01:00:00,47.7139,44.0000
2026-05-27 02:00:00,45.5943,45.0000
2026-05-27 03:00:00,45.8918,44.0000
2026-05-27 04:00:00,45.9844,43.0000
2026-05-27 05:00:00,43.8055,42.0000
2026-05-27 06:00:00,44.1482,42.0000
2026-05-27 07:00:00,44.7758,42.0000
2026-05-27 08:00:00,42.5700,41.0000
2026-05-27 09:00:00,43.0493,39.0000
2026-05-27 10:00:00,40.5215,40.0000
2026-05-27 11:00:00,40.0590,41.0000
2026-05-27 12:00:00,43.0933,42.0000
2026-05-27 13:00:00,45.5877,46.0000
2026-05-27 14:00:00,46.6502,47.0000
2026-05-27 15:00:00,46.6131,47.0000
2026-05-27 16:00:00,47.1461,47.0000
2026-05-27 17:00:00,47.7415,47.0000
2026-05-27 18:00:00,47.4829,51.0000
2026-05-27 19:00:00,47.9911,52.0000
2026-05-27 20:00:00,49.1712,54.0000
2026-05-27 21:00:00,53.2393,54.0000
2026-05-27 22:00:00,53.5845,52.0000
2026-05-27 23:00:00,52.6822,54.0000
2026-05-28 00:00:00,53.7638,54.0000
2026-05-28 01:00:00,54.1452,54.0000
2026-05-28 02:00:00,53.2598,53.0000
2026-05-28 03:00:00,49.2661,50.0000
2026-05-28 04:00:00,45.8577,45.0000
2026-05-28 05:00:00,44.2047,44.0000
2026-05-28 06:00:00,44.8330,44.0000
2026-05-28 07:00:00,44.6029,43.0000
2026-05-28 08:00:00,43.2498,41.0000
2026-05-28 09:00:00,40.3573,40.0000
2026-05-28 10:00:00,40.9431,48.0000
2026-05-28 11:00:00,50.5700,50.0000
2026-05-28 12:00:00,56.2670,53.0000
2026-05-28 13:00:00,60.8641,57.0000
2026-05-28 14:00:00,65.5900,55.0000
2026-05-28 15:00:00,70.2220,59.0000
2026-05-28 16:00:00,76.5408,62.0000
2026-05-28 17:00:00,80.1771,67.0000
2026-05-28 18:00:00,75.5388,65.0000
2026-05-28 19:00:00,68.9756,61.0000
2026-05-28 20:00:00,60.9132,63.0000
2026-05-28 21:00:00,62.1550,67.0000
2026-05-28 22:00:00,68.6173,69.0000
2026-05-28 23:00:00,70.3783,72.0000
2026-05-29 00:00:00,70.9199,71.0000
2026-05-29 01:00:00,69.1601,71.0000
2026-05-29 02:00:00,69.7844,69.0000
2026-05-29 03:00:00,69.4613,69.0000
2026-05-29 04:00:00,69.8996,69.0000
2026-05-29 05:00:00,69.7980,68.0000
2026-05-29 06:00:00,69.8537,68.0000
2026-05-29 07:00:00,70.7947,59.0000
2026-05-29 08:00:00,60.0561,51.0000
2026-05-29 09:00:00,51.8214,39.0000
2026-05-29 10:00:00,43.3224,29.0000
2026-05-29 11:00:00,36.2374,28.0000
2026-05-29 12:00:00,32.6239,28.0000
2026-05-29 13:00:00,36.4837,34.0000
2026-05-29 14:00:00,40.8681,43.0000
2026-05-29 15:00:00,45.9106,46.0000
2026-05-29 16:00:00,48.3535,47.0000
2026-05-29 17:00:00,49.4097,44.0000
2026-05-29 18:00:00,49.3920,40.0000
2026-05-29 19:00:00,46.9575,43.0000
2026-05-29 20:00:00,46.6564,44.0000
2026-05-29 21:00:00,45.5998,49.0000
2026-05-29 22:00:00,48.7548,49.0000
2026-05-29 23:00:00,47.5075,49.0000
2026-05-30 00:00:00,44.7872,48.0000
2026-05-30 01:00:00,43.3024,44.0000
2026-05-30 02:00:00,41.9222,43.0000
2026-05-30 03:00:00,42.5297,43.0000
2026-05-30 04:00:00,43.5661,41.0000
2026-05-30 05:00:00,42.6350,43.0000
2026-05-30 06:00:00,43.5086,43.0000
2026-05-30 07:00:00,44.7861,42.0000
2026-05-30 08:00:00,46.0317,48.0000
2026-05-30 09:00:00,50.5448,50.0000
2026-05-30 10:00:00,52.0275,51.0000
2026-05-30 11:00:00,56.5394,56.0000
2026-05-30 12:00:00,60.3598,57.0000
2026-05-30 13:00:00,62.0639,60.0000
2026-05-30 14:00:00,63.0375,62.0000
2026-05-30 15:00:00,64.1366,60.0000
2026-05-30 16:00:00,62.7186,59.0000
2026-05-30 17:00:00,62.0027,56.0000
2026-05-30 18:00:00,58.7850,59.0000
2026-05-30 19:00:00,58.8515,59.0000
2026-05-30 20:00:00,57.2456,58.0000
2026-05-30 21:00:00,54.2710,55.0000
2026-05-30 22:00:00,51.4194,50.0000
2026-05-30 23:00:00,49.2346,49.0000
2026-05-31 00:00:00,47.7787,51.0000
2026-05-31 01:00:00,48.3517,48.0000
2026-05-31 02:00:00,45.9678,47.0000
2026-05-31 03:00:00,47.9179,47.0000
2026-05-31 04:00:00,48.2799,42.0000
2026-05-31 05:00:00,43.9468,39.0000
2026-05-31 06:00:00,40.7051,36.0000
2026-05-31 07:00:00,38.2526,32.0000
2026-05-31 08:00:00,37.3068,34.0000
2026-05-31 09:00:00,38.3838,36.0000
2026-05-31 10:00:00,38.3610,37.0000
2026-05-31 11:00:00,40.7861,39.0000
2026-05-31 12:00:00,40.8723,39.0000
2026-05-31 13:00:00,41.6908,41.0000
2026-05-31 14:00:00,42.9169,43.0000
2026-05-31 15:00:00,44.9864,44.0000
2026-05-31 16:00:00,45.1646,43.0000
2026-05-31 17:00:00,46.6642,42.0000
2026-05-31 18:00:00,46.9109,45.0000
2026-05-31 19:00:00,47.9675,46.0000
2026-05-31 20:00:00,47.1288,48.0000
2026-05-31 21:00:00,47.3446,47.0000
2026-05-31 22:00:00,48.4203,43.0000
2026-05-31 23:00:00,47.3685,46.0000
2026-06-01 00:00:00,46.1755,45.0000
2026-06-01 01:00:00,44.6511,44.0000
2026-06-01 02:00:00,43.6041,45.0000
2026-06-01 03:00:00,42.6724,44.0000
2026-06-01 04:00:00,41.8642,45.0000
2026-06-01 05:00:00,41.5427,44.0000
2026-06-01 06:00:00,40.6489,43.0000
2026-06-01 07:00:00,41.2812,44.0000
2026-06-01 08:00:00,42.6953,51.0000
2026-06-01 09:00:00,53.2302,58.0000
2026-06-01 10:00:00,66.8979,69.0000
2026-06-01 11:00:00,79.7071,78.0000
2026-06-01 12:00:00,81.8772,79.0000
2026-06-01 13:00:00,79.0670,80.0000
2026-06-01 14:00:00,77.3598,76.0000
2026-06-01 15:00:00,74.7318,75.0000
2026-06-01 16:00:00,73.5613,77.0000
2026-06-01 17:00:00,75.3574,73.0000
2026-06-01 18:00:00,69.7456,70.0000
2026-06-01 19:00:00,62.9789,69.0000
2026-06-01 20:00:00,61.0330,63.0000
2026-06-01 21:00:00,59.7238,63.0000
2026-06-01 22:00:00,60.6026,61.0000
2026-06-01 23:00:00,58.7874,57.0000
2026-06-02 00:00:00,54.7833,55.0000
2026-06-02 01:00:00,50.4886,51.0000
2026-06-02 02:00:00,47.0585,46.0000
2026-06-02 03:00:00,42.1116,44.0000
2026-06-02 04:00:00,37.9729,42.0000
2026-06-02 05:00:00,36.5718,43.0000
2026-06-02 06:00:00,36.5586,45.0000
2026-06-02 07:00:00,38.9238,42.0000
2026-06-02 08:00:00,40.9385,49.0000
2026-06-02 09:00:00,48.0900,52.0000
2026-06-02 10:00:00,57.0522,60.0000
2026-06-02 11:00:00,62.3612,68.0000
2026-06-02 12:00:00,65.6453,72.0000
2026-06-02 13:00:00,70.0881,76.0000
2026-06-02 14:00:00,73.5607,74.0000
2026-06-02 15:00:00,72.2265,78.0000
2026-06-02 16:00:00,77.1466,92.0000
2026-06-02 17:00:00,76.9450,94.0000
2026-06-02 18:00:00,75.5948,84.0000
2026-06-02 19:00:00,70.3262,74.0000
2026-06-02 20:00:00,69.8485,74.0000
2026-06-02 21:00:00,72.4852,75.0000
2026-06-02 22:00:00,72.4839,77.0000
2026-06-02 23:00:00,73.0146,72.0000
2026-06-03 00:00:00,70.0671,69.0000
2026-06-03 01:00:00,67.3433,66.0000
2026-06-03 02:00:00,65.7213,60.0000
2026-06-03 03:00:00,61.4135,61.0000
2026-06-03 04:00:00,61.6639,59.0000
2026-06-03 05:00:00,60.1138,59.0000
2026-06-03 06:00:00,62.0760,61.0000
2026-06-03 07:00:00,61.9239,61.0000
2026-06-03 08:00:00,64.4034,63.0000
2026-06-03 09:00:00,65.9223,62.0000
2026-06-03 10:00:00,65.6576,64.0000
2026-06-03 11:00:00,67.7150,66.0000
2026-06-03 12:00:00,68.7592,67.0000
2026-06-03 13:00:00,71.3195,68.0000
2026-06-03 14:00:00,74.4521,68.0000
2026-06-03 15:00:00,78.3317,82.0000
2026-06-03 16:00:00,80.2528,84.0000
2026-06-03 17:00:00,76.2788,77.0000
2026-06-03 18:00:00,68.5850,62.0000
2026-06-03 19:00:00,61.1995,60.0000
2026-06-03 20:00:00,59.5350,60.0000
2026-06-03 21:00:00,59.9928,59.0000
2026-06-03 22:00:00,60.2263,56.0000
2026-06-03 23:00:00,56.8424,53.0000
2026-06-04 00:00:00,52.4094,51.0000
2026-06-04 01:00:00,50.0002,48.0000
2026-06-04 02:00:00,47.2185,46.0000
2026-06-04 03:00:00,47.4070,46.0000
2026-06-04 04:00:00,46.3908,45.0000
2026-06-04 05:00:00,45.3897,46.0000
2026-06-04 06:00:00,46.3389,51.0000
2026-06-04 07:00:00,50.9765,52.0000
2026-06-04 08:00:00,55.5625,55.0000
2026-06-04 09:00:00,60.5812,57.0000
2026-06-04 10:00:00,61.1098,60.0000
2026-06-04 11:00:00,65.7398,61.0000
2026-06-04 12:00:00,64.9984,60.0000
2026-06-04 13:00:00,61.8216,63.0000
2026-06-04 14:00:00,64.3470,62.0000
2026-06-04 15:00:00,66.7737,65.0000
2026-06-04 16:00:00,67.2063,65.0000
2026-06-04 17:00:00,62.0128,62.0000
2026-06-04 18:00:00,57.2823,55.0000
2026-06-04 19:00:00,49.9381,45.0000
2026-06-04 20:00:00,42.0719,39.0000
2026-06-04 21:00:00,38.9616,32.0000
2026-06-04 22:00:00,35.4519,31.0000
2026-06-04 23:00:00,32.6014,30.0000
2026-06-05 00:00:00,27.6974,28.0000
2026-06-05 01:00:00,25.1602,27.0000
2026-06-05 02:00:00,24.2616,25.0000
2026-06-05 03:00:00,25.0040,26.0000
2026-06-05 04:00:00,26.5036,25.0000
2026-06-05 05:00:00,26.4226,26.0000
2026-06-05 06:00:00,28.2109,27.0000
2026-06-05 07:00:00,29.1130,26.0000
2026-06-05 08:00:00,29.5315,30.0000
2026-06-05 09:00:00,29.0770,41.0000
2026-06-05 10:00:00,33.9188,47.0000
2026-06-05 11:00:00,37.1353,51.0000
2026-06-05 12:00:00,41.2830,29.0000
2026-06-05 13:00:00,29.8432,32.0000
2026-06-05 14:00:00,30.4468,20.0000
2026-06-05 15:00:00,25.4646,18.0000
2026-06-05 16:00:00,21.2668,25.0000
2026-06-05 17:00:00,23.7589,24.0000
2026-06-05 18:00:00,22.2794,22.0000
2026-06-05 19:00:00,21.0738,21.0000
2026-06-05 20:00:00,20.1834,21.0000
2026-06-05 21:00:00,19.9673,20.0000
2026-06-05 22:00:00,19.2261,19.0000
2026-06-05 23:00:00,19.2704,16.0000
2026-06-06 00:00:00,17.6773,17.0000
2026-06-06 01:00:00,21.2391,20.0000
2026-06-06 02:00:00,24.7864,22.0000
2026-06-06 03:00:00,26.9698,25.0000
2026-06-06 04:00:00,26.4035,27.0000
2026-06-06 05:00:00,27.3922,30.0000
2026-06-06 06:00:00,28.4285,33.0000
2026-06-06 07:00:00,31.1828,36.0000
2026-06-06 08:00:00,33.7310,37.0000
2026-06-06 09:00:00,35.5926,36.0000
2026-06-06 10:00:00,37.5966,35.0000
2026-06-06 11:00:00,35.6906,35.0000
2026-06-06 12:00:00,35.9810,35.0000
2026-06-06 13:00:00,35.3503,34.0000
2026-06-06 14:00:00,33.9946,33.0000
2026-06-06 15:00:00,33.1561,31.0000
2026-06-06 16:00:00,34.5674,30.0000
2026-06-06 17:00:00,34.7436,34.0000
2026-06-06 18:00:00,36.8853,37.0000
2026-06-06 19:00:00,40.5122,43.0000
2026-06-06 20:00:00,45.2478,42.0000
2026-06-06 21:00:00,45.3864,44.0000
2026-06-06 22:00:00,45.7142,44.0000
2026-06-06 23:00:00,45.2479,43.0000
2026-06-07 00:00:00,47.5689,45.0000
2026-06-07 01:00:00,49.7706,47.0000
2026-06-07 02:00:00,49.1973,49.0000
2026-06-07 03:00:00,50.3951,49.0000
2026-06-07 04:00:00,49.0537,48.0000
2026-06-07 05:00:00,48.2512,49.0000
2026-06-07 06:00:00,49.5906,46.0000
2026-06-07 07:00:00,46.6994,47.0000
2026-06-07 08:00:00,48.3938,48.0000
2026-06-07 09:00:00,48.3863,45.0000
2026-06-07 10:00:00,45.9712,42.0000
2026-06-07 11:00:00,40.9130,39.0000
2026-06-07 12:00:00,37.9958,40.0000
2026-06-07 13:00:00,44.9930,42.0000
2026-06-07 14:00:00,47.6119,39.0000
2026-06-07 15:00:00,42.7320,38.0000
2026-06-07 16:00:00,39.1234,34.0000
2026-06-07 17:00:00,33.2834,32.0000
2026-06-07 18:00:00,32.1970,32.0000
2026-06-07 19:00:00,31.0614,34.0000
2026-06-07 20:00:00,33.0549,34.0000
2026-06-07 21:00:00,33.8508,34.0000
2026-06-07 22:00:00,32.9524,36.0000
2026-06-07 23:00:00,33.6289,36.0000
2026-06-08 00:00:00,35.5155,37.0000
2026-06-08 01:00:00,37.4327,38.0000
2026-06-08 02:00:00,38.3843,40.0000
2026-06-08 03:00:00,40.4926,41.0000
2026-06-08 04:00:00,40.3580,41.0000
2026-06-08 05:00:00,39.6332,41.0000
2026-06-08 06:00:00,39.5790,40.0000
2026-06-08 07:00:00,38.2370,39.0000
2026-06-08 08:00:00,38.0221,41.0000
2026-06-08 09:00:00,39.9264,42.0000
2026-06-08 10:00:00,41.5786,39.0000
2026-06-08 11:00:00,38.5423,36.0000
2026-06-08 12:00:00,36.3258,37.0000
2026-06-08 13:00:00,36.3563,35.0000
2026-06-08 14:00:00,38.2365,32.0000
2026-06-08 15:00:00,37.3989,32.0000
2026-06-08 16:00:00,35.0713,29.0000
2026-06-08 17:00:00,32.2775,34.0000
2026-06-08 18:00:00,31.3276,30.0000
2026-06-08 19:00:00,28.4001,25.0000
2026-06-08 20:00:00,25.5835,23.0000
2026-06-08 21:00:00,25.8381,23.0000
2026-06-08 22:00:00,26.7031,23.0000
2026-06-08 23:00:00,27.1150,23.0000
2026-06-09 00:00:00,24.5546,20.0000
2026-06-09 01:00:00,22.4039,18.0000
2026-06-09 02:00:00,20.6441,17.0000
2026-06-09 03:00:00,20.9700,16.0000
2026-06-09 04:00:00,20.3678,16.0000
2026-06-09 05:00:00,19.2557,17.0000
2026-06-09 06:00:00,18.9550,18.0000
2026-06-09 07:00:00,18.3478,19.0000
2026-06-09 08:00:00,20.2239,20.0000
2026-06-09 09:00:00,22.2455,22.0000
2026-06-09 10:00:00,22.6073,23.0000
2026-06-09 11:00:00,25.4112,25.0000
2026-06-09 12:00:00,27.5959,27.0000
2026-06-09 13:00:00,29.3195,29.0000
2026-06-09 14:00:00,30.5506,31.0000
2026-06-09 15:00:00,32.0540,32.0000
2026-06-09 16:00:00,33.0409,32.0000
2026-06-09 17:00:00,33.3675,33.0000
2026-06-09 18:00:00,33.9666,34.0000
2026-06-09 19:00:00,34.3105,34.0000
2026-06-09 20:00:00,35.2258,33.0000
2026-06-09 21:00:00,33.9317,33.0000
2026-06-09 22:00:00,33.6204,33.0000
2026-06-09 23:00:00,33.7336,34.0000
2026-06-10 00:00:00,33.1125,34.0000
2026-06-10 01:00:00,33.9621,34.0000
2026-06-10 02:00:00,34.0820,34.0000
2026-06-10 03:00:00,33.9983,34.0000
2026-06-10 04:00:00,34.3596,34.0000
2026-06-10 05:00:00,33.8313,34.0000
2026-06-10 06:00:00,33.6216,34.0000
2026-06-10 07:00:00,34.4300,33.0000
2026-06-10 08:00:00,32.9084,32.0000
2026-06-10 09:00:00,32.1052,32.0000
2026-06-10 10:00:00,33.8589,33.0000
2026-06-10 11:00:00,35.1752,33.0000
2026-06-10 12:00:00,35.6195,34.0000
2026-06-10 13:00:00,35.5408,35.0000
2026-06-10 14:00:00,35.8888,36.0000
2026-06-10 15:00:00,36.4736,38.0000
2026-06-10 16:00:00,36.9065,38.0000
2026-06-10 17:00:00,38.5766,38.0000
2026-06-10 18:00:00,38.8559,38.0000
2026-06-10 19:00:00,37.5012,37.0000
2026-06-10 20:00:00,36.9519,36.0000
2026-06-10 21:00:00,37.3544,34.0000
2026-06-10 22:00:00,35.0128,32.0000
2026-06-10 23:00:00,31.4993,29.0000
2026-06-11 00:00:00,27.5163,27.0000
2026-06-11 01:00:00,28.1301,29.0000
2026-06-11 02:00:00,28.2305,26.0000
2026-06-11 03:00:00,27.2309,24.0000
2026-06-11 04:00:00,29.0229,24.0000
2026-06-11 05:00:00,32.1220,25.0000
2026-06-11 06:00:00,30.3149,26.0000
2026-06-11 07:00:00,33.4847,29.0000
2026-06-11 08:00:00,33.6874,30.0000
2026-06-11 09:00:00,32.4514,29.0000
2026-06-11 10:00:00,32.1808,33.0000
2026-06-11 11:00:00,34.3929,27.0000
2026-06-11 12:00:00,32.2305,26.0000
2026-06-11 13:00:00,29.8423,26.0000
2026-06-11 14:00:00,30.1229,28.0000
2026-06-11 15:00:00,29.9458,28.0000
2026-06-11 16:00:00,31.2853,29.0000
2026-06-11 17:00:00,32.7573,28.0000
2026-06-11 18:00:00,33.3457,28.0000
2026-06-11 19:00:00,30.2155,28.0000
2026-06-11 20:00:00,28.4555,26.0000
2026-06-11 21:00:00,26.8150,25.0000
2026-06-11 22:00:00,26.9941,24.0000
2026-06-11 23:00:00,26.1022,25.0000
2026-06-12 00:00:00,27.2246,25.0000
2026-06-12 01:00:00,27.4270,25.0000
2026-06-12 02:00:00,27.2439,25.0000
2026-06-12 03:00:00,27.9286,26.0000
2026-06-12 04:00:00,28.3735,26.0000
2026-06-12 05:00:00,28.2311,25.0000
2026-06-12 06:00:00,28.5775,24.0000
2026-06-12 07:00:00,27.6133,40.0000
2026-06-12 08:00:00,35.7480,33.0000
2026-06-12 09:00:00,31.1721,28.0000
2026-06-12 10:00:00,29.1932,33.0000
2026-06-12 11:00:00,31.1230,27.0000
2026-06-12 12:00:00,27.3048,25.0000
2026-06-12 13:00:00,25.2906,20.0000
2026-06-12 14:00:00,23.2318,25.0000
2026-06-12 15:00:00,26.8074,25.0000
2026-06-12 16:00:00,27.1079,34.0000
2026-06-12 17:00:00,30.8001,26.0000
2026-06-12 18:00:00,26.1131,27.0000
2026-06-12 19:00:00,27.4184,29.0000
2026-06-12 20:00:00,30.1780,29.0000
2026-06-12 21:00:00,31.8359,30.0000
2026-06-12 22:00:00,32.7148,31.0000
2026-06-12 23:00:00,32.5722,31.0000
2026-06-13 00:00:00,32.5831,32.0000
2026-06-13 01:00:00,33.3959,31.0000
2026-06-13 02:00:00,33.1471,31.0000
2026-06-13 03:00:00,31.6922,30.0000
2026-06-13 04:00:00,31.1724,30.0000
2026-06-13 05:00:00,30.9325,29.0000
2026-06-13 06:00:00,30.3673,30.0000
2026-06-13 07:00:00,38.3971,26.0000
2026-06-13 08:00:00,31.3150,25.0000
2026-06-13 09:00:00,30.5139,24.0000
2026-06-13 10:00:00,29.1919,24.0000
2026-06-13 11:00:00,31.1793,23.0000
2026-06-13 12:00:00,29.4851,23.0000
2026-06-13 13:00:00,31.1253,34.0000
2026-06-13 14:00:00,36.1778,25.0000
2026-06-13 15:00:00,31.9203,26.0000
2026-06-13 16:00:00,32.0417,27.0000
2026-06-13 17:00:00,31.9888,30.0000
2026-06-13 18:00:00,33.2321,34.0000
2026-06-13 19:00:00,32.7322,39.0000
2026-06-13 20:00:00,35.7048,37.0000
2026-06-13 21:00:00,36.1895,39.0000
2026-06-13 22:00:00,38.8379,39.0000
2026-06-13 23:00:00,39.3243,39.0000
2026-06-14 00:00:00,40.3750,40.0000
2026-06-14 01:00:00,39.6365,38.0000
2026-06-14 02:00:00,36.4483,38.0000
2026-06-14 03:00:00,37.1705,38.0000
2026-06-14 04:00:00,36.7519,39.0000
2026-06-14 05:00:00,38.9214,41.0000
2026-06-14 06:00:00,41.1854,41.0000
2026-06-14 07:00:00,42.4833,40.0000
2026-06-14 08:00:00,41.5934,39.0000
2026-06-14 09:00:00,40.9564,37.0000
2026-06-14 10:00:00,37.0793,33.0000
2026-06-14 11:00:00,32.7617,29.0000
2026-06-14 12:00:00,28.5874,25.0000
2026-06-14 13:00:00,28.3079,23.0000
2026-06-14 14:00:00,27.2621,23.0000
2026-06-14 15:00:00,28.1151,27.0000
2026-06-14 16:00:00,32.3383,30.0000
2026-06-14 17:00:00,32.3770,25.0000
2026-06-14 18:00:00,30.4192,26.0000
2026-06-14 19:00:00,32.3431,31.0000
2026-06-14 20:00:00,33.5172,29.0000
2026-06-14 21:00:00,31.6441,27.0000
2026-06-14 22:00:00,33.2882,28.0000
2026-06-14 23:00:00,32.5802,31.0000
2026-06-15 00:00:00,33.1822,31.0000
2026-06-15 01:00:00,30.6188,31.0000
2026-06-15 02:00:00,31.0536,32.0000
2026-06-15 03:00:00,33.0198,33.0000
2026-06-15 04:00:00,35.4149,36.0000
2026-06-15 05:00:00,37.6223,38.0000
2026-06-15 06:00:00,38.8926,39.0000
2026-06-15 07:00:00,39.1553,36.0000
2026-06-15 08:00:00,34.9902,35.0000
2026-06-15 09:00:00,31.6317,35.0000
2026-06-15 10:00:00,36.9096,36.0000
2026-06-15 11:00:00,39.8536,37.0000
2026-06-15 12:00:00,37.9664,35.0000
2026-06-15 13:00:00,36.8356,34.0000
2026-06-15 14:00:00,36.6041,32.0000
2026-06-15 15:00:00,35.6860,40.0000
2026-06-15 16:00:00,40.8460,51.0000
2026-06-15 17:00:00,47.1010,53.0000
2026-06-15 18:00:00,50.7145,47.0000
2026-06-15 19:00:00,48.7192,43.0000
2026-06-15 20:00:00,48.6503,44.0000
2026-06-15 21:00:00,47.6659,42.0000
2026-06-15 22:00:00,45.4876,39.0000
2026-06-15 23:00:00,42.3635,37.0000
2026-06-16 00:00:00,39.9038,39.0000
2026-06-16 01:00:00,41.7877,42.0000
2026-06-16 02:00:00,44.3545,46.0000
2026-06-16 03:00:00,46.6027,46.0000
2026-06-16 04:00:00,45.5033,47.0000
2026-06-16 05:00:00,45.5327,46.0000
2026-06-16 06:00:00,45.7028,44.0000
2026-06-16 07:00:00,45.4204,44.0000
2026-06-16 08:00:00,43.0707,41.0000
2026-06-16 09:00:00,37.8133,37.0000
2026-06-16 10:00:00,35.2240,36.0000
2026-06-16 11:00:00,36.6097,37.0000
2026-06-16 12:00:00,38.1643,36.0000
2026-06-16 13:00:00,37.5436,35.0000
2026-06-16 14:00:00,35.0190,38.0000
2026-06-16 15:00:00,39.6862,35.0000
2026-06-16 16:00:00,36.3642,30.0000
2026-06-16 17:00:00,34.0271,28.0000
2026-06-16 18:00:00,29.9624,25.0000
2026-06-16 19:00:00,26.6980,26.0000
2026-06-16 20:00:00,26.5994,27.0000
2026-06-16 21:00:00,27.8035,28.0000
2026-06-16 22:00:00,28.6585,29.0000
2026-06-16 23:00:00,28.9517,28.0000
2026-06-17 00:00:00,28.3746,27.0000
2026-06-17 01:00:00,28.1306,27.0000
2026-06-17 02:00:00,27.2256,30.0000
2026-06-17 03:00:00,31.8202,32.0000
2026-06-17 04:00:00,34.5926,34.0000
2026-06-17 05:00:00,36.5781,38.0000
2026-06-17 06:00:00,38.2696,37.0000
2026-06-17 07:00:00,37.2583,36.0000
2026-06-17 08:00:00,35.8481,37.0000
2026-06-17 09:00:00,36.5503,36.0000
2026-06-17 10:00:00,36.1921,37.0000
2026-06-17 11:00:00,38.2546,38.0000
2026-06-17 12:00:00,38.6649,37.0000
2026-06-17 13:00:00,38.0258,35.0000
2026-06-17 14:00:00,36.7474,33.0000
2026-06-17 15:00:00,35.4641,31.0000
2026-06-17 16:00:00,34.3412,31.0000
2026-06-17 17:00:00,34.2480,29.0000
2026-06-17 18:00:00,31.8715,32.0000
2026-06-17 19:00:00,28.7859,30.0000
2026-06-17 20:00:00,34.2248,28.0000
2026-06-17 21:00:00,31.3505,30.0000
2026-06-17 22:00:00,30.8579,44.0000
2026-06-17 23:00:00,40.1222,39.0000
2026-06-18 00:00:00,40.3670,40.0000
2026-06-18 01:00:00,38.6129,42.0000
2026-06-18 02:00:00,36.1924,35.0000
2026-06-18 03:00:00,37.2391,39.0000
2026-06-18 04:00:00,41.2297,41.0000
2026-06-18 05:00:00,42.9498,41.0000
2026-06-18 06:00:00,38.3827,42.0000
2026-06-18 07:00:00,37.4321,40.0000
2026-06-18 08:00:00,38.4198,39.0000
2026-06-18 09:00:00,38.6100,40.0000
2026-06-18 10:00:00,36.5060,34.0000
2026-06-18 11:00:00,31.2118,31.0000
2026-06-18 12:00:00,31.1984,29.0000
2026-06-18 13:00:00,30.3951,32.0000
2026-06-18 14:00:00,33.9006,26.0000
2026-06-18 15:00:00,32.1964,28.0000
2026-06-18 16:00:00,33.6929,28.0000
2026-06-18 17:00:00,31.4415,38.0000
2026-06-18 18:00:00,31.4703,31.0000
2026-06-18 19:00:00,32.0432,28.0000
2026-06-18 20:00:00,28.6267,28.0000
2026-06-18 21:00:00,27.5645,27.0000
2026-06-18 22:00:00,25.9378,24.0000
2026-06-18 23:00:00,27.1377,22.0000
2026-06-19 00:00:00,25.8747,25.0000
2026-06-19 01:00:00,27.6406,29.0000
2026-06-19 02:00:00,31.2339,30.0000
2026-06-19 03:00:00,33.6740,32.0000
2026-06-19 04:00:00,35.0015,34.0000
2026-06-19 05:00:00,35.8472,34.0000
2026-06-19 06:00:00,34.9276,31.0000
2026-06-19 07:00:00,32.7841,34.0000
2026-06-19 08:00:00,35.4028,34.0000
2026-06-19 09:00:00,36.1761,34.0000
2026-06-19 10:00:00,32.8832,34.0000
2026-06-19 11:00:00,32.7248,31.0000
2026-06-19 12:00:00,33.1283,30.0000
2026-06-19 13:00:00,31.7942,31.0000
2026-06-19 14:00:00,33.9077,36.0000
2026-06-19 15:00:00,37.3694,37.0000
2026-06-19 16:00:00,37.1230,38.0000
2026-06-19 17:00:00,37.7009,38.0000
2026-06-19 18:00:00,36.3651,37.0000
2026-06-19 19:00:00,35.2065,39.0000
2026-06-19 20:00:00,36.8623,40.0000
2026-06-19 21:00:00,40.3583,44.0000
2026-06-19 22:00:00,41.6203,50.0000
2026-06-19 23:00:00,44.6511,51.0000
2026-06-20 00:00:00,45.5208,51.0000
2026-06-20 01:00:00,46.2007,48.0000
2026-06-20 02:00:00,43.7312,43.0000
2026-06-20 03:00:00,43.4063,44.0000
2026-06-20 04:00:00,45.4573,45.0000
2026-06-20 05:00:00,46.6962,48.0000
2026-06-20 06:00:00,47.3090,48.0000
2026-06-20 07:00:00,47.0992,50.0000
2026-06-20 08:00:00,49.3901,51.0000
2026-06-20 09:00:00,51.5068,53.0000
2026-06-20 10:00:00,54.8034,54.0000
2026-06-20 11:00:00,52.7531,53.0000
2026-06-20 12:00:00,51.5361,53.0000
2026-06-20 13:00:00,51.0352,54.0000
2026-06-20 14:00:00,55.6457,57.0000
2026-06-20 15:00:00,57.6872,55.0000
2026-06-20 16:00:00,55.8555,55.0000
2026-06-20 17:00:00,51.4800,55.0000
2026-06-20 18:00:00,60.6080,53.0000
2026-06-20 19:00:00,56.4912,55.0000
2026-06-20 20:00:00,55.8527,57.0000
2026-06-20 21:00:00,54.6359,57.0000
2026-06-20 22:00:00,57.6477,56.0000
2026-06-20 23:00:00,55.6524,54.0000
2026-06-21 00:00:00,53.3149,54.0000
2026-06-21 01:00:00,53.2493,54.0000
2026-06-21 02:00:00,55.0833,55.0000
2026-06-21 03:00:00,55.8113,56.0000
2026-06-21 04:00:00,54.5214,55.0000
2026-06-21 05:00:00,53.1003,56.0000
2026-06-21 06:00:00,53.2907,57.0000
2026-06-21 07:00:00,54.4052,56.0000
2026-06-21 08:00:00,52.9711,56.0000
2026-06-21 09:00:00,52.3555,56.0000
2026-06-21 10:00:00,54.5349,55.0000
2026-06-21 11:00:00,53.4062,53.0000
2026-06-21 12:00:00,46.7693,49.0000
2026-06-21 13:00:00,40.9694,42.0000
2026-06-21 14:00:00,36.7549,38.0000
2026-06-21 15:00:00,35.5927,40.0000
2026-06-21 16:00:00,35.9705,43.0000
2026-06-21 17:00:00,37.4792,44.0000
2026-06-21 18:00:00,37.6310,51.0000
2026-06-21 19:00:00,52.5123,51.0000
2026-06-21 20:00:00,49.1287,52.0000
2026-06-21 21:00:00,45.8434,51.0000
2026-06-21 22:00:00,40.5128,45.0000
2026-06-21 23:00:00,38.1545,44.0000
2026-06-22 00:00:00,42.0325,39.0000
2026-06-22 01:00:00,37.5854,39.0000
2026-06-22 02:00:00,32.8602,42.0000
2026-06-22 03:00:00,34.3028,42.0000
2026-06-22 04:00:00,36.2361,41.0000
2026-06-22 05:00:00,37.0670,43.0000
2026-06-22 06:00:00,36.2741,
2026-06-22 07:00:00,37.4534,41.0000
2026-06-22 08:00:00,37.6269,41.0000
2026-06-22 09:00:00,40.1596,45.0000
2026-06-22 10:00:00,42.8359,49.0000
2026-06-22 11:00:00,46.3750,51.0000
2026-06-22 12:00:00,50.7953,56.0000
2026-06-22 13:00:00,57.0380,59.0000
2026-06-22 14:00:00,63.0434,61.0000
2026-06-22 15:00:00,66.2520,
2026-06-22 16:00:00,69.6124,62.0000
2026-06-22 17:00:00,69.8368,62.0000
2026-06-22 18:00:00,67.9165,61.0000
2026-06-22 19:00:00,63.3207,61.0000
2026-06-22 20:00:00,61.3726,62.0000
2026-06-22 21:00:00,59.1475,60.0000
2026-06-22 22:00:00,58.0780,58.0000
2026-06-22 23:00:00,56.6358,54.0000
2026-06-23 00:00:00,52.1827,49.0000
2026-06-23 01:00:00,49.3331,50.0000
2026-06-23 02:00:00,46.6513,45.0000
2026-06-23 03:00:00,42.8401,43.0000
2026-06-23 04:00:00,42.4380,44.0000
2026-06-23 05:00:00,41.3184,40.0000
2026-06-23 06:00:00,40.1978,39.0000
2026-06-23 07:00:00,39.9450,43.0000
2026-06-23 08:00:00,41.9723,46.0000
2026-06-23 09:00:00,49.7003,55.0000
2026-06-23 10:00:00,59.2790,60.0000
2026-06-23 11:00:00,63.7139,62.0000
2026-06-23 12:00:00,61.8641,66.0000
2026-06-23 13:00:00,68.6595,64.0000
2026-06-23 14:00:00,71.5358,61.0000
2026-06-23 15:00:00,71.1955,63.0000
2026-06-23 16:00:00,74.4439,74.0000
2026-06-23 17:00:00,76.5847,75.0000
2026-06-23 18:00:00,74.0569,70.0000
2026-06-23 19:00:00,69.0117,68.0000
2026-06-23 20:00:00,65.1984,60.0000
2026-06-23 21:00:00,54.6227,52.0000
2026-06-23 22:00:00,43.7396,41.0000
2026-06-23 23:00:00,36.7644,36.0000
2026-06-24 00:00:00,35.4794,36.0000
2026-06-24 01:00:00,32.6176,34.0000
2026-06-24 02:00:00,26.6733,33.0000
2026-06-24 03:00:00,23.9160,29.0000
2026-06-24 04:00:00,25.0085,26.0000
2026-06-24 05:00:00,26.1873,24.0000
2026-06-24 06:00:00,25.8962,22.0000
2026-06-24 07:00:00,24.1410,23.0000
2026-06-24 08:00:00,25.7685,31.0000
2026-06-24 09:00:00,36.9390,41.0000
2026-06-24 10:00:00,48.5773,52.0000
2026-06-24 11:00:00,58.3664,55.0000
2026-06-24 12:00:00,55.5177,54.0000
2026-06-24 13:00:00,53.9430,56.0000
2026-06-24 14:00:00,55.6385,55.0000
2026-06-24 15:00:00,60.0082,56.0000
2026-06-24 16:00:00,62.4341,58.0000
2026-06-24 17:00:00,63.0723,56.0000
2026-06-24 18:00:00,60.0665,55.0000
2026-06-24 19:00:00,55.3589,56.0000
2026-06-24 20:00:00,53.1686,52.0000
2026-06-24 21:00:00,49.6655,51.0000
2026-06-24 22:00:00,44.1344,48.0000
2026-06-24 23:00:00,41.5464,42.0000
2026-06-25 00:00:00,37.2409,42.0000
2026-06-25 01:00:00,36.6167,41.0000
2026-06-25 02:00:00,37.9142,41.0000
2026-06-25 03:00:00,38.9627,40.0000
2026-06-25 04:00:00,37.7895,38.0000
2026-06-25 05:00:00,36.8517,36.0000
2026-06-25 06:00:00,40.6582,36.0000
2026-06-25 07:00:00,42.5007,37.0000
2026-06-25 08:00:00,41.4417,37.0000
2026-06-25 09:00:00,36.8479,36.0000
2026-06-25 10:00:00,35.3955,38.0000
2026-06-25 11:00:00,34.5171,40.0000
2026-06-25 12:00:00,33.8948,30.0000
2026-06-25 13:00:00,35.5579,46.0000
2026-06-25 14:00:00,50.5154,52.0000
2026-06-25 15:00:00,51.8142,56.0000
2026-06-25 16:00:00,48.3086,49.0000
2026-06-25 17:00:00,37.6683,35.0000
2026-06-25 18:00:00,30.6831,29.0000
2026-06-25 19:00:00,27.4135,26.0000
2026-06-25 20:00:00,28.7739,23.0000
2026-06-25 21:00:00,25.1775,23.0000
2026-06-25 22:00:00,24.4352,23.0000
2026-06-25 23:00:00,23.6389,23.0000
2026-06-26 00:00:00,24.4231,22.0000
2026-06-26 01:00:00,26.0610,21.0000
2026-06-26 02:00:00,22.2434,22.0000
2026-06-26 03:00:00,21.8316,22.0000
2026-06-26 04:00:00,22.5008,22.0000
2026-06-26 05:00:00,24.5946,25.0000
2026-06-26 06:00:00,29.1333,53.0000
2026-06-26 07:00:00,54.2744,46.0000
2026-06-26 08:00:00,51.9124,44.0000
2026-06-26 09:00:00,33.4784,32.0000
2026-06-26 10:00:00,28.8623,23.0000
2026-06-26 11:00:00,23.4331,20.0000
2026-06-26 12:00:00,22.2386,18.0000
2026-06-26 13:00:00,21.0897,21.0000
2026-06-26 14:00:00,25.0754,19.0000
2026-06-26 15:00:00,23.7642,25.0000
2026-06-26 16:00:00,26.4847,24.0000
2026-06-26 17:00:00,25.4020,23.0000
2026-06-26 18:00:00,26.0857,24.0000
2026-06-26 19:00:00,25.1331,25.0000
2026-06-26 20:00:00,25.7601,25.0000
2026-06-26 21:00:00,24.9888,25.0000
2026-06-26 22:00:00,23.8912,24.0000
2026-06-26 23:00:00,23.1764,24.0000
2026-06-27 00:00:00,21.4462,24.0000
2026-06-27 01:00:00,20.7008,22.0000
2026-06-27 02:00:00,18.4217,22.0000
2026-06-27 03:00:00,18.6357,20.0000
2026-06-27 04:00:00,18.8426,19.0000
2026-06-27 05:00:00,18.6328,17.0000
2026-06-27 06:00:00,20.0358,16.0000
2026-06-27 07:00:00,19.0319,17.0000
2026-06-27 08:00:00,19.3682,19.0000
2026-06-27 09:00:00,21.4421,24.0000
2026-06-27 10:00:00,23.5534,28.0000
2026-06-27 11:00:00,24.8233,25.0000
2026-06-27 12:00:00,24.0448,18.0000
2026-06-27 13:00:00,22.4841,21.0000
2026-06-27 14:00:00,23.9317,23.0000
2026-06-27 15:00:00,25.6881,22.0000
2026-06-27 16:00:00,25.6907,23.0000
2026-06-27 17:00:00,24.4503,24.0000
2026-06-27 18:00:00,26.6779,28.0000
2026-06-27 19:00:00,27.2771,25.0000
2026-06-27 20:00:00,24.8792,24.0000
2026-06-27 21:00:00,23.2228,20.0000
2026-06-27 22:00:00,21.3323,22.0000
2026-06-27 23:00:00,22.3555,21.0000
2026-06-28 00:00:00,21.9885,22.0000
2026-06-28 01:00:00,21.7308,18.0000
2026-06-28 02:00:00,20.3218,22.0000
2026-06-28 03:00:00,23.2469,21.0000
2026-06-28 04:00:00,23.1973,24.0000
2026-06-28 05:00:00,25.4218,22.0000
2026-06-28 06:00:00,21.3710,22.0000
2026-06-28 07:00:00,23.4030,23.0000
2026-06-28 08:00:00,24.6315,25.0000
2026-06-28 09:00:00,27.1268,26.0000
2026-06-28 10:00:00,26.3000,26.0000
2026-06-28 11:00:00,28.4603,25.0000
2026-06-28 12:00:00,27.7258,26.0000
2026-06-28 13:00:00,30.2753,28.0000
2026-06-28 14:00:00,32.6309,34.0000
2026-06-28 15:00:00,34.7320,34.0000
2026-06-28 16:00:00,34.8287,35.0000
2026-06-28 17:00:00,33.8738,36.0000
2026-06-28 18:00:00,31.5928,34.0000
2026-06-28 19:00:00,28.6466,31.0000
2026-06-28 20:00:00,25.7928,26.0000
2026-06-28 21:00:00,25.7558,26.0000
2026-06-28 22:00:00,24.6482,21.0000
2026-06-28 23:00:00,22.5783,25.0000
2026-06-29 00:00:00,24.5098,26.0000
2026-06-29 01:00:00,26.4976,27.0000
2026-06-29 02:00:00,26.5558,27.0000
2026-06-29 03:00:00,26.0710,30.0000
2026-06-29 04:00:00,30.6036,32.0000
2026-06-29 05:00:00,33.0191,37.0000
2026-06-29 06:00:00,37.7225,37.0000
2026-06-29 07:00:00,34.4748,36.0000
2026-06-29 08:00:00,33.3517,35.0000
2026-06-29 09:00:00,32.4732,32.0000
2026-06-29 10:00:00,32.0425,30.0000
2026-06-29 11:00:00,27.4037,25.0000
2026-06-29 12:00:00,27.1913,24.0000
2026-06-29 13:00:00,29.5806,25.0000
2026-06-29 14:00:00,30.1783,29.0000
2026-06-29 15:00:00,32.6917,32.0000
2026-06-29 16:00:00,34.5369,34.0000
2026-06-29 17:00:00,33.4995,34.0000
2026-06-29 18:00:00,32.7902,33.0000
2026-06-29 19:00:00,30.3623,30.0000
2026-06-29 20:00:00,28.3799,27.0000
2026-06-29 21:00:00,26.6689,24.0000
2026-06-29 22:00:00,25.8572,24.0000
2026-06-29 23:00:00,25.4192,28.0000
2026-06-30 00:00:00,25.2040,27.0000
2026-06-30 01:00:00,26.9911,31.0000
2026-06-30 02:00:00,30.2381,33.0000
2026-06-30 03:00:00,32.7622,35.0000
2026-06-30 04:00:00,33.5480,36.0000
2026-06-30 05:00:00,34.4933,36.0000
2026-06-30 06:00:00,33.9248,36.0000
2026-06-30 07:00:00,34.4102,36.0000
2026-06-30 08:00:00,33.6404,32.0000
2026-06-30 09:00:00,28.5449,29.0000
2026-06-30 10:00:00,25.6234,25.0000
2026-06-30 11:00:00,26.7957,29.0000
2026-06-30 12:00:00,34.5760,32.0000
2026-06-30 13:00:00,36.8861,33.0000
2026-06-30 14:00:00,39.6976,35.0000
2026-06-30 15:00:00,38.8992,37.0000
2026-06-30 16:00:00,36.2121,36.0000
2026-06-30 17:00:00,31.1499,35.0000
2026-06-30 18:00:00,29.4570,32.0000
2026-06-30 19:00:00,27.9015,27.0000
2026-06-30 20:00:00,23.9552,23.0000
2026-06-30 21:00:00,23.5971,28.0000
2026-06-30 22:00:00,26.9173,27.0000
2026-06-30 23:00:00,25.9824,26.0000
2026-07-01 00:00:00,27.1218,28.0000
2026-07-01 01:00:00,29.1253,30.0000
2026-07-01 02:00:00,32.6049,31.0000
2026-07-01 03:00:00,32.3581,32.0000
2026-07-01 04:00:00,30.9875,32.0000
2026-07-01 05:00:00,29.9946,32.0000
2026-07-01 06:00:00,29.2619,32.0000
2026-07-01 07:00:00,29.9746,32.0000
2026-07-01 08:00:00,30.3906,32.0000
2026-07-01 09:00:00,29.2623,31.0000
2026-07-01 10:00:00,28.2356,29.0000
2026-07-01 11:00:00,28.1619,28.0000
2026-07-01 12:00:00,29.7774,31.0000
2026-07-01 13:00:00,37.8959,33.0000
2026-07-01 14:00:00,39.6342,36.0000
2026-07-01 15:00:00,39.2167,40.0000
2026-07-01 16:00:00,38.6575,42.0000
2026-07-01 17:00:00,37.7049,43.0000
2026-07-01 18:00:00,37.1482,42.0000
2026-07-01 19:00:00,34.8366,39.0000
2026-07-01 20:00:00,32.4298,35.0000
2026-07-01 21:00:00,27.6143,29.0000
2026-07-01 22:00:00,26.5858,26.0000
2026-07-01 23:00:00,25.8770,25.0000
2026-07-02 00:00:00,25.0852,25.0000
2026-07-02 01:00:00,23.8897,26.0000
2026-07-02 02:00:00,25.1127,27.0000
2026-07-02 03:00:00,27.6329,29.0000
2026-07-02 04:00:00,28.3400,29.0000
2026-07-02 05:00:00,27.2579,29.0000
2026-07-02 06:00:00,28.3706,32.0000
2026-07-02 07:00:00,30.4158,32.0000
2026-07-02 08:00:00,31.6467,32.0000
2026-07-02 09:00:00,31.3134,32.0000
2026-07-02 10:00:00,31.2755,33.0000
2026-07-02 11:00:00,32.3489,32.0000
2026-07-02 12:00:00,33.3215,32.0000
2026-07-02 13:00:00,31.2995,32.0000
2026-07-02 14:00:00,33.0692,33.0000
2026-07-02 15:00:00,38.7209,37.0000
2026-07-02 16:00:00,38.7401,42.0000
2026-07-02 17:00:00,40.8660,38.0000
2026-07-02 18:00:00,35.6713,37.0000
2026-07-02 19:00:00,34.5343,34.0000
2026-07-02 20:00:00,30.9276,32.0000
2026-07-02 21:00:00,28.6987,29.0000
2026-07-02 22:00:00,30.6644,30.0000
2026-07-02 23:00:00,31.9926,33.0000
2026-07-03 00:00:00,34.6069,34.0000
2026-07-03 01:00:00,33.3146,34.0000
2026-07-03 02:00:00,33.2365,33.0000
2026-07-03 03:00:00,32.5893,31.0000
2026-07-03 04:00:00,31.1526,33.0000
2026-07-03 05:00:00,34.1758,34.0000
2026-07-03 06:00:00,35.1998,35.0000
2026-07-03 07:00:00,35.3148,36.0000
2026-07-03 08:00:00,33.1446,33.0000
2026-07-03 09:00:00,30.9364,30.0000
2026-07-03 10:00:00,28.5425,27.0000
2026-07-03 11:00:00,28.7020,27.0000
2026-07-03 12:00:00,31.0883,31.0000
2026-07-03 13:00:00,35.9568,32.0000
2026-07-03 14:00:00,37.7298,35.0000
2026-07-03 15:00:00,39.7504,36.0000
2026-07-03 16:00:00,38.2951,36.0000
2026-07-03 17:00:00,35.3840,37.0000
2026-07-03 18:00:00,32.6228,35.0000
2026-07-03 19:00:00,29.3836,31.0000
2026-07-03 20:00:00,29.2902,28.0000
2026-07-03 21:00:00,30.8016,29.0000
2026-07-03 22:00:00,32.0471,31.0000
2026-07-03 23:00:00,31.9202,33.0000
2026-07-04 00:00:00,31.8926,32.0000
2026-07-04 01:00:00,30.1780,30.0000
2026-07-04 02:00:00,28.4983,29.0000
2026-07-04 03:00:00,28.8419,29.0000
2026-07-04 04:00:00,28.4712,29.0000
2026-07-04 05:00:00,28.8174,31.0000
2026-07-04 06:00:00,30.9720,33.0000
2026-07-04 07:00:00,32.4138,34.0000
2026-07-04 08:00:00,32.9297,34.0000
2026-07-04 09:00:00,31.5090,30.0000
2026-07-04 10:00:00,28.3243,26.0000
2026-07-04 11:00:00,28.0511,27.0000
2026-07-04 12:00:00,30.0583,29.0000
2026-07-04 13:00:00,36.5461,37.0000
2026-07-04 14:00:00,40.5492,42.0000
2026-07-04 15:00:00,45.4672,42.0000
2026-07-04 16:00:00,45.6666,45.0000
2026-07-04 17:00:00,44.0604,47.0000
2026-07-04 18:00:00,41.9608,46.0000
2026-07-04 19:00:00,40.6196,43.0000
2026-07-04 20:00:00,40.1250,39.0000
2026-07-04 21:00:00,39.4199,38.0000
2026-07-04 22:00:00,38.9546,40.0000
2026-07-04 23:00:00,41.1779,39.0000
2026-07-05 00:00:00,37.9367,37.0000
2026-07-05 01:00:00,33.5947,35.0000
2026-07-05 02:00:00,30.4947,30.0000
2026-07-05 03:00:00,29.9799,30.0000
2026-07-05 04:00:00,30.4790,31.0000
2026-07-05 05:00:00,30.7683,34.0000
2026-07-05 06:00:00,34.5332,34.0000
2026-07-05 07:00:00,33.7012,33.0000
2026-07-05 08:00:00,32.0080,32.0000
2026-07-05 09:00:00,29.6831,31.0000
2026-07-05 10:00:00,32.7889,29.0000
2026-07-05 11:00:00,31.3444,28.0000
2026-07-05 12:00:00,28.9934,27.0000
2026-07-05 13:00:00,29.2538,25.0000
2026-07-05 14:00:00,31.3239,29.0000
2026-07-05 15:00:00,33.4221,33.0000
2026-07-05 16:00:00,36.0020,36.0000
2026-07-05 17:00:00,36.3015,37.0000
2026-07-05 18:00:00,34.2902,36.0000
2026-07-05 19:00:00,32.5279,34.0000
2026-07-05 20:00:00,31.2914,31.0000
2026-07-05 21:00:00,32.5113,29.0000
2026-07-05 22:00:00,31.9949,31.0000
2026-07-05 23:00:00,30.5338,30.0000
2026-07-06 00:00:00,29.2242,29.0000
2026-07-06 01:00:00,28.8712,31.0000
2026-07-06 02:00:00,30.3245,32.0000
2026-07-06 03:00:00,33.2384,34.0000
2026-07-06 04:00:00,34.3583,36.0000
2026-07-06 05:00:00,35.1922,36.0000
2026-07-06 06:00:00,34.6023,37.0000
2026-07-06 07:00:00,35.4298,37.0000
2026-07-06 08:00:00,35.7549,35.0000
2026-07-06 09:00:00,35.2133,34.0000
2026-07-06 10:00:00,33.5973,32.0000
2026-07-06 11:00:00,32.1655,31.0000
2026-07-06 12:00:00,36.3722,34.0000
2026-07-06 13:00:00,38.9258,35.0000
2026-07-06 14:00:00,38.3992,42.0000
2026-07-06 15:00:00,40.7656,40.0000
2026-07-06 16:00:00,41.3837,40.0000
2026-07-06 17:00:00,40.0482,40.0000
2026-07-06 18:00:00,36.5713,39.0000
2026-07-06 19:00:00,33.5752,36.0000
2026-07-06 20:00:00,32.0070,32.0000
2026-07-06 21:00:00,30.5552,27.0000
2026-07-06 22:00:00,30.5451,29.0000
2026-07-06 23:00:00,31.5689,30.0000
2026-07-07 00:00:00,28.9362,28.0000
2026-07-07 01:00:00,26.3334,26.0000
2026-07-07 02:00:00,23.6453,24.0000
2026-07-07 03:00:00,23.9262,27.0000
2026-07-07 04:00:00,27.7289,29.0000
2026-07-07 05:00:00,29.2845,32.0000
2026-07-07 06:00:00,32.0324,35.0000
2026-07-07 07:00:00,33.4783,32.0000
2026-07-07 08:00:00,29.7284,33.0000
2026-07-07 09:00:00,31.2076,32.0000
2026-07-07 10:00:00,32.7059,32.0000
2026-07-07 11:00:00,35.5627,34.0000
2026-07-07 12:00:00,37.6058,38.0000
2026-07-07 13:00:00,43.0069,39.0000
2026-07-07 14:00:00,44.4309,43.0000
2026-07-07 15:00:00,45.9046,44.0000
2026-07-07 16:00:00,45.1097,44.0000
2026-07-07 17:00:00,42.9834,46.0000
2026-07-07 18:00:00,40.5268,45.0000
2026-07-07 19:00:00,39.6995,43.0000
2026-07-07 20:00:00,40.6240,41.0000
2026-07-07 21:00:00,44.7427,45.0000
2026-07-07 22:00:00,46.7054,50.0000
2026-07-07 23:00:00,47.6615,49.0000
2026-07-08 00:00:00,44.4998,43.0000
2026-07-08 01:00:00,40.7944,41.0000
2026-07-08 02:00:00,39.5481,40.0000
2026-07-08 03:00:00,41.2367,41.0000
2026-07-08 04:00:00,42.4146,45.0000
2026-07-08 05:00:00,44.7938,45.0000
2026-07-08 06:00:00,43.6182,41.0000
2026-07-08 07:00:00,39.9185,38.0000
2026-07-08 08:00:00,35.9814,38.0000
2026-07-08 09:00:00,36.2389,35.0000
2026-07-08 10:00:00,35.6806,35.0000
2026-07-08 11:00:00,36.3858,36.0000
2026-07-08 12:00:00,41.1444,36.0000
2026-07-08 13:00:00,39.2902,38.0000
2026-07-08 14:00:00,40.0350,38.0000
2026-07-08 15:00:00,38.2305,41.0000
2026-07-08 16:00:00,38.1570,44.0000
2026-07-08 17:00:00,38.6176,44.0000
2026-07-08 18:00:00,39.5704,43.0000
2026-07-08 19:00:00,35.4841,39.0000
2026-07-08 20:00:00,35.3446,36.0000
2026-07-08 21:00:00,34.2167,33.0000
2026-07-08 22:00:00,33.3904,32.0000
2026-07-08 23:00:00,32.5865,32.0000
2026-07-09 00:00:00,33.2255,31.0000
2026-07-09 01:00:00,32.4382,33.0000
2026-07-09 02:00:00,32.8904,38.0000
2026-07-09 03:00:00,35.9180,42.0000
2026-07-09 04:00:00,39.3856,44.0000
2026-07-09 05:00:00,40.6007,42.0000
2026-07-09 06:00:00,38.6523,40.0000
2026-07-09 07:00:00,36.5580,38.0000
2026-07-09 08:00:00,35.5076,40.0000
2026-07-09 09:00:00,42.4555,45.0000
2026-07-09 10:00:00,48.4401,48.0000
2026-07-09 11:00:00,51.6693,48.0000
2026-07-09 12:00:00,44.3652,44.0000
2026-07-09 13:00:00,35.7787,35.0000
2026-07-09 14:00:00,29.0211,29.0000
2026-07-09 15:00:00,25.8489,30.0000
2026-07-09 16:00:00,25.0735,29.0000
2026-07-09 17:00:00,25.5096,26.0000
2026-07-09 18:00:00,25.1994,25.0000
2026-07-09 19:00:00,25.0825,22.0000
2026-07-09 20:00:00,22.2605,19.0000
2026-07-09 21:00:00,20.0096,19.0000
2026-07-09 22:00:00,18.9406,19.0000
2026-07-09 23:00:00,16.4940,15.0000
2026-07-10 00:00:00,13.1958,13.0000
2026-07-10 01:00:00,9.8715,15.0000
2026-07-10 02:00:00,9.8844,16.0000
2026-07-10 03:00:00,10.3631,17.0000
2026-07-10 04:00:00,10.8156,19.0000
2026-07-10 05:00:00,11.6612,19.0000
2026-07-10 06:00:00,12.1945,21.0000
2026-07-10 07:00:00,14.3797,22.0000
2026-07-10 08:00:00,14.5376,21.0000
2026-07-10 09:00:00,17.9909,24.0000
2026-07-10 10:00:00,22.8434,25.0000
2026-07-10 11:00:00,26.3040,30.0000
2026-07-10 12:00:00,30.3627,33.0000
2026-07-10 13:00:00,33.0254,32.0000
2026-07-10 14:00:00,32.4359,34.0000
2026-07-10 15:00:00,33.7933,37.0000
2026-07-10 16:00:00,39.5208,37.0000
2026-07-10 17:00:00,39.6050,51.0000
2026-07-10 18:00:00,51.7063,51.0000
2026-07-10 19:00:00,48.3491,49.0000
2026-07-10 20:00:00,44.8883,51.0000
2026-07-10 21:00:00,43.0001,42.0000
2026-07-10 22:00:00,40.6095,42.0000
2026-07-10 23:00:00,39.1139,42.0000
2026-07-11 00:00:00,38.7261,39.0000
2026-07-11 01:00:00,35.4133,37.0000
2026-07-11 02:00:00,31.1367,35.0000
2026-07-11 03:00:00,29.4077,31.0000
2026-07-11 04:00:00,26.2063,32.0000
2026-07-11 05:00:00,26.6110,25.0000
2026-07-11 06:00:00,22.0310,22.0000
2026-07-11 07:00:00,18.4575,19.0000
2026-07-11 08:00:00,15.7622,19.0000
2026-07-11 09:00:00,13.7578,19.0000
2026-07-11 10:00:00,12.4978,19.0000
2026-07-11 11:00:00,11.8354,19.0000
2026-07-11 12:00:00,12.3265,19.0000
2026-07-11 13:00:00,13.3974,19.0000
2026-07-11 14:00:00,14.3933,19.0000
2026-07-11 15:00:00,15.2932,19.0000
2026-07-11 16:00:00,16.8311,19.0000
2026-07-11 17:00:00,17.0193,20.0000
2026-07-11 18:00:00,17.6227,20.0000
2026-07-11 19:00:00,17.6756,20.0000
2026-07-11 20:00:00,17.5045,21.0000
2026-07-11 21:00:00,18.1993,21.0000
2026-07-11 22:00:00,17.8039,21.0000
2026-07-11 23:00:00,18.0055,21.0000
2026-07-12 00:00:00,18.2488,20.0000
2026-07-12 01:00:00,17.5243,18.0000
2026-07-12 02:00:00,16.4135,17.0000
2026-07-12 03:00:00,16.5164,16.0000
2026-07-12 04:00:00,16.6132,15.0000
2026-07-12 05:00:00,16.7902,17.0000
2026-07-12 06:00:00,17.2763,18.0000
2026-07-12 07:00:00,17.2307,18.0000
2026-07-12 08:00:00,17.1588,18.0000
2026-07-12 09:00:00,17.9298,19.0000
2026-07-12 10:00:00,18.9798,20.0000
2026-07-12 11:00:00,19.4827,21.0000
2026-07-12 12:00:00,21.8286,22.0000
2026-07-12 13:00:00,23.1751,25.0000
2026-07-12 14:00:00,26.4044,29.0000
2026-07-12 15:00:00,31.0163,34.0000
2026-07-12 16:00:00,36.7788,38.0000
2026-07-12 17:00:00,39.3912,35.0000
2026-07-12 18:00:00,35.9293,36.0000
2026-07-12 19:00:00,34.5488,32.0000
2026-07-12 20:00:00,34.1290,33.0000
2026-07-12 21:00:00,37.1399,36.0000
2026-07-12 22:00:00,37.5992,36.0000
2026-07-12 23:00:00,37.8705,38.0000
2026-07-13 00:00:00,37.0378,38.0000
2026-07-13 01:00:00,37.0042,40.0000
2026-07-13 02:00:00,38.5560,40.0000
2026-07-13 03:00:00,41.6710,41.0000
2026-07-13 04:00:00,41.5059,42.0000
2026-07-13 05:00:00,42.1787,42.0000
2026-07-13 06:00:00,42.7698,42.0000
2026-07-13 07:00:00,42.1807,47.0000
2026-07-13 08:00:00,46.8809,46.0000
2026-07-13 09:00:00,46.3785,45.0000
2026-07-13 10:00:00,43.1385,45.0000
2026-07-13 11:00:00,42.5426,41.0000
2026-07-13 12:00:00,41.4866,40.0000
2026-07-13 13:00:00,39.5533,40.0000
2026-07-13 14:00:00,37.8903,35.0000
2026-07-13 15:00:00,37.1355,37.0000
2026-07-13 16:00:00,36.7118,35.0000
2026-07-13 17:00:00,34.3186,29.0000
2026-07-13 18:00:00,30.2443,25.0000
2026-07-13 19:00:00,25.3683,23.0000
2026-07-13 20:00:00,23.4775,22.0000
2026-07-13 21:00:00,21.4580,20.0000
2026-07-13 22:00:00,18.9665,19.0000
2026-07-13 23:00:00,19.5481,20.0000
2026-07-14 00:00:00,17.8097,22.0000
2026-07-14 01:00:00,20.3035,25.0000
2026-07-14 02:00:00,22.8840,29.0000
2026-07-14 03:00:00,29.5231,32.0000
2026-07-14 04:00:00,31.5501,35.0000
2026-07-14 05:00:00,36.5878,37.0000
2026-07-14 06:00:00,37.8170,36.0000
2026-07-14 07:00:00,35.7658,36.0000
2026-07-14 08:00:00,34.6528,34.0000
2026-07-14 09:00:00,31.4037,30.0000
2026-07-14 10:00:00,28.4832,30.0000
2026-07-14 11:00:00,29.7110,30.0000
2026-07-14 12:00:00,32.6613,30.0000
2026-07-14 13:00:00,37.5638,32.0000
2026-07-14 14:00:00,37.3471,33.0000
2026-07-14 15:00:00,37.6260,35.0000
2026-07-14 16:00:00,38.7182,35.0000
2026-07-14 17:00:00,34.9148,34.0000
2026-07-14 18:00:00,33.0013,33.0000
2026-07-14 19:00:00,30.8854,31.0000
2026-07-14 20:00:00,27.5451,27.0000
2026-07-14 21:00:00,23.9140,25.0000
2026-07-14 22:00:00,22.5147,31.0000
2026-07-14 23:00:00,26.3738,37.0000
2026-07-15 00:00:00,30.4984,40.0000
2026-07-15 01:00:00,35.7369,41.0000
2026-07-15 02:00:00,38.1300,44.0000
2026-07-15 03:00:00,41.8386,46.0000
2026-07-15 04:00:00,44.1097,45.0000
2026-07-15 05:00:00,43.7319,46.0000
2026-07-15 06:00:00,44.0124,47.0000
2026-07-15 07:00:00,44.2465,46.0000
2026-07-15 08:00:00,45.4963,45.0000
2026-07-15 09:00:00,43.4111,42.0000
2026-07-15 10:00:00,38.8189,40.0000
2026-07-15 11:00:00,36.3873,36.0000
2026-07-15 12:00:00,36.3993,38.0000
2026-07-15 13:00:00,40.3596,37.0000
2026-07-15 14:00:00,37.4761,36.0000
2026-07-15 15:00:00,38.3369,39.0000
2026-07-15 16:00:00,38.4699,40.0000
2026-07-15 17:00:00,37.6721,
2026-07-15 18:00:00,35.4267,
2026-07-15 19:00:00,32.7170,
2026-07-15 20:00:00,30.6724,
2026-07-15 21:00:00,29.0544,
2026-07-15 22:00:00,27.4592,
2026-07-15 23:00:00,25.8402,
2026-07-16 00:00:00,24.1285,7.0000
2026-07-16 01:00:00,22.2747,7.0000
2026-07-16 02:00:00,21.7000,7.0000
2026-07-16 03:00:00,24.3000,6.0000
2026-07-16 04:00:00,28.5271,10.0000
2026-07-16 05:00:00,31.8411,39.0000
2026-07-16 06:00:00,34.1609,40.0000
2026-07-16 07:00:00,34.8051,39.0000
2026-07-16 08:00:00,34.7797,36.0000
2026-07-16 09:00:00,33.2852,34.0000
2026-07-16 10:00:00,31.9065,31.0000
2026-07-16 11:00:00,30.7016,32.0000
2026-07-16 12:00:00,37.0517,32.0000
2026-07-16 13:00:00,35.8769,33.0000
2026-07-16 14:00:00,38.1541,38.0000
2026-07-16 15:00:00,39.8720,41.0000
2026-07-16 16:00:00,41.7638,43.0000
2026-07-16 17:00:00,40.9986,42.0000
2026-07-16 18:00:00,38.1148,40.0000
2026-07-16 19:00:00,35.9267,36.0000
2026-07-16 20:00:00,31.5912,32.0000
2026-07-16 21:00:00,30.4773,29.0000
2026-07-16 22:00:00,26.9711,25.0000
2026-07-16 23:00:00,25.0707,21.0000
2026-07-17 00:00:00,22.6541,26.0000
2026-07-17 01:00:00,25.4129,30.0000
2026-07-17 02:00:00,29.2072,34.0000
2026-07-17 03:00:00,33.1012,33.0000
2026-07-17 04:00:00,32.4322,33.0000
2026-07-17 05:00:00,33.2104,36.0000
2026-07-17 06:00:00,36.3306,37.0000
2026-07-17 07:00:00,38.9728,41.0000
2026-07-17 08:00:00,40.8227,46.0000
2026-07-17 09:00:00,45.0645,42.0000
2026-07-17 10:00:00,40.3324,38.0000
2026-07-17 11:00:00,33.9004,35.0000
2026-07-17 12:00:00,31.0316,29.0000
2026-07-17 13:00:00,30.5465,29.0000
2026-07-17 14:00:00,32.5741,28.0000
2026-07-17 15:00:00,33.9517,32.0000
2026-07-17 16:00:00,36.1518,34.0000
2026-07-17 17:00:00,37.1574,35.0000
2026-07-17 18:00:00,37.0347,35.0000
2026-07-17 19:00:00,35.9607,35.0000
2026-07-17 20:00:00,31.9783,33.0000
2026-07-17 21:00:00,27.7046,31.0000
2026-07-17 22:00:00,23.2377,28.0000
2026-07-17 23:00:00,21.0767,29.0000
2026-07-18 00:00:00,21.7923,32.0000
2026-07-18 01:00:00,23.3517,34.0000
2026-07-18 02:00:00,26.3487,32.0000
2026-07-18 03:00:00,27.8031,34.0000
2026-07-18 04:00:00,30.1318,37.0000
2026-07-18 05:00:00,35.3267,38.0000
2026-07-18 06:00:00,37.8971,41.0000
2026-07-18 07:00:00,37.9238,42.0000
2026-07-18 08:00:00,38.7201,37.0000
2026-07-18 09:00:00,32.3708,33.0000
2026-07-18 10:00:00,27.9104,27.0000
2026-07-18 11:00:00,26.0756,22.0000
2026-07-18 12:00:00,26.4275,23.0000
2026-07-18 13:00:00,29.4598,23.0000
2026-07-18 14:00:00,31.1873,25.0000
2026-07-18 15:00:00,31.6305,27.0000
2026-07-18 16:00:00,27.8097,27.0000
2026-07-18 17:00:00,25.1483,28.0000
2026-07-18 18:00:00,22.0477,28.0000
2026-07-18 19:00:00,21.5992,27.0000
2026-07-18 20:00:00,21.0317,24.0000
2026-07-18 21:00:00,22.5654,27.0000
2026-07-18 22:00:00,24.3807,30.0000
2026-07-18 23:00:00,28.6863,33.0000
2026-07-19 00:00:00,31.1029,32.0000
2026-07-19 01:00:00,31.1786,33.0000
2026-07-19 02:00:00,32.9527,35.0000
2026-07-19 03:00:00,34.6431,36.0000
2026-07-19 04:00:00,35.3297,38.0000
2026-07-19 05:00:00,36.7183,40.0000
2026-07-19 06:00:00,39.3801,41.0000
2026-07-19 07:00:00,39.0876,41.0000
2026-07-19 08:00:00,39.2628,38.0000
2026-07-19 09:00:00,35.2317,35.0000
2026-07-19 10:00:00,31.7978,31.0000
2026-07-19 11:00:00,28.3371,26.0000
2026-07-19 12:00:00,27.0123,25.0000
2026-07-19 13:00:00,24.7244,22.0000
2026-07-19 14:00:00,24.1122,25.0000
2026-07-19 15:00:00,25.5039,29.0000
2026-07-19 16:00:00,28.5697,30.0000
2026-07-19 17:00:00,28.3867,29.0000
2026-07-19 18:00:00,28.9681,28.0000
2026-07-19 19:00:00,26.5347,26.0000
2026-07-19 20:00:00,21.4532,25.0000
2026-07-19 21:00:00,15.0209,23.0000
2026-07-19 22:00:00,7.2713,20.0000
2026-07-19 23:00:00,0.4370,24.0000
2026-07-20 00:00:00,-2.2985,26.0000
2026-07-20 01:00:00,-2.4603,31.0000
2026-07-20 02:00:00,-0.2323,35.0000
2026-07-20 03:00:00,3.1162,38.0000
2026-07-20 04:00:00,9.6041,43.0000
2026-07-20 05:00:00,22.7122,44.0000
2026-07-20 06:00:00,35.0418,45.0000
2026-07-20 07:00:00,41.5180,45.0000
2026-07-20 08:00:00,44.1706,42.0000
2026-07-20 09:00:00,43.2762,40.0000
2026-07-20 10:00:00,40.7605,36.0000
2026-07-20 11:00:00,36.7744,31.0000
2026-07-20 12:00:00,31.3252,31.0000
2026-07-20 13:00:00,35.1625,32.0000
2026-07-20 14:00:00,36.9004,32.0000
2026-07-20 15:00:00,36.6062,32.0000
2026-07-20 16:00:00,36.0193,34.0000
2026-07-20 17:00:00,34.2344,35.0000
2026-07-20 18:00:00,31.7163,33.0000
2026-07-20 19:00:00,29.4351,31.0000
2026-07-20 20:00:00,25.3428,28.0000
2026-07-20 21:00:00,22.9048,31.0000
2026-07-20 22:00:00,24.7706,36.0000
2026-07-20 23:00:00,29.6986,40.0000
2026-07-21 00:00:00,34.4487,43.0000
2026-07-21 01:00:00,39.6356,46.0000
2026-07-21 02:00:00,43.3988,49.0000
2026-07-21 03:00:00,45.0179,52.0000
2026-07-21 04:00:00,48.6414,54.0000
2026-07-21 05:00:00,51.9542,54.0000
2026-07-21 06:00:00,53.6557,55.0000
2026-07-21 07:00:00,54.3180,55.0000
2026-07-21 08:00:00,53.9619,53.0000
2026-07-21 09:00:00,53.8587,52.0000
2026-07-21 10:00:00,49.5669,49.0000
2026-07-21 11:00:00,46.4875,48.0000
2026-07-21 12:00:00,45.3323,48.0000
2026-07-21 13:00:00,47.7358,51.0000
2026-07-21 14:00:00,53.1635,52.0000
2026-07-21 15:00:00,52.8499,48.0000
2026-07-21 16:00:00,46.0238,42.0000
2026-07-21 17:00:00,38.4305,35.0000
2026-07-21 18:00:00,34.8999,33.0000
2026-07-21 19:00:00,34.2177,31.0000
2026-07-21 20:00:00,32.5771,33.0000
2026-07-21 21:00:00,32.8510,37.0000
2026-07-21 22:00:00,34.6053,40.0000
2026-07-21 23:00:00,38.6472,42.0000
2026-07-22 00:00:00,41.6229,46.0000
2026-07-22 01:00:00,45.2478,48.0000
2026-07-22 02:00:00,47.9783,49.0000
2026-07-22 03:00:00,50.7102,52.0000
2026-07-22 04:00:00,52.4839,53.0000
2026-07-22 05:00:00,52.9277,54.0000
2026-07-22 06:00:00,54.7632,54.0000
2026-07-22 07:00:00,54.3378,53.0000
2026-07-22 08:00:00,52.7317,52.0000
2026-07-22 09:00:00,50.6999,50.0000
2026-07-22 10:00:00,49.7174,50.0000
2026-07-22 11:00:00,50.1545,51.0000
2026-07-22 12:00:00,50.3040,55.0000
2026-07-22 13:00:00,57.5149,59.0000
2026-07-22 14:00:00,60.3377,66.0000
2026-07-22 15:00:00,65.8420,67.0000
2026-07-22 16:00:00,67.1389,64.0000
2026-07-22 17:00:00,62.7680,58.0000
2026-07-22 18:00:00,54.9154,52.0000
2026-07-22 19:00:00,47.8242,44.0000
2026-07-22 20:00:00,43.3575,42.0000
2026-07-22 21:00:00,44.2917,45.0000
2026-07-22 22:00:00,45.8744,51.0000
2026-07-22 23:00:00,49.1427,53.0000
2026-07-23 00:00:00,52.8164,53.0000
2026-07-23 01:00:00,51.5988,54.0000
2026-07-23 02:00:00,53.9087,53.0000
2026-07-23 03:00:00,56.2745,55.0000
2026-07-23 04:00:00,59.4960,57.0000
2026-07-23 05:00:00,60.3171,58.0000
2026-07-23 06:00:00,59.7827,58.0000
2026-07-23 07:00:00,57.9855,56.0000
2026-07-23 08:00:00,55.2916,57.0000
2026-07-23 09:00:00,54.8672,59.0000
2026-07-23 10:00:00,58.9384,62.0000
2026-07-23 11:00:00,62.3535,66.0000
2026-07-23 12:00:00,66.3581,70.0000
2026-07-23 13:00:00,65.7532,69.0000
2026-07-23 14:00:00,64.4771,
2026-07-23 15:00:00,62.8827,70.0000
2026-07-23 16:00:00,60.4947,63.0000
2026-07-23 17:00:00,58.0822,59.0000
2026-07-23 18:00:00,59.1538,59.0000
2026-07-23 19:00:00,57.9018,60.0000
2026-07-23 20:00:00,56.6510,61.0000
2026-07-23 21:00:00,56.4289,56.0000
2026-07-23 22:00:00,52.9511,52.0000
2026-07-23 23:00:00,50.2721,49.0000
2026-07-24 00:00:00,49.7241,44.0000
2026-07-24 01:00:00,47.5442,42.0000
2026-07-24 02:00:00,47.4983,44.0000
2026-07-24 03:00:00,48.9090,43.0000
2026-07-24 04:00:00,46.8160,44.0000
2026-07-24 05:00:00,43.7779,43.0000
2026-07-24 06:00:00,39.8496,39.0000
2026-07-24 07:00:00,37.6049,37.0000
2026-07-24 08:00:00,34.2161,33.0000
2026-07-24 09:00:00,31.8220,30.0000
2026-07-24 10:00:00,30.2886,27.0000
2026-07-24 11:00:00,27.3192,24.0000
2026-07-24 12:00:00,23.8035,23.0000
2026-07-24 13:00:00,22.4121,22.0000
2026-07-24 14:00:00,21.5400,20.0000
2026-07-24 15:00:00,15.7303,22.0000
2026-07-24 16:00:00,6.5471,21.0000
2026-07-24 17:00:00,8.0129,18.0000
2026-07-24 18:00:00,9.6138,18.0000
2026-07-24 19:00:00,11.2669,15.0000
2026-07-24 20:00:00,11.8627,13.0000
2026-07-24 21:00:00,11.6911,12.0000
2026-07-24 22:00:00,11.7542,12.0000
2026-07-24 23:00:00,12.0987,11.0000
2026-07-25 00:00:00,12.2549,11.0000
2026-07-25 01:00:00,12.3296,11.0000
2026-07-25 02:00:00,12.9115,12.0000
2026-07-25 03:00:00,13.2758,12.0000
2026-07-25 04:00:00,13.4647,13.0000
2026-07-25 05:00:00,14.9967,13.0000
2026-07-25 06:00:00,15.2058,14.0000
2026-07-25 07:00:00,15.5635,15.0000
2026-07-25 08:00:00,16.5262,15.0000
2026-07-25 09:00:00,18.3832,16.0000
2026-07-25 10:00:00,19.7175,22.0000
2026-07-25 11:00:00,21.9626,36.0000
2026-07-25 12:00:00,37.0813,43.0000
2026-07-25 13:00:00,46.1045,52.0000
2026-07-25 14:00:00,59.6367,52.0000
2026-07-25 15:00:00,56.2397,49.0000
2026-07-25 16:00:00,52.7116,52.0000
2026-07-25 17:00:00,54.3224,46.0000
2026-07-25 18:00:00,47.2981,45.0000
2026-07-25 19:00:00,40.4737,41.0000
2026-07-25 20:00:00,35.4618,35.0000
2026-07-25 21:00:00,31.3661,32.0000
2026-07-25 22:00:00,27.7052,30.0000
2026-07-25 23:00:00,23.8471,25.0000
2026-07-26 00:00:00,16.6828,23.0000
2026-07-26 01:00:00,14.6873,23.0000
2026-07-26 02:00:00,13.9167,24.0000
2026-07-26 03:00:00,13.1905,24.0000
2026-07-26 04:00:00,12.8445,22.0000
2026-07-26 05:00:00,13.0819,20.0000
2026-07-26 06:00:00,13.7515,20.0000
2026-07-26 07:00:00,15.7681,21.0000
2026-07-26 08:00:00,17.1580,24.0000
2026-07-26 09:00:00,22.0097,25.0000
2026-07-26 10:00:00,24.4259,34.0000
2026-07-26 11:00:00,35.2352,32.0000
2026-07-26 12:00:00,32.4811,29.0000
2026-07-26 13:00:00,29.4550,27.0000
2026-07-26 14:00:00,26.2318,20.0000
2026-07-26 15:00:00,25.4347,21.0000
2026-07-26 16:00:00,24.2728,21.0000
2026-07-26 17:00:00,21.5938,20.0000
2026-07-26 18:00:00,19.8156,19.0000
2026-07-26 19:00:00,18.6786,18.0000
2026-07-26 20:00:00,18.2384,17.0000
2026-07-26 21:00:00,16.9523,19.0000
2026-07-26 22:00:00,17.3988,16.0000
2026-07-26 23:00:00,16.2568,17.0000
2026-07-27 00:00:00,13.6471,16.0000
2026-07-27 01:00:00,12.7895,15.0000
2026-07-27 02:00:00,13.8551,14.0000
2026-07-27 03:00:00,13.9475,14.0000
2026-07-27 04:00:00,13.8995,15.0000
2026-07-27 05:00:00,14.9607,17.0000
2026-07-27 06:00:00,16.3543,18.0000
2026-07-27 07:00:00,16.9864,19.0000
2026-07-27 08:00:00,18.2236,24.0000
2026-07-27 09:00:00,28.7395,27.0000
2026-07-27 10:00:00,32.0810,26.0000
2026-07-27 11:00:00,29.7706,26.0000
2026-07-27 12:00:00,26.0864,21.0000
2026-07-27 13:00:00,22.9357,22.0000
2026-07-27 14:00:00,24.1299,21.0000
2026-07-27 15:00:00,23.8933,21.0000
2026-07-27 16:00:00,24.6347,21.0000
2026-07-27 17:00:00,25.2288,23.0000
2026-07-27 18:00:00,27.0869,22.0000
2026-07-27 19:00:00,26.2467,26.0000
2026-07-27 20:00:00,26.5650,21.0000
2026-07-27 21:00:00,22.6332,21.0000
2026-07-27 22:00:00,22.1373,19.0000
2026-07-27 23:00:00,19.6030,18.0000
2026-07-28 00:00:00,20.2610,18.0000
2026-07-28 01:00:00,20.1393,18.0000
2026-07-28 02:00:00,19.1589,18.0000
2026-07-28 03:00:00,21.8532,16.0000
2026-07-28 04:00:00,19.8725,18.0000
2026-07-28 05:00:00,21.4917,20.0000
2026-07-28 06:00:00,22.8550,23.0000
2026-07-28 07:00:00,23.7811,24.0000
2026-07-28 08:00:00,24.3556,23.0000
2026-07-28 09:00:00,23.8208,22.0000
2026-07-28 10:00:00,21.6218,19.0000
2026-07-28 11:00:00,20.6266,16.0000
2026-07-28 12:00:00,19.8203,14.0000
2026-07-28 13:00:00,19.3921,15.0000
2026-07-28 14:00:00,19.1732,16.0000
2026-07-28 15:00:00,18.6403,17.0000
2026-07-28 16:00:00,18.9009,18.0000
2026-07-28 17:00:00,17.7864,17.0000
2026-07-28 18:00:00,16.8645,16.0000
2026-07-28 19:00:00,15.5626,16.0000
2026-07-28 20:00:00,15.0685,15.0000
2026-07-28 21:00:00,13.8015,15.0000
2026-07-28 22:00:00,13.9134,18.0000
2026-07-28 23:00:00,16.0209,21.0000
2026-07-29 00:00:00,17.3491,23.0000
2026-07-29 01:00:00,18.0462,25.0000
2026-07-29 02:00:00,20.0437,23.0000
2026-07-29 03:00:00,20.0278,22.0000
2026-07-29 04:00:00,20.6904,22.0000
2026-07-29 05:00:00,21.4757,22.0000
2026-07-29 06:00:00,22.7356,24.0000
2026-07-29 07:00:00,25.0462,25.0000
2026-07-29 08:00:00,25.5500,27.0000
2026-07-29 09:00:00,28.7134,30.0000
2026-07-29 10:00:00,31.8455,28.0000
2026-07-29 11:00:00,28.6633,28.0000
2026-07-29 12:00:00,27.2794,26.0000
2026-07-29 13:00:00,25.9190,30.0000
2026-07-29 14:00:00,32.5565,33.0000
2026-07-29 15:00:00,35.0219,37.0000
2026-07-29 16:00:00,37.8153,38.0000
2026-07-29 17:00:00,35.5200,31.0000
2026-07-29 18:00:00,29.7627,27.0000
2026-07-29 19:00:00,25.6950,23.0000
2026-07-29 20:00:00,25.0611,21.0000
2026-07-29 21:00:00,24.7973,22.0000
2026-07-29 22:00:00,24.6679,22.0000
2026-07-29 23:00:00,23.8681,23.0000
2026-07-30 00:00:00,23.2418,24.0000
2026-07-30 01:00:00,21.1771,23.0000
2026-07-30 02:00:00,20.7958,22.0000
2026-07-30 03:00:00,20.6611,22.0000
2026-07-30 04:00:00,22.3590,22.0000
2026-07-30 05:00:00,23.7032,24.0000
2026-07-30 06:00:00,25.9685,25.0000
2026-07-30 07:00:00,25.3020,24.0000
2026-07-30 08:00:00,25.9875,27.0000
2026-07-30 09:00:00,28.9485,30.0000
2026-07-30 10:00:00,34.7567,36.0000
2026-07-30 11:00:00,43.8124,41.0000
2026-07-30 12:00:00,48.3667,48.0000
2026-07-30 13:00:00,54.1190,51.0000
2026-07-30 14:00:00,51.9833,53.0000
2026-07-30 15:00:00,54.2677,54.0000
2026-07-30 16:00:00,55.2824,50.0000
2026-07-30 17:00:00,50.6301,50.0000
2026-07-30 18:00:00,47.7443,47.0000
2026-07-30 19:00:00,47.4437,48.0000
2026-07-30 20:00:00,51.1888,52.0000
2026-07-30 21:00:00,52.1879,53.0000
2026-07-30 22:00:00,52.2907,54.0000
2026-07-30 23:00:00,51.6691,53.0000
2026-07-31 00:00:00,52.3792,52.0000
2026-07-31 01:00:00,52.6487,51.0000
2026-07-31 02:00:00,51.3714,47.0000
2026-07-31 03:00:00,49.2805,46.0000
2026-07-31 04:00:00,47.1743,46.0000
2026-07-31 05:00:00,47.0561,45.0000
2026-07-31 06:00:00,46.2217,48.0000
2026-07-31 07:00:00,47.9245,50.0000
2026-07-31 08:00:00,51.0800,51.0000
2026-07-31 09:00:00,52.2479,52.0000
2026-07-31 10:00:00,54.0203,54.0000
2026-07-31 11:00:00,55.3208,55.0000
2026-07-31 12:00:00,57.7098,55.0000
2026-07-31 13:00:00,57.1318,56.0000
2026-07-31 14:00:00,59.1708,59.0000
2026-07-31 15:00:00,61.0675,60.0000
2026-07-31 16:00:00,58.6208,60.0000
2026-07-31 17:00:00,58.4414,56.0000
2026-07-31 18:00:00,50.9178,52.0000
2026-07-31 19:00:00,47.8012,48.0000
2026-07-31 20:00:00,47.3198,44.0000
2026-07-31 21:00:00,46.2503,48.0000
2026-07-31 22:00:00,47.8697,50.0000
2026-07-31 23:00:00,48.7309,48.0000
